,drug,disease,label
0,205.0,190.0,1.0
1,114.0,6.0,1.0
2,39.0,410.0,1.0
3,28.0,289.0,1.0
4,44.0,295.0,1.0
5,240.0,388.0,1.0
6,248.0,62.0,1.0
7,97.0,498.0,1.0
8,8.0,150.0,1.0
9,230.0,59.0,1.0
10,130.0,556.0,1.0
11,17.0,417.0,1.0
12,159.0,536.0,1.0
13,223.0,197.0,1.0
14,182.0,436.0,1.0
15,242.0,62.0,1.0
16,162.0,175.0,1.0
17,248.0,502.0,1.0
18,166.0,216.0,1.0
19,256.0,91.0,1.0
20,207.0,59.0,1.0
21,257.0,255.0,1.0
22,128.0,9.0,1.0
23,268.0,313.0,1.0
24,130.0,382.0,1.0
25,207.0,436.0,1.0
26,111.0,17.0,1.0
27,189.0,121.0,1.0
28,102.0,65.0,1.0
29,132.0,284.0,1.0
30,129.0,527.0,1.0
31,104.0,111.0,1.0
32,164.0,175.0,1.0
33,57.0,439.0,1.0
34,82.0,506.0,1.0
35,164.0,386.0,1.0
36,156.0,216.0,1.0
37,16.0,45.0,1.0
38,112.0,143.0,1.0
39,219.0,218.0,1.0
40,99.0,410.0,1.0
41,126.0,14.0,1.0
42,156.0,93.0,1.0
43,165.0,147.0,1.0
44,223.0,227.0,1.0
45,91.0,259.0,1.0
46,129.0,404.0,1.0
47,33.0,322.0,1.0
48,71.0,287.0,1.0
49,147.0,594.0,1.0
50,102.0,264.0,1.0
51,156.0,248.0,1.0
52,72.0,292.0,1.0
53,89.0,36.0,1.0
54,185.0,181.0,1.0
55,182.0,442.0,1.0
56,49.0,315.0,1.0
57,79.0,552.0,1.0
58,16.0,11.0,1.0
59,65.0,150.0,1.0
60,35.0,196.0,1.0
61,238.0,54.0,1.0
62,123.0,222.0,1.0
63,248.0,248.0,1.0
64,69.0,374.0,1.0
65,158.0,24.0,1.0
66,68.0,66.0,1.0
67,88.0,368.0,1.0
68,121.0,146.0,1.0
69,44.0,277.0,1.0
70,90.0,233.0,1.0
71,183.0,479.0,1.0
72,102.0,203.0,1.0
73,223.0,62.0,1.0
74,160.0,491.0,1.0
75,155.0,77.0,1.0
76,200.0,247.0,1.0
77,193.0,40.0,1.0
78,86.0,289.0,1.0
79,8.0,77.0,1.0
80,14.0,282.0,1.0
81,85.0,304.0,1.0
82,85.0,510.0,1.0
83,104.0,37.0,1.0
84,128.0,147.0,1.0
85,51.0,6.0,1.0
86,42.0,310.0,1.0
87,49.0,7.0,1.0
88,232.0,244.0,1.0
89,258.0,59.0,1.0
90,173.0,263.0,1.0
91,178.0,363.0,1.0
92,188.0,360.0,1.0
93,235.0,389.0,1.0
94,193.0,524.0,1.0
95,148.0,327.0,1.0
96,234.0,309.0,1.0
97,109.0,40.0,1.0
98,6.0,83.0,1.0
99,191.0,35.0,1.0
100,17.0,156.0,1.0
101,248.0,103.0,1.0
102,49.0,32.0,1.0
103,91.0,311.0,1.0
104,250.0,518.0,1.0
105,183.0,146.0,1.0
106,255.0,193.0,1.0
107,108.0,269.0,1.0
108,87.0,204.0,1.0
109,65.0,217.0,1.0
110,150.0,109.0,1.0
111,78.0,100.0,1.0
112,223.0,214.0,1.0
113,51.0,133.0,1.0
114,35.0,302.0,1.0
115,133.0,89.0,1.0
116,8.0,82.0,1.0
117,178.0,421.0,1.0
118,199.0,293.0,1.0
119,108.0,95.0,1.0
120,264.0,168.0,1.0
121,3.0,124.0,1.0
122,13.0,328.0,1.0
123,164.0,219.0,1.0
124,163.0,103.0,1.0
125,249.0,21.0,1.0
126,264.0,485.0,1.0
127,47.0,280.0,1.0
128,37.0,320.0,1.0
129,142.0,398.0,1.0
130,136.0,202.0,1.0
131,147.0,346.0,1.0
132,178.0,208.0,1.0
133,149.0,308.0,1.0
134,262.0,208.0,1.0
135,160.0,38.0,1.0
136,259.0,382.0,1.0
137,84.0,460.0,1.0
138,122.0,217.0,1.0
139,100.0,148.0,1.0
140,226.0,8.0,1.0
141,59.0,417.0,1.0
142,20.0,136.0,1.0
143,65.0,251.0,1.0
144,186.0,480.0,1.0
145,37.0,164.0,1.0
146,60.0,113.0,1.0
147,89.0,267.0,1.0
148,256.0,0.0,1.0
149,22.0,54.0,1.0
150,165.0,328.0,1.0
151,160.0,256.0,1.0
152,191.0,118.0,1.0
153,182.0,306.0,1.0
154,89.0,498.0,1.0
155,129.0,113.0,1.0
156,235.0,318.0,1.0
157,75.0,261.0,1.0
158,102.0,126.0,1.0
159,148.0,248.0,1.0
160,64.0,153.0,1.0
161,207.0,445.0,1.0
162,2.0,47.0,1.0
163,162.0,482.0,1.0
164,223.0,525.0,1.0
165,91.0,560.0,1.0
166,160.0,81.0,1.0
167,64.0,493.0,1.0
168,122.0,105.0,1.0
169,117.0,221.0,1.0
170,51.0,514.0,1.0
171,195.0,331.0,1.0
172,104.0,239.0,1.0
173,28.0,303.0,1.0
174,123.0,152.0,1.0
175,51.0,45.0,1.0
176,223.0,87.0,1.0
177,53.0,390.0,1.0
178,96.0,201.0,1.0
179,130.0,39.0,1.0
180,123.0,49.0,1.0
181,96.0,328.0,1.0
182,39.0,1.0,1.0
183,51.0,122.0,1.0
184,148.0,225.0,1.0
185,104.0,136.0,1.0
186,123.0,272.0,1.0
187,133.0,307.0,1.0
188,223.0,464.0,1.0
189,169.0,487.0,1.0
190,147.0,559.0,1.0
191,10.0,288.0,1.0
192,44.0,378.0,1.0
193,78.0,44.0,1.0
194,266.0,379.0,1.0
195,185.0,100.0,1.0
196,51.0,125.0,1.0
197,76.0,256.0,1.0
198,182.0,332.0,1.0
199,261.0,146.0,1.0
200,226.0,246.0,1.0
201,64.0,210.0,1.0
202,156.0,186.0,1.0
203,107.0,24.0,1.0
204,230.0,564.0,1.0
205,83.0,147.0,1.0
206,182.0,444.0,1.0
207,9.0,252.0,1.0
208,74.0,103.0,1.0
209,156.0,202.0,1.0
210,200.0,50.0,1.0
211,71.0,26.0,1.0
212,104.0,117.0,1.0
213,14.0,10.0,1.0
214,74.0,385.0,1.0
215,195.0,284.0,1.0
216,165.0,100.0,1.0
217,238.0,282.0,1.0
218,247.0,290.0,1.0
219,82.0,105.0,1.0
220,94.0,262.0,1.0
221,124.0,277.0,1.0
222,51.0,156.0,1.0
223,207.0,575.0,1.0
224,260.0,156.0,1.0
225,103.0,350.0,1.0
226,264.0,315.0,1.0
227,230.0,208.0,1.0
228,195.0,202.0,1.0
229,93.0,106.0,1.0
230,104.0,251.0,1.0
231,175.0,284.0,1.0
232,145.0,0.0,1.0
233,71.0,305.0,1.0
234,202.0,50.0,1.0
235,66.0,253.0,1.0
236,71.0,406.0,1.0
237,98.0,92.0,1.0
238,167.0,80.0,1.0
239,148.0,96.0,1.0
240,245.0,374.0,1.0
241,80.0,156.0,1.0
242,153.0,310.0,1.0
243,19.0,136.0,1.0
244,9.0,53.0,1.0
245,226.0,520.0,1.0
246,115.0,589.0,1.0
247,246.0,111.0,1.0
248,26.0,95.0,1.0
249,264.0,272.0,1.0
250,87.0,73.0,1.0
251,214.0,243.0,1.0
252,31.0,341.0,1.0
253,178.0,153.0,1.0
254,159.0,207.0,1.0
255,201.0,531.0,1.0
256,147.0,184.0,1.0
257,224.0,124.0,1.0
258,45.0,38.0,1.0
259,118.0,464.0,1.0
260,156.0,374.0,1.0
261,82.0,43.0,1.0
262,145.0,533.0,1.0
263,127.0,57.0,1.0
264,56.0,319.0,1.0
265,130.0,40.0,1.0
266,18.0,154.0,1.0
267,218.0,511.0,1.0
268,136.0,351.0,1.0
269,104.0,112.0,1.0
270,5.0,1.0,1.0
271,138.0,40.0,1.0
272,64.0,216.0,1.0
273,196.0,161.0,1.0
274,217.0,198.0,1.0
275,82.0,328.0,1.0
276,256.0,223.0,1.0
277,178.0,9.0,1.0
278,67.0,469.0,1.0
279,138.0,117.0,1.0
280,60.0,410.0,1.0
281,65.0,185.0,1.0
282,106.0,21.0,1.0
283,264.0,442.0,1.0
284,53.0,337.0,1.0
285,67.0,376.0,1.0
286,117.0,217.0,1.0
287,257.0,150.0,1.0
288,257.0,87.0,1.0
289,196.0,125.0,1.0
290,259.0,377.0,1.0
291,89.0,481.0,1.0
292,223.0,360.0,1.0
293,145.0,138.0,1.0
294,230.0,544.0,1.0
295,191.0,67.0,1.0
296,166.0,191.0,1.0
297,172.0,123.0,1.0
298,74.0,157.0,1.0
299,85.0,261.0,1.0
300,219.0,0.0,1.0
301,223.0,338.0,1.0
302,262.0,111.0,1.0
303,44.0,172.0,1.0
304,67.0,74.0,1.0
305,118.0,217.0,1.0
306,189.0,207.0,1.0
307,17.0,188.0,1.0
308,257.0,70.0,1.0
309,193.0,126.0,1.0
310,51.0,177.0,1.0
311,182.0,439.0,1.0
312,101.0,399.0,1.0
313,14.0,66.0,1.0
314,211.0,407.0,1.0
315,235.0,560.0,1.0
316,71.0,461.0,1.0
317,137.0,410.0,1.0
318,94.0,21.0,1.0
319,263.0,161.0,1.0
320,126.0,91.0,1.0
321,108.0,345.0,1.0
322,238.0,223.0,1.0
323,45.0,420.0,1.0
324,124.0,291.0,1.0
325,159.0,204.0,1.0
326,10.0,162.0,1.0
327,173.0,115.0,1.0
328,199.0,20.0,1.0
329,230.0,44.0,1.0
330,256.0,510.0,1.0
331,128.0,97.0,1.0
332,262.0,148.0,1.0
333,144.0,219.0,1.0
334,187.0,159.0,1.0
335,264.0,595.0,1.0
336,144.0,525.0,1.0
337,225.0,446.0,1.0
338,116.0,246.0,1.0
339,207.0,77.0,1.0
340,96.0,286.0,1.0
341,126.0,48.0,1.0
342,84.0,103.0,1.0
343,164.0,60.0,1.0
344,156.0,201.0,1.0
345,132.0,575.0,1.0
346,231.0,430.0,1.0
347,186.0,241.0,1.0
348,138.0,527.0,1.0
349,37.0,20.0,1.0
350,208.0,60.0,1.0
351,57.0,91.0,1.0
352,170.0,91.0,1.0
353,156.0,496.0,1.0
354,245.0,232.0,1.0
355,69.0,91.0,1.0
356,261.0,336.0,1.0
357,199.0,35.0,1.0
358,195.0,128.0,1.0
359,94.0,143.0,1.0
360,242.0,327.0,1.0
361,94.0,44.0,1.0
362,119.0,57.0,1.0
363,248.0,204.0,1.0
364,78.0,12.0,1.0
365,158.0,59.0,1.0
366,257.0,434.0,1.0
367,211.0,218.0,1.0
368,126.0,104.0,1.0
369,72.0,327.0,1.0
370,122.0,180.0,1.0
371,219.0,434.0,1.0
372,161.0,92.0,1.0
373,136.0,347.0,1.0
374,184.0,213.0,1.0
375,228.0,409.0,1.0
376,126.0,188.0,1.0
377,10.0,156.0,1.0
378,103.0,11.0,1.0
379,52.0,219.0,1.0
380,208.0,62.0,1.0
381,1.0,88.0,1.0
382,155.0,468.0,1.0
383,178.0,1.0,1.0
384,108.0,555.0,1.0
385,37.0,196.0,1.0
386,248.0,545.0,1.0
387,223.0,122.0,1.0
388,17.0,322.0,1.0
389,175.0,169.0,1.0
390,90.0,491.0,1.0
391,126.0,378.0,1.0
392,42.0,77.0,1.0
393,90.0,282.0,1.0
394,128.0,40.0,1.0
395,64.0,100.0,1.0
396,37.0,106.0,1.0
397,141.0,214.0,1.0
398,147.0,118.0,1.0
399,102.0,556.0,1.0
400,248.0,64.0,1.0
401,182.0,276.0,1.0
402,45.0,116.0,1.0
403,131.0,11.0,1.0
404,52.0,372.0,1.0
405,164.0,91.0,1.0
406,209.0,50.0,1.0
407,226.0,189.0,1.0
408,245.0,112.0,1.0
409,203.0,137.0,1.0
410,211.0,238.0,1.0
411,259.0,1.0,1.0
412,183.0,78.0,1.0
413,164.0,326.0,1.0
414,175.0,363.0,1.0
415,230.0,460.0,1.0
416,184.0,4.0,1.0
417,83.0,48.0,1.0
418,227.0,517.0,1.0
419,93.0,145.0,1.0
420,89.0,596.0,1.0
421,32.0,103.0,1.0
422,60.0,537.0,1.0
423,196.0,104.0,1.0
424,179.0,353.0,1.0
425,229.0,47.0,1.0
426,175.0,194.0,1.0
427,178.0,407.0,1.0
428,90.0,348.0,1.0
429,104.0,92.0,1.0
430,28.0,54.0,1.0
431,245.0,48.0,1.0
432,265.0,168.0,1.0
433,255.0,39.0,1.0
434,76.0,236.0,1.0
435,87.0,420.0,1.0
436,56.0,8.0,1.0
437,262.0,273.0,1.0
438,53.0,141.0,1.0
439,21.0,293.0,1.0
440,9.0,65.0,1.0
441,128.0,17.0,1.0
442,248.0,66.0,1.0
443,258.0,409.0,1.0
444,122.0,521.0,1.0
445,248.0,120.0,1.0
446,187.0,204.0,1.0
447,72.0,226.0,1.0
448,127.0,369.0,1.0
449,76.0,18.0,1.0
450,126.0,197.0,1.0
451,126.0,126.0,1.0
452,102.0,319.0,1.0
453,41.0,27.0,1.0
454,218.0,105.0,1.0
455,195.0,282.0,1.0
456,26.0,359.0,1.0
457,108.0,561.0,1.0
458,210.0,124.0,1.0
459,144.0,368.0,1.0
460,51.0,126.0,1.0
461,51.0,222.0,1.0
462,83.0,208.0,1.0
463,91.0,483.0,1.0
464,154.0,100.0,1.0
465,87.0,250.0,1.0
466,132.0,227.0,1.0
467,141.0,106.0,1.0
468,213.0,209.0,1.0
469,62.0,39.0,1.0
470,59.0,406.0,1.0
471,95.0,86.0,1.0
472,173.0,524.0,1.0
473,75.0,222.0,1.0
474,60.0,112.0,1.0
475,229.0,111.0,1.0
476,45.0,11.0,1.0
477,210.0,193.0,1.0
478,201.0,95.0,1.0
479,129.0,353.0,1.0
480,65.0,10.0,1.0
481,53.0,398.0,1.0
482,242.0,135.0,1.0
483,129.0,22.0,1.0
484,100.0,213.0,1.0
485,201.0,416.0,1.0
486,183.0,270.0,1.0
487,160.0,90.0,1.0
488,86.0,382.0,1.0
489,248.0,92.0,1.0
490,82.0,246.0,1.0
491,82.0,237.0,1.0
492,261.0,103.0,1.0
493,1.0,51.0,1.0
494,126.0,251.0,1.0
495,189.0,89.0,1.0
496,218.0,170.0,1.0
497,226.0,333.0,1.0
498,251.0,100.0,1.0
499,149.0,253.0,1.0
500,69.0,89.0,1.0
501,102.0,105.0,1.0
502,17.0,117.0,1.0
503,74.0,534.0,1.0
504,82.0,227.0,1.0
505,115.0,410.0,1.0
506,256.0,114.0,1.0
507,124.0,157.0,1.0
508,200.0,34.0,1.0
509,122.0,88.0,1.0
510,228.0,416.0,1.0
511,162.0,450.0,1.0
512,202.0,392.0,1.0
513,69.0,8.0,1.0
514,112.0,48.0,1.0
515,199.0,253.0,1.0
516,83.0,77.0,1.0
517,165.0,10.0,1.0
518,233.0,88.0,1.0
519,178.0,169.0,1.0
520,5.0,3.0,1.0
521,62.0,66.0,1.0
522,14.0,45.0,1.0
523,250.0,202.0,1.0
524,42.0,232.0,1.0
525,81.0,199.0,1.0
526,148.0,10.0,1.0
527,266.0,48.0,1.0
528,116.0,295.0,1.0
529,117.0,106.0,1.0
530,56.0,488.0,1.0
531,102.0,200.0,1.0
532,138.0,47.0,1.0
533,98.0,38.0,1.0
534,147.0,59.0,1.0
535,250.0,251.0,1.0
536,26.0,305.0,1.0
537,180.0,61.0,1.0
538,175.0,451.0,1.0
539,230.0,469.0,1.0
540,199.0,143.0,1.0
541,226.0,443.0,1.0
542,229.0,229.0,1.0
543,75.0,388.0,1.0
544,208.0,252.0,1.0
545,203.0,157.0,1.0
546,199.0,236.0,1.0
547,57.0,97.0,1.0
548,186.0,86.0,1.0
549,259.0,411.0,1.0
550,68.0,577.0,1.0
551,39.0,111.0,1.0
552,84.0,443.0,1.0
553,182.0,36.0,1.0
554,248.0,529.0,1.0
555,67.0,156.0,1.0
556,135.0,530.0,1.0
557,266.0,399.0,1.0
558,176.0,259.0,1.0
559,81.0,203.0,1.0
560,52.0,31.0,1.0
561,113.0,363.0,1.0
562,104.0,423.0,1.0
563,256.0,588.0,1.0
564,148.0,47.0,1.0
565,209.0,103.0,1.0
566,82.0,587.0,1.0
567,169.0,120.0,1.0
568,85.0,154.0,1.0
569,79.0,69.0,1.0
570,123.0,529.0,1.0
571,65.0,261.0,1.0
572,266.0,202.0,1.0
573,126.0,410.0,1.0
574,199.0,527.0,1.0
575,239.0,84.0,1.0
576,235.0,421.0,1.0
577,103.0,266.0,1.0
578,145.0,218.0,1.0
579,211.0,514.0,1.0
580,65.0,92.0,1.0
581,11.0,146.0,1.0
582,213.0,282.0,1.0
583,122.0,302.0,1.0
584,96.0,136.0,1.0
585,50.0,10.0,1.0
586,175.0,382.0,1.0
587,50.0,143.0,1.0
588,214.0,44.0,1.0
589,218.0,78.0,1.0
590,210.0,197.0,1.0
591,205.0,116.0,1.0
592,197.0,530.0,1.0
593,88.0,168.0,1.0
594,250.0,143.0,1.0
595,181.0,92.0,1.0
596,178.0,130.0,1.0
597,201.0,112.0,1.0
598,261.0,112.0,1.0
599,87.0,120.0,1.0
600,93.0,92.0,1.0
601,64.0,494.0,1.0
602,47.0,313.0,1.0
603,15.0,146.0,1.0
604,74.0,131.0,1.0
605,81.0,382.0,1.0
606,226.0,311.0,1.0
607,170.0,104.0,1.0
608,229.0,36.0,1.0
609,230.0,125.0,1.0
610,172.0,257.0,1.0
611,158.0,451.0,1.0
612,255.0,77.0,1.0
613,253.0,432.0,1.0
614,209.0,488.0,1.0
615,175.0,213.0,1.0
616,141.0,425.0,1.0
617,65.0,404.0,1.0
618,187.0,391.0,1.0
619,217.0,95.0,1.0
620,94.0,36.0,1.0
621,205.0,10.0,1.0
622,91.0,555.0,1.0
623,257.0,594.0,1.0
624,156.0,129.0,1.0
625,10.0,289.0,1.0
626,230.0,225.0,1.0
627,162.0,100.0,1.0
628,211.0,59.0,1.0
629,226.0,118.0,1.0
630,87.0,100.0,1.0
631,242.0,241.0,1.0
632,53.0,20.0,1.0
633,202.0,510.0,1.0
634,234.0,195.0,1.0
635,141.0,0.0,1.0
636,82.0,461.0,1.0
637,65.0,461.0,1.0
638,39.0,402.0,1.0
639,230.0,50.0,1.0
640,165.0,511.0,1.0
641,204.0,147.0,1.0
642,129.0,241.0,1.0
643,90.0,50.0,1.0
644,31.0,61.0,1.0
645,258.0,310.0,1.0
646,127.0,91.0,1.0
647,10.0,175.0,1.0
648,225.0,313.0,1.0
649,44.0,179.0,1.0
650,156.0,81.0,1.0
651,250.0,546.0,1.0
652,197.0,251.0,1.0
653,56.0,302.0,1.0
654,155.0,61.0,1.0
655,12.0,120.0,1.0
656,136.0,0.0,1.0
657,214.0,245.0,1.0
658,150.0,243.0,1.0
659,62.0,454.0,1.0
660,116.0,281.0,1.0
661,74.0,492.0,1.0
662,82.0,535.0,1.0
663,104.0,389.0,1.0
664,8.0,51.0,1.0
665,138.0,207.0,1.0
666,2.0,147.0,1.0
667,226.0,226.0,1.0
668,89.0,7.0,1.0
669,262.0,243.0,1.0
670,72.0,290.0,1.0
671,56.0,242.0,1.0
672,62.0,58.0,1.0
673,226.0,43.0,1.0
674,69.0,190.0,1.0
675,132.0,481.0,1.0
676,117.0,318.0,1.0
677,100.0,120.0,1.0
678,52.0,49.0,1.0
679,81.0,205.0,1.0
680,232.0,408.0,1.0
681,75.0,100.0,1.0
682,263.0,462.0,1.0
683,65.0,368.0,1.0
684,117.0,356.0,1.0
685,226.0,147.0,1.0
686,256.0,105.0,1.0
687,155.0,147.0,1.0
688,169.0,194.0,1.0
689,32.0,24.0,1.0
690,98.0,58.0,1.0
691,5.0,195.0,1.0
692,69.0,133.0,1.0
693,159.0,66.0,1.0
694,165.0,243.0,1.0
695,63.0,309.0,1.0
696,44.0,282.0,1.0
697,164.0,125.0,1.0
698,248.0,367.0,1.0
699,205.0,66.0,1.0
700,217.0,39.0,1.0
701,165.0,395.0,1.0
702,183.0,450.0,1.0
703,87.0,500.0,1.0
704,119.0,398.0,1.0
705,266.0,217.0,1.0
706,44.0,89.0,1.0
707,82.0,332.0,1.0
708,195.0,100.0,1.0
709,155.0,35.0,1.0
710,52.0,356.0,1.0
711,42.0,146.0,1.0
712,60.0,186.0,1.0
713,13.0,341.0,1.0
714,154.0,69.0,1.0
715,222.0,83.0,1.0
716,82.0,244.0,1.0
717,44.0,66.0,1.0
718,209.0,576.0,1.0
719,84.0,253.0,1.0
720,247.0,11.0,1.0
721,104.0,67.0,1.0
722,197.0,0.0,1.0
723,17.0,309.0,1.0
724,3.0,45.0,1.0
725,183.0,177.0,1.0
726,81.0,510.0,1.0
727,81.0,353.0,1.0
728,102.0,77.0,1.0
729,264.0,106.0,1.0
730,149.0,164.0,1.0
731,223.0,353.0,1.0
732,157.0,317.0,1.0
733,189.0,52.0,1.0
734,38.0,300.0,1.0
735,136.0,3.0,1.0
736,34.0,150.0,1.0
737,203.0,180.0,1.0
738,200.0,288.0,1.0
739,84.0,385.0,1.0
740,69.0,262.0,1.0
741,135.0,569.0,1.0
742,182.0,399.0,1.0
743,35.0,388.0,1.0
744,19.0,106.0,1.0
745,51.0,36.0,1.0
746,70.0,57.0,1.0
747,55.0,50.0,1.0
748,176.0,112.0,1.0
749,101.0,392.0,1.0
750,214.0,32.0,1.0
751,5.0,100.0,1.0
752,207.0,31.0,1.0
753,156.0,557.0,1.0
754,239.0,7.0,1.0
755,141.0,462.0,1.0
756,60.0,33.0,1.0
757,130.0,20.0,1.0
758,52.0,80.0,1.0
759,214.0,330.0,1.0
760,22.0,294.0,1.0
761,228.0,134.0,1.0
762,51.0,397.0,1.0
763,125.0,424.0,1.0
764,198.0,478.0,1.0
765,79.0,383.0,1.0
766,105.0,79.0,1.0
767,256.0,347.0,1.0
768,148.0,307.0,1.0
769,159.0,10.0,1.0
770,234.0,373.0,1.0
771,197.0,113.0,1.0
772,182.0,407.0,1.0
773,189.0,111.0,1.0
774,96.0,186.0,1.0
775,182.0,58.0,1.0
776,16.0,34.0,1.0
777,234.0,60.0,1.0
778,9.0,262.0,1.0
779,117.0,373.0,1.0
780,19.0,292.0,1.0
781,195.0,460.0,1.0
782,101.0,146.0,1.0
783,135.0,216.0,1.0
784,200.0,321.0,1.0
785,160.0,196.0,1.0
786,44.0,55.0,1.0
787,233.0,388.0,1.0
788,74.0,221.0,1.0
789,226.0,60.0,1.0
790,85.0,430.0,1.0
791,83.0,113.0,1.0
792,136.0,260.0,1.0
793,206.0,47.0,1.0
794,259.0,305.0,1.0
795,226.0,545.0,1.0
796,235.0,517.0,1.0
797,231.0,449.0,1.0
798,164.0,7.0,1.0
799,26.0,130.0,1.0
800,5.0,184.0,1.0
801,203.0,347.0,1.0
802,93.0,191.0,1.0
803,177.0,259.0,1.0
804,178.0,145.0,1.0
805,226.0,196.0,1.0
806,224.0,186.0,1.0
807,107.0,434.0,1.0
808,156.0,111.0,1.0
809,2.0,137.0,1.0
810,51.0,20.0,1.0
811,264.0,155.0,1.0
812,194.0,0.0,1.0
813,128.0,256.0,1.0
814,156.0,424.0,1.0
815,85.0,349.0,1.0
816,105.0,242.0,1.0
817,71.0,102.0,1.0
818,130.0,493.0,1.0
819,218.0,173.0,1.0
820,44.0,317.0,1.0
821,252.0,52.0,1.0
822,56.0,136.0,1.0
823,148.0,358.0,1.0
824,185.0,245.0,1.0
825,245.0,10.0,1.0
826,130.0,332.0,1.0
827,144.0,222.0,1.0
828,8.0,18.0,1.0
829,224.0,7.0,1.0
830,150.0,126.0,1.0
831,232.0,261.0,1.0
832,28.0,41.0,1.0
833,253.0,27.0,1.0
834,20.0,47.0,1.0
835,230.0,10.0,1.0
836,152.0,122.0,1.0
837,91.0,73.0,1.0
838,34.0,50.0,1.0
839,105.0,1.0,1.0
840,83.0,66.0,1.0
841,226.0,332.0,1.0
842,230.0,436.0,1.0
843,64.0,441.0,1.0
844,171.0,429.0,1.0
845,202.0,439.0,1.0
846,132.0,399.0,1.0
847,121.0,348.0,1.0
848,44.0,388.0,1.0
849,69.0,230.0,1.0
850,58.0,66.0,1.0
851,149.0,64.0,1.0
852,210.0,10.0,1.0
853,65.0,470.0,1.0
854,79.0,492.0,1.0
855,99.0,415.0,1.0
856,147.0,512.0,1.0
857,248.0,75.0,1.0
858,256.0,81.0,1.0
859,56.0,250.0,1.0
860,78.0,79.0,1.0
861,53.0,238.0,1.0
862,223.0,365.0,1.0
863,191.0,94.0,1.0
864,89.0,116.0,1.0
865,194.0,68.0,1.0
866,78.0,457.0,1.0
867,224.0,219.0,1.0
868,81.0,177.0,1.0
869,149.0,428.0,1.0
870,214.0,494.0,1.0
871,182.0,495.0,1.0
872,123.0,145.0,1.0
873,102.0,463.0,1.0
874,22.0,226.0,1.0
875,84.0,591.0,1.0
876,179.0,219.0,1.0
877,144.0,434.0,1.0
878,84.0,46.0,1.0
879,134.0,172.0,1.0
880,83.0,35.0,1.0
881,182.0,410.0,1.0
882,258.0,195.0,1.0
883,78.0,99.0,1.0
884,96.0,24.0,1.0
885,178.0,511.0,1.0
886,197.0,135.0,1.0
887,82.0,64.0,1.0
888,98.0,563.0,1.0
889,122.0,512.0,1.0
890,180.0,194.0,1.0
891,75.0,344.0,1.0
892,229.0,193.0,1.0
893,105.0,277.0,1.0
894,49.0,415.0,1.0
895,102.0,548.0,1.0
896,67.0,11.0,1.0
897,102.0,252.0,1.0
898,167.0,257.0,1.0
899,145.0,310.0,1.0
900,13.0,201.0,1.0
901,259.0,555.0,1.0
902,1.0,29.0,1.0
903,199.0,260.0,1.0
904,183.0,137.0,1.0
905,110.0,218.0,1.0
906,202.0,36.0,1.0
907,239.0,451.0,1.0
908,101.0,95.0,1.0
909,55.0,441.0,1.0
910,187.0,319.0,1.0
911,160.0,272.0,1.0
912,239.0,454.0,1.0
913,259.0,74.0,1.0
914,200.0,577.0,1.0
915,175.0,19.0,1.0
916,65.0,60.0,1.0
917,183.0,485.0,1.0
918,52.0,191.0,1.0
919,84.0,223.0,1.0
920,194.0,529.0,1.0
921,138.0,9.0,1.0
922,71.0,511.0,1.0
923,36.0,11.0,1.0
924,32.0,244.0,1.0
925,14.0,345.0,1.0
926,172.0,10.0,1.0
927,65.0,225.0,1.0
928,248.0,343.0,1.0
929,226.0,244.0,1.0
930,60.0,141.0,1.0
931,147.0,70.0,1.0
932,77.0,555.0,1.0
933,160.0,220.0,1.0
934,46.0,425.0,1.0
935,102.0,440.0,1.0
936,266.0,232.0,1.0
937,193.0,135.0,1.0
938,75.0,147.0,1.0
939,89.0,466.0,1.0
940,96.0,31.0,1.0
941,108.0,193.0,1.0
942,101.0,474.0,1.0
943,75.0,5.0,1.0
944,266.0,132.0,1.0
945,115.0,386.0,1.0
946,74.0,584.0,1.0
947,51.0,146.0,1.0
948,193.0,127.0,1.0
949,105.0,219.0,1.0
950,95.0,392.0,1.0
951,164.0,292.0,1.0
952,70.0,382.0,1.0
953,160.0,314.0,1.0
954,134.0,82.0,1.0
955,135.0,394.0,1.0
956,247.0,31.0,1.0
957,64.0,378.0,1.0
958,160.0,11.0,1.0
959,211.0,227.0,1.0
960,158.0,122.0,1.0
961,138.0,296.0,1.0
962,37.0,58.0,1.0
963,44.0,351.0,1.0
964,108.0,161.0,1.0
965,224.0,190.0,1.0
966,171.0,112.0,1.0
967,142.0,213.0,1.0
968,108.0,296.0,1.0
969,22.0,239.0,1.0
970,116.0,36.0,1.0
971,259.0,420.0,1.0
972,185.0,126.0,1.0
973,107.0,241.0,1.0
974,15.0,343.0,1.0
975,78.0,342.0,1.0
976,205.0,456.0,1.0
977,210.0,213.0,1.0
978,113.0,191.0,1.0
979,132.0,546.0,1.0
980,232.0,136.0,1.0
981,245.0,131.0,1.0
982,49.0,506.0,1.0
983,89.0,89.0,1.0
984,127.0,53.0,1.0
985,64.0,35.0,1.0
986,259.0,214.0,1.0
987,69.0,104.0,1.0
988,218.0,245.0,1.0
989,44.0,9.0,1.0
990,56.0,40.0,1.0
991,68.0,521.0,1.0
992,185.0,537.0,1.0
993,75.0,177.0,1.0
994,44.0,175.0,1.0
995,90.0,236.0,1.0
996,187.0,5.0,1.0
997,64.0,27.0,1.0
998,51.0,358.0,1.0
999,78.0,398.0,1.0
1000,44.0,202.0,1.0
1001,183.0,340.0,1.0
1002,122.0,179.0,1.0
1003,175.0,587.0,1.0
1004,188.0,127.0,1.0
1005,226.0,418.0,1.0
1006,9.0,281.0,1.0
1007,96.0,498.0,1.0
1008,262.0,228.0,1.0
1009,224.0,21.0,1.0
1010,102.0,18.0,1.0
1011,222.0,61.0,1.0
1012,117.0,22.0,1.0
1013,97.0,117.0,1.0
1014,65.0,410.0,1.0
1015,46.0,10.0,1.0
1016,60.0,233.0,1.0
1017,170.0,205.0,1.0
1018,149.0,24.0,1.0
1019,123.0,91.0,1.0
1020,98.0,277.0,1.0
1021,143.0,18.0,1.0
1022,188.0,216.0,1.0
1023,191.0,378.0,1.0
1024,255.0,306.0,1.0
1025,120.0,32.0,1.0
1026,202.0,12.0,1.0
1027,84.0,59.0,1.0
1028,82.0,559.0,1.0
1029,104.0,160.0,1.0
1030,189.0,219.0,1.0
1031,19.0,44.0,1.0
1032,102.0,408.0,1.0
1033,238.0,6.0,1.0
1034,199.0,164.0,1.0
1035,51.0,59.0,1.0
1036,234.0,197.0,1.0
1037,223.0,176.0,1.0
1038,79.0,310.0,1.0
1039,238.0,7.0,1.0
1040,263.0,58.0,1.0
1041,64.0,116.0,1.0
1042,133.0,203.0,1.0
1043,67.0,282.0,1.0
1044,9.0,29.0,1.0
1045,239.0,126.0,1.0
1046,56.0,125.0,1.0
1047,3.0,151.0,1.0
1048,87.0,159.0,1.0
1049,119.0,81.0,1.0
1050,164.0,53.0,1.0
1051,72.0,268.0,1.0
1052,12.0,324.0,1.0
1053,147.0,9.0,1.0
1054,226.0,268.0,1.0
1055,262.0,456.0,1.0
1056,74.0,50.0,1.0
1057,108.0,435.0,1.0
1058,89.0,95.0,1.0
1059,224.0,24.0,1.0
1060,129.0,0.0,1.0
1061,93.0,262.0,1.0
1062,45.0,103.0,1.0
1063,259.0,588.0,1.0
1064,203.0,482.0,1.0
1065,39.0,314.0,1.0
1066,164.0,273.0,1.0
1067,148.0,76.0,1.0
1068,141.0,533.0,1.0
1069,82.0,209.0,1.0
1070,200.0,11.0,1.0
1071,126.0,227.0,1.0
1072,17.0,7.0,1.0
1073,86.0,412.0,1.0
1074,125.0,120.0,1.0
1075,136.0,138.0,1.0
1076,102.0,281.0,1.0
1077,182.0,515.0,1.0
1078,182.0,275.0,1.0
1079,116.0,575.0,1.0
1080,228.0,119.0,1.0
1081,264.0,293.0,1.0
1082,85.0,308.0,1.0
1083,83.0,487.0,1.0
1084,212.0,391.0,1.0
1085,226.0,441.0,1.0
1086,65.0,194.0,1.0
1087,115.0,204.0,1.0
1088,268.0,89.0,1.0
1089,126.0,143.0,1.0
1090,228.0,168.0,1.0
1091,115.0,103.0,1.0
1092,235.0,92.0,1.0
1093,217.0,207.0,1.0
1094,87.0,538.0,1.0
1095,91.0,514.0,1.0
1096,248.0,271.0,1.0
1097,86.0,63.0,1.0
1098,161.0,100.0,1.0
1099,219.0,207.0,1.0
1100,208.0,204.0,1.0
1101,117.0,181.0,1.0
1102,191.0,382.0,1.0
1103,186.0,193.0,1.0
1104,218.0,30.0,1.0
1105,165.0,39.0,1.0
1106,60.0,219.0,1.0
1107,164.0,58.0,1.0
1108,150.0,204.0,1.0
1109,209.0,255.0,1.0
1110,225.0,320.0,1.0
1111,58.0,130.0,1.0
1112,97.0,482.0,1.0
1113,74.0,445.0,1.0
1114,104.0,292.0,1.0
1115,141.0,116.0,1.0
1116,185.0,186.0,1.0
1117,102.0,541.0,1.0
1118,231.0,184.0,1.0
1119,19.0,80.0,1.0
1120,264.0,364.0,1.0
1121,68.0,116.0,1.0
1122,127.0,10.0,1.0
1123,128.0,493.0,1.0
1124,206.0,425.0,1.0
1125,180.0,527.0,1.0
1126,87.0,147.0,1.0
1127,116.0,127.0,1.0
1128,197.0,146.0,1.0
1129,223.0,339.0,1.0
1130,13.0,9.0,1.0
1131,138.0,22.0,1.0
1132,53.0,199.0,1.0
1133,127.0,130.0,1.0
1134,194.0,434.0,1.0
1135,197.0,459.0,1.0
1136,74.0,429.0,1.0
1137,219.0,411.0,1.0
1138,183.0,308.0,1.0
1139,207.0,382.0,1.0
1140,51.0,431.0,1.0
1141,182.0,73.0,1.0
1142,205.0,39.0,1.0
1143,199.0,514.0,1.0
1144,191.0,167.0,1.0
1145,147.0,172.0,1.0
1146,259.0,566.0,1.0
1147,164.0,47.0,1.0
1148,262.0,47.0,1.0
1149,128.0,11.0,1.0
1150,194.0,124.0,1.0
1151,60.0,415.0,1.0
1152,262.0,36.0,1.0
1153,183.0,324.0,1.0
1154,194.0,205.0,1.0
1155,103.0,35.0,1.0
1156,162.0,579.0,1.0
1157,208.0,27.0,1.0
1158,88.0,278.0,1.0
1159,87.0,494.0,1.0
1160,240.0,47.0,1.0
1161,262.0,143.0,1.0
1162,178.0,168.0,1.0
1163,69.0,514.0,1.0
1164,145.0,14.0,1.0
1165,115.0,151.0,1.0
1166,178.0,44.0,1.0
1167,87.0,456.0,1.0
1168,214.0,523.0,1.0
1169,61.0,147.0,1.0
1170,150.0,124.0,1.0
1171,130.0,306.0,1.0
1172,113.0,241.0,1.0
1173,91.0,22.0,1.0
1174,209.0,439.0,1.0
1175,259.0,394.0,1.0
1176,165.0,222.0,1.0
1177,63.0,5.0,1.0
1178,132.0,223.0,1.0
1179,113.0,176.0,1.0
1180,96.0,62.0,1.0
1181,116.0,257.0,1.0
1182,197.0,120.0,1.0
1183,193.0,327.0,1.0
1184,262.0,312.0,1.0
1185,135.0,5.0,1.0
1186,248.0,261.0,1.0
1187,103.0,547.0,1.0
1188,67.0,138.0,1.0
1189,38.0,88.0,1.0
1190,96.0,494.0,1.0
1191,183.0,562.0,1.0
1192,39.0,7.0,1.0
1193,105.0,0.0,1.0
1194,205.0,342.0,1.0
1195,147.0,386.0,1.0
1196,225.0,248.0,1.0
1197,235.0,130.0,1.0
1198,175.0,62.0,1.0
1199,116.0,279.0,1.0
1200,182.0,341.0,1.0
1201,147.0,294.0,1.0
1202,60.0,247.0,1.0
1203,144.0,474.0,1.0
1204,173.0,143.0,1.0
1205,203.0,51.0,1.0
1206,75.0,208.0,1.0
1207,138.0,293.0,1.0
1208,82.0,130.0,1.0
1209,176.0,229.0,1.0
1210,238.0,60.0,1.0
1211,59.0,382.0,1.0
1212,42.0,3.0,1.0
1213,127.0,64.0,1.0
1214,69.0,306.0,1.0
1215,148.0,376.0,1.0
1216,64.0,127.0,1.0
1217,0.0,8.0,1.0
1218,17.0,380.0,1.0
1219,205.0,68.0,1.0
1220,148.0,196.0,1.0
1221,90.0,252.0,1.0
1222,175.0,87.0,1.0
1223,79.0,218.0,1.0
1224,228.0,62.0,1.0
1225,250.0,398.0,1.0
1226,11.0,157.0,1.0
1227,44.0,24.0,1.0
1228,16.0,369.0,1.0
1229,250.0,87.0,1.0
1230,130.0,112.0,1.0
1231,85.0,364.0,1.0
1232,202.0,146.0,1.0
1233,221.0,391.0,1.0
1234,17.0,394.0,1.0
1235,39.0,241.0,1.0
1236,235.0,420.0,1.0
1237,214.0,38.0,1.0
1238,248.0,50.0,1.0
1239,163.0,273.0,1.0
1240,94.0,504.0,1.0
1241,52.0,505.0,1.0
1242,186.0,200.0,1.0
1243,64.0,432.0,1.0
1244,144.0,385.0,1.0
1245,107.0,43.0,1.0
1246,49.0,38.0,1.0
1247,22.0,349.0,1.0
1248,183.0,242.0,1.0
1249,147.0,92.0,1.0
1250,31.0,194.0,1.0
1251,69.0,140.0,1.0
1252,51.0,321.0,1.0
1253,113.0,45.0,1.0
1254,85.0,61.0,1.0
1255,106.0,84.0,1.0
1256,189.0,382.0,1.0
1257,72.0,21.0,1.0
1258,170.0,133.0,1.0
1259,197.0,344.0,1.0
1260,50.0,272.0,1.0
1261,120.0,202.0,1.0
1262,226.0,460.0,1.0
1263,223.0,241.0,1.0
1264,175.0,310.0,1.0
1265,74.0,24.0,1.0
1266,266.0,10.0,1.0
1267,27.0,253.0,1.0
1268,202.0,93.0,1.0
1269,7.0,103.0,1.0
1270,31.0,17.0,1.0
1271,264.0,546.0,1.0
1272,65.0,192.0,1.0
1273,74.0,77.0,1.0
1274,26.0,350.0,1.0
1275,149.0,459.0,1.0
1276,61.0,166.0,1.0
1277,94.0,245.0,1.0
1278,14.0,9.0,1.0
1279,162.0,478.0,1.0
1280,200.0,427.0,1.0
1281,175.0,218.0,1.0
1282,225.0,270.0,1.0
1283,193.0,541.0,1.0
1284,211.0,60.0,1.0
1285,225.0,585.0,1.0
1286,203.0,226.0,1.0
1287,87.0,444.0,1.0
1288,69.0,513.0,1.0
1289,44.0,212.0,1.0
1290,234.0,24.0,1.0
1291,64.0,40.0,1.0
1292,207.0,28.0,1.0
1293,18.0,422.0,1.0
1294,156.0,95.0,1.0
1295,130.0,36.0,1.0
1296,168.0,498.0,1.0
1297,249.0,168.0,1.0
1298,135.0,184.0,1.0
1299,259.0,48.0,1.0
1300,236.0,153.0,1.0
1301,223.0,18.0,1.0
1302,87.0,54.0,1.0
1303,32.0,158.0,1.0
1304,65.0,156.0,1.0
1305,189.0,147.0,1.0
1306,263.0,116.0,1.0
1307,68.0,194.0,1.0
1308,149.0,177.0,1.0
1309,104.0,426.0,1.0
1310,122.0,445.0,1.0
1311,115.0,232.0,1.0
1312,70.0,81.0,1.0
1313,189.0,223.0,1.0
1314,97.0,227.0,1.0
1315,100.0,577.0,1.0
1316,68.0,46.0,1.0
1317,83.0,116.0,1.0
1318,165.0,111.0,1.0
1319,104.0,342.0,1.0
1320,87.0,343.0,1.0
1321,116.0,254.0,1.0
1322,199.0,517.0,1.0
1323,87.0,553.0,1.0
1324,128.0,554.0,1.0
1325,156.0,326.0,1.0
1326,102.0,115.0,1.0
1327,193.0,142.0,1.0
1328,229.0,378.0,1.0
1329,183.0,306.0,1.0
1330,85.0,10.0,1.0
1331,114.0,285.0,1.0
1332,168.0,414.0,1.0
1333,71.0,241.0,1.0
1334,86.0,44.0,1.0
1335,247.0,456.0,1.0
1336,165.0,36.0,1.0
1337,211.0,405.0,1.0
1338,235.0,12.0,1.0
1339,113.0,86.0,1.0
1340,117.0,219.0,1.0
1341,86.0,191.0,1.0
1342,218.0,87.0,1.0
1343,160.0,236.0,1.0
1344,150.0,384.0,1.0
1345,102.0,529.0,1.0
1346,129.0,57.0,1.0
1347,45.0,236.0,1.0
1348,106.0,12.0,1.0
1349,56.0,526.0,1.0
1350,249.0,196.0,1.0
1351,87.0,359.0,1.0
1352,194.0,181.0,1.0
1353,259.0,126.0,1.0
1354,130.0,102.0,1.0
1355,123.0,234.0,1.0
1356,156.0,266.0,1.0
1357,133.0,574.0,1.0
1358,182.0,216.0,1.0
1359,81.0,202.0,1.0
1360,79.0,96.0,1.0
1361,123.0,251.0,1.0
1362,28.0,106.0,1.0
1363,108.0,385.0,1.0
1364,62.0,100.0,1.0
1365,18.0,419.0,1.0
1366,250.0,145.0,1.0
1367,165.0,206.0,1.0
1368,264.0,159.0,1.0
1369,148.0,214.0,1.0
1370,165.0,562.0,1.0
1371,189.0,126.0,1.0
1372,242.0,394.0,1.0
1373,159.0,35.0,1.0
1374,67.0,118.0,1.0
1375,217.0,133.0,1.0
1376,183.0,255.0,1.0
1377,147.0,240.0,1.0
1378,130.0,172.0,1.0
1379,256.0,38.0,1.0
1380,165.0,38.0,1.0
1381,127.0,395.0,1.0
1382,56.0,408.0,1.0
1383,96.0,519.0,1.0
1384,108.0,36.0,1.0
1385,191.0,517.0,1.0
1386,226.0,264.0,1.0
1387,96.0,374.0,1.0
1388,129.0,45.0,1.0
1389,53.0,326.0,1.0
1390,17.0,193.0,1.0
1391,32.0,58.0,1.0
1392,164.0,242.0,1.0
1393,126.0,180.0,1.0
1394,141.0,70.0,1.0
1395,182.0,44.0,1.0
1396,56.0,380.0,1.0
1397,194.0,251.0,1.0
1398,229.0,354.0,1.0
1399,209.0,179.0,1.0
1400,82.0,511.0,1.0
1401,69.0,99.0,1.0
1402,106.0,153.0,1.0
1403,176.0,15.0,1.0
1404,250.0,151.0,1.0
1405,75.0,312.0,1.0
1406,160.0,5.0,1.0
1407,82.0,294.0,1.0
1408,136.0,434.0,1.0
1409,264.0,305.0,1.0
1410,202.0,52.0,1.0
1411,23.0,10.0,1.0
1412,195.0,12.0,1.0
1413,180.0,350.0,1.0
1414,65.0,373.0,1.0
1415,131.0,31.0,1.0
1416,183.0,373.0,1.0
1417,114.0,27.0,1.0
1418,13.0,105.0,1.0
1419,194.0,43.0,1.0
1420,86.0,150.0,1.0
1421,196.0,354.0,1.0
1422,91.0,203.0,1.0
1423,61.0,35.0,1.0
1424,102.0,92.0,1.0
1425,57.0,114.0,1.0
1426,104.0,61.0,1.0
1427,113.0,150.0,1.0
1428,7.0,116.0,1.0
1429,136.0,127.0,1.0
1430,39.0,396.0,1.0
1431,13.0,146.0,1.0
1432,159.0,191.0,1.0
1433,48.0,427.0,1.0
1434,112.0,529.0,1.0
1435,259.0,321.0,1.0
1436,110.0,449.0,1.0
1437,158.0,121.0,1.0
1438,9.0,261.0,1.0
1439,210.0,147.0,1.0
1440,115.0,7.0,1.0
1441,85.0,20.0,1.0
1442,141.0,146.0,1.0
1443,56.0,514.0,1.0
1444,195.0,11.0,1.0
1445,31.0,86.0,1.0
1446,84.0,446.0,1.0
1447,105.0,272.0,1.0
1448,82.0,78.0,1.0
1449,86.0,126.0,1.0
1450,183.0,82.0,1.0
1451,257.0,66.0,1.0
1452,60.0,47.0,1.0
1453,66.0,10.0,1.0
1454,261.0,12.0,1.0
1455,164.0,12.0,1.0
1456,158.0,200.0,1.0
1457,194.0,44.0,1.0
1458,33.0,120.0,1.0
1459,85.0,83.0,1.0
1460,71.0,35.0,1.0
1461,113.0,81.0,1.0
1462,164.0,288.0,1.0
1463,64.0,99.0,1.0
1464,165.0,456.0,1.0
1465,218.0,66.0,1.0
1466,234.0,416.0,1.0
1467,229.0,361.0,1.0
1468,264.0,349.0,1.0
1469,182.0,595.0,1.0
1470,147.0,288.0,1.0
1471,136.0,420.0,1.0
1472,156.0,143.0,1.0
1473,231.0,287.0,1.0
1474,174.0,290.0,1.0
1475,218.0,317.0,1.0
1476,104.0,151.0,1.0
1477,147.0,370.0,1.0
1478,68.0,559.0,1.0
1479,257.0,294.0,1.0
1480,155.0,73.0,1.0
1481,233.0,22.0,1.0
1482,53.0,381.0,1.0
1483,56.0,284.0,1.0
1484,132.0,164.0,1.0
1485,259.0,62.0,1.0
1486,56.0,9.0,1.0
1487,150.0,266.0,1.0
1488,161.0,384.0,1.0
1489,262.0,162.0,1.0
1490,189.0,14.0,1.0
1491,177.0,359.0,1.0
1492,262.0,24.0,1.0
1493,49.0,504.0,1.0
1494,242.0,156.0,1.0
1495,127.0,554.0,1.0
1496,206.0,146.0,1.0
1497,96.0,135.0,1.0
1498,226.0,112.0,1.0
1499,186.0,349.0,1.0
1500,193.0,92.0,1.0
1501,189.0,206.0,1.0
1502,117.0,251.0,1.0
1503,17.0,216.0,1.0
1504,264.0,36.0,1.0
1505,71.0,505.0,1.0
1506,86.0,70.0,1.0
1507,11.0,315.0,1.0
1508,175.0,458.0,1.0
1509,257.0,75.0,1.0
1510,31.0,287.0,1.0
1511,156.0,126.0,1.0
1512,225.0,59.0,1.0
1513,19.0,9.0,1.0
1514,228.0,505.0,1.0
1515,103.0,248.0,1.0
1516,228.0,108.0,1.0
1517,193.0,256.0,1.0
1518,211.0,420.0,1.0
1519,256.0,207.0,1.0
1520,52.0,373.0,1.0
1521,135.0,378.0,1.0
1522,193.0,242.0,1.0
1523,160.0,70.0,1.0
1524,71.0,127.0,1.0
1525,150.0,84.0,1.0
1526,64.0,382.0,1.0
1527,51.0,220.0,1.0
1528,3.0,9.0,1.0
1529,130.0,143.0,1.0
1530,82.0,205.0,1.0
1531,223.0,8.0,1.0
1532,165.0,92.0,1.0
1533,156.0,33.0,1.0
1534,145.0,143.0,1.0
1535,58.0,114.0,1.0
1536,132.0,395.0,1.0
1537,99.0,378.0,1.0
1538,20.0,109.0,1.0
1539,145.0,266.0,1.0
1540,203.0,117.0,1.0
1541,147.0,143.0,1.0
1542,47.0,10.0,1.0
1543,63.0,103.0,1.0
1544,186.0,488.0,1.0
1545,178.0,463.0,1.0
1546,69.0,148.0,1.0
1547,2.0,26.0,1.0
1548,30.0,81.0,1.0
1549,226.0,410.0,1.0
1550,178.0,448.0,1.0
1551,105.0,420.0,1.0
1552,101.0,207.0,1.0
1553,259.0,195.0,1.0
1554,233.0,35.0,1.0
1555,107.0,181.0,1.0
1556,236.0,38.0,1.0
1557,178.0,269.0,1.0
1558,98.0,409.0,1.0
1559,16.0,146.0,1.0
1560,81.0,185.0,1.0
1561,84.0,247.0,1.0
1562,133.0,196.0,1.0
1563,218.0,319.0,1.0
1564,213.0,7.0,1.0
1565,160.0,331.0,1.0
1566,124.0,476.0,1.0
1567,198.0,367.0,1.0
1568,51.0,365.0,1.0
1569,65.0,446.0,1.0
1570,173.0,486.0,1.0
1571,82.0,493.0,1.0
1572,26.0,10.0,1.0
1573,82.0,50.0,1.0
1574,69.0,440.0,1.0
1575,8.0,248.0,1.0
1576,178.0,551.0,1.0
1577,197.0,20.0,1.0
1578,154.0,497.0,1.0
1579,81.0,492.0,1.0
1580,90.0,66.0,1.0
1581,221.0,186.0,1.0
1582,177.0,71.0,1.0
1583,129.0,196.0,1.0
1584,223.0,565.0,1.0
1585,178.0,46.0,1.0
1586,87.0,0.0,1.0
1587,100.0,45.0,1.0
1588,79.0,206.0,1.0
1589,155.0,443.0,1.0
1590,16.0,156.0,1.0
1591,96.0,110.0,1.0
1592,202.0,89.0,1.0
1593,60.0,254.0,1.0
1594,117.0,525.0,1.0
1595,74.0,233.0,1.0
1596,168.0,455.0,1.0
1597,16.0,275.0,1.0
1598,185.0,429.0,1.0
1599,183.0,157.0,1.0
1600,207.0,78.0,1.0
1601,44.0,324.0,1.0
1602,39.0,391.0,1.0
1603,174.0,31.0,1.0
1604,250.0,215.0,1.0
1605,64.0,395.0,1.0
1606,59.0,191.0,1.0
1607,210.0,426.0,1.0
1608,193.0,332.0,1.0
1609,153.0,492.0,1.0
1610,96.0,272.0,1.0
1611,84.0,120.0,1.0
1612,102.0,441.0,1.0
1613,213.0,515.0,1.0
1614,165.0,11.0,1.0
1615,194.0,429.0,1.0
1616,149.0,272.0,1.0
1617,44.0,263.0,1.0
1618,166.0,190.0,1.0
1619,177.0,52.0,1.0
1620,196.0,386.0,1.0
1621,191.0,226.0,1.0
1622,158.0,205.0,1.0
1623,51.0,223.0,1.0
1624,147.0,89.0,1.0
1625,29.0,297.0,1.0
1626,79.0,507.0,1.0
1627,194.0,246.0,1.0
1628,68.0,308.0,1.0
1629,71.0,61.0,1.0
1630,28.0,109.0,1.0
1631,234.0,399.0,1.0
1632,3.0,90.0,1.0
1633,135.0,503.0,1.0
1634,60.0,437.0,1.0
1635,102.0,66.0,1.0
1636,50.0,218.0,1.0
1637,75.0,394.0,1.0
1638,8.0,146.0,1.0
1639,108.0,58.0,1.0
1640,224.0,412.0,1.0
1641,56.0,268.0,1.0
1642,96.0,9.0,1.0
1643,208.0,73.0,1.0
1644,158.0,12.0,1.0
1645,248.0,24.0,1.0
1646,218.0,426.0,1.0
1647,141.0,139.0,1.0
1648,184.0,59.0,1.0
1649,78.0,528.0,1.0
1650,16.0,59.0,1.0
1651,217.0,557.0,1.0
1652,171.0,556.0,1.0
1653,208.0,21.0,1.0
1654,242.0,72.0,1.0
1655,224.0,233.0,1.0
1656,11.0,14.0,1.0
1657,129.0,588.0,1.0
1658,224.0,149.0,1.0
1659,39.0,465.0,1.0
1660,82.0,267.0,1.0
1661,130.0,194.0,1.0
1662,207.0,80.0,1.0
1663,13.0,299.0,1.0
1664,241.0,236.0,1.0
1665,44.0,298.0,1.0
1666,259.0,143.0,1.0
1667,131.0,122.0,1.0
1668,205.0,203.0,1.0
1669,95.0,252.0,1.0
1670,209.0,143.0,1.0
1671,56.0,273.0,1.0
1672,74.0,20.0,1.0
1673,142.0,309.0,1.0
1674,158.0,199.0,1.0
1675,81.0,9.0,1.0
1676,82.0,21.0,1.0
1677,147.0,46.0,1.0
1678,122.0,281.0,1.0
1679,247.0,147.0,1.0
1680,168.0,10.0,1.0
1681,147.0,226.0,1.0
1682,88.0,190.0,1.0
1683,155.0,264.0,1.0
1684,249.0,129.0,1.0
1685,145.0,15.0,1.0
1686,82.0,19.0,1.0
1687,185.0,357.0,1.0
1688,126.0,209.0,1.0
1689,89.0,219.0,1.0
1690,208.0,310.0,1.0
1691,71.0,214.0,1.0
1692,214.0,202.0,1.0
1693,39.0,229.0,1.0
1694,138.0,362.0,1.0
1695,56.0,240.0,1.0
1696,218.0,120.0,1.0
1697,193.0,427.0,1.0
1698,135.0,413.0,1.0
1699,150.0,556.0,1.0
1700,98.0,126.0,1.0
1701,113.0,230.0,1.0
1702,139.0,400.0,1.0
1703,226.0,548.0,1.0
1704,93.0,219.0,1.0
1705,225.0,266.0,1.0
1706,82.0,284.0,1.0
1707,148.0,92.0,1.0
1708,44.0,14.0,1.0
1709,180.0,491.0,1.0
1710,115.0,223.0,1.0
1711,227.0,70.0,1.0
1712,224.0,79.0,1.0
1713,156.0,420.0,1.0
1714,64.0,202.0,1.0
1715,246.0,247.0,1.0
1716,242.0,223.0,1.0
1717,228.0,112.0,1.0
1718,75.0,130.0,1.0
1719,149.0,333.0,1.0
1720,0.0,9.0,1.0
1721,26.0,239.0,1.0
1722,81.0,147.0,1.0
1723,164.0,162.0,1.0
1724,75.0,201.0,1.0
1725,42.0,0.0,1.0
1726,175.0,383.0,1.0
1727,147.0,227.0,1.0
1728,156.0,145.0,1.0
1729,130.0,208.0,1.0
1730,141.0,288.0,1.0
1731,149.0,85.0,1.0
1732,86.0,224.0,1.0
1733,90.0,10.0,1.0
1734,227.0,252.0,1.0
1735,189.0,135.0,1.0
1736,77.0,78.0,1.0
1737,248.0,274.0,1.0
1738,1.0,72.0,1.0
1739,183.0,502.0,1.0
1740,183.0,57.0,1.0
1741,53.0,447.0,1.0
1742,164.0,10.0,1.0
1743,81.0,226.0,1.0
1744,150.0,144.0,1.0
1745,64.0,326.0,1.0
1746,136.0,32.0,1.0
1747,52.0,119.0,1.0
1748,248.0,264.0,1.0
1749,226.0,511.0,1.0
1750,130.0,179.0,1.0
1751,234.0,543.0,1.0
1752,258.0,119.0,1.0
1753,51.0,185.0,1.0
1754,228.0,80.0,1.0
1755,86.0,588.0,1.0
1756,94.0,272.0,1.0
1757,232.0,41.0,1.0
1758,84.0,95.0,1.0
1759,129.0,534.0,1.0
1760,125.0,485.0,1.0
1761,16.0,39.0,1.0
1762,179.0,528.0,1.0
1763,181.0,146.0,1.0
1764,248.0,57.0,1.0
1765,42.0,471.0,1.0
1766,153.0,132.0,1.0
1767,64.0,17.0,1.0
1768,193.0,388.0,1.0
1769,86.0,190.0,1.0
1770,177.0,308.0,1.0
1771,90.0,386.0,1.0
1772,223.0,351.0,1.0
1773,229.0,171.0,1.0
1774,150.0,277.0,1.0
1775,185.0,112.0,1.0
1776,16.0,57.0,1.0
1777,103.0,220.0,1.0
1778,238.0,66.0,1.0
1779,51.0,184.0,1.0
1780,103.0,175.0,1.0
1781,261.0,120.0,1.0
1782,218.0,92.0,1.0
1783,109.0,111.0,1.0
1784,185.0,7.0,1.0
1785,97.0,202.0,1.0
1786,82.0,558.0,1.0
1787,114.0,58.0,1.0
1788,105.0,138.0,1.0
1789,184.0,99.0,1.0
1790,71.0,185.0,1.0
1791,177.0,154.0,1.0
1792,102.0,430.0,1.0
1793,223.0,194.0,1.0
1794,216.0,179.0,1.0
1795,53.0,374.0,1.0
1796,17.0,360.0,1.0
1797,102.0,31.0,1.0
1798,28.0,439.0,1.0
1799,145.0,230.0,1.0
1800,18.0,420.0,1.0
1801,81.0,191.0,1.0
1802,245.0,66.0,1.0
1803,203.0,316.0,1.0
1804,138.0,120.0,1.0
1805,178.0,358.0,1.0
1806,88.0,12.0,1.0
1807,112.0,532.0,1.0
1808,65.0,213.0,1.0
1809,26.0,40.0,1.0
1810,217.0,125.0,1.0
1811,82.0,195.0,1.0
1812,37.0,122.0,1.0
1813,199.0,157.0,1.0
1814,31.0,331.0,1.0
1815,185.0,267.0,1.0
1816,128.0,253.0,1.0
1817,65.0,398.0,1.0
1818,130.0,47.0,1.0
1819,89.0,62.0,1.0
1820,91.0,572.0,1.0
1821,232.0,76.0,1.0
1822,91.0,305.0,1.0
1823,215.0,166.0,1.0
1824,121.0,538.0,1.0
1825,155.0,51.0,1.0
1826,237.0,36.0,1.0
1827,149.0,186.0,1.0
1828,10.0,154.0,1.0
1829,196.0,382.0,1.0
1830,197.0,194.0,1.0
1831,102.0,241.0,1.0
1832,210.0,92.0,1.0
1833,118.0,356.0,1.0
1834,220.0,526.0,1.0
1835,52.0,238.0,1.0
1836,169.0,11.0,1.0
1837,18.0,90.0,1.0
1838,105.0,453.0,1.0
1839,156.0,289.0,1.0
1840,175.0,311.0,1.0
1841,218.0,118.0,1.0
1842,224.0,50.0,1.0
1843,183.0,587.0,1.0
1844,72.0,34.0,1.0
1845,130.0,202.0,1.0
1846,132.0,509.0,1.0
1847,226.0,301.0,1.0
1848,203.0,178.0,1.0
1849,79.0,569.0,1.0
1850,22.0,171.0,1.0
1851,218.0,113.0,1.0
1852,229.0,382.0,1.0
1853,136.0,213.0,1.0
1854,29.0,269.0,1.0
1855,129.0,79.0,1.0
1856,144.0,81.0,1.0
1857,186.0,380.0,1.0
1858,115.0,569.0,1.0
1859,164.0,233.0,1.0
1860,249.0,97.0,1.0
1861,209.0,63.0,1.0
1862,95.0,80.0,1.0
1863,109.0,44.0,1.0
1864,122.0,424.0,1.0
1865,82.0,396.0,1.0
1866,84.0,364.0,1.0
1867,257.0,429.0,1.0
1868,148.0,411.0,1.0
1869,248.0,70.0,1.0
1870,71.0,353.0,1.0
1871,183.0,155.0,1.0
1872,180.0,331.0,1.0
1873,263.0,305.0,1.0
1874,121.0,181.0,1.0
1875,165.0,114.0,1.0
1876,165.0,317.0,1.0
1877,96.0,504.0,1.0
1878,72.0,201.0,1.0
1879,129.0,111.0,1.0
1880,209.0,66.0,1.0
1881,150.0,4.0,1.0
1882,5.0,192.0,1.0
1883,52.0,117.0,1.0
1884,119.0,231.0,1.0
1885,133.0,253.0,1.0
1886,82.0,118.0,1.0
1887,165.0,181.0,1.0
1888,177.0,441.0,1.0
1889,149.0,156.0,1.0
1890,8.0,254.0,1.0
1891,134.0,62.0,1.0
1892,206.0,311.0,1.0
1893,87.0,275.0,1.0
1894,262.0,12.0,1.0
1895,8.0,240.0,1.0
1896,226.0,248.0,1.0
1897,102.0,275.0,1.0
1898,116.0,137.0,1.0
1899,175.0,303.0,1.0
1900,158.0,117.0,1.0
1901,222.0,122.0,1.0
1902,81.0,222.0,1.0
1903,149.0,341.0,1.0
1904,104.0,489.0,1.0
1905,52.0,202.0,1.0
1906,175.0,199.0,1.0
1907,104.0,172.0,1.0
1908,81.0,221.0,1.0
1909,97.0,320.0,1.0
1910,108.0,175.0,1.0
1911,47.0,499.0,1.0
1912,245.0,393.0,1.0
1913,138.0,203.0,1.0
1914,223.0,12.0,1.0
1915,143.0,274.0,1.0
1916,250.0,42.0,1.0
1917,145.0,239.0,1.0
1918,146.0,269.0,1.0
1919,117.0,388.0,1.0
1920,86.0,47.0,1.0
1921,150.0,245.0,1.0
1922,205.0,356.0,1.0
1923,52.0,496.0,1.0
1924,87.0,111.0,1.0
1925,89.0,200.0,1.0
1926,121.0,103.0,1.0
1927,156.0,536.0,1.0
1928,129.0,31.0,1.0
1929,180.0,1.0,1.0
1930,96.0,150.0,1.0
1931,155.0,50.0,1.0
1932,157.0,410.0,1.0
1933,226.0,589.0,1.0
1934,178.0,222.0,1.0
1935,82.0,518.0,1.0
1936,89.0,426.0,1.0
1937,159.0,282.0,1.0
1938,248.0,521.0,1.0
1939,171.0,106.0,1.0
1940,145.0,118.0,1.0
1941,53.0,117.0,1.0
1942,144.0,282.0,1.0
1943,1.0,84.0,1.0
1944,105.0,92.0,1.0
1945,133.0,173.0,1.0
1946,135.0,7.0,1.0
1947,2.0,106.0,1.0
1948,112.0,22.0,1.0
1949,132.0,310.0,1.0
1950,157.0,94.0,1.0
1951,178.0,189.0,1.0
1952,56.0,407.0,1.0
1953,128.0,79.0,1.0
1954,82.0,436.0,1.0
1955,200.0,122.0,1.0
1956,51.0,112.0,1.0
1957,35.0,120.0,1.0
1958,254.0,388.0,1.0
1959,79.0,408.0,1.0
1960,144.0,212.0,1.0
1961,64.0,343.0,1.0
1962,32.0,118.0,1.0
1963,126.0,38.0,1.0
1964,118.0,214.0,1.0
1965,178.0,10.0,1.0
1966,232.0,297.0,1.0
1967,214.0,325.0,1.0
1968,223.0,156.0,1.0
1969,93.0,280.0,1.0
1970,221.0,3.0,1.0
1971,4.0,35.0,1.0
1972,178.0,346.0,1.0
1973,261.0,47.0,1.0
1974,84.0,595.0,1.0
1975,165.0,586.0,1.0
1976,16.0,366.0,1.0
1977,139.0,368.0,1.0
1978,83.0,374.0,1.0
1979,81.0,372.0,1.0
1980,128.0,491.0,1.0
1981,158.0,456.0,1.0
1982,32.0,133.0,1.0
1983,170.0,426.0,1.0
1984,212.0,185.0,1.0
1985,178.0,210.0,1.0
1986,136.0,501.0,1.0
1987,179.0,504.0,1.0
1988,71.0,470.0,1.0
1989,102.0,364.0,1.0
1990,158.0,107.0,1.0
1991,224.0,9.0,1.0
1992,79.0,393.0,1.0
1993,40.0,242.0,1.0
1994,183.0,275.0,1.0
1995,207.0,86.0,1.0
1996,74.0,348.0,1.0
1997,54.0,35.0,1.0
1998,5.0,97.0,1.0
1999,205.0,327.0,1.0
2000,77.0,86.0,1.0
2001,149.0,68.0,1.0
2002,266.0,231.0,1.0
2003,156.0,351.0,1.0
2004,148.0,352.0,1.0
2005,156.0,569.0,1.0
2006,197.0,147.0,1.0
2007,182.0,74.0,1.0
2008,82.0,381.0,1.0
2009,221.0,10.0,1.0
2010,83.0,424.0,1.0
2011,218.0,155.0,1.0
2012,209.0,83.0,1.0
2013,102.0,388.0,1.0
2014,174.0,193.0,1.0
2015,58.0,153.0,1.0
2016,44.0,438.0,1.0
2017,259.0,219.0,1.0
2018,129.0,112.0,1.0
2019,230.0,190.0,1.0
2020,218.0,180.0,1.0
2021,9.0,37.0,1.0
2022,145.0,115.0,1.0
2023,48.0,484.0,1.0
2024,58.0,306.0,1.0
2025,88.0,151.0,1.0
2026,149.0,118.0,1.0
2027,49.0,223.0,1.0
2028,147.0,364.0,1.0
2029,233.0,585.0,1.0
2030,244.0,388.0,1.0
2031,126.0,47.0,1.0
2032,64.0,558.0,1.0
2033,74.0,245.0,1.0
2034,71.0,186.0,1.0
2035,250.0,241.0,1.0
2036,218.0,590.0,1.0
2037,89.0,103.0,1.0
2038,129.0,50.0,1.0
2039,149.0,274.0,1.0
2040,229.0,28.0,1.0
2041,55.0,191.0,1.0
2042,262.0,194.0,1.0
2043,15.0,354.0,1.0
2044,225.0,343.0,1.0
2045,225.0,57.0,1.0
2046,94.0,10.0,1.0
2047,37.0,177.0,1.0
2048,51.0,1.0,1.0
2049,128.0,83.0,1.0
2050,199.0,319.0,1.0
2051,257.0,91.0,1.0
2052,60.0,554.0,1.0
2053,46.0,453.0,1.0
2054,51.0,206.0,1.0
2055,127.0,314.0,1.0
2056,230.0,216.0,1.0
2057,182.0,310.0,1.0
2058,178.0,248.0,1.0
2059,135.0,40.0,1.0
2060,191.0,116.0,1.0
2061,146.0,138.0,1.0
2062,190.0,197.0,1.0
2063,147.0,10.0,1.0
2064,207.0,117.0,1.0
2065,167.0,163.0,1.0
2066,87.0,447.0,1.0
2067,8.0,244.0,1.0
2068,44.0,253.0,1.0
2069,78.0,424.0,1.0
2070,126.0,200.0,1.0
2071,37.0,124.0,1.0
2072,49.0,10.0,1.0
2073,53.0,235.0,1.0
2074,243.0,451.0,1.0
2075,210.0,436.0,1.0
2076,65.0,355.0,1.0
2077,257.0,97.0,1.0
2078,63.0,357.0,1.0
2079,247.0,208.0,1.0
2080,48.0,268.0,1.0
2081,91.0,35.0,1.0
2082,220.0,554.0,1.0
2083,136.0,486.0,1.0
2084,218.0,74.0,1.0
2085,117.0,5.0,1.0
2086,105.0,434.0,1.0
2087,85.0,62.0,1.0
2088,82.0,67.0,1.0
2089,84.0,397.0,1.0
2090,150.0,201.0,1.0
2091,138.0,70.0,1.0
2092,16.0,44.0,1.0
2093,267.0,36.0,1.0
2094,151.0,328.0,1.0
2095,65.0,479.0,1.0
2096,156.0,180.0,1.0
2097,144.0,453.0,1.0
2098,51.0,132.0,1.0
2099,130.0,115.0,1.0
2100,235.0,571.0,1.0
2101,177.0,62.0,1.0
2102,234.0,218.0,1.0
2103,82.0,570.0,1.0
2104,90.0,31.0,1.0
2105,262.0,50.0,1.0
2106,28.0,65.0,1.0
2107,97.0,376.0,1.0
2108,10.0,300.0,1.0
2109,212.0,126.0,1.0
2110,245.0,206.0,1.0
2111,208.0,553.0,1.0
2112,190.0,186.0,1.0
2113,164.0,429.0,1.0
2114,165.0,84.0,1.0
2115,230.0,223.0,1.0
2116,226.0,275.0,1.0
2117,110.0,96.0,1.0
2118,64.0,113.0,1.0
2119,35.0,313.0,1.0
2120,268.0,58.0,1.0
2121,49.0,47.0,1.0
2122,103.0,333.0,1.0
2123,135.0,227.0,1.0
2124,231.0,124.0,1.0
2125,0.0,2.0,1.0
2126,187.0,179.0,1.0
2127,166.0,197.0,1.0
2128,199.0,307.0,1.0
2129,223.0,221.0,1.0
2130,128.0,247.0,1.0
2131,152.0,132.0,1.0
2132,102.0,28.0,1.0
2133,264.0,121.0,1.0
2134,178.0,310.0,1.0
2135,96.0,461.0,1.0
2136,264.0,39.0,1.0
2137,178.0,174.0,1.0
2138,49.0,49.0,1.0
2139,45.0,447.0,1.0
2140,207.0,27.0,1.0
2141,141.0,575.0,1.0
2142,89.0,389.0,1.0
2143,209.0,241.0,1.0
2144,247.0,538.0,1.0
2145,130.0,92.0,1.0
2146,63.0,232.0,1.0
2147,218.0,117.0,1.0
2148,53.0,118.0,1.0
2149,259.0,190.0,1.0
2150,67.0,35.0,1.0
2151,175.0,12.0,1.0
2152,126.0,12.0,1.0
2153,228.0,335.0,1.0
2154,103.0,48.0,1.0
2155,44.0,489.0,1.0
2156,226.0,352.0,1.0
2157,230.0,219.0,1.0
2158,73.0,52.0,1.0
2159,144.0,279.0,1.0
2160,164.0,352.0,1.0
2161,47.0,500.0,1.0
2162,53.0,111.0,1.0
2163,168.0,337.0,1.0
2164,113.0,159.0,1.0
2165,58.0,4.0,1.0
2166,87.0,337.0,1.0
2167,206.0,386.0,1.0
2168,31.0,359.0,1.0
2169,127.0,138.0,1.0
2170,114.0,429.0,1.0
2171,193.0,230.0,1.0
2172,2.0,149.0,1.0
2173,191.0,109.0,1.0
2174,248.0,69.0,1.0
2175,259.0,124.0,1.0
2176,56.0,447.0,1.0
2177,17.0,157.0,1.0
2178,81.0,402.0,1.0
2179,157.0,219.0,1.0
2180,180.0,289.0,1.0
2181,191.0,423.0,1.0
2182,176.0,247.0,1.0
2183,102.0,282.0,1.0
2184,105.0,244.0,1.0
2185,145.0,566.0,1.0
2186,89.0,423.0,1.0
2187,56.0,24.0,1.0
2188,65.0,38.0,1.0
2189,15.0,284.0,1.0
2190,58.0,295.0,1.0
2191,75.0,581.0,1.0
2192,28.0,130.0,1.0
2193,136.0,91.0,1.0
2194,80.0,268.0,1.0
2195,263.0,594.0,1.0
2196,87.0,197.0,1.0
2197,197.0,93.0,1.0
2198,199.0,584.0,1.0
2199,222.0,313.0,1.0
2200,153.0,92.0,1.0
2201,94.0,45.0,1.0
2202,148.0,524.0,1.0
2203,75.0,202.0,1.0
2204,9.0,263.0,1.0
2205,222.0,477.0,1.0
2206,177.0,484.0,1.0
2207,179.0,399.0,1.0
2208,259.0,89.0,1.0
2209,177.0,354.0,1.0
2210,183.0,310.0,1.0
2211,19.0,47.0,1.0
2212,56.0,421.0,1.0
2213,56.0,21.0,1.0
2214,263.0,445.0,1.0
2215,226.0,592.0,1.0
2216,43.0,44.0,1.0
2217,226.0,203.0,1.0
2218,147.0,34.0,1.0
2219,130.0,500.0,1.0
2220,258.0,58.0,1.0
2221,128.0,120.0,1.0
2222,149.0,37.0,1.0
2223,214.0,492.0,1.0
2224,106.0,498.0,1.0
2225,13.0,39.0,1.0
2226,266.0,138.0,1.0
2227,7.0,234.0,1.0
2228,127.0,71.0,1.0
2229,108.0,297.0,1.0
2230,77.0,526.0,1.0
2231,250.0,111.0,1.0
2232,51.0,83.0,1.0
2233,135.0,230.0,1.0
2234,146.0,10.0,1.0
2235,242.0,299.0,1.0
2236,102.0,340.0,1.0
2237,135.0,411.0,1.0
2238,230.0,576.0,1.0
2239,238.0,434.0,1.0
2240,262.0,164.0,1.0
2241,183.0,9.0,1.0
2242,183.0,64.0,1.0
2243,205.0,143.0,1.0
2244,47.0,197.0,1.0
2245,223.0,528.0,1.0
2246,210.0,504.0,1.0
2247,38.0,35.0,1.0
2248,31.0,58.0,1.0
2249,128.0,574.0,1.0
2250,138.0,342.0,1.0
2251,69.0,218.0,1.0
2252,182.0,196.0,1.0
2253,267.0,120.0,1.0
2254,89.0,453.0,1.0
2255,132.0,205.0,1.0
2256,105.0,45.0,1.0
2257,39.0,5.0,1.0
2258,64.0,105.0,1.0
2259,263.0,129.0,1.0
2260,121.0,179.0,1.0
2261,164.0,145.0,1.0
2262,158.0,69.0,1.0
2263,242.0,216.0,1.0
2264,54.0,306.0,1.0
2265,223.0,507.0,1.0
2266,189.0,429.0,1.0
2267,42.0,391.0,1.0
2268,224.0,39.0,1.0
2269,126.0,399.0,1.0
2270,248.0,28.0,1.0
2271,117.0,23.0,1.0
2272,234.0,3.0,1.0
2273,159.0,37.0,1.0
2274,263.0,73.0,1.0
2275,183.0,478.0,1.0
2276,81.0,120.0,1.0
2277,39.0,112.0,1.0
2278,53.0,186.0,1.0
2279,132.0,498.0,1.0
2280,132.0,459.0,1.0
2281,186.0,139.0,1.0
2282,189.0,120.0,1.0
2283,71.0,386.0,1.0
2284,200.0,113.0,1.0
2285,49.0,378.0,1.0
2286,87.0,395.0,1.0
2287,104.0,242.0,1.0
2288,234.0,12.0,1.0
2289,148.0,59.0,1.0
2290,56.0,437.0,1.0
2291,147.0,520.0,1.0
2292,3.0,153.0,1.0
2293,208.0,87.0,1.0
2294,89.0,44.0,1.0
2295,139.0,39.0,1.0
2296,149.0,91.0,1.0
2297,189.0,128.0,1.0
2298,258.0,103.0,1.0
2299,53.0,525.0,1.0
2300,15.0,194.0,1.0
2301,87.0,535.0,1.0
2302,226.0,65.0,1.0
2303,175.0,147.0,1.0
2304,175.0,558.0,1.0
2305,228.0,301.0,1.0
2306,264.0,568.0,1.0
2307,178.0,500.0,1.0
2308,6.0,191.0,1.0
2309,79.0,39.0,1.0
2310,52.0,39.0,1.0
2311,189.0,434.0,1.0
2312,62.0,89.0,1.0
2313,178.0,226.0,1.0
2314,145.0,209.0,1.0
2315,208.0,199.0,1.0
2316,193.0,59.0,1.0
2317,147.0,223.0,1.0
2318,226.0,252.0,1.0
2319,153.0,369.0,1.0
2320,224.0,421.0,1.0
2321,2.0,110.0,1.0
2322,161.0,219.0,1.0
2323,10.0,52.0,1.0
2324,72.0,408.0,1.0
2325,250.0,388.0,1.0
2326,90.0,62.0,1.0
2327,178.0,45.0,1.0
2328,156.0,412.0,1.0
2329,67.0,39.0,1.0
2330,104.0,527.0,1.0
2331,191.0,166.0,1.0
2332,63.0,531.0,1.0
2333,185.0,597.0,1.0
2334,81.0,335.0,1.0
2335,264.0,275.0,1.0
2336,227.0,246.0,1.0
2337,102.0,283.0,1.0
2338,58.0,462.0,1.0
2339,85.0,247.0,1.0
2340,232.0,9.0,1.0
2341,185.0,580.0,1.0
2342,52.0,529.0,1.0
2343,116.0,330.0,1.0
2344,105.0,58.0,1.0
2345,126.0,222.0,1.0
2346,223.0,488.0,1.0
2347,52.0,221.0,1.0
2348,128.0,527.0,1.0
2349,132.0,257.0,1.0
2350,257.0,514.0,1.0
2351,83.0,120.0,1.0
2352,127.0,593.0,1.0
2353,69.0,118.0,1.0
2354,51.0,242.0,1.0
2355,82.0,420.0,1.0
2356,156.0,58.0,1.0
2357,149.0,104.0,1.0
2358,208.0,206.0,1.0
2359,138.0,304.0,1.0
2360,130.0,110.0,1.0
2361,135.0,408.0,1.0
2362,86.0,185.0,1.0
2363,207.0,45.0,1.0
2364,195.0,103.0,1.0
2365,163.0,145.0,1.0
2366,60.0,227.0,1.0
2367,156.0,87.0,1.0
2368,183.0,392.0,1.0
2369,135.0,185.0,1.0
2370,69.0,27.0,1.0
2371,207.0,264.0,1.0
2372,149.0,342.0,1.0
2373,250.0,223.0,1.0
2374,158.0,130.0,1.0
2375,153.0,231.0,1.0
2376,79.0,3.0,1.0
2377,78.0,156.0,1.0
2378,193.0,324.0,1.0
2379,198.0,14.0,1.0
2380,44.0,113.0,1.0
2381,218.0,145.0,1.0
2382,225.0,18.0,1.0
2383,18.0,139.0,1.0
2384,156.0,456.0,1.0
2385,65.0,135.0,1.0
2386,153.0,399.0,1.0
2387,102.0,61.0,1.0
2388,89.0,259.0,1.0
2389,84.0,337.0,1.0
2390,91.0,540.0,1.0
2391,224.0,378.0,1.0
2392,189.0,40.0,1.0
2393,122.0,62.0,1.0
2394,86.0,467.0,1.0
2395,53.0,467.0,1.0
2396,248.0,19.0,1.0
2397,211.0,105.0,1.0
2398,102.0,597.0,1.0
2399,3.0,144.0,1.0
2400,176.0,337.0,1.0
2401,252.0,281.0,1.0
2402,250.0,497.0,1.0
2403,168.0,453.0,1.0
2404,223.0,397.0,1.0
2405,141.0,19.0,1.0
2406,6.0,156.0,1.0
2407,149.0,457.0,1.0
2408,158.0,216.0,1.0
2409,148.0,442.0,1.0
2410,64.0,533.0,1.0
2411,145.0,465.0,1.0
2412,106.0,86.0,1.0
2413,165.0,252.0,1.0
2414,259.0,191.0,1.0
2415,164.0,294.0,1.0
2416,153.0,121.0,1.0
2417,20.0,45.0,1.0
2418,155.0,367.0,1.0
2419,31.0,220.0,1.0
2420,97.0,92.0,1.0
2421,115.0,12.0,1.0
2422,112.0,10.0,1.0
2423,93.0,47.0,1.0
2424,182.0,518.0,1.0
2425,65.0,100.0,1.0
2426,44.0,268.0,1.0
2427,141.0,178.0,1.0
2428,11.0,259.0,1.0
2429,234.0,69.0,1.0
2430,224.0,203.0,1.0
2431,65.0,5.0,1.0
2432,228.0,126.0,1.0
2433,102.0,122.0,1.0
2434,70.0,5.0,1.0
2435,189.0,388.0,1.0
2436,182.0,17.0,1.0
2437,189.0,232.0,1.0
2438,165.0,339.0,1.0
2439,191.0,95.0,1.0
2440,22.0,139.0,1.0
2441,110.0,374.0,1.0
2442,56.0,264.0,1.0
2443,218.0,356.0,1.0
2444,17.0,412.0,1.0
2445,108.0,294.0,1.0
2446,106.0,103.0,1.0
2447,169.0,0.0,1.0
2448,65.0,276.0,1.0
2449,259.0,314.0,1.0
2450,117.0,382.0,1.0
2451,223.0,580.0,1.0
2452,82.0,368.0,1.0
2453,128.0,272.0,1.0
2454,259.0,39.0,1.0
2455,29.0,194.0,1.0
2456,52.0,412.0,1.0
2457,81.0,91.0,1.0
2458,242.0,37.0,1.0
2459,85.0,118.0,1.0
2460,84.0,306.0,1.0
2461,209.0,266.0,1.0
2462,64.0,120.0,1.0
2463,52.0,209.0,1.0
2464,179.0,385.0,1.0
2465,95.0,232.0,1.0
2466,64.0,0.0,1.0
2467,128.0,57.0,1.0
2468,105.0,474.0,1.0
2469,116.0,73.0,1.0
2470,123.0,103.0,1.0
2471,164.0,154.0,1.0
2472,193.0,420.0,1.0
2473,92.0,487.0,1.0
2474,168.0,111.0,1.0
2475,264.0,90.0,1.0
2476,128.0,281.0,1.0
2477,200.0,268.0,1.0
2478,200.0,546.0,1.0
2479,145.0,134.0,1.0
2480,87.0,52.0,1.0
2481,147.0,122.0,1.0
2482,168.0,247.0,1.0
2483,233.0,333.0,1.0
2484,200.0,10.0,1.0
2485,262.0,60.0,1.0
2486,145.0,159.0,1.0
2487,209.0,581.0,1.0
2488,223.0,480.0,1.0
2489,133.0,208.0,1.0
2490,165.0,277.0,1.0
2491,65.0,126.0,1.0
2492,115.0,88.0,1.0
2493,214.0,219.0,1.0
2494,56.0,172.0,1.0
2495,35.0,147.0,1.0
2496,209.0,395.0,1.0
2497,73.0,209.0,1.0
2498,128.0,36.0,1.0
2499,98.0,145.0,1.0
2500,37.0,243.0,1.0
2501,266.0,103.0,1.0
2502,53.0,414.0,1.0
2503,154.0,45.0,1.0
2504,187.0,195.0,1.0
2505,248.0,201.0,1.0
2506,52.0,534.0,1.0
2507,266.0,334.0,1.0
2508,147.0,192.0,1.0
2509,218.0,171.0,1.0
2510,211.0,209.0,1.0
2511,145.0,31.0,1.0
2512,223.0,131.0,1.0
2513,50.0,147.0,1.0
2514,147.0,461.0,1.0
2515,70.0,205.0,1.0
2516,124.0,208.0,1.0
2517,194.0,112.0,1.0
2518,147.0,69.0,1.0
2519,17.0,384.0,1.0
2520,223.0,59.0,1.0
2521,182.0,119.0,1.0
2522,119.0,216.0,1.0
2523,65.0,36.0,1.0
2524,39.0,96.0,1.0
2525,39.0,39.0,1.0
2526,264.0,299.0,1.0
2527,92.0,20.0,1.0
2528,209.0,392.0,1.0
2529,210.0,337.0,1.0
2530,116.0,550.0,1.0
2531,250.0,194.0,1.0
2532,22.0,109.0,1.0
2533,45.0,81.0,1.0
2534,202.0,152.0,1.0
2535,227.0,146.0,1.0
2536,99.0,348.0,1.0
2537,86.0,91.0,1.0
2538,165.0,533.0,1.0
2539,8.0,59.0,1.0
2540,217.0,91.0,1.0
2541,52.0,473.0,1.0
2542,71.0,467.0,1.0
2543,149.0,44.0,1.0
2544,234.0,22.0,1.0
2545,86.0,131.0,1.0
2546,232.0,19.0,1.0
2547,223.0,379.0,1.0
2548,144.0,382.0,1.0
2549,49.0,392.0,1.0
2550,180.0,164.0,1.0
2551,104.0,101.0,1.0
2552,92.0,568.0,1.0
2553,33.0,98.0,1.0
2554,107.0,420.0,1.0
2555,226.0,267.0,1.0
2556,130.0,18.0,1.0
2557,183.0,305.0,1.0
2558,165.0,127.0,1.0
2559,117.0,589.0,1.0
2560,189.0,168.0,1.0
2561,164.0,470.0,1.0
2562,30.0,136.0,1.0
2563,196.0,378.0,1.0
2564,5.0,146.0,1.0
2565,211.0,191.0,1.0
2566,138.0,242.0,1.0
2567,4.0,177.0,1.0
2568,150.0,129.0,1.0
2569,149.0,260.0,1.0
2570,259.0,111.0,1.0
2571,14.0,304.0,1.0
2572,39.0,399.0,1.0
2573,179.0,388.0,1.0
2574,224.0,84.0,1.0
2575,82.0,279.0,1.0
2576,211.0,205.0,1.0
2577,97.0,66.0,1.0
2578,99.0,66.0,1.0
2579,11.0,139.0,1.0
2580,82.0,364.0,1.0
2581,200.0,326.0,1.0
2582,146.0,222.0,1.0
2583,107.0,145.0,1.0
2584,38.0,61.0,1.0
2585,164.0,170.0,1.0
2586,208.0,419.0,1.0
2587,56.0,482.0,1.0
2588,195.0,348.0,1.0
2589,3.0,140.0,1.0
2590,85.0,17.0,1.0
2591,147.0,86.0,1.0
2592,102.0,27.0,1.0
2593,218.0,302.0,1.0
2594,156.0,230.0,1.0
2595,178.0,76.0,1.0
2596,228.0,10.0,1.0
2597,104.0,121.0,1.0
2598,251.0,316.0,1.0
2599,97.0,204.0,1.0
2600,71.0,3.0,1.0
2601,117.0,192.0,1.0
2602,96.0,137.0,1.0
2603,223.0,135.0,1.0
2604,144.0,386.0,1.0
2605,143.0,39.0,1.0
2606,82.0,272.0,1.0
2607,117.0,532.0,1.0
2608,207.0,463.0,1.0
2609,257.0,147.0,1.0
2610,130.0,596.0,1.0
2611,82.0,258.0,1.0
2612,165.0,146.0,1.0
2613,226.0,361.0,1.0
2614,178.0,378.0,1.0
2615,32.0,109.0,1.0
2616,183.0,304.0,1.0
2617,129.0,145.0,1.0
2618,185.0,38.0,1.0
2619,136.0,274.0,1.0
2620,250.0,91.0,1.0
2621,105.0,473.0,1.0
2622,65.0,63.0,1.0
2623,57.0,453.0,1.0
2624,149.0,22.0,1.0
2625,248.0,525.0,1.0
2626,232.0,84.0,1.0
2627,238.0,145.0,1.0
2628,71.0,190.0,1.0
2629,102.0,11.0,1.0
2630,88.0,5.0,1.0
2631,166.0,117.0,1.0
2632,22.0,47.0,1.0
2633,141.0,321.0,1.0
2634,31.0,30.0,1.0
2635,147.0,496.0,1.0
2636,4.0,178.0,1.0
2637,44.0,92.0,1.0
2638,187.0,433.0,1.0
2639,235.0,543.0,1.0
2640,18.0,305.0,1.0
2641,143.0,251.0,1.0
2642,218.0,297.0,1.0
2643,223.0,460.0,1.0
2644,37.0,461.0,1.0
2645,51.0,517.0,1.0
2646,147.0,45.0,1.0
2647,230.0,135.0,1.0
2648,74.0,218.0,1.0
2649,163.0,410.0,1.0
2650,75.0,121.0,1.0
2651,81.0,134.0,1.0
2652,143.0,125.0,1.0
2653,84.0,335.0,1.0
2654,207.0,44.0,1.0
2655,185.0,194.0,1.0
2656,117.0,401.0,1.0
2657,117.0,415.0,1.0
2658,218.0,435.0,1.0
2659,106.0,495.0,1.0
2660,65.0,201.0,1.0
2661,210.0,415.0,1.0
2662,32.0,415.0,1.0
2663,115.0,219.0,1.0
2664,71.0,387.0,1.0
2665,122.0,31.0,1.0
2666,182.0,147.0,1.0
2667,147.0,201.0,1.0
2668,183.0,326.0,1.0
2669,268.0,80.0,1.0
2670,17.0,122.0,1.0
2671,178.0,156.0,1.0
2672,85.0,115.0,1.0
2673,111.0,441.0,1.0
2674,81.0,571.0,1.0
2675,89.0,135.0,1.0
2676,116.0,21.0,1.0
2677,74.0,362.0,1.0
2678,221.0,205.0,1.0
2679,18.0,272.0,1.0
2680,237.0,252.0,1.0
2681,65.0,116.0,1.0
2682,89.0,232.0,1.0
2683,136.0,44.0,1.0
2684,73.0,175.0,1.0
2685,115.0,10.0,1.0
2686,208.0,205.0,1.0
2687,1.0,33.0,1.0
2688,95.0,438.0,1.0
2689,147.0,40.0,1.0
2690,152.0,369.0,1.0
2691,147.0,38.0,1.0
2692,103.0,81.0,1.0
2693,62.0,59.0,1.0
2694,156.0,227.0,1.0
2695,150.0,45.0,1.0
2696,147.0,329.0,1.0
2697,209.0,59.0,1.0
2698,22.0,21.0,1.0
2699,261.0,330.0,1.0
2700,262.0,139.0,1.0
2701,19.0,344.0,1.0
2702,100.0,12.0,1.0
2703,10.0,29.0,1.0
2704,86.0,479.0,1.0
2705,84.0,51.0,1.0
2706,56.0,440.0,1.0
2707,208.0,581.0,1.0
2708,245.0,223.0,1.0
2709,35.0,27.0,1.0
2710,157.0,230.0,1.0
2711,165.0,226.0,1.0
2712,69.0,172.0,1.0
2713,249.0,253.0,1.0
2714,71.0,120.0,1.0
2715,81.0,262.0,1.0
2716,153.0,571.0,1.0
2717,53.0,132.0,1.0
2718,63.0,7.0,1.0
2719,62.0,560.0,1.0
2720,213.0,226.0,1.0
2721,177.0,413.0,1.0
2722,181.0,148.0,1.0
2723,37.0,145.0,1.0
2724,90.0,39.0,1.0
2725,223.0,198.0,1.0
2726,218.0,69.0,1.0
2727,119.0,570.0,1.0
2728,153.0,453.0,1.0
2729,257.0,436.0,1.0
2730,96.0,129.0,1.0
2731,261.0,93.0,1.0
2732,130.0,428.0,1.0
2733,122.0,115.0,1.0
2734,82.0,5.0,1.0
2735,225.0,593.0,1.0
2736,56.0,144.0,1.0
2737,183.0,211.0,1.0
2738,74.0,92.0,1.0
2739,234.0,470.0,1.0
2740,37.0,47.0,1.0
2741,261.0,106.0,1.0
2742,128.0,10.0,1.0
2743,150.0,122.0,1.0
2744,128.0,485.0,1.0
2745,178.0,451.0,1.0
2746,44.0,220.0,1.0
2747,126.0,530.0,1.0
2748,66.0,97.0,1.0
2749,60.0,185.0,1.0
2750,130.0,397.0,1.0
2751,96.0,509.0,1.0
2752,211.0,84.0,1.0
2753,256.0,10.0,1.0
2754,22.0,106.0,1.0
2755,191.0,345.0,1.0
2756,114.0,54.0,1.0
2757,87.0,506.0,1.0
2758,81.0,527.0,1.0
2759,4.0,47.0,1.0
2760,195.0,220.0,1.0
2761,183.0,201.0,1.0
2762,191.0,153.0,1.0
2763,84.0,123.0,1.0
2764,228.0,223.0,1.0
2765,160.0,201.0,1.0
2766,37.0,156.0,1.0
2767,218.0,64.0,1.0
2768,207.0,159.0,1.0
2769,180.0,143.0,1.0
2770,81.0,277.0,1.0
2771,186.0,62.0,1.0
2772,94.0,89.0,1.0
2773,51.0,92.0,1.0
2774,224.0,11.0,1.0
2775,89.0,454.0,1.0
2776,49.0,221.0,1.0
2777,158.0,411.0,1.0
2778,234.0,186.0,1.0
2779,109.0,45.0,1.0
2780,224.0,153.0,1.0
2781,220.0,287.0,1.0
2782,38.0,161.0,1.0
2783,189.0,242.0,1.0
2784,147.0,327.0,1.0
2785,250.0,216.0,1.0
2786,51.0,512.0,1.0
2787,219.0,416.0,1.0
2788,264.0,297.0,1.0
2789,257.0,81.0,1.0
2790,18.0,106.0,1.0
2791,9.0,23.0,1.0
2792,242.0,532.0,1.0
2793,79.0,12.0,1.0
2794,236.0,100.0,1.0
2795,146.0,463.0,1.0
2796,263.0,16.0,1.0
2797,243.0,253.0,1.0
2798,44.0,153.0,1.0
2799,223.0,265.0,1.0
2800,230.0,157.0,1.0
2801,52.0,504.0,1.0
2802,82.0,479.0,1.0
2803,134.0,395.0,1.0
2804,170.0,326.0,1.0
2805,159.0,284.0,1.0
2806,37.0,153.0,1.0
2807,71.0,232.0,1.0
2808,52.0,516.0,1.0
2809,149.0,465.0,1.0
2810,156.0,407.0,1.0
2811,87.0,440.0,1.0
2812,82.0,206.0,1.0
2813,44.0,39.0,1.0
2814,56.0,492.0,1.0
2815,247.0,70.0,1.0
2816,144.0,492.0,1.0
2817,168.0,216.0,1.0
2818,94.0,434.0,1.0
2819,256.0,375.0,1.0
2820,223.0,100.0,1.0
2821,238.0,211.0,1.0
2822,203.0,485.0,1.0
2823,132.0,5.0,1.0
2824,113.0,67.0,1.0
2825,119.0,399.0,1.0
2826,259.0,207.0,1.0
2827,107.0,429.0,1.0
2828,245.0,12.0,1.0
2829,185.0,143.0,1.0
2830,147.0,426.0,1.0
2831,65.0,511.0,1.0
2832,116.0,229.0,1.0
2833,266.0,282.0,1.0
2834,117.0,150.0,1.0
2835,97.0,190.0,1.0
2836,192.0,244.0,1.0
2837,257.0,103.0,1.0
2838,82.0,286.0,1.0
2839,3.0,162.0,1.0
2840,51.0,330.0,1.0
2841,113.0,56.0,1.0
2842,45.0,177.0,1.0
2843,211.0,317.0,1.0
2844,118.0,191.0,1.0
2845,100.0,388.0,1.0
2846,56.0,322.0,1.0
2847,158.0,449.0,1.0
2848,93.0,91.0,1.0
2849,123.0,42.0,1.0
2850,203.0,52.0,1.0
2851,213.0,349.0,1.0
2852,199.0,550.0,1.0
2853,178.0,446.0,1.0
2854,224.0,75.0,1.0
2855,207.0,475.0,1.0
2856,75.0,111.0,1.0
2857,82.0,255.0,1.0
2858,200.0,356.0,1.0
2859,232.0,150.0,1.0
2860,43.0,92.0,1.0
2861,129.0,119.0,1.0
2862,144.0,116.0,1.0
2863,12.0,253.0,1.0
2864,233.0,335.0,1.0
2865,232.0,20.0,1.0
2866,265.0,146.0,1.0
2867,225.0,242.0,1.0
2868,84.0,248.0,1.0
2869,217.0,117.0,1.0
2870,116.0,86.0,1.0
2871,51.0,300.0,1.0
2872,264.0,161.0,1.0
2873,161.0,47.0,1.0
2874,136.0,279.0,1.0
2875,156.0,84.0,1.0
2876,83.0,70.0,1.0
2877,126.0,534.0,1.0
2878,62.0,204.0,1.0
2879,86.0,405.0,1.0
2880,48.0,459.0,1.0
2881,162.0,367.0,1.0
2882,135.0,467.0,1.0
2883,79.0,309.0,1.0
2884,110.0,287.0,1.0
2885,123.0,514.0,1.0
2886,262.0,72.0,1.0
2887,178.0,132.0,1.0
2888,122.0,75.0,1.0
2889,119.0,378.0,1.0
2890,213.0,224.0,1.0
2891,223.0,36.0,1.0
2892,200.0,218.0,1.0
2893,82.0,229.0,1.0
2894,264.0,152.0,1.0
2895,50.0,48.0,1.0
2896,98.0,230.0,1.0
2897,144.0,124.0,1.0
2898,52.0,48.0,1.0
2899,258.0,38.0,1.0
2900,116.0,46.0,1.0
2901,79.0,58.0,1.0
2902,149.0,94.0,1.0
2903,197.0,570.0,1.0
2904,84.0,509.0,1.0
2905,8.0,144.0,1.0
2906,89.0,230.0,1.0
2907,153.0,398.0,1.0
2908,57.0,418.0,1.0
2909,256.0,23.0,1.0
2910,71.0,396.0,1.0
2911,183.0,147.0,1.0
2912,153.0,343.0,1.0
2913,162.0,567.0,1.0
2914,81.0,564.0,1.0
2915,265.0,532.0,1.0
2916,165.0,465.0,1.0
2917,145.0,429.0,1.0
2918,125.0,147.0,1.0
2919,259.0,403.0,1.0
2920,136.0,57.0,1.0
2921,105.0,120.0,1.0
2922,226.0,15.0,1.0
2923,209.0,181.0,1.0
2924,17.0,403.0,1.0
2925,114.0,68.0,1.0
2926,84.0,451.0,1.0
2927,114.0,102.0,1.0
2928,165.0,287.0,1.0
2929,116.0,542.0,1.0
2930,178.0,157.0,1.0
2931,102.0,51.0,1.0
2932,207.0,259.0,1.0
2933,104.0,496.0,1.0
2934,153.0,3.0,1.0
2935,95.0,273.0,1.0
2936,202.0,191.0,1.0
2937,261.0,291.0,1.0
2938,248.0,37.0,1.0
2939,8.0,253.0,1.0
2940,196.0,416.0,1.0
2941,136.0,71.0,1.0
2942,79.0,104.0,1.0
2943,22.0,293.0,1.0
2944,126.0,92.0,1.0
2945,26.0,437.0,1.0
2946,2.0,113.0,1.0
2947,117.0,126.0,1.0
2948,224.0,460.0,1.0
2949,89.0,214.0,1.0
2950,134.0,437.0,1.0
2951,148.0,178.0,1.0
2952,87.0,205.0,1.0
2953,51.0,230.0,1.0
2954,165.0,103.0,1.0
2955,195.0,156.0,1.0
2956,223.0,66.0,1.0
2957,144.0,560.0,1.0
2958,117.0,464.0,1.0
2959,113.0,239.0,1.0
2960,200.0,348.0,1.0
2961,186.0,113.0,1.0
2962,89.0,196.0,1.0
2963,31.0,263.0,1.0
2964,248.0,29.0,1.0
2965,227.0,46.0,1.0
2966,68.0,261.0,1.0
2967,150.0,395.0,1.0
2968,105.0,184.0,1.0
2969,183.0,22.0,1.0
2970,113.0,358.0,1.0
2971,177.0,294.0,1.0
2972,137.0,33.0,1.0
2973,128.0,312.0,1.0
2974,224.0,45.0,1.0
2975,156.0,408.0,1.0
2976,133.0,63.0,1.0
2977,226.0,84.0,1.0
2978,259.0,78.0,1.0
2979,121.0,78.0,1.0
2980,53.0,504.0,1.0
2981,203.0,17.0,1.0
2982,8.0,251.0,1.0
2983,176.0,219.0,1.0
2984,183.0,66.0,1.0
2985,130.0,128.0,1.0
2986,132.0,21.0,1.0
2987,207.0,565.0,1.0
2988,17.0,395.0,1.0
2989,149.0,175.0,1.0
2990,69.0,191.0,1.0
2991,136.0,70.0,1.0
2992,71.0,496.0,1.0
2993,141.0,50.0,1.0
2994,156.0,239.0,1.0
2995,217.0,429.0,1.0
2996,158.0,133.0,1.0
2997,218.0,14.0,1.0
2998,128.0,184.0,1.0
2999,72.0,49.0,1.0
3000,215.0,539.0,1.0
3001,56.0,151.0,1.0
3002,148.0,126.0,1.0
3003,144.0,204.0,1.0
3004,94.0,59.0,1.0
3005,82.0,453.0,1.0
3006,107.0,111.0,1.0
3007,261.0,163.0,1.0
3008,234.0,233.0,1.0
3009,168.0,325.0,1.0
3010,182.0,590.0,1.0
3011,45.0,357.0,1.0
3012,126.0,391.0,1.0
3013,22.0,204.0,1.0
3014,177.0,66.0,1.0
3015,51.0,225.0,1.0
3016,102.0,245.0,1.0
3017,165.0,74.0,1.0
3018,22.0,94.0,1.0
3019,153.0,125.0,1.0
3020,203.0,96.0,1.0
3021,156.0,50.0,1.0
3022,200.0,319.0,1.0
3023,115.0,92.0,1.0
3024,236.0,107.0,1.0
3025,176.0,465.0,1.0
3026,102.0,468.0,1.0
3027,207.0,415.0,1.0
3028,156.0,177.0,1.0
3029,96.0,146.0,1.0
3030,262.0,462.0,1.0
3031,218.0,45.0,1.0
3032,116.0,136.0,1.0
3033,50.0,264.0,1.0
3034,5.0,216.0,1.0
3035,266.0,3.0,1.0
3036,211.0,387.0,1.0
3037,178.0,32.0,1.0
3038,175.0,201.0,1.0
3039,199.0,175.0,1.0
3040,141.0,9.0,1.0
3041,10.0,67.0,1.0
3042,183.0,121.0,1.0
3043,89.0,410.0,1.0
3044,180.0,236.0,1.0
3045,17.0,399.0,1.0
3046,86.0,7.0,1.0
3047,165.0,141.0,1.0
3048,183.0,52.0,1.0
3049,125.0,50.0,1.0
3050,89.0,144.0,1.0
3051,45.0,195.0,1.0
3052,123.0,123.0,1.0
3053,145.0,220.0,1.0
3054,16.0,17.0,1.0
3055,108.0,241.0,1.0
3056,158.0,383.0,1.0
3057,65.0,203.0,1.0
3058,96.0,384.0,1.0
3059,156.0,409.0,1.0
3060,189.0,317.0,1.0
3061,54.0,146.0,1.0
3062,212.0,205.0,1.0
3063,126.0,117.0,1.0
3064,92.0,256.0,1.0
3065,32.0,312.0,1.0
3066,158.0,202.0,1.0
3067,31.0,95.0,1.0
3068,156.0,368.0,1.0
3069,126.0,116.0,1.0
3070,178.0,216.0,1.0
3071,183.0,191.0,1.0
3072,105.0,280.0,1.0
3073,17.0,0.0,1.0
3074,149.0,111.0,1.0
3075,208.0,239.0,1.0
3076,129.0,216.0,1.0
3077,203.0,349.0,1.0
3078,139.0,403.0,1.0
3079,241.0,100.0,1.0
3080,113.0,252.0,1.0
3081,64.0,185.0,1.0
3082,128.0,326.0,1.0
3083,87.0,81.0,1.0
3084,248.0,111.0,1.0
3085,258.0,144.0,1.0
3086,209.0,544.0,1.0
3087,262.0,161.0,1.0
3088,233.0,266.0,1.0
3089,9.0,70.0,1.0
3090,113.0,126.0,1.0
3091,141.0,153.0,1.0
3092,140.0,154.0,1.0
3093,128.0,211.0,1.0
3094,226.0,165.0,1.0
3095,104.0,326.0,1.0
3096,176.0,204.0,1.0
3097,81.0,401.0,1.0
3098,175.0,259.0,1.0
3099,226.0,63.0,1.0
3100,91.0,100.0,1.0
3101,202.0,225.0,1.0
3102,259.0,528.0,1.0
3103,63.0,195.0,1.0
3104,259.0,561.0,1.0
3105,144.0,216.0,1.0
3106,180.0,211.0,1.0
3107,190.0,581.0,1.0
3108,144.0,278.0,1.0
3109,164.0,141.0,1.0
3110,262.0,8.0,1.0
3111,53.0,193.0,1.0
3112,142.0,216.0,1.0
3113,226.0,517.0,1.0
3114,102.0,553.0,1.0
3115,170.0,10.0,1.0
3116,217.0,466.0,1.0
3117,103.0,62.0,1.0
3118,135.0,186.0,1.0
3119,159.0,65.0,1.0
3120,189.0,25.0,1.0
3121,98.0,342.0,1.0
3122,52.0,245.0,1.0
3123,57.0,47.0,1.0
3124,90.0,354.0,1.0
3125,247.0,572.0,1.0
3126,130.0,565.0,1.0
3127,162.0,31.0,1.0
3128,135.0,327.0,1.0
3129,266.0,416.0,1.0
3130,261.0,111.0,1.0
3131,114.0,362.0,1.0
3132,223.0,398.0,1.0
3133,150.0,89.0,1.0
3134,223.0,230.0,1.0
3135,108.0,445.0,1.0
3136,189.0,530.0,1.0
3137,229.0,122.0,1.0
3138,89.0,80.0,1.0
3139,223.0,199.0,1.0
3140,257.0,190.0,1.0
3141,75.0,92.0,1.0
3142,158.0,311.0,1.0
3143,135.0,125.0,1.0
3144,136.0,392.0,1.0
3145,215.0,482.0,1.0
3146,54.0,91.0,1.0
3147,94.0,387.0,1.0
3148,180.0,538.0,1.0
3149,234.0,231.0,1.0
3150,153.0,81.0,1.0
3151,128.0,549.0,1.0
3152,147.0,264.0,1.0
3153,103.0,122.0,1.0
3154,67.0,93.0,1.0
3155,234.0,230.0,1.0
3156,211.0,38.0,1.0
3157,9.0,280.0,1.0
3158,90.0,11.0,1.0
3159,39.0,401.0,1.0
3160,153.0,7.0,1.0
3161,57.0,58.0,1.0
3162,63.0,382.0,1.0
3163,200.0,130.0,1.0
3164,211.0,23.0,1.0
3165,74.0,394.0,1.0
3166,65.0,220.0,1.0
3167,21.0,44.0,1.0
3168,193.0,96.0,1.0
3169,156.0,205.0,1.0
3170,194.0,518.0,1.0
3171,130.0,70.0,1.0
3172,189.0,91.0,1.0
3173,8.0,239.0,1.0
3174,126.0,558.0,1.0
3175,87.0,316.0,1.0
3176,88.0,241.0,1.0
3177,118.0,536.0,1.0
3178,124.0,136.0,1.0
3179,116.0,234.0,1.0
3180,102.0,226.0,1.0
3181,13.0,191.0,1.0
3182,90.0,81.0,1.0
3183,200.0,83.0,1.0
3184,113.0,44.0,1.0
3185,104.0,506.0,1.0
3186,91.0,55.0,1.0
3187,130.0,218.0,1.0
3188,62.0,351.0,1.0
3189,178.0,389.0,1.0
3190,40.0,168.0,1.0
3191,234.0,148.0,1.0
3192,203.0,101.0,1.0
3193,15.0,223.0,1.0
3194,63.0,59.0,1.0
3195,175.0,111.0,1.0
3196,24.0,11.0,1.0
3197,222.0,120.0,1.0
3198,183.0,74.0,1.0
3199,224.0,91.0,1.0
3200,54.0,27.0,1.0
3201,130.0,31.0,1.0
3202,192.0,18.0,1.0
3203,69.0,111.0,1.0
3204,256.0,66.0,1.0
3205,138.0,52.0,1.0
3206,191.0,0.0,1.0
3207,262.0,117.0,1.0
3208,59.0,195.0,1.0
3209,158.0,10.0,1.0
3210,13.0,23.0,1.0
3211,151.0,106.0,1.0
3212,52.0,413.0,1.0
3213,264.0,82.0,1.0
3214,104.0,208.0,1.0
3215,266.0,49.0,1.0
3216,74.0,111.0,1.0
3217,71.0,219.0,1.0
3218,37.0,341.0,1.0
3219,105.0,258.0,1.0
3220,126.0,217.0,1.0
3221,3.0,93.0,1.0
3222,26.0,147.0,1.0
3223,189.0,16.0,1.0
3224,99.0,127.0,1.0
3225,214.0,317.0,1.0
3226,108.0,305.0,1.0
3227,58.0,298.0,1.0
3228,196.0,217.0,1.0
3229,136.0,429.0,1.0
3230,196.0,227.0,1.0
3231,242.0,125.0,1.0
3232,203.0,290.0,1.0
3233,169.0,40.0,1.0
3234,145.0,185.0,1.0
3235,75.0,241.0,1.0
3236,35.0,436.0,1.0
3237,114.0,91.0,1.0
3238,58.0,432.0,1.0
3239,136.0,37.0,1.0
3240,91.0,294.0,1.0
3241,197.0,268.0,1.0
3242,178.0,568.0,1.0
3243,224.0,501.0,1.0
3244,168.0,121.0,1.0
3245,9.0,10.0,1.0
3246,196.0,425.0,1.0
3247,127.0,141.0,1.0
3248,223.0,311.0,1.0
3249,245.0,92.0,1.0
3250,143.0,68.0,1.0
3251,228.0,367.0,1.0
3252,231.0,143.0,1.0
3253,119.0,402.0,1.0
3254,217.0,0.0,1.0
3255,22.0,316.0,1.0
3256,197.0,86.0,1.0
3257,203.0,213.0,1.0
3258,107.0,10.0,1.0
3259,56.0,177.0,1.0
3260,130.0,256.0,1.0
3261,90.0,204.0,1.0
3262,102.0,565.0,1.0
3263,185.0,92.0,1.0
3264,141.0,387.0,1.0
3265,160.0,47.0,1.0
3266,217.0,314.0,1.0
3267,238.0,441.0,1.0
3268,65.0,62.0,1.0
3269,58.0,50.0,1.0
3270,103.0,135.0,1.0
3271,139.0,117.0,1.0
3272,107.0,85.0,1.0
3273,259.0,474.0,1.0
3274,53.0,125.0,1.0
3275,248.0,42.0,1.0
3276,91.0,355.0,1.0
3277,182.0,186.0,1.0
3278,238.0,354.0,1.0
3279,26.0,128.0,1.0
3280,67.0,239.0,1.0
3281,162.0,348.0,1.0
3282,178.0,274.0,1.0
3283,105.0,118.0,1.0
3284,53.0,119.0,1.0
3285,168.0,118.0,1.0
3286,107.0,554.0,1.0
3287,42.0,7.0,1.0
3288,64.0,50.0,1.0
3289,56.0,115.0,1.0
3290,114.0,122.0,1.0
3291,89.0,404.0,1.0
3292,75.0,524.0,1.0
3293,19.0,36.0,1.0
3294,132.0,38.0,1.0
3295,80.0,241.0,1.0
3296,183.0,393.0,1.0
3297,156.0,209.0,1.0
3298,207.0,246.0,1.0
3299,176.0,504.0,1.0
3300,208.0,138.0,1.0
3301,65.0,14.0,1.0
3302,65.0,70.0,1.0
3303,98.0,146.0,1.0
3304,244.0,156.0,1.0
3305,84.0,345.0,1.0
3306,169.0,179.0,1.0
3307,82.0,36.0,1.0
3308,162.0,476.0,1.0
3309,102.0,46.0,1.0
3310,217.0,189.0,1.0
3311,82.0,266.0,1.0
3312,22.0,98.0,1.0
3313,117.0,337.0,1.0
3314,182.0,384.0,1.0
3315,116.0,52.0,1.0
3316,114.0,223.0,1.0
3317,62.0,228.0,1.0
3318,261.0,109.0,1.0
3319,84.0,266.0,1.0
3320,163.0,250.0,1.0
3321,180.0,437.0,1.0
3322,234.0,516.0,1.0
3323,199.0,146.0,1.0
3324,141.0,122.0,1.0
3325,132.0,39.0,1.0
3326,165.0,325.0,1.0
3327,243.0,146.0,1.0
3328,246.0,105.0,1.0
3329,103.0,146.0,1.0
3330,56.0,485.0,1.0
3331,14.0,120.0,1.0
3332,107.0,81.0,1.0
3333,79.0,14.0,1.0
3334,135.0,342.0,1.0
3335,71.0,188.0,1.0
3336,262.0,311.0,1.0
3337,226.0,27.0,1.0
3338,194.0,100.0,1.0
3339,105.0,91.0,1.0
3340,74.0,452.0,1.0
3341,110.0,243.0,1.0
3342,229.0,59.0,1.0
3343,58.0,539.0,1.0
3344,194.0,127.0,1.0
3345,136.0,59.0,1.0
3346,259.0,412.0,1.0
3347,182.0,27.0,1.0
3348,200.0,35.0,1.0
3349,122.0,46.0,1.0
3350,10.0,304.0,1.0
3351,127.0,327.0,1.0
3352,100.0,91.0,1.0
3353,186.0,252.0,1.0
3354,107.0,322.0,1.0
3355,238.0,546.0,1.0
3356,60.0,195.0,1.0
3357,130.0,170.0,1.0
3358,51.0,175.0,1.0
3359,218.0,276.0,1.0
3360,147.0,256.0,1.0
3361,223.0,3.0,1.0
3362,150.0,251.0,1.0
3363,29.0,443.0,1.0
3364,102.0,422.0,1.0
3365,51.0,127.0,1.0
3366,186.0,318.0,1.0
3367,209.0,327.0,1.0
3368,214.0,407.0,1.0
3369,234.0,116.0,1.0
3370,132.0,92.0,1.0
3371,147.0,83.0,1.0
3372,79.0,564.0,1.0
3373,144.0,558.0,1.0
3374,88.0,223.0,1.0
3375,29.0,302.0,1.0
3376,142.0,320.0,1.0
3377,101.0,464.0,1.0
3378,44.0,133.0,1.0
3379,228.0,83.0,1.0
3380,194.0,11.0,1.0
3381,102.0,37.0,1.0
3382,207.0,478.0,1.0
3383,22.0,305.0,1.0
3384,229.0,103.0,1.0
3385,229.0,164.0,1.0
3386,264.0,304.0,1.0
3387,118.0,10.0,1.0
3388,123.0,141.0,1.0
3389,79.0,378.0,1.0
3390,52.0,241.0,1.0
3391,105.0,194.0,1.0
3392,211.0,50.0,1.0
3393,93.0,223.0,1.0
3394,145.0,382.0,1.0
3395,211.0,10.0,1.0
3396,141.0,311.0,1.0
3397,197.0,79.0,1.0
3398,44.0,309.0,1.0
3399,51.0,111.0,1.0
3400,119.0,49.0,1.0
3401,177.0,36.0,1.0
3402,202.0,40.0,1.0
3403,168.0,9.0,1.0
3404,201.0,586.0,1.0
3405,109.0,51.0,1.0
3406,130.0,425.0,1.0
3407,228.0,106.0,1.0
3408,228.0,100.0,1.0
3409,209.0,120.0,1.0
3410,158.0,109.0,1.0
3411,94.0,124.0,1.0
3412,149.0,478.0,1.0
3413,145.0,378.0,1.0
3414,156.0,549.0,1.0
3415,248.0,280.0,1.0
3416,234.0,353.0,1.0
3417,263.0,443.0,1.0
3418,136.0,206.0,1.0
3419,145.0,254.0,1.0
3420,50.0,395.0,1.0
3421,74.0,434.0,1.0
3422,119.0,59.0,1.0
3423,69.0,68.0,1.0
3424,52.0,137.0,1.0
3425,69.0,120.0,1.0
3426,153.0,429.0,1.0
3427,82.0,136.0,1.0
3428,150.0,134.0,1.0
3429,258.0,413.0,1.0
3430,108.0,332.0,1.0
3431,136.0,547.0,1.0
3432,87.0,336.0,1.0
3433,102.0,537.0,1.0
3434,129.0,229.0,1.0
3435,263.0,17.0,1.0
3436,37.0,89.0,1.0
3437,34.0,140.0,1.0
3438,148.0,525.0,1.0
3439,161.0,121.0,1.0
3440,11.0,316.0,1.0
3441,82.0,323.0,1.0
3442,33.0,10.0,1.0
3443,52.0,257.0,1.0
3444,189.0,245.0,1.0
3445,91.0,178.0,1.0
3446,161.0,66.0,1.0
3447,130.0,49.0,1.0
3448,74.0,310.0,1.0
3449,132.0,10.0,1.0
3450,37.0,146.0,1.0
3451,191.0,302.0,1.0
3452,182.0,379.0,1.0
3453,71.0,260.0,1.0
3454,60.0,44.0,1.0
3455,128.0,287.0,1.0
3456,131.0,223.0,1.0
3457,211.0,492.0,1.0
3458,228.0,341.0,1.0
3459,195.0,206.0,1.0
3460,229.0,313.0,1.0
3461,156.0,394.0,1.0
3462,194.0,461.0,1.0
3463,222.0,550.0,1.0
3464,79.0,38.0,1.0
3465,104.0,168.0,1.0
3466,92.0,201.0,1.0
3467,116.0,120.0,1.0
3468,113.0,328.0,1.0
3469,86.0,103.0,1.0
3470,17.0,80.0,1.0
3471,205.0,255.0,1.0
3472,132.0,571.0,1.0
3473,56.0,542.0,1.0
3474,127.0,258.0,1.0
3475,175.0,496.0,1.0
3476,64.0,52.0,1.0
3477,130.0,9.0,1.0
3478,35.0,73.0,1.0
3479,52.0,145.0,1.0
3480,79.0,26.0,1.0
3481,88.0,100.0,1.0
3482,60.0,66.0,1.0
3483,18.0,239.0,1.0
3484,71.0,202.0,1.0
3485,76.0,35.0,1.0
3486,178.0,236.0,1.0
3487,70.0,400.0,1.0
3488,189.0,378.0,1.0
3489,183.0,89.0,1.0
3490,191.0,297.0,1.0
3491,62.0,24.0,1.0
3492,212.0,284.0,1.0
3493,223.0,571.0,1.0
3494,212.0,310.0,1.0
3495,149.0,349.0,1.0
3496,3.0,167.0,1.0
3497,56.0,22.0,1.0
3498,47.0,133.0,1.0
3499,105.0,126.0,1.0
3500,52.0,87.0,1.0
3501,187.0,286.0,1.0
3502,226.0,509.0,1.0
3503,136.0,69.0,1.0
3504,79.0,148.0,1.0
3505,147.0,148.0,1.0
3506,135.0,195.0,1.0
3507,85.0,80.0,1.0
3508,256.0,221.0,1.0
3509,216.0,212.0,1.0
3510,49.0,382.0,1.0
3511,97.0,20.0,1.0
3512,71.0,62.0,1.0
3513,84.0,192.0,1.0
3514,78.0,38.0,1.0
3515,91.0,320.0,1.0
3516,223.0,306.0,1.0
3517,138.0,125.0,1.0
3518,116.0,463.0,1.0
3519,90.0,327.0,1.0
3520,181.0,31.0,1.0
3521,139.0,135.0,1.0
3522,16.0,102.0,1.0
3523,82.0,501.0,1.0
3524,87.0,77.0,1.0
3525,39.0,434.0,1.0
3526,51.0,135.0,1.0
3527,17.0,191.0,1.0
3528,162.0,304.0,1.0
3529,156.0,282.0,1.0
3530,75.0,51.0,1.0
3531,266.0,126.0,1.0
3532,162.0,167.0,1.0
3533,43.0,127.0,1.0
3534,102.0,121.0,1.0
3535,169.0,164.0,1.0
3536,58.0,390.0,1.0
3537,82.0,380.0,1.0
3538,105.0,66.0,1.0
3539,52.0,377.0,1.0
3540,183.0,345.0,1.0
3541,71.0,349.0,1.0
3542,260.0,143.0,1.0
3543,242.0,190.0,1.0
3544,87.0,89.0,1.0
3545,12.0,181.0,1.0
3546,51.0,32.0,1.0
3547,58.0,113.0,1.0
3548,65.0,411.0,1.0
3549,104.0,201.0,1.0
3550,259.0,466.0,1.0
3551,108.0,116.0,1.0
3552,158.0,168.0,1.0
3553,178.0,205.0,1.0
3554,39.0,380.0,1.0
3555,101.0,190.0,1.0
3556,84.0,64.0,1.0
3557,81.0,266.0,1.0
3558,107.0,11.0,1.0
3559,144.0,380.0,1.0
3560,205.0,245.0,1.0
3561,35.0,220.0,1.0
3562,115.0,122.0,1.0
3563,175.0,200.0,1.0
3564,9.0,230.0,1.0
3565,193.0,194.0,1.0
3566,147.0,333.0,1.0
3567,136.0,582.0,1.0
3568,86.0,389.0,1.0
3569,178.0,501.0,1.0
3570,182.0,485.0,1.0
3571,82.0,427.0,1.0
3572,10.0,168.0,1.0
3573,247.0,241.0,1.0
3574,100.0,245.0,1.0
3575,128.0,109.0,1.0
3576,87.0,153.0,1.0
3577,52.0,45.0,1.0
3578,167.0,111.0,1.0
3579,44.0,147.0,1.0
3580,158.0,320.0,1.0
3581,189.0,87.0,1.0
3582,165.0,120.0,1.0
3583,177.0,120.0,1.0
3584,201.0,138.0,1.0
3585,44.0,481.0,1.0
3586,172.0,121.0,1.0
3587,167.0,233.0,1.0
3588,97.0,185.0,1.0
3589,78.0,389.0,1.0
3590,234.0,501.0,1.0
3591,156.0,337.0,1.0
3592,196.0,294.0,1.0
3593,18.0,94.0,1.0
3594,148.0,145.0,1.0
3595,226.0,270.0,1.0
3596,2.0,134.0,1.0
3597,245.0,205.0,1.0
3598,69.0,434.0,1.0
3599,33.0,156.0,1.0
3600,114.0,89.0,1.0
3601,149.0,57.0,1.0
3602,182.0,584.0,1.0
3603,22.0,375.0,1.0
3604,226.0,585.0,1.0
3605,220.0,201.0,1.0
3606,103.0,13.0,1.0
3607,117.0,409.0,1.0
3608,81.0,148.0,1.0
3609,158.0,410.0,1.0
3610,64.0,419.0,1.0
3611,71.0,12.0,1.0
3612,37.0,111.0,1.0
3613,97.0,584.0,1.0
3614,59.0,12.0,1.0
3615,82.0,38.0,1.0
3616,234.0,417.0,1.0
3617,83.0,367.0,1.0
3618,183.0,338.0,1.0
3619,200.0,37.0,1.0
3620,165.0,59.0,1.0
3621,199.0,485.0,1.0
3622,218.0,161.0,1.0
3623,3.0,130.0,1.0
3624,205.0,115.0,1.0
3625,182.0,39.0,1.0
3626,96.0,118.0,1.0
3627,107.0,59.0,1.0
3628,147.0,491.0,1.0
3629,133.0,236.0,1.0
3630,87.0,397.0,1.0
3631,218.0,326.0,1.0
3632,184.0,9.0,1.0
3633,31.0,238.0,1.0
3634,178.0,11.0,1.0
3635,3.0,158.0,1.0
3636,74.0,5.0,1.0
3637,89.0,398.0,1.0
3638,130.0,239.0,1.0
3639,52.0,147.0,1.0
3640,223.0,236.0,1.0
3641,136.0,151.0,1.0
3642,108.0,204.0,1.0
3643,100.0,411.0,1.0
3644,147.0,277.0,1.0
3645,138.0,208.0,1.0
3646,11.0,136.0,1.0
3647,249.0,47.0,1.0
3648,203.0,80.0,1.0
3649,189.0,191.0,1.0
3650,181.0,266.0,1.0
3651,218.0,409.0,1.0
3652,213.0,294.0,1.0
3653,130.0,27.0,1.0
3654,206.0,411.0,1.0
3655,175.0,376.0,1.0
3656,206.0,374.0,1.0
3657,75.0,554.0,1.0
3658,196.0,385.0,1.0
3659,200.0,155.0,1.0
3660,201.0,186.0,1.0
3661,116.0,19.0,1.0
3662,89.0,47.0,1.0
3663,164.0,375.0,1.0
3664,219.0,267.0,1.0
3665,226.0,54.0,1.0
3666,117.0,156.0,1.0
3667,56.0,141.0,1.0
3668,183.0,179.0,1.0
3669,71.0,147.0,1.0
3670,203.0,62.0,1.0
3671,141.0,207.0,1.0
3672,37.0,343.0,1.0
3673,84.0,444.0,1.0
3674,126.0,412.0,1.0
3675,62.0,15.0,1.0
3676,211.0,215.0,1.0
3677,183.0,283.0,1.0
3678,72.0,154.0,1.0
3679,107.0,37.0,1.0
3680,225.0,456.0,1.0
3681,70.0,47.0,1.0
3682,77.0,379.0,1.0
3683,144.0,513.0,1.0
3684,86.0,499.0,1.0
3685,217.0,10.0,1.0
3686,14.0,21.0,1.0
3687,150.0,90.0,1.0
3688,183.0,253.0,1.0
3689,232.0,575.0,1.0
3690,31.0,22.0,1.0
3691,244.0,44.0,1.0
3692,127.0,255.0,1.0
3693,208.0,440.0,1.0
3694,233.0,36.0,1.0
3695,226.0,271.0,1.0
3696,160.0,170.0,1.0
3697,158.0,498.0,1.0
3698,128.0,103.0,1.0
3699,82.0,489.0,1.0
3700,102.0,204.0,1.0
3701,48.0,179.0,1.0
3702,148.0,191.0,1.0
3703,178.0,326.0,1.0
3704,156.0,117.0,1.0
3705,216.0,253.0,1.0
3706,87.0,80.0,1.0
3707,194.0,193.0,1.0
3708,164.0,67.0,1.0
3709,102.0,256.0,1.0
3710,234.0,224.0,1.0
3711,72.0,447.0,1.0
3712,116.0,35.0,1.0
3713,10.0,271.0,1.0
3714,205.0,347.0,1.0
3715,211.0,499.0,1.0
3716,226.0,33.0,1.0
3717,207.0,161.0,1.0
3718,123.0,130.0,1.0
3719,1.0,73.0,1.0
3720,96.0,147.0,1.0
3721,191.0,293.0,1.0
3722,97.0,147.0,1.0
3723,135.0,103.0,1.0
3724,147.0,31.0,1.0
3725,44.0,121.0,1.0
3726,117.0,59.0,1.0
3727,138.0,305.0,1.0
3728,2.0,39.0,1.0
3729,229.0,204.0,1.0
3730,60.0,92.0,1.0
3731,182.0,179.0,1.0
3732,218.0,247.0,1.0
3733,52.0,153.0,1.0
3734,13.0,86.0,1.0
3735,22.0,31.0,1.0
3736,84.0,181.0,1.0
3737,56.0,337.0,1.0
3738,137.0,35.0,1.0
3739,51.0,331.0,1.0
3740,164.0,414.0,1.0
3741,29.0,220.0,1.0
3742,117.0,89.0,1.0
3743,249.0,136.0,1.0
3744,96.0,262.0,1.0
3745,138.0,390.0,1.0
3746,147.0,284.0,1.0
3747,89.0,66.0,1.0
3748,17.0,196.0,1.0
3749,219.0,214.0,1.0
3750,16.0,54.0,1.0
3751,132.0,31.0,1.0
3752,38.0,44.0,1.0
3753,200.0,135.0,1.0
3754,205.0,170.0,1.0
3755,94.0,25.0,1.0
3756,34.0,58.0,1.0
3757,145.0,414.0,1.0
3758,126.0,504.0,1.0
3759,199.0,529.0,1.0
3760,45.0,426.0,1.0
3761,6.0,224.0,1.0
3762,232.0,44.0,1.0
3763,1.0,20.0,1.0
3764,197.0,515.0,1.0
3765,162.0,243.0,1.0
3766,202.0,490.0,1.0
3767,122.0,47.0,1.0
3768,258.0,380.0,1.0
3769,128.0,282.0,1.0
3770,197.0,92.0,1.0
3771,218.0,335.0,1.0
3772,87.0,177.0,1.0
3773,113.0,52.0,1.0
3774,31.0,275.0,1.0
3775,52.0,103.0,1.0
3776,175.0,298.0,1.0
3777,104.0,407.0,1.0
3778,119.0,404.0,1.0
3779,36.0,157.0,1.0
3780,266.0,40.0,1.0
3781,175.0,77.0,1.0
3782,165.0,326.0,1.0
3783,264.0,97.0,1.0
3784,113.0,445.0,1.0
3785,82.0,554.0,1.0
3786,129.0,232.0,1.0
3787,64.0,161.0,1.0
3788,11.0,120.0,1.0
3789,164.0,435.0,1.0
3790,150.0,114.0,1.0
3791,89.0,534.0,1.0
3792,147.0,308.0,1.0
3793,17.0,167.0,1.0
3794,150.0,150.0,1.0
3795,84.0,136.0,1.0
3796,26.0,179.0,1.0
3797,195.0,119.0,1.0
3798,11.0,87.0,1.0
3799,81.0,198.0,1.0
3800,57.0,94.0,1.0
3801,116.0,161.0,1.0
3802,209.0,497.0,1.0
3803,1.0,36.0,1.0
3804,97.0,214.0,1.0
3805,104.0,455.0,1.0
3806,139.0,371.0,1.0
3807,147.0,289.0,1.0
3808,253.0,263.0,1.0
3809,191.0,89.0,1.0
3810,141.0,148.0,1.0
3811,199.0,487.0,1.0
3812,139.0,104.0,1.0
3813,17.0,96.0,1.0
3814,212.0,186.0,1.0
3815,262.0,573.0,1.0
3816,121.0,66.0,1.0
3817,137.0,282.0,1.0
3818,164.0,62.0,1.0
3819,224.0,208.0,1.0
3820,227.0,194.0,1.0
3821,257.0,69.0,1.0
3822,183.0,228.0,1.0
3823,89.0,190.0,1.0
3824,59.0,214.0,1.0
3825,117.0,383.0,1.0
3826,51.0,121.0,1.0
3827,256.0,131.0,1.0
3828,141.0,315.0,1.0
3829,234.0,221.0,1.0
3830,214.0,35.0,1.0
3831,238.0,255.0,1.0
3832,248.0,84.0,1.0
3833,258.0,69.0,1.0
3834,206.0,400.0,1.0
3835,259.0,267.0,1.0
3836,114.0,181.0,1.0
3837,183.0,448.0,1.0
3838,71.0,33.0,1.0
3839,256.0,227.0,1.0
3840,246.0,183.0,1.0
3841,16.0,53.0,1.0
3842,116.0,29.0,1.0
3843,60.0,45.0,1.0
3844,247.0,9.0,1.0
3845,83.0,47.0,1.0
3846,205.0,172.0,1.0
3847,101.0,519.0,1.0
3848,95.0,84.0,1.0
3849,194.0,266.0,1.0
3850,48.0,129.0,1.0
3851,205.0,463.0,1.0
3852,53.0,534.0,1.0
3853,68.0,70.0,1.0
3854,56.0,282.0,1.0
3855,214.0,122.0,1.0
3856,202.0,80.0,1.0
3857,39.0,11.0,1.0
3858,81.0,305.0,1.0
3859,248.0,296.0,1.0
3860,182.0,317.0,1.0
3861,212.0,47.0,1.0
3862,264.0,241.0,1.0
3863,89.0,406.0,1.0
3864,44.0,420.0,1.0
3865,264.0,35.0,1.0
3866,262.0,287.0,1.0
3867,160.0,344.0,1.0
3868,247.0,44.0,1.0
3869,223.0,179.0,1.0
3870,42.0,398.0,1.0
3871,160.0,437.0,1.0
3872,208.0,464.0,1.0
3873,178.0,457.0,1.0
3874,128.0,135.0,1.0
3875,213.0,190.0,1.0
3876,58.0,142.0,1.0
3877,224.0,136.0,1.0
3878,245.0,191.0,1.0
3879,148.0,556.0,1.0
3880,146.0,106.0,1.0
3881,22.0,292.0,1.0
3882,126.0,7.0,1.0
3883,232.0,459.0,1.0
3884,164.0,2.0,1.0
3885,102.0,81.0,1.0
3886,83.0,180.0,1.0
3887,69.0,10.0,1.0
3888,248.0,269.0,1.0
3889,84.0,274.0,1.0
3890,116.0,88.0,1.0
3891,191.0,128.0,1.0
3892,166.0,460.0,1.0
3893,266.0,177.0,1.0
3894,261.0,95.0,1.0
3895,262.0,142.0,1.0
3896,39.0,195.0,1.0
3897,232.0,35.0,1.0
3898,68.0,306.0,1.0
3899,96.0,44.0,1.0
3900,67.0,253.0,1.0
3901,51.0,38.0,1.0
3902,67.0,256.0,1.0
3903,237.0,273.0,1.0
3904,0.0,12.0,1.0
3905,247.0,106.0,1.0
3906,257.0,35.0,1.0
3907,82.0,394.0,1.0
3908,69.0,260.0,1.0
3909,67.0,10.0,1.0
3910,136.0,519.0,1.0
3911,61.0,245.0,1.0
3912,150.0,202.0,1.0
3913,52.0,374.0,1.0
3914,74.0,122.0,1.0
3915,223.0,130.0,1.0
3916,9.0,19.0,1.0
3917,248.0,51.0,1.0
3918,234.0,222.0,1.0
3919,89.0,118.0,1.0
3920,211.0,116.0,1.0
3921,77.0,365.0,1.0
3922,163.0,238.0,1.0
3923,96.0,190.0,1.0
3924,245.0,0.0,1.0
3925,250.0,11.0,1.0
3926,149.0,247.0,1.0
3927,85.0,252.0,1.0
3928,234.0,58.0,1.0
3929,52.0,217.0,1.0
3930,147.0,102.0,1.0
3931,69.0,66.0,1.0
3932,188.0,262.0,1.0
3933,22.0,113.0,1.0
3934,34.0,99.0,1.0
3935,37.0,462.0,1.0
3936,123.0,493.0,1.0
3937,92.0,59.0,1.0
3938,147.0,111.0,1.0
3939,65.0,180.0,1.0
3940,149.0,223.0,1.0
3941,149.0,283.0,1.0
3942,115.0,352.0,1.0
3943,69.0,186.0,1.0
3944,199.0,582.0,1.0
3945,54.0,271.0,1.0
3946,89.0,122.0,1.0
3947,71.0,223.0,1.0
3948,83.0,521.0,1.0
3949,186.0,355.0,1.0
3950,156.0,389.0,1.0
3951,162.0,578.0,1.0
3952,116.0,289.0,1.0
3953,83.0,343.0,1.0
3954,65.0,119.0,1.0
3955,228.0,81.0,1.0
3956,3.0,101.0,1.0
3957,208.0,12.0,1.0
3958,37.0,144.0,1.0
3959,22.0,87.0,1.0
3960,82.0,25.0,1.0
3961,256.0,5.0,1.0
3962,135.0,420.0,1.0
3963,33.0,222.0,1.0
3964,11.0,116.0,1.0
3965,142.0,57.0,1.0
3966,71.0,8.0,1.0
3967,95.0,59.0,1.0
3968,81.0,92.0,1.0
3969,89.0,205.0,1.0
3970,147.0,569.0,1.0
3971,65.0,363.0,1.0
3972,104.0,497.0,1.0
3973,117.0,298.0,1.0
3974,53.0,66.0,1.0
3975,148.0,48.0,1.0
3976,217.0,434.0,1.0
3977,228.0,11.0,1.0
3978,265.0,116.0,1.0
3979,113.0,294.0,1.0
3980,87.0,50.0,1.0
3981,199.0,135.0,1.0
3982,44.0,479.0,1.0
3983,263.0,292.0,1.0
3984,77.0,58.0,1.0
3985,75.0,44.0,1.0
3986,74.0,91.0,1.0
3987,152.0,255.0,1.0
3988,96.0,501.0,1.0
3989,106.0,58.0,1.0
3990,129.0,412.0,1.0
3991,248.0,100.0,1.0
3992,71.0,70.0,1.0
3993,250.0,489.0,1.0
3994,240.0,24.0,1.0
3995,101.0,5.0,1.0
3996,84.0,344.0,1.0
3997,95.0,21.0,1.0
3998,17.0,381.0,1.0
3999,259.0,310.0,1.0
4000,96.0,98.0,1.0
4001,159.0,584.0,1.0
4002,153.0,66.0,1.0
4003,155.0,308.0,1.0
4004,104.0,10.0,1.0
4005,9.0,273.0,1.0
4006,148.0,409.0,1.0
4007,94.0,213.0,1.0
4008,206.0,205.0,1.0
4009,189.0,203.0,1.0
4010,156.0,107.0,1.0
4011,71.0,411.0,1.0
4012,59.0,190.0,1.0
4013,1.0,62.0,1.0
4014,89.0,8.0,1.0
4015,175.0,313.0,1.0
4016,135.0,138.0,1.0
4017,171.0,127.0,1.0
4018,175.0,116.0,1.0
4019,183.0,482.0,1.0
4020,102.0,140.0,1.0
4021,199.0,113.0,1.0
4022,229.0,120.0,1.0
4023,81.0,337.0,1.0
4024,94.0,284.0,1.0
4025,81.0,547.0,1.0
4026,75.0,57.0,1.0
4027,102.0,35.0,1.0
4028,129.0,146.0,1.0
4029,220.0,103.0,1.0
4030,223.0,1.0,1.0
4031,69.0,332.0,1.0
4032,217.0,384.0,1.0
4033,56.0,89.0,1.0
4034,135.0,356.0,1.0
4035,9.0,35.0,1.0
4036,105.0,374.0,1.0
4037,116.0,133.0,1.0
4038,116.0,150.0,1.0
4039,248.0,315.0,1.0
4040,85.0,279.0,1.0
4041,224.0,10.0,1.0
4042,76.0,89.0,1.0
4043,214.0,556.0,1.0
4044,256.0,122.0,1.0
4045,128.0,204.0,1.0
4046,182.0,331.0,1.0
4047,116.0,119.0,1.0
4048,182.0,9.0,1.0
4049,226.0,19.0,1.0
4050,105.0,532.0,1.0
4051,56.0,347.0,1.0
4052,208.0,296.0,1.0
4053,49.0,33.0,1.0
4054,189.0,273.0,1.0
4055,114.0,274.0,1.0
4056,145.0,93.0,1.0
4057,248.0,442.0,1.0
4058,30.0,268.0,1.0
4059,51.0,527.0,1.0
4060,182.0,474.0,1.0
4061,159.0,92.0,1.0
4062,164.0,411.0,1.0
4063,164.0,159.0,1.0
4064,232.0,252.0,1.0
4065,158.0,351.0,1.0
4066,217.0,9.0,1.0
4067,47.0,317.0,1.0
4068,226.0,64.0,1.0
4069,242.0,375.0,1.0
4070,33.0,316.0,1.0
4071,149.0,172.0,1.0
4072,224.0,273.0,1.0
4073,85.0,111.0,1.0
4074,65.0,391.0,1.0
4075,1.0,26.0,1.0
4076,149.0,343.0,1.0
4077,256.0,103.0,1.0
4078,82.0,181.0,1.0
4079,194.0,456.0,1.0
4080,67.0,321.0,1.0
4081,107.0,223.0,1.0
4082,71.0,403.0,1.0
4083,160.0,1.0,1.0
4084,216.0,82.0,1.0
4085,49.0,434.0,1.0
4086,147.0,81.0,1.0
4087,62.0,146.0,1.0
4088,165.0,523.0,1.0
4089,147.0,203.0,1.0
4090,150.0,219.0,1.0
4091,51.0,120.0,1.0
4092,94.0,511.0,1.0
4093,248.0,1.0,1.0
4094,223.0,282.0,1.0
4095,1.0,35.0,1.0
4096,69.0,578.0,1.0
4097,105.0,479.0,1.0
4098,199.0,583.0,1.0
4099,218.0,226.0,1.0
4100,161.0,351.0,1.0
4101,58.0,31.0,1.0
4102,259.0,389.0,1.0
4103,202.0,118.0,1.0
4104,65.0,384.0,1.0
4105,145.0,423.0,1.0
4106,10.0,302.0,1.0
4107,129.0,398.0,1.0
4108,130.0,356.0,1.0
4109,149.0,150.0,1.0
4110,178.0,572.0,1.0
4111,205.0,226.0,1.0
4112,102.0,370.0,1.0
4113,8.0,249.0,1.0
4114,124.0,279.0,1.0
4115,128.0,123.0,1.0
4116,155.0,594.0,1.0
4117,81.0,138.0,1.0
4118,64.0,313.0,1.0
4119,217.0,220.0,1.0
4120,187.0,12.0,1.0
4121,81.0,417.0,1.0
4122,120.0,207.0,1.0
4123,193.0,461.0,1.0
4124,228.0,99.0,1.0
4125,257.0,127.0,1.0
4126,87.0,49.0,1.0
4127,168.0,103.0,1.0
4128,127.0,317.0,1.0
4129,178.0,531.0,1.0
4130,135.0,505.0,1.0
4131,65.0,382.0,1.0
4132,114.0,29.0,1.0
4133,64.0,318.0,1.0
4134,241.0,39.0,1.0
4135,71.0,352.0,1.0
4136,102.0,58.0,1.0
4137,81.0,131.0,1.0
4138,50.0,45.0,1.0
4139,259.0,116.0,1.0
4140,105.0,342.0,1.0
4141,2.0,24.0,1.0
4142,60.0,380.0,1.0
4143,79.0,249.0,1.0
4144,169.0,59.0,1.0
4145,51.0,44.0,1.0
4146,51.0,87.0,1.0
4147,141.0,62.0,1.0
4148,123.0,181.0,1.0
4149,145.0,196.0,1.0
4150,113.0,295.0,1.0
4151,106.0,142.0,1.0
4152,94.0,522.0,1.0
4153,34.0,31.0,1.0
4154,86.0,156.0,1.0
4155,7.0,47.0,1.0
4156,44.0,259.0,1.0
4157,50.0,203.0,1.0
4158,180.0,9.0,1.0
4159,16.0,370.0,1.0
4160,96.0,57.0,1.0
4161,175.0,36.0,1.0
4162,136.0,277.0,1.0
4163,1.0,89.0,1.0
4164,182.0,432.0,1.0
4165,150.0,229.0,1.0
4166,64.0,565.0,1.0
4167,259.0,396.0,1.0
4168,60.0,232.0,1.0
4169,17.0,304.0,1.0
4170,108.0,122.0,1.0
4171,136.0,496.0,1.0
4172,248.0,352.0,1.0
4173,22.0,428.0,1.0
4174,175.0,217.0,1.0
4175,129.0,516.0,1.0
4176,9.0,82.0,1.0
4177,134.0,40.0,1.0
4178,81.0,566.0,1.0
4179,200.0,486.0,1.0
4180,56.0,540.0,1.0
4181,71.0,205.0,1.0
4182,175.0,504.0,1.0
4183,3.0,115.0,1.0
4184,145.0,390.0,1.0
4185,256.0,224.0,1.0
4186,47.0,118.0,1.0
4187,9.0,272.0,1.0
4188,155.0,20.0,1.0
4189,240.0,91.0,1.0
4190,188.0,91.0,1.0
4191,176.0,352.0,1.0
4192,81.0,321.0,1.0
4193,202.0,455.0,1.0
4194,208.0,517.0,1.0
4195,108.0,358.0,1.0
4196,81.0,284.0,1.0
4197,75.0,125.0,1.0
4198,145.0,521.0,1.0
4199,68.0,443.0,1.0
4200,139.0,386.0,1.0
4201,117.0,240.0,1.0
4202,168.0,47.0,1.0
4203,114.0,384.0,1.0
4204,142.0,378.0,1.0
4205,218.0,438.0,1.0
4206,184.0,485.0,1.0
4207,147.0,74.0,1.0
4208,17.0,314.0,1.0
4209,96.0,192.0,1.0
4210,10.0,44.0,1.0
4211,51.0,367.0,1.0
4212,217.0,22.0,1.0
4213,34.0,455.0,1.0
4214,223.0,309.0,1.0
4215,17.0,401.0,1.0
4216,97.0,323.0,1.0
4217,126.0,467.0,1.0
4218,226.0,39.0,1.0
4219,127.0,26.0,1.0
4220,98.0,10.0,1.0
4221,235.0,146.0,1.0
4222,211.0,337.0,1.0
4223,256.0,22.0,1.0
4224,127.0,305.0,1.0
4225,79.0,217.0,1.0
4226,245.0,195.0,1.0
4227,71.0,426.0,1.0
4228,136.0,184.0,1.0
4229,185.0,119.0,1.0
4230,58.0,228.0,1.0
4231,147.0,73.0,1.0
4232,175.0,480.0,1.0
4233,87.0,463.0,1.0
4234,184.0,40.0,1.0
4235,248.0,429.0,1.0
4236,83.0,40.0,1.0
4237,121.0,11.0,1.0
4238,68.0,8.0,1.0
4239,47.0,266.0,1.0
4240,97.0,379.0,1.0
4241,107.0,117.0,1.0
4242,217.0,191.0,1.0
4243,104.0,589.0,1.0
4244,2.0,141.0,1.0
4245,223.0,430.0,1.0
4246,62.0,124.0,1.0
4247,80.0,289.0,1.0
4248,89.0,530.0,1.0
4249,178.0,148.0,1.0
4250,223.0,185.0,1.0
4251,105.0,325.0,1.0
4252,208.0,45.0,1.0
4253,260.0,162.0,1.0
4254,189.0,563.0,1.0
4255,177.0,170.0,1.0
4256,2.0,95.0,1.0
4257,220.0,97.0,1.0
4258,29.0,306.0,1.0
4259,64.0,176.0,1.0
4260,30.0,261.0,1.0
4261,96.0,342.0,1.0
4262,116.0,590.0,1.0
4263,51.0,511.0,1.0
4264,192.0,156.0,1.0
4265,115.0,136.0,1.0
4266,89.0,337.0,1.0
4267,129.0,83.0,1.0
4268,32.0,120.0,1.0
4269,29.0,136.0,1.0
4270,90.0,123.0,1.0
4271,248.0,33.0,1.0
4272,228.0,51.0,1.0
4273,82.0,245.0,1.0
4274,54.0,261.0,1.0
4275,223.0,225.0,1.0
4276,89.0,21.0,1.0
4277,5.0,186.0,1.0
4278,239.0,379.0,1.0
4279,226.0,521.0,1.0
4280,173.0,484.0,1.0
4281,45.0,1.0,1.0
4282,199.0,356.0,1.0
4283,147.0,341.0,1.0
4284,53.0,144.0,1.0
4285,202.0,9.0,1.0
4286,87.0,9.0,1.0
4287,147.0,197.0,1.0
4288,250.0,282.0,1.0
4289,189.0,401.0,1.0
4290,127.0,60.0,1.0
4291,56.0,246.0,1.0
4292,31.0,255.0,1.0
4293,67.0,327.0,1.0
4294,189.0,561.0,1.0
4295,248.0,592.0,1.0
4296,11.0,225.0,1.0
4297,150.0,388.0,1.0
4298,65.0,18.0,1.0
4299,81.0,399.0,1.0
4300,58.0,293.0,1.0
4301,228.0,68.0,1.0
4302,53.0,411.0,1.0
4303,190.0,127.0,1.0
4304,98.0,262.0,1.0
4305,183.0,39.0,1.0
4306,172.0,519.0,1.0
4307,147.0,108.0,1.0
4308,147.0,368.0,1.0
4309,74.0,145.0,1.0
4310,191.0,168.0,1.0
4311,147.0,381.0,1.0
4312,65.0,58.0,1.0
4313,239.0,121.0,1.0
4314,177.0,527.0,1.0
4315,84.0,83.0,1.0
4316,65.0,191.0,1.0
4317,52.0,197.0,1.0
4318,195.0,266.0,1.0
4319,244.0,133.0,1.0
4320,22.0,240.0,1.0
4321,85.0,306.0,1.0
4322,225.0,156.0,1.0
4323,238.0,104.0,1.0
4324,9.0,62.0,1.0
4325,182.0,89.0,1.0
4326,182.0,114.0,1.0
4327,79.0,100.0,1.0
4328,84.0,32.0,1.0
4329,224.0,280.0,1.0
4330,156.0,505.0,1.0
4331,128.0,584.0,1.0
4332,87.0,410.0,1.0
4333,259.0,168.0,1.0
4334,105.0,286.0,1.0
4335,133.0,204.0,1.0
4336,39.0,146.0,1.0
4337,205.0,370.0,1.0
4338,188.0,563.0,1.0
4339,82.0,221.0,1.0
4340,114.0,44.0,1.0
4341,147.0,424.0,1.0
4342,105.0,331.0,1.0
4343,244.0,31.0,1.0
4344,102.0,423.0,1.0
4345,189.0,164.0,1.0
4346,168.0,250.0,1.0
4347,87.0,130.0,1.0
4348,32.0,59.0,1.0
4349,104.0,313.0,1.0
4350,223.0,120.0,1.0
4351,242.0,191.0,1.0
4352,145.0,326.0,1.0
4353,159.0,59.0,1.0
4354,51.0,66.0,1.0
4355,256.0,205.0,1.0
4356,7.0,233.0,1.0
4357,78.0,186.0,1.0
4358,195.0,352.0,1.0
4359,82.0,116.0,1.0
4360,197.0,238.0,1.0
4361,37.0,246.0,1.0
4362,53.0,254.0,1.0
4363,182.0,241.0,1.0
4364,116.0,67.0,1.0
4365,100.0,32.0,1.0
4366,64.0,44.0,1.0
4367,89.0,511.0,1.0
4368,243.0,137.0,1.0
4369,165.0,424.0,1.0
4370,163.0,31.0,1.0
4371,79.0,1.0,1.0
4372,103.0,532.0,1.0
4373,89.0,207.0,1.0
4374,62.0,224.0,1.0
4375,33.0,334.0,1.0
4376,214.0,367.0,1.0
4377,64.0,408.0,1.0
4378,94.0,330.0,1.0
4379,212.0,368.0,1.0
4380,176.0,91.0,1.0
4381,56.0,457.0,1.0
4382,147.0,5.0,1.0
4383,264.0,420.0,1.0
4384,147.0,1.0,1.0
4385,77.0,407.0,1.0
4386,223.0,343.0,1.0
4387,57.0,367.0,1.0
4388,128.0,359.0,1.0
4389,119.0,62.0,1.0
4390,32.0,437.0,1.0
4391,119.0,387.0,1.0
4392,245.0,219.0,1.0
4393,205.0,362.0,1.0
4394,16.0,77.0,1.0
4395,42.0,45.0,1.0
4396,9.0,24.0,1.0
4397,129.0,415.0,1.0
4398,104.0,48.0,1.0
4399,58.0,252.0,1.0
4400,248.0,60.0,1.0
4401,84.0,449.0,1.0
4402,56.0,529.0,1.0
4403,189.0,33.0,1.0
4404,145.0,45.0,1.0
4405,163.0,400.0,1.0
4406,81.0,394.0,1.0
4407,123.0,45.0,1.0
4408,258.0,81.0,1.0
4409,91.0,545.0,1.0
4410,189.0,455.0,1.0
4411,91.0,445.0,1.0
4412,75.0,97.0,1.0
4413,64.0,59.0,1.0
4414,39.0,420.0,1.0
4415,147.0,340.0,1.0
4416,174.0,89.0,1.0
4417,83.0,226.0,1.0
4418,173.0,179.0,1.0
4419,42.0,23.0,1.0
4420,169.0,560.0,1.0
4421,126.0,425.0,1.0
4422,145.0,126.0,1.0
4423,183.0,494.0,1.0
4424,256.0,186.0,1.0
4425,225.0,50.0,1.0
4426,116.0,61.0,1.0
4427,79.0,234.0,1.0
4428,116.0,429.0,1.0
4429,145.0,207.0,1.0
4430,84.0,310.0,1.0
4431,89.0,145.0,1.0
4432,102.0,213.0,1.0
4433,75.0,103.0,1.0
4434,224.0,241.0,1.0
4435,169.0,241.0,1.0
4436,109.0,363.0,1.0
4437,224.0,243.0,1.0
4438,128.0,420.0,1.0
4439,102.0,593.0,1.0
4440,238.0,156.0,1.0
4441,141.0,332.0,1.0
4442,73.0,218.0,1.0
4443,64.0,205.0,1.0
4444,105.0,266.0,1.0
4445,162.0,59.0,1.0
4446,82.0,277.0,1.0
4447,97.0,403.0,1.0
4448,82.0,127.0,1.0
4449,182.0,20.0,1.0
4450,245.0,40.0,1.0
4451,222.0,269.0,1.0
4452,178.0,423.0,1.0
4453,102.0,343.0,1.0
4454,96.0,242.0,1.0
4455,4.0,70.0,1.0
4456,86.0,415.0,1.0
4457,256.0,36.0,1.0
4458,56.0,534.0,1.0
4459,164.0,201.0,1.0
4460,191.0,178.0,1.0
4461,108.0,213.0,1.0
4462,179.0,10.0,1.0
4463,116.0,62.0,1.0
4464,225.0,111.0,1.0
4465,147.0,173.0,1.0
4466,78.0,221.0,1.0
4467,114.0,308.0,1.0
4468,152.0,44.0,1.0
4469,82.0,81.0,1.0
4470,231.0,527.0,1.0
4471,223.0,60.0,1.0
4472,218.0,143.0,1.0
4473,81.0,10.0,1.0
4474,79.0,4.0,1.0
4475,147.0,591.0,1.0
4476,126.0,415.0,1.0
4477,87.0,445.0,1.0
4478,81.0,386.0,1.0
4479,144.0,133.0,1.0
4480,248.0,39.0,1.0
4481,175.0,197.0,1.0
4482,102.0,21.0,1.0
4483,17.0,383.0,1.0
4484,64.0,413.0,1.0
4485,81.0,379.0,1.0
4486,67.0,22.0,1.0
4487,126.0,472.0,1.0
4488,178.0,154.0,1.0
4489,83.0,425.0,1.0
4490,203.0,463.0,1.0
4491,175.0,226.0,1.0
4492,45.0,400.0,1.0
4493,71.0,375.0,1.0
4494,68.0,236.0,1.0
4495,101.0,409.0,1.0
4496,74.0,156.0,1.0
4497,124.0,449.0,1.0
4498,148.0,321.0,1.0
4499,262.0,103.0,1.0
4500,78.0,113.0,1.0
4501,50.0,288.0,1.0
4502,53.0,310.0,1.0
4503,203.0,59.0,1.0
4504,195.0,253.0,1.0
4505,196.0,47.0,1.0
4506,198.0,70.0,1.0
4507,128.0,39.0,1.0
4508,10.0,286.0,1.0
4509,164.0,425.0,1.0
4510,223.0,195.0,1.0
4511,87.0,148.0,1.0
4512,227.0,255.0,1.0
4513,21.0,349.0,1.0
4514,90.0,147.0,1.0
4515,249.0,111.0,1.0
4516,97.0,59.0,1.0
4517,160.0,95.0,1.0
4518,71.0,191.0,1.0
4519,69.0,202.0,1.0
4520,176.0,410.0,1.0
4521,208.0,0.0,1.0
4522,127.0,420.0,1.0
4523,224.0,126.0,1.0
4524,6.0,223.0,1.0
4525,34.0,103.0,1.0
4526,126.0,417.0,1.0
4527,102.0,411.0,1.0
4528,42.0,48.0,1.0
4529,178.0,391.0,1.0
4530,261.0,253.0,1.0
4531,229.0,91.0,1.0
4532,24.0,113.0,1.0
4533,87.0,128.0,1.0
4534,163.0,159.0,1.0
4535,32.0,141.0,1.0
4536,223.0,512.0,1.0
4537,49.0,214.0,1.0
4538,214.0,58.0,1.0
4539,139.0,33.0,1.0
4540,203.0,120.0,1.0
4541,186.0,100.0,1.0
4542,250.0,394.0,1.0
4543,26.0,141.0,1.0
4544,20.0,9.0,1.0
4545,248.0,384.0,1.0
4546,74.0,382.0,1.0
4547,17.0,379.0,1.0
4548,60.0,411.0,1.0
4549,80.0,47.0,1.0
4550,200.0,69.0,1.0
4551,207.0,268.0,1.0
4552,82.0,80.0,1.0
4553,14.0,316.0,1.0
4554,69.0,388.0,1.0
4555,101.0,224.0,1.0
4556,49.0,467.0,1.0
4557,183.0,449.0,1.0
4558,234.0,59.0,1.0
4559,212.0,399.0,1.0
4560,83.0,61.0,1.0
4561,183.0,202.0,1.0
4562,59.0,378.0,1.0
4563,105.0,197.0,1.0
4564,143.0,512.0,1.0
4565,6.0,146.0,1.0
4566,248.0,27.0,1.0
4567,133.0,73.0,1.0
4568,114.0,45.0,1.0
4569,166.0,222.0,1.0
4570,248.0,23.0,1.0
4571,100.0,487.0,1.0
4572,124.0,482.0,1.0
4573,136.0,436.0,1.0
4574,223.0,284.0,1.0
4575,90.0,122.0,1.0
4576,136.0,62.0,1.0
4577,31.0,370.0,1.0
4578,81.0,230.0,1.0
4579,147.0,497.0,1.0
4580,216.0,147.0,1.0
4581,170.0,429.0,1.0
4582,59.0,399.0,1.0
4583,206.0,219.0,1.0
4584,103.0,219.0,1.0
4585,167.0,12.0,1.0
4586,131.0,143.0,1.0
4587,52.0,36.0,1.0
4588,227.0,230.0,1.0
4589,63.0,378.0,1.0
4590,203.0,305.0,1.0
4591,183.0,343.0,1.0
4592,251.0,106.0,1.0
4593,6.0,222.0,1.0
4594,94.0,509.0,1.0
4595,251.0,103.0,1.0
4596,195.0,208.0,1.0
4597,68.0,146.0,1.0
4598,218.0,97.0,1.0
4599,87.0,92.0,1.0
4600,160.0,39.0,1.0
4601,258.0,107.0,1.0
4602,85.0,91.0,1.0
4603,127.0,73.0,1.0
4604,38.0,156.0,1.0
4605,82.0,536.0,1.0
4606,16.0,55.0,1.0
4607,210.0,116.0,1.0
4608,262.0,64.0,1.0
4609,108.0,209.0,1.0
4610,133.0,47.0,1.0
4611,12.0,208.0,1.0
4612,126.0,374.0,1.0
4613,96.0,279.0,1.0
4614,185.0,400.0,1.0
4615,48.0,294.0,1.0
4616,183.0,222.0,1.0
4617,104.0,120.0,1.0
4618,138.0,339.0,1.0
4619,82.0,387.0,1.0
4620,19.0,175.0,1.0
4621,94.0,429.0,1.0
4622,100.0,62.0,1.0
4623,71.0,527.0,1.0
4624,130.0,134.0,1.0
4625,129.0,429.0,1.0
4626,170.0,457.0,1.0
4627,188.0,434.0,1.0
4628,156.0,197.0,1.0
4629,232.0,71.0,1.0
4630,51.0,25.0,1.0
4631,22.0,14.0,1.0
4632,87.0,86.0,1.0
4633,240.0,92.0,1.0
4634,49.0,202.0,1.0
4635,202.0,206.0,1.0
4636,128.0,170.0,1.0
4637,130.0,226.0,1.0
4638,149.0,39.0,1.0
4639,8.0,246.0,1.0
4640,75.0,79.0,1.0
4641,86.0,215.0,1.0
4642,2.0,142.0,1.0
4643,26.0,226.0,1.0
4644,225.0,64.0,1.0
4645,114.0,143.0,1.0
4646,136.0,229.0,1.0
4647,141.0,295.0,1.0
4648,14.0,59.0,1.0
4649,223.0,182.0,1.0
4650,17.0,135.0,1.0
4651,182.0,284.0,1.0
4652,1.0,87.0,1.0
4653,235.0,296.0,1.0
4654,199.0,211.0,1.0
4655,199.0,572.0,1.0
4656,165.0,434.0,1.0
4657,154.0,343.0,1.0
4658,126.0,133.0,1.0
4659,234.0,400.0,1.0
4660,258.0,21.0,1.0
4661,181.0,103.0,1.0
4662,69.0,581.0,1.0
4663,1.0,43.0,1.0
4664,94.0,24.0,1.0
4665,139.0,191.0,1.0
4666,13.0,343.0,1.0
4667,10.0,301.0,1.0
4668,48.0,306.0,1.0
4669,238.0,146.0,1.0
4670,207.0,346.0,1.0
4671,60.0,125.0,1.0
4672,65.0,310.0,1.0
4673,196.0,189.0,1.0
4674,92.0,103.0,1.0
4675,97.0,135.0,1.0
4676,89.0,266.0,1.0
4677,49.0,89.0,1.0
4678,52.0,89.0,1.0
4679,195.0,79.0,1.0
4680,149.0,127.0,1.0
4681,242.0,398.0,1.0
4682,96.0,90.0,1.0
4683,121.0,73.0,1.0
4684,87.0,234.0,1.0
4685,1.0,45.0,1.0
4686,86.0,89.0,1.0
4687,52.0,113.0,1.0
4688,203.0,50.0,1.0
4689,90.0,7.0,1.0
4690,117.0,1.0,1.0
4691,147.0,348.0,1.0
4692,184.0,115.0,1.0
4693,114.0,56.0,1.0
4694,90.0,29.0,1.0
4695,88.0,95.0,1.0
4696,31.0,40.0,1.0
4697,249.0,118.0,1.0
4698,64.0,207.0,1.0
4699,175.0,26.0,1.0
4700,165.0,31.0,1.0
4701,224.0,100.0,1.0
4702,158.0,40.0,1.0
4703,139.0,284.0,1.0
4704,9.0,56.0,1.0
4705,116.0,269.0,1.0
4706,144.0,75.0,1.0
4707,53.0,136.0,1.0
4708,33.0,9.0,1.0
4709,52.0,62.0,1.0
4710,177.0,487.0,1.0
4711,96.0,202.0,1.0
4712,102.0,506.0,1.0
4713,123.0,245.0,1.0
4714,117.0,564.0,1.0
4715,87.0,544.0,1.0
4716,102.0,50.0,1.0
4717,87.0,157.0,1.0
4718,185.0,135.0,1.0
4719,177.0,341.0,1.0
4720,45.0,59.0,1.0
4721,92.0,11.0,1.0
4722,84.0,333.0,1.0
4723,231.0,31.0,1.0
4724,74.0,197.0,1.0
4725,84.0,319.0,1.0
4726,31.0,379.0,1.0
4727,123.0,256.0,1.0
4728,155.0,143.0,1.0
4729,84.0,286.0,1.0
4730,88.0,1.0,1.0
4731,216.0,146.0,1.0
4732,132.0,412.0,1.0
4733,178.0,86.0,1.0
4734,187.0,205.0,1.0
4735,154.0,456.0,1.0
4736,245.0,415.0,1.0
4737,144.0,427.0,1.0
4738,175.0,39.0,1.0
4739,93.0,429.0,1.0
4740,214.0,223.0,1.0
4741,68.0,136.0,1.0
4742,207.0,239.0,1.0
4743,178.0,376.0,1.0
4744,97.0,374.0,1.0
4745,65.0,46.0,1.0
4746,145.0,393.0,1.0
4747,159.0,138.0,1.0
4748,197.0,42.0,1.0
4749,200.0,172.0,1.0
4750,245.0,464.0,1.0
4751,82.0,459.0,1.0
4752,96.0,89.0,1.0
4753,47.0,111.0,1.0
4754,240.0,136.0,1.0
4755,186.0,372.0,1.0
4756,74.0,354.0,1.0
4757,202.0,130.0,1.0
4758,4.0,175.0,1.0
4759,78.0,35.0,1.0
4760,82.0,504.0,1.0
4761,31.0,179.0,1.0
4762,44.0,7.0,1.0
4763,81.0,74.0,1.0
4764,72.0,521.0,1.0
4765,82.0,311.0,1.0
4766,94.0,521.0,1.0
4767,173.0,50.0,1.0
4768,223.0,174.0,1.0
4769,158.0,147.0,1.0
4770,79.0,90.0,1.0
4771,259.0,464.0,1.0
4772,156.0,190.0,1.0
4773,193.0,8.0,1.0
4774,187.0,378.0,1.0
4775,194.0,179.0,1.0
4776,148.0,18.0,1.0
4777,48.0,147.0,1.0
4778,84.0,267.0,1.0
4779,122.0,538.0,1.0
4780,75.0,232.0,1.0
4781,195.0,120.0,1.0
4782,181.0,134.0,1.0
4783,62.0,14.0,1.0
4784,207.0,102.0,1.0
4785,224.0,59.0,1.0
4786,132.0,213.0,1.0
4787,178.0,505.0,1.0
4788,141.0,293.0,1.0
4789,156.0,116.0,1.0
4790,16.0,61.0,1.0
4791,74.0,518.0,1.0
4792,16.0,194.0,1.0
4793,203.0,94.0,1.0
4794,193.0,329.0,1.0
4795,20.0,159.0,1.0
4796,82.0,475.0,1.0
4797,181.0,26.0,1.0
4798,83.0,321.0,1.0
4799,191.0,268.0,1.0
4800,203.0,175.0,1.0
4801,199.0,12.0,1.0
4802,149.0,47.0,1.0
4803,17.0,131.0,1.0
4804,79.0,207.0,1.0
4805,149.0,147.0,1.0
4806,149.0,50.0,1.0
4807,194.0,145.0,1.0
4808,81.0,310.0,1.0
4809,164.0,498.0,1.0
4810,147.0,540.0,1.0
4811,197.0,334.0,1.0
4812,78.0,33.0,1.0
4813,42.0,47.0,1.0
4814,190.0,79.0,1.0
4815,118.0,305.0,1.0
4816,133.0,327.0,1.0
4817,58.0,32.0,1.0
4818,31.0,91.0,1.0
4819,5.0,7.0,1.0
4820,225.0,420.0,1.0
4821,81.0,537.0,1.0
4822,129.0,411.0,1.0
4823,162.0,70.0,1.0
4824,164.0,506.0,1.0
4825,88.0,310.0,1.0
4826,81.0,292.0,1.0
4827,104.0,362.0,1.0
4828,103.0,116.0,1.0
4829,88.0,454.0,1.0
4830,81.0,375.0,1.0
4831,159.0,47.0,1.0
4832,183.0,334.0,1.0
4833,266.0,59.0,1.0
4834,84.0,156.0,1.0
4835,103.0,106.0,1.0
4836,29.0,65.0,1.0
4837,150.0,100.0,1.0
4838,141.0,84.0,1.0
4839,116.0,490.0,1.0
4840,147.0,85.0,1.0
4841,145.0,144.0,1.0
4842,133.0,579.0,1.0
4843,17.0,353.0,1.0
4844,268.0,252.0,1.0
4845,175.0,448.0,1.0
4846,230.0,438.0,1.0
4847,51.0,113.0,1.0
4848,12.0,128.0,1.0
4849,158.0,229.0,1.0
4850,243.0,182.0,1.0
4851,218.0,478.0,1.0
4852,234.0,10.0,1.0
4853,69.0,113.0,1.0
4854,31.0,204.0,1.0
4855,129.0,528.0,1.0
4856,64.0,437.0,1.0
4857,9.0,28.0,1.0
4858,102.0,459.0,1.0
4859,65.0,333.0,1.0
4860,86.0,258.0,1.0
4861,156.0,63.0,1.0
4862,104.0,141.0,1.0
4863,94.0,190.0,1.0
4864,117.0,586.0,1.0
4865,117.0,234.0,1.0
4866,116.0,77.0,1.0
4867,96.0,253.0,1.0
4868,242.0,567.0,1.0
4869,123.0,510.0,1.0
4870,205.0,11.0,1.0
4871,200.0,526.0,1.0
4872,147.0,162.0,1.0
4873,242.0,236.0,1.0
4874,232.0,146.0,1.0
4875,199.0,256.0,1.0
4876,232.0,369.0,1.0
4877,17.0,388.0,1.0
4878,52.0,229.0,1.0
4879,202.0,420.0,1.0
4880,82.0,218.0,1.0
4881,148.0,282.0,1.0
4882,14.0,22.0,1.0
4883,183.0,463.0,1.0
4884,226.0,1.0,1.0
4885,231.0,229.0,1.0
4886,29.0,38.0,1.0
4887,260.0,273.0,1.0
4888,194.0,223.0,1.0
4889,82.0,133.0,1.0
4890,74.0,321.0,1.0
4891,262.0,125.0,1.0
4892,17.0,378.0,1.0
4893,250.0,547.0,1.0
4894,248.0,233.0,1.0
4895,89.0,311.0,1.0
4896,262.0,179.0,1.0
4897,117.0,457.0,1.0
4898,183.0,486.0,1.0
4899,224.0,331.0,1.0
4900,114.0,51.0,1.0
4901,144.0,157.0,1.0
4902,81.0,388.0,1.0
4903,265.0,194.0,1.0
4904,1.0,60.0,1.0
4905,248.0,11.0,1.0
4906,16.0,62.0,1.0
4907,30.0,60.0,1.0
4908,226.0,420.0,1.0
4909,123.0,128.0,1.0
4910,126.0,406.0,1.0
4911,114.0,120.0,1.0
4912,176.0,551.0,1.0
4913,64.0,177.0,1.0
4914,6.0,232.0,1.0
4915,213.0,50.0,1.0
4916,74.0,36.0,1.0
4917,71.0,498.0,1.0
4918,83.0,518.0,1.0
4919,5.0,95.0,1.0
4920,6.0,220.0,1.0
4921,116.0,147.0,1.0
4922,105.0,136.0,1.0
4923,49.0,227.0,1.0
4924,5.0,203.0,1.0
4925,242.0,213.0,1.0
4926,97.0,81.0,1.0
4927,218.0,278.0,1.0
4928,113.0,31.0,1.0
4929,79.0,229.0,1.0
4930,194.0,260.0,1.0
4931,160.0,147.0,1.0
4932,226.0,219.0,1.0
4933,247.0,19.0,1.0
4934,203.0,181.0,1.0
4935,193.0,25.0,1.0
4936,183.0,518.0,1.0
4937,89.0,209.0,1.0
4938,248.0,36.0,1.0
4939,134.0,146.0,1.0
4940,71.0,208.0,1.0
4941,56.0,10.0,1.0
4942,262.0,252.0,1.0
4943,248.0,79.0,1.0
4944,180.0,219.0,1.0
4945,157.0,408.0,1.0
4946,130.0,113.0,1.0
4947,139.0,100.0,1.0
4948,78.0,378.0,1.0
4949,262.0,95.0,1.0
4950,104.0,181.0,1.0
4951,259.0,206.0,1.0
4952,159.0,190.0,1.0
4953,57.0,37.0,1.0
4954,189.0,562.0,1.0
4955,200.0,537.0,1.0
4956,147.0,276.0,1.0
4957,216.0,175.0,1.0
4958,114.0,270.0,1.0
4959,56.0,452.0,1.0
4960,149.0,70.0,1.0
4961,82.0,91.0,1.0
4962,178.0,429.0,1.0
4963,170.0,126.0,1.0
4964,180.0,220.0,1.0
4965,117.0,408.0,1.0
4966,79.0,411.0,1.0
4967,149.0,364.0,1.0
4968,58.0,166.0,1.0
4969,155.0,64.0,1.0
4970,107.0,407.0,1.0
4971,37.0,50.0,1.0
4972,138.0,228.0,1.0
4973,141.0,103.0,1.0
4974,82.0,393.0,1.0
4975,266.0,516.0,1.0
4976,234.0,26.0,1.0
4977,49.0,127.0,1.0
4978,264.0,132.0,1.0
4979,226.0,192.0,1.0
4980,224.0,120.0,1.0
4981,60.0,190.0,1.0
4982,124.0,83.0,1.0
4983,148.0,241.0,1.0
4984,211.0,410.0,1.0
4985,64.0,24.0,1.0
4986,83.0,220.0,1.0
4987,90.0,336.0,1.0
4988,90.0,346.0,1.0
4989,212.0,267.0,1.0
4990,191.0,203.0,1.0
4991,138.0,50.0,1.0
4992,156.0,543.0,1.0
4993,218.0,103.0,1.0
4994,242.0,224.0,1.0
4995,89.0,57.0,1.0
4996,180.0,179.0,1.0
4997,7.0,150.0,1.0
4998,49.0,388.0,1.0
4999,147.0,213.0,1.0
5000,117.0,117.0,1.0
5001,103.0,103.0,1.0
5002,99.0,92.0,1.0
5003,224.0,395.0,1.0
5004,218.0,394.0,1.0
5005,208.0,337.0,1.0
5006,255.0,45.0,1.0
5007,207.0,263.0,1.0
5008,64.0,379.0,1.0
5009,178.0,112.0,1.0
5010,201.0,89.0,1.0
5011,257.0,343.0,1.0
5012,105.0,31.0,1.0
5013,145.0,89.0,1.0
5014,161.0,59.0,1.0
5015,231.0,349.0,1.0
5016,58.0,316.0,1.0
5017,195.0,527.0,1.0
5018,1.0,32.0,1.0
5019,147.0,342.0,1.0
5020,133.0,57.0,1.0
5021,248.0,88.0,1.0
5022,155.0,335.0,1.0
5023,147.0,39.0,1.0
5024,149.0,365.0,1.0
5025,78.0,14.0,1.0
5026,58.0,70.0,1.0
5027,226.0,543.0,1.0
5028,259.0,309.0,1.0
5029,13.0,340.0,1.0
5030,17.0,396.0,1.0
5031,149.0,77.0,1.0
5032,242.0,100.0,1.0
5033,160.0,58.0,1.0
5034,84.0,410.0,1.0
5035,165.0,148.0,1.0
5036,60.0,15.0,1.0
5037,64.0,337.0,1.0
5038,44.0,218.0,1.0
5039,93.0,10.0,1.0
5040,104.0,561.0,1.0
5041,178.0,70.0,1.0
5042,187.0,454.0,1.0
5043,226.0,66.0,1.0
5044,210.0,186.0,1.0
5045,147.0,574.0,1.0
5046,138.0,333.0,1.0
5047,91.0,240.0,1.0
5048,232.0,424.0,1.0
5049,82.0,260.0,1.0
5050,94.0,202.0,1.0
5051,82.0,106.0,1.0
5052,264.0,60.0,1.0
5053,158.0,44.0,1.0
5054,189.0,10.0,1.0
5055,116.0,252.0,1.0
5056,146.0,156.0,1.0
5057,191.0,329.0,1.0
5058,89.0,5.0,1.0
5059,181.0,47.0,1.0
5060,67.0,104.0,1.0
5061,227.0,425.0,1.0
5062,129.0,221.0,1.0
5063,69.0,532.0,1.0
5064,87.0,493.0,1.0
5065,73.0,99.0,1.0
5066,52.0,70.0,1.0
5067,211.0,113.0,1.0
5068,257.0,420.0,1.0
5069,56.0,12.0,1.0
5070,35.0,70.0,1.0
5071,43.0,47.0,1.0
5072,248.0,566.0,1.0
5073,199.0,225.0,1.0
5074,217.0,396.0,1.0
5075,182.0,233.0,1.0
5076,136.0,204.0,1.0
5077,178.0,4.0,1.0
5078,214.0,126.0,1.0
5079,180.0,113.0,1.0
5080,132.0,379.0,1.0
5081,71.0,477.0,1.0
5082,78.0,206.0,1.0
5083,225.0,89.0,1.0
5084,31.0,36.0,1.0
5085,106.0,240.0,1.0
5086,51.0,118.0,1.0
5087,247.0,243.0,1.0
5088,16.0,29.0,1.0
5089,82.0,546.0,1.0
5090,86.0,186.0,1.0
5091,158.0,100.0,1.0
5092,108.0,447.0,1.0
5093,130.0,287.0,1.0
5094,178.0,92.0,1.0
5095,65.0,332.0,1.0
5096,191.0,269.0,1.0
5097,82.0,3.0,1.0
5098,177.0,175.0,1.0
5099,116.0,173.0,1.0
5100,146.0,577.0,1.0
5101,211.0,47.0,1.0
5102,162.0,570.0,1.0
5103,75.0,77.0,1.0
5104,139.0,409.0,1.0
5105,56.0,438.0,1.0
5106,87.0,498.0,1.0
5107,95.0,103.0,1.0
5108,90.0,199.0,1.0
5109,88.0,128.0,1.0
5110,32.0,10.0,1.0
5111,264.0,457.0,1.0
5112,214.0,111.0,1.0
5113,223.0,203.0,1.0
5114,223.0,395.0,1.0
5115,153.0,59.0,1.0
5116,83.0,245.0,1.0
5117,90.0,178.0,1.0
5118,136.0,549.0,1.0
5119,191.0,130.0,1.0
5120,178.0,504.0,1.0
5121,132.0,100.0,1.0
5122,148.0,38.0,1.0
5123,186.0,50.0,1.0
5124,17.0,158.0,1.0
5125,139.0,388.0,1.0
5126,48.0,274.0,1.0
5127,26.0,243.0,1.0
5128,90.0,21.0,1.0
5129,104.0,500.0,1.0
5130,37.0,241.0,1.0
5131,64.0,130.0,1.0
5132,51.0,478.0,1.0
5133,90.0,494.0,1.0
5134,98.0,70.0,1.0
5135,101.0,178.0,1.0
5136,12.0,277.0,1.0
5137,79.0,415.0,1.0
5138,130.0,50.0,1.0
5139,132.0,116.0,1.0
5140,144.0,257.0,1.0
5141,210.0,66.0,1.0
5142,189.0,117.0,1.0
5143,223.0,34.0,1.0
5144,226.0,272.0,1.0
5145,53.0,500.0,1.0
5146,90.0,272.0,1.0
5147,214.0,45.0,1.0
5148,72.0,146.0,1.0
5149,3.0,168.0,1.0
5150,130.0,484.0,1.0
5151,22.0,429.0,1.0
5152,87.0,541.0,1.0
5153,96.0,112.0,1.0
5154,88.0,222.0,1.0
5155,230.0,11.0,1.0
5156,167.0,134.0,1.0
5157,128.0,50.0,1.0
5158,71.0,332.0,1.0
5159,165.0,440.0,1.0
5160,139.0,25.0,1.0
5161,205.0,17.0,1.0
5162,150.0,94.0,1.0
5163,89.0,70.0,1.0
5164,37.0,10.0,1.0
5165,86.0,112.0,1.0
5166,224.0,279.0,1.0
5167,51.0,522.0,1.0
5168,129.0,39.0,1.0
5169,147.0,281.0,1.0
5170,149.0,69.0,1.0
5171,205.0,103.0,1.0
5172,140.0,103.0,1.0
5173,64.0,562.0,1.0
5174,175.0,14.0,1.0
5175,217.0,223.0,1.0
5176,108.0,229.0,1.0
5177,126.0,231.0,1.0
5178,177.0,252.0,1.0
5179,177.0,331.0,1.0
5180,246.0,362.0,1.0
5181,71.0,24.0,1.0
5182,189.0,1.0,1.0
5183,3.0,129.0,1.0
5184,181.0,36.0,1.0
5185,248.0,161.0,1.0
5186,164.0,117.0,1.0
5187,95.0,242.0,1.0
5188,165.0,378.0,1.0
5189,2.0,99.0,1.0
5190,255.0,20.0,1.0
5191,97.0,398.0,1.0
5192,246.0,252.0,1.0
5193,178.0,57.0,1.0
5194,144.0,273.0,1.0
5195,203.0,263.0,1.0
5196,84.0,89.0,1.0
5197,218.0,9.0,1.0
5198,183.0,413.0,1.0
5199,207.0,83.0,1.0
5200,2.0,143.0,1.0
5201,64.0,470.0,1.0
5202,223.0,534.0,1.0
5203,51.0,82.0,1.0
5204,7.0,143.0,1.0
5205,145.0,282.0,1.0
5206,132.0,217.0,1.0
5207,203.0,292.0,1.0
5208,108.0,576.0,1.0
5209,194.0,79.0,1.0
5210,110.0,445.0,1.0
5211,178.0,231.0,1.0
5212,147.0,282.0,1.0
5213,82.0,456.0,1.0
5214,223.0,77.0,1.0
5215,94.0,93.0,1.0
5216,82.0,379.0,1.0
5217,195.0,272.0,1.0
5218,142.0,92.0,1.0
5219,77.0,245.0,1.0
5220,158.0,534.0,1.0
5221,56.0,469.0,1.0
5222,8.0,247.0,1.0
5223,65.0,488.0,1.0
5224,123.0,66.0,1.0
5225,209.0,351.0,1.0
5226,178.0,51.0,1.0
5227,207.0,130.0,1.0
5228,194.0,66.0,1.0
5229,84.0,77.0,1.0
5230,130.0,30.0,1.0
5231,89.0,343.0,1.0
5232,249.0,241.0,1.0
5233,17.0,382.0,1.0
5234,96.0,280.0,1.0
5235,84.0,367.0,1.0
5236,107.0,348.0,1.0
5237,22.0,311.0,1.0
5238,5.0,36.0,1.0
5239,258.0,31.0,1.0
5240,239.0,522.0,1.0
5241,234.0,57.0,1.0
5242,190.0,191.0,1.0
5243,39.0,416.0,1.0
5244,84.0,357.0,1.0
5245,135.0,575.0,1.0
5246,230.0,118.0,1.0
5247,33.0,58.0,1.0
5248,183.0,390.0,1.0
5249,165.0,214.0,1.0
5250,29.0,225.0,1.0
5251,214.0,206.0,1.0
5252,182.0,517.0,1.0
5253,144.0,33.0,1.0
5254,156.0,531.0,1.0
5255,82.0,144.0,1.0
5256,209.0,226.0,1.0
5257,114.0,545.0,1.0
5258,16.0,215.0,1.0
5259,187.0,474.0,1.0
5260,69.0,518.0,1.0
5261,164.0,209.0,1.0
5262,147.0,32.0,1.0
5263,263.0,337.0,1.0
5264,147.0,120.0,1.0
5265,89.0,74.0,1.0
5266,113.0,78.0,1.0
5267,173.0,147.0,1.0
5268,71.0,86.0,1.0
5269,133.0,510.0,1.0
5270,256.0,372.0,1.0
5271,122.0,147.0,1.0
5272,44.0,342.0,1.0
5273,77.0,36.0,1.0
5274,126.0,66.0,1.0
5275,163.0,317.0,1.0
5276,184.0,411.0,1.0
5277,162.0,81.0,1.0
5278,195.0,64.0,1.0
5279,146.0,102.0,1.0
5280,23.0,175.0,1.0
5281,126.0,185.0,1.0
5282,38.0,102.0,1.0
5283,183.0,28.0,1.0
5284,65.0,77.0,1.0
5285,178.0,495.0,1.0
5286,16.0,356.0,1.0
5287,1.0,63.0,1.0
5288,2.0,116.0,1.0
5289,203.0,88.0,1.0
5290,100.0,44.0,1.0
5291,102.0,82.0,1.0
5292,65.0,99.0,1.0
5293,193.0,170.0,1.0
5294,78.0,39.0,1.0
5295,108.0,226.0,1.0
5296,96.0,479.0,1.0
5297,257.0,113.0,1.0
5298,156.0,453.0,1.0
5299,11.0,294.0,1.0
5300,1.0,85.0,1.0
5301,185.0,219.0,1.0
5302,71.0,237.0,1.0
5303,268.0,106.0,1.0
5304,227.0,447.0,1.0
5305,208.0,382.0,1.0
5306,210.0,123.0,1.0
5307,136.0,255.0,1.0
5308,30.0,147.0,1.0
5309,123.0,247.0,1.0
5310,178.0,398.0,1.0
5311,91.0,45.0,1.0
5312,165.0,106.0,1.0
5313,258.0,86.0,1.0
5314,2.0,131.0,1.0
5315,147.0,18.0,1.0
5316,44.0,484.0,1.0
5317,9.0,267.0,1.0
5318,259.0,138.0,1.0
5319,226.0,177.0,1.0
5320,259.0,177.0,1.0
5321,10.0,89.0,1.0
5322,182.0,594.0,1.0
5323,200.0,241.0,1.0
5324,38.0,442.0,1.0
5325,78.0,387.0,1.0
5326,131.0,81.0,1.0
5327,189.0,229.0,1.0
5328,178.0,195.0,1.0
5329,123.0,448.0,1.0
5330,194.0,420.0,1.0
5331,186.0,65.0,1.0
5332,114.0,84.0,1.0
5333,234.0,5.0,1.0
5334,90.0,120.0,1.0
5335,122.0,27.0,1.0
5336,78.0,0.0,1.0
5337,104.0,49.0,1.0
5338,96.0,282.0,1.0
5339,39.0,398.0,1.0
5340,137.0,62.0,1.0
5341,142.0,122.0,1.0
5342,82.0,485.0,1.0
5343,49.0,357.0,1.0
5344,190.0,409.0,1.0
5345,34.0,136.0,1.0
5346,249.0,494.0,1.0
5347,37.0,316.0,1.0
5348,9.0,69.0,1.0
5349,17.0,377.0,1.0
5350,21.0,241.0,1.0
5351,60.0,472.0,1.0
5352,104.0,103.0,1.0
5353,19.0,291.0,1.0
5354,28.0,367.0,1.0
5355,214.0,59.0,1.0
5356,184.0,367.0,1.0
5357,178.0,410.0,1.0
5358,156.0,596.0,1.0
5359,68.0,238.0,1.0
5360,234.0,49.0,1.0
5361,96.0,126.0,1.0
5362,62.0,505.0,1.0
5363,194.0,77.0,1.0
5364,223.0,310.0,1.0
5365,130.0,155.0,1.0
5366,136.0,399.0,1.0
5367,74.0,256.0,1.0
5368,174.0,482.0,1.0
5369,31.0,219.0,1.0
5370,155.0,238.0,1.0
5371,2.0,84.0,1.0
5372,199.0,156.0,1.0
5373,164.0,413.0,1.0
5374,127.0,80.0,1.0
5375,147.0,542.0,1.0
5376,72.0,156.0,1.0
5377,168.0,386.0,1.0
5378,10.0,153.0,1.0
5379,218.0,65.0,1.0
5380,234.0,382.0,1.0
5381,131.0,40.0,1.0
5382,116.0,102.0,1.0
5383,102.0,333.0,1.0
5384,126.0,420.0,1.0
5385,83.0,59.0,1.0
5386,84.0,147.0,1.0
5387,181.0,556.0,1.0
5388,186.0,463.0,1.0
5389,102.0,23.0,1.0
5390,150.0,280.0,1.0
5391,153.0,89.0,1.0
5392,74.0,116.0,1.0
5393,98.0,241.0,1.0
5394,202.0,47.0,1.0
5395,176.0,120.0,1.0
5396,141.0,478.0,1.0
5397,100.0,597.0,1.0
5398,158.0,138.0,1.0
5399,127.0,517.0,1.0
5400,39.0,305.0,1.0
5401,51.0,369.0,1.0
5402,87.0,78.0,1.0
5403,194.0,91.0,1.0
5404,130.0,420.0,1.0
5405,104.0,118.0,1.0
5406,254.0,103.0,1.0
5407,211.0,159.0,1.0
5408,53.0,507.0,1.0
5409,116.0,175.0,1.0
5410,227.0,20.0,1.0
5411,209.0,81.0,1.0
5412,164.0,181.0,1.0
5413,154.0,47.0,1.0
5414,158.0,222.0,1.0
5415,207.0,295.0,1.0
5416,52.0,402.0,1.0
5417,161.0,377.0,1.0
5418,94.0,206.0,1.0
5419,173.0,447.0,1.0
5420,48.0,247.0,1.0
5421,195.0,204.0,1.0
5422,128.0,82.0,1.0
5423,226.0,123.0,1.0
5424,103.0,5.0,1.0
5425,226.0,214.0,1.0
5426,79.0,337.0,1.0
5427,105.0,571.0,1.0
5428,153.0,218.0,1.0
5429,186.0,105.0,1.0
5430,189.0,7.0,1.0
5431,81.0,31.0,1.0
5432,136.0,248.0,1.0
5433,182.0,270.0,1.0
5434,262.0,304.0,1.0
5435,64.0,538.0,1.0
5436,84.0,14.0,1.0
5437,206.0,7.0,1.0
5438,176.0,111.0,1.0
5439,145.0,130.0,1.0
5440,178.0,356.0,1.0
5441,51.0,515.0,1.0
5442,81.0,474.0,1.0
5443,95.0,111.0,1.0
5444,175.0,156.0,1.0
5445,135.0,204.0,1.0
5446,232.0,361.0,1.0
5447,229.0,245.0,1.0
5448,231.0,168.0,1.0
5449,16.0,88.0,1.0
5450,82.0,495.0,1.0
5451,64.0,118.0,1.0
5452,145.0,40.0,1.0
5453,155.0,548.0,1.0
5454,249.0,58.0,1.0
5455,172.0,310.0,1.0
5456,17.0,374.0,1.0
5457,264.0,51.0,1.0
5458,16.0,301.0,1.0
5459,250.0,246.0,1.0
5460,108.0,19.0,1.0
5461,88.0,10.0,1.0
5462,53.0,413.0,1.0
5463,165.0,62.0,1.0
5464,181.0,133.0,1.0
5465,233.0,247.0,1.0
5466,79.0,471.0,1.0
5467,250.0,125.0,1.0
5468,9.0,201.0,1.0
5469,247.0,460.0,1.0
5470,47.0,120.0,1.0
5471,64.0,126.0,1.0
5472,53.0,391.0,1.0
5473,22.0,431.0,1.0
5474,37.0,458.0,1.0
5475,261.0,143.0,1.0
5476,135.0,251.0,1.0
5477,78.0,388.0,1.0
5478,33.0,66.0,1.0
5479,56.0,481.0,1.0
5480,103.0,581.0,1.0
5481,256.0,181.0,1.0
5482,82.0,507.0,1.0
5483,99.0,39.0,1.0
5484,84.0,548.0,1.0
5485,73.0,113.0,1.0
5486,20.0,143.0,1.0
5487,19.0,45.0,1.0
5488,114.0,195.0,1.0
5489,207.0,352.0,1.0
5490,87.0,592.0,1.0
5491,148.0,175.0,1.0
5492,147.0,50.0,1.0
5493,11.0,311.0,1.0
5494,185.0,58.0,1.0
5495,17.0,389.0,1.0
5496,65.0,399.0,1.0
5497,264.0,201.0,1.0
5498,132.0,197.0,1.0
5499,23.0,133.0,1.0
5500,71.0,195.0,1.0
5501,64.0,3.0,1.0
5502,51.0,208.0,1.0
5503,64.0,295.0,1.0
5504,157.0,280.0,1.0
5505,147.0,160.0,1.0
5506,162.0,111.0,1.0
5507,27.0,122.0,1.0
5508,259.0,241.0,1.0
5509,168.0,197.0,1.0
5510,121.0,119.0,1.0
5511,51.0,147.0,1.0
5512,147.0,524.0,1.0
5513,102.0,91.0,1.0
5514,259.0,434.0,1.0
5515,46.0,266.0,1.0
5516,169.0,124.0,1.0
5517,51.0,384.0,1.0
5518,61.0,468.0,1.0
5519,82.0,100.0,1.0
5520,52.0,79.0,1.0
5521,239.0,501.0,1.0
5522,186.0,31.0,1.0
5523,195.0,190.0,1.0
5524,155.0,92.0,1.0
5525,102.0,359.0,1.0
5526,179.0,416.0,1.0
5527,85.0,266.0,1.0
5528,207.0,495.0,1.0
5529,48.0,76.0,1.0
5530,266.0,580.0,1.0
5531,75.0,216.0,1.0
5532,195.0,287.0,1.0
5533,16.0,264.0,1.0
5534,196.0,214.0,1.0
5535,256.0,525.0,1.0
5536,106.0,44.0,1.0
5537,9.0,278.0,1.0
5538,133.0,22.0,1.0
5539,145.0,561.0,1.0
5540,42.0,320.0,1.0
5541,70.0,97.0,1.0
5542,181.0,143.0,1.0
5543,191.0,65.0,1.0
5544,69.0,127.0,1.0
5545,40.0,468.0,1.0
5546,64.0,253.0,1.0
5547,165.0,293.0,1.0
5548,135.0,310.0,1.0
5549,15.0,59.0,1.0
5550,75.0,43.0,1.0
5551,189.0,320.0,1.0
5552,248.0,230.0,1.0
5553,81.0,86.0,1.0
5554,158.0,58.0,1.0
5555,207.0,219.0,1.0
5556,123.0,356.0,1.0
5557,187.0,394.0,1.0
5558,189.0,357.0,1.0
5559,214.0,420.0,1.0
5560,178.0,562.0,1.0
5561,211.0,398.0,1.0
5562,24.0,12.0,1.0
5563,88.0,347.0,1.0
5564,246.0,309.0,1.0
5565,33.0,35.0,1.0
5566,164.0,378.0,1.0
5567,56.0,348.0,1.0
5568,81.0,39.0,1.0
5569,83.0,395.0,1.0
5570,89.0,434.0,1.0
5571,155.0,463.0,1.0
5572,84.0,100.0,1.0
5573,256.0,47.0,1.0
5574,56.0,107.0,1.0
5575,102.0,59.0,1.0
5576,86.0,133.0,1.0
5577,175.0,490.0,1.0
5578,237.0,243.0,1.0
5579,84.0,275.0,1.0
5580,104.0,59.0,1.0
5581,132.0,153.0,1.0
5582,117.0,386.0,1.0
5583,250.0,10.0,1.0
5584,74.0,424.0,1.0
5585,197.0,320.0,1.0
5586,205.0,458.0,1.0
5587,250.0,124.0,1.0
5588,147.0,238.0,1.0
5589,225.0,300.0,1.0
5590,9.0,264.0,1.0
5591,102.0,95.0,1.0
5592,82.0,120.0,1.0
5593,196.0,191.0,1.0
5594,56.0,278.0,1.0
5595,195.0,20.0,1.0
5596,165.0,501.0,1.0
5597,84.0,589.0,1.0
5598,248.0,40.0,1.0
5599,163.0,294.0,1.0
5600,177.0,68.0,1.0
5601,79.0,400.0,1.0
5602,19.0,103.0,1.0
5603,52.0,222.0,1.0
5604,178.0,530.0,1.0
5605,207.0,293.0,1.0
5606,102.0,497.0,1.0
5607,62.0,147.0,1.0
5608,100.0,126.0,1.0
5609,65.0,48.0,1.0
5610,195.0,223.0,1.0
5611,211.0,143.0,1.0
5612,181.0,404.0,1.0
5613,180.0,56.0,1.0
5614,186.0,218.0,1.0
5615,5.0,209.0,1.0
5616,218.0,485.0,1.0
5617,133.0,150.0,1.0
5618,162.0,69.0,1.0
5619,134.0,191.0,1.0
5620,89.0,386.0,1.0
5621,223.0,286.0,1.0
5622,97.0,10.0,1.0
5623,164.0,120.0,1.0
5624,128.0,230.0,1.0
5625,145.0,409.0,1.0
5626,164.0,266.0,1.0
5627,264.0,166.0,1.0
5628,17.0,368.0,1.0
5629,179.0,117.0,1.0
5630,75.0,89.0,1.0
5631,200.0,36.0,1.0
5632,259.0,112.0,1.0
5633,2.0,114.0,1.0
5634,65.0,1.0,1.0
5635,2.0,25.0,1.0
5636,200.0,208.0,1.0
5637,193.0,523.0,1.0
5638,87.0,62.0,1.0
5639,105.0,148.0,1.0
5640,219.0,460.0,1.0
5641,75.0,47.0,1.0
5642,135.0,392.0,1.0
5643,147.0,551.0,1.0
5644,102.0,356.0,1.0
5645,212.0,371.0,1.0
5646,42.0,412.0,1.0
5647,230.0,91.0,1.0
5648,257.0,202.0,1.0
5649,8.0,252.0,1.0
5650,84.0,91.0,1.0
5651,149.0,124.0,1.0
5652,38.0,281.0,1.0
5653,14.0,103.0,1.0
5654,148.0,427.0,1.0
5655,42.0,223.0,1.0
5656,51.0,219.0,1.0
5657,258.0,592.0,1.0
5658,202.0,143.0,1.0
5659,144.0,125.0,1.0
5660,102.0,532.0,1.0
5661,249.0,134.0,1.0
5662,104.0,104.0,1.0
5663,135.0,214.0,1.0
5664,105.0,168.0,1.0
5665,149.0,81.0,1.0
5666,102.0,163.0,1.0
5667,56.0,254.0,1.0
5668,60.0,58.0,1.0
5669,189.0,58.0,1.0
5670,183.0,532.0,1.0
5671,183.0,0.0,1.0
5672,41.0,22.0,1.0
5673,230.0,97.0,1.0
5674,156.0,185.0,1.0
5675,65.0,383.0,1.0
5676,65.0,111.0,1.0
5677,130.0,234.0,1.0
5678,82.0,353.0,1.0
5679,82.0,355.0,1.0
5680,118.0,175.0,1.0
5681,262.0,318.0,1.0
5682,165.0,80.0,1.0
5683,87.0,326.0,1.0
5684,229.0,281.0,1.0
5685,74.0,12.0,1.0
5686,11.0,58.0,1.0
5687,261.0,159.0,1.0
5688,149.0,143.0,1.0
5689,128.0,24.0,1.0
5690,30.0,120.0,1.0
5691,84.0,127.0,1.0
5692,181.0,66.0,1.0
5693,188.0,334.0,1.0
5694,199.0,147.0,1.0
5695,138.0,460.0,1.0
5696,89.0,136.0,1.0
5697,18.0,50.0,1.0
5698,156.0,0.0,1.0
5699,83.0,20.0,1.0
5700,137.0,190.0,1.0
5701,202.0,108.0,1.0
5702,65.0,202.0,1.0
5703,191.0,313.0,1.0
5704,85.0,474.0,1.0
5705,85.0,540.0,1.0
5706,102.0,306.0,1.0
5707,182.0,510.0,1.0
5708,156.0,146.0,1.0
5709,97.0,95.0,1.0
5710,251.0,349.0,1.0
5711,153.0,234.0,1.0
5712,117.0,216.0,1.0
5713,98.0,453.0,1.0
5714,71.0,216.0,1.0
5715,158.0,543.0,1.0
5716,252.0,256.0,1.0
5717,52.0,305.0,1.0
5718,27.0,409.0,1.0
5719,252.0,181.0,1.0
5720,129.0,374.0,1.0
5721,113.0,399.0,1.0
5722,117.0,287.0,1.0
5723,35.0,56.0,1.0
5724,9.0,26.0,1.0
5725,65.0,228.0,1.0
5726,214.0,47.0,1.0
5727,52.0,126.0,1.0
5728,180.0,367.0,1.0
5729,161.0,496.0,1.0
5730,61.0,45.0,1.0
5731,103.0,184.0,1.0
5732,129.0,204.0,1.0
5733,87.0,392.0,1.0
5734,98.0,147.0,1.0
5735,113.0,103.0,1.0
5736,223.0,79.0,1.0
5737,176.0,206.0,1.0
5738,58.0,179.0,1.0
5739,101.0,510.0,1.0
5740,237.0,47.0,1.0
5741,257.0,36.0,1.0
5742,77.0,209.0,1.0
5743,108.0,66.0,1.0
5744,94.0,267.0,1.0
5745,256.0,394.0,1.0
5746,196.0,126.0,1.0
5747,9.0,165.0,1.0
5748,84.0,19.0,1.0
5749,165.0,21.0,1.0
5750,162.0,156.0,1.0
5751,180.0,11.0,1.0
5752,205.0,201.0,1.0
5753,267.0,143.0,1.0
5754,147.0,271.0,1.0
5755,197.0,399.0,1.0
5756,128.0,67.0,1.0
5757,179.0,471.0,1.0
5758,52.0,196.0,1.0
5759,179.0,55.0,1.0
5760,232.0,55.0,1.0
5761,17.0,57.0,1.0
5762,82.0,104.0,1.0
5763,61.0,455.0,1.0
5764,255.0,463.0,1.0
5765,182.0,157.0,1.0
5766,114.0,333.0,1.0
5767,218.0,146.0,1.0
5768,205.0,236.0,1.0
5769,162.0,61.0,1.0
5770,102.0,146.0,1.0
5771,223.0,124.0,1.0
5772,45.0,125.0,1.0
5773,247.0,146.0,1.0
5774,228.0,326.0,1.0
5775,69.0,268.0,1.0
5776,14.0,11.0,1.0
5777,147.0,20.0,1.0
5778,233.0,39.0,1.0
5779,122.0,143.0,1.0
5780,185.0,201.0,1.0
5781,2.0,102.0,1.0
5782,49.0,48.0,1.0
5783,182.0,83.0,1.0
5784,148.0,332.0,1.0
5785,34.0,100.0,1.0
5786,105.0,514.0,1.0
5787,65.0,522.0,1.0
5788,51.0,103.0,1.0
5789,56.0,441.0,1.0
5790,131.0,9.0,1.0
5791,11.0,277.0,1.0
5792,217.0,227.0,1.0
5793,97.0,36.0,1.0
5794,203.0,111.0,1.0
5795,149.0,311.0,1.0
5796,103.0,469.0,1.0
5797,149.0,275.0,1.0
5798,156.0,112.0,1.0
5799,122.0,533.0,1.0
5800,0.0,7.0,1.0
5801,199.0,508.0,1.0
5802,47.0,47.0,1.0
5803,19.0,128.0,1.0
5804,187.0,95.0,1.0
5805,57.0,34.0,1.0
5806,149.0,82.0,1.0
5807,189.0,136.0,1.0
5808,31.0,126.0,1.0
5809,178.0,518.0,1.0
5810,198.0,141.0,1.0
5811,87.0,196.0,1.0
5812,136.0,262.0,1.0
5813,153.0,219.0,1.0
5814,22.0,129.0,1.0
5815,106.0,254.0,1.0
5816,96.0,156.0,1.0
5817,156.0,125.0,1.0
5818,84.0,9.0,1.0
5819,231.0,304.0,1.0
5820,179.0,195.0,1.0
5821,89.0,252.0,1.0
5822,105.0,81.0,1.0
5823,65.0,176.0,1.0
5824,196.0,296.0,1.0
5825,48.0,146.0,1.0
5826,156.0,454.0,1.0
5827,178.0,392.0,1.0
5828,211.0,107.0,1.0
5829,224.0,19.0,1.0
5830,105.0,230.0,1.0
5831,153.0,148.0,1.0
5832,148.0,288.0,1.0
5833,229.0,389.0,1.0
5834,203.0,146.0,1.0
5835,89.0,315.0,1.0
5836,56.0,244.0,1.0
5837,165.0,421.0,1.0
5838,153.0,249.0,1.0
5839,78.0,190.0,1.0
5840,44.0,323.0,1.0
5841,146.0,99.0,1.0
5842,136.0,10.0,1.0
5843,90.0,255.0,1.0
5844,161.0,343.0,1.0
5845,147.0,356.0,1.0
5846,255.0,68.0,1.0
5847,78.0,464.0,1.0
5848,213.0,146.0,1.0
5849,105.0,250.0,1.0
5850,102.0,259.0,1.0
5851,2.0,111.0,1.0
5852,51.0,386.0,1.0
5853,229.0,168.0,1.0
5854,79.0,0.0,1.0
5855,58.0,159.0,1.0
5856,72.0,36.0,1.0
5857,158.0,536.0,1.0
5858,222.0,515.0,1.0
5859,135.0,391.0,1.0
5860,82.0,337.0,1.0
5861,170.0,45.0,1.0
5862,209.0,175.0,1.0
5863,207.0,113.0,1.0
5864,106.0,70.0,1.0
5865,102.0,70.0,1.0
5866,231.0,52.0,1.0
5867,148.0,400.0,1.0
5868,256.0,326.0,1.0
5869,103.0,495.0,1.0
5870,229.0,172.0,1.0
5871,232.0,29.0,1.0
5872,26.0,408.0,1.0
5873,200.0,9.0,1.0
5874,40.0,66.0,1.0
5875,69.0,156.0,1.0
5876,15.0,219.0,1.0
5877,135.0,382.0,1.0
5878,266.0,415.0,1.0
5879,86.0,384.0,1.0
5880,261.0,255.0,1.0
5881,114.0,39.0,1.0
5882,19.0,100.0,1.0
5883,84.0,65.0,1.0
5884,217.0,460.0,1.0
5885,261.0,135.0,1.0
5886,182.0,113.0,1.0
5887,92.0,351.0,1.0
5888,218.0,1.0,1.0
5889,89.0,204.0,1.0
5890,68.0,392.0,1.0
5891,139.0,202.0,1.0
5892,79.0,92.0,1.0
5893,218.0,294.0,1.0
5894,86.0,221.0,1.0
5895,228.0,118.0,1.0
5896,116.0,178.0,1.0
5897,175.0,326.0,1.0
5898,20.0,129.0,1.0
5899,248.0,61.0,1.0
5900,135.0,152.0,1.0
5901,91.0,175.0,1.0
5902,113.0,475.0,1.0
5903,123.0,242.0,1.0
5904,99.0,81.0,1.0
5905,242.0,22.0,1.0
5906,139.0,0.0,1.0
5907,232.0,594.0,1.0
5908,145.0,368.0,1.0
5909,231.0,57.0,1.0
5910,134.0,118.0,1.0
5911,98.0,66.0,1.0
5912,127.0,388.0,1.0
5913,16.0,276.0,1.0
5914,78.0,179.0,1.0
5915,203.0,336.0,1.0
5916,56.0,487.0,1.0
5917,194.0,256.0,1.0
5918,115.0,121.0,1.0
5919,98.0,47.0,1.0
5920,43.0,0.0,1.0
5921,122.0,432.0,1.0
5922,102.0,90.0,1.0
5923,64.0,111.0,1.0
5924,90.0,571.0,1.0
5925,145.0,367.0,1.0
5926,90.0,344.0,1.0
5927,56.0,343.0,1.0
5928,45.0,494.0,1.0
5929,71.0,310.0,1.0
5930,182.0,175.0,1.0
5931,255.0,260.0,1.0
5932,139.0,186.0,1.0
5933,1.0,66.0,1.0
5934,245.0,231.0,1.0
5935,262.0,124.0,1.0
5936,132.0,122.0,1.0
5937,81.0,189.0,1.0
5938,65.0,458.0,1.0
5939,64.0,315.0,1.0
5940,248.0,89.0,1.0
5941,31.0,208.0,1.0
5942,56.0,490.0,1.0
5943,44.0,120.0,1.0
5944,121.0,22.0,1.0
5945,158.0,272.0,1.0
5946,144.0,566.0,1.0
5947,62.0,488.0,1.0
5948,71.0,47.0,1.0
5949,83.0,474.0,1.0
5950,102.0,191.0,1.0
5951,164.0,35.0,1.0
5952,90.0,350.0,1.0
5953,151.0,209.0,1.0
5954,49.0,230.0,1.0
5955,145.0,221.0,1.0
5956,65.0,173.0,1.0
5957,228.0,204.0,1.0
5958,223.0,371.0,1.0
5959,129.0,407.0,1.0
5960,196.0,131.0,1.0
5961,82.0,409.0,1.0
5962,133.0,416.0,1.0
5963,42.0,393.0,1.0
5964,65.0,330.0,1.0
5965,64.0,138.0,1.0
5966,82.0,250.0,1.0
5967,149.0,146.0,1.0
5968,114.0,499.0,1.0
5969,218.0,68.0,1.0
5970,89.0,121.0,1.0
5971,251.0,23.0,1.0
5972,79.0,191.0,1.0
5973,203.0,448.0,1.0
5974,165.0,208.0,1.0
5975,4.0,169.0,1.0
5976,181.0,571.0,1.0
5977,147.0,548.0,1.0
5978,9.0,246.0,1.0
5979,64.0,233.0,1.0
5980,51.0,392.0,1.0
5981,133.0,10.0,1.0
5982,141.0,40.0,1.0
5983,191.0,256.0,1.0
5984,248.0,241.0,1.0
5985,65.0,564.0,1.0
5986,105.0,227.0,1.0
5987,31.0,454.0,1.0
5988,46.0,233.0,1.0
5989,148.0,385.0,1.0
5990,156.0,423.0,1.0
5991,178.0,192.0,1.0
5992,1.0,23.0,1.0
5993,117.0,10.0,1.0
5994,103.0,10.0,1.0
5995,199.0,36.0,1.0
5996,149.0,46.0,1.0
5997,150.0,147.0,1.0
5998,233.0,274.0,1.0
5999,218.0,444.0,1.0
6000,182.0,215.0,1.0
6001,82.0,529.0,1.0
6002,126.0,516.0,1.0
6003,44.0,52.0,1.0
6004,51.0,164.0,1.0
6005,67.0,529.0,1.0
6006,113.0,207.0,1.0
6007,150.0,91.0,1.0
6008,63.0,337.0,1.0
6009,222.0,156.0,1.0
6010,87.0,91.0,1.0
6011,178.0,247.0,1.0
6012,18.0,421.0,1.0
6013,96.0,103.0,1.0
6014,69.0,343.0,1.0
6015,183.0,175.0,1.0
6016,248.0,541.0,1.0
6017,259.0,146.0,1.0
6018,115.0,222.0,1.0
6019,141.0,538.0,1.0
6020,114.0,48.0,1.0
6021,114.0,591.0,1.0
6022,248.0,46.0,1.0
6023,200.0,285.0,1.0
6024,182.0,564.0,1.0
6025,182.0,290.0,1.0
6026,224.0,12.0,1.0
6027,261.0,39.0,1.0
6028,247.0,57.0,1.0
6029,103.0,460.0,1.0
6030,168.0,58.0,1.0
6031,259.0,354.0,1.0
6032,150.0,111.0,1.0
6033,257.0,282.0,1.0
6034,1.0,39.0,1.0
6035,104.0,424.0,1.0
6036,115.0,95.0,1.0
6037,182.0,246.0,1.0
6038,207.0,570.0,1.0
6039,105.0,69.0,1.0
6040,144.0,5.0,1.0
6041,144.0,505.0,1.0
6042,81.0,157.0,1.0
6043,89.0,75.0,1.0
6044,258.0,191.0,1.0
6045,1.0,17.0,1.0
6046,79.0,66.0,1.0
6047,44.0,83.0,1.0
6048,86.0,378.0,1.0
6049,51.0,97.0,1.0
6050,47.0,128.0,1.0
6051,193.0,201.0,1.0
6052,200.0,60.0,1.0
6053,60.0,300.0,1.0
6054,56.0,317.0,1.0
6055,91.0,14.0,1.0
6056,182.0,198.0,1.0
6057,160.0,177.0,1.0
6058,182.0,154.0,1.0
6059,248.0,126.0,1.0
6060,100.0,315.0,1.0
6061,226.0,44.0,1.0
6062,219.0,290.0,1.0
6063,173.0,120.0,1.0
6064,32.0,262.0,1.0
6065,70.0,255.0,1.0
6066,186.0,191.0,1.0
6067,21.0,130.0,1.0
6068,133.0,496.0,1.0
6069,117.0,404.0,1.0
6070,244.0,122.0,1.0
6071,144.0,381.0,1.0
6072,134.0,484.0,1.0
6073,29.0,263.0,1.0
6074,146.0,178.0,1.0
6075,178.0,436.0,1.0
6076,147.0,103.0,1.0
6077,136.0,45.0,1.0
6078,264.0,269.0,1.0
6079,123.0,226.0,1.0
6080,158.0,427.0,1.0
6081,53.0,138.0,1.0
6082,181.0,22.0,1.0
6083,85.0,99.0,1.0
6084,228.0,64.0,1.0
6085,65.0,379.0,1.0
6086,63.0,224.0,1.0
6087,51.0,463.0,1.0
6088,83.0,326.0,1.0
6089,156.0,59.0,1.0
6090,187.0,103.0,1.0
6091,48.0,316.0,1.0
6092,162.0,251.0,1.0
6093,126.0,356.0,1.0
6094,11.0,292.0,1.0
6095,75.0,367.0,1.0
6096,262.0,191.0,1.0
6097,258.0,91.0,1.0
6098,82.0,185.0,1.0
6099,21.0,146.0,1.0
6100,89.0,117.0,1.0
6101,96.0,12.0,1.0
6102,142.0,204.0,1.0
6103,65.0,80.0,1.0
6104,84.0,270.0,1.0
6105,49.0,216.0,1.0
6106,40.0,146.0,1.0
6107,35.0,169.0,1.0
6108,264.0,113.0,1.0
6109,234.0,434.0,1.0
6110,160.0,153.0,1.0
6111,227.0,253.0,1.0
6112,56.0,315.0,1.0
6113,130.0,579.0,1.0
6114,105.0,358.0,1.0
6115,117.0,100.0,1.0
6116,67.0,356.0,1.0
6117,201.0,209.0,1.0
6118,82.0,93.0,1.0
6119,64.0,289.0,1.0
6120,143.0,567.0,1.0
6121,87.0,114.0,1.0
6122,194.0,195.0,1.0
6123,17.0,33.0,1.0
6124,225.0,556.0,1.0
6125,178.0,573.0,1.0
6126,127.0,47.0,1.0
6127,234.0,472.0,1.0
6128,244.0,317.0,1.0
6129,116.0,60.0,1.0
6130,100.0,382.0,1.0
6131,194.0,399.0,1.0
6132,11.0,158.0,1.0
6133,164.0,190.0,1.0
6134,182.0,202.0,1.0
6135,189.0,227.0,1.0
6136,56.0,247.0,1.0
6137,196.0,546.0,1.0
6138,226.0,265.0,1.0
6139,84.0,76.0,1.0
6140,182.0,274.0,1.0
6141,125.0,99.0,1.0
6142,147.0,359.0,1.0
6143,149.0,181.0,1.0
6144,18.0,80.0,1.0
6145,71.0,409.0,1.0
6146,17.0,372.0,1.0
6147,172.0,213.0,1.0
6148,93.0,2.0,1.0
6149,261.0,160.0,1.0
6150,22.0,178.0,1.0
6151,178.0,241.0,1.0
6152,189.0,26.0,1.0
6153,85.0,595.0,1.0
6154,115.0,120.0,1.0
6155,185.0,18.0,1.0
6156,87.0,79.0,1.0
6157,224.0,47.0,1.0
6158,102.0,164.0,1.0
6159,87.0,45.0,1.0
6160,261.0,460.0,1.0
6161,132.0,109.0,1.0
6162,10.0,143.0,1.0
6163,79.0,91.0,1.0
6164,248.0,38.0,1.0
6165,86.0,213.0,1.0
6166,87.0,277.0,1.0
6167,225.0,39.0,1.0
6168,93.0,136.0,1.0
6169,60.0,7.0,1.0
6170,15.0,1.0,1.0
6171,28.0,259.0,1.0
6172,250.0,127.0,1.0
6173,97.0,417.0,1.0
6174,56.0,320.0,1.0
6175,147.0,366.0,1.0
6176,56.0,113.0,1.0
6177,183.0,172.0,1.0
6178,87.0,118.0,1.0
6179,15.0,353.0,1.0
6180,208.0,209.0,1.0
6181,85.0,537.0,1.0
6182,234.0,564.0,1.0
6183,234.0,392.0,1.0
6184,97.0,566.0,1.0
6185,64.0,563.0,1.0
6186,195.0,194.0,1.0
6187,95.0,233.0,1.0
6188,244.0,150.0,1.0
6189,87.0,58.0,1.0
6190,177.0,40.0,1.0
6191,6.0,0.0,1.0
6192,122.0,10.0,1.0
6193,256.0,425.0,1.0
6194,81.0,416.0,1.0
6195,210.0,277.0,1.0
6196,205.0,550.0,1.0
6197,74.0,104.0,1.0
6198,17.0,373.0,1.0
6199,165.0,108.0,1.0
6200,103.0,226.0,1.0
6201,233.0,120.0,1.0
6202,68.0,39.0,1.0
6203,121.0,253.0,1.0
6204,234.0,50.0,1.0
6205,139.0,103.0,1.0
6206,126.0,309.0,1.0
6207,132.0,230.0,1.0
6208,249.0,290.0,1.0
6209,158.0,277.0,1.0
6210,71.0,320.0,1.0
6211,142.0,1.0,1.0
6212,60.0,153.0,1.0
6213,259.0,379.0,1.0
6214,164.0,70.0,1.0
6215,157.0,245.0,1.0
6216,78.0,382.0,1.0
6217,216.0,170.0,1.0
6218,124.0,91.0,1.0
6219,15.0,81.0,1.0
6220,228.0,430.0,1.0
6221,208.0,128.0,1.0
6222,214.0,579.0,1.0
6223,149.0,219.0,1.0
6224,223.0,10.0,1.0
6225,159.0,201.0,1.0
6226,237.0,84.0,1.0
6227,59.0,352.0,1.0
6228,96.0,27.0,1.0
6229,24.0,150.0,1.0
6230,165.0,496.0,1.0
6231,156.0,257.0,1.0
6232,105.0,119.0,1.0
6233,129.0,118.0,1.0
6234,52.0,471.0,1.0
6235,194.0,326.0,1.0
6236,102.0,367.0,1.0
6237,104.0,226.0,1.0
6238,129.0,51.0,1.0
6239,248.0,53.0,1.0
6240,169.0,253.0,1.0
6241,63.0,69.0,1.0
6242,259.0,104.0,1.0
6243,181.0,219.0,1.0
6244,263.0,552.0,1.0
6245,129.0,207.0,1.0
6246,266.0,401.0,1.0
6247,119.0,5.0,1.0
6248,53.0,471.0,1.0
6249,126.0,564.0,1.0
6250,59.0,63.0,1.0
6251,4.0,170.0,1.0
6252,69.0,150.0,1.0
6253,56.0,436.0,1.0
6254,17.0,221.0,1.0
6255,184.0,50.0,1.0
6256,82.0,464.0,1.0
6257,126.0,120.0,1.0
6258,256.0,415.0,1.0
6259,69.0,143.0,1.0
6260,244.0,410.0,1.0
6261,48.0,255.0,1.0
6262,56.0,546.0,1.0
6263,165.0,109.0,1.0
6264,81.0,126.0,1.0
6265,32.0,282.0,1.0
6266,36.0,36.0,1.0
6267,185.0,70.0,1.0
6268,225.0,28.0,1.0
6269,165.0,460.0,1.0
6270,89.0,467.0,1.0
6271,130.0,342.0,1.0
6272,156.0,427.0,1.0
6273,74.0,150.0,1.0
6274,32.0,84.0,1.0
6275,265.0,222.0,1.0
6276,26.0,230.0,1.0
6277,200.0,97.0,1.0
6278,10.0,290.0,1.0
6279,39.0,394.0,1.0
6280,146.0,175.0,1.0
6281,191.0,565.0,1.0
6282,261.0,455.0,1.0
6283,23.0,168.0,1.0
6284,109.0,74.0,1.0
6285,223.0,22.0,1.0
6286,139.0,379.0,1.0
6287,19.0,151.0,1.0
6288,91.0,337.0,1.0
6289,164.0,517.0,1.0
6290,200.0,336.0,1.0
6291,183.0,196.0,1.0
6292,179.0,185.0,1.0
6293,165.0,280.0,1.0
6294,197.0,216.0,1.0
6295,63.0,473.0,1.0
6296,67.0,575.0,1.0
6297,78.0,59.0,1.0
6298,26.0,47.0,1.0
6299,122.0,263.0,1.0
6300,16.0,343.0,1.0
6301,235.0,28.0,1.0
6302,147.0,267.0,1.0
6303,184.0,194.0,1.0
6304,19.0,288.0,1.0
6305,205.0,257.0,1.0
6306,83.0,450.0,1.0
6307,210.0,0.0,1.0
6308,127.0,343.0,1.0
6309,69.0,38.0,1.0
6310,233.0,85.0,1.0
6311,44.0,143.0,1.0
6312,231.0,206.0,1.0
6313,219.0,405.0,1.0
6314,257.0,234.0,1.0
6315,4.0,182.0,1.0
6316,16.0,289.0,1.0
6317,87.0,317.0,1.0
6318,116.0,1.0,1.0
6319,200.0,220.0,1.0
6320,117.0,111.0,1.0
6321,97.0,388.0,1.0
6322,17.0,387.0,1.0
6323,81.0,516.0,1.0
6324,104.0,457.0,1.0
6325,52.0,474.0,1.0
6326,53.0,44.0,1.0
6327,136.0,103.0,1.0
6328,99.0,3.0,1.0
6329,97.0,146.0,1.0
6330,44.0,424.0,1.0
6331,218.0,192.0,1.0
6332,89.0,417.0,1.0
6333,94.0,130.0,1.0
6334,87.0,426.0,1.0
6335,199.0,194.0,1.0
6336,228.0,486.0,1.0
6337,196.0,10.0,1.0
6338,130.0,15.0,1.0
6339,134.0,321.0,1.0
6340,90.0,414.0,1.0
6341,197.0,234.0,1.0
6342,52.0,111.0,1.0
6343,148.0,315.0,1.0
6344,85.0,269.0,1.0
6345,199.0,85.0,1.0
6346,116.0,45.0,1.0
6347,147.0,66.0,1.0
6348,89.0,378.0,1.0
6349,90.0,435.0,1.0
6350,9.0,20.0,1.0
6351,130.0,107.0,1.0
6352,116.0,51.0,1.0
6353,228.0,57.0,1.0
6354,91.0,30.0,1.0
6355,219.0,382.0,1.0
6356,89.0,179.0,1.0
6357,250.0,147.0,1.0
6358,240.0,100.0,1.0
6359,9.0,223.0,1.0
6360,162.0,573.0,1.0
6361,194.0,3.0,1.0
6362,130.0,85.0,1.0
6363,48.0,491.0,1.0
6364,256.0,230.0,1.0
6365,147.0,161.0,1.0
6366,147.0,572.0,1.0
6367,214.0,255.0,1.0
6368,226.0,62.0,1.0
6369,103.0,461.0,1.0
6370,56.0,145.0,1.0
6371,105.0,587.0,1.0
6372,75.0,251.0,1.0
6373,87.0,393.0,1.0
6374,259.0,209.0,1.0
6375,45.0,495.0,1.0
6376,141.0,320.0,1.0
6377,39.0,463.0,1.0
6378,124.0,179.0,1.0
6379,67.0,542.0,1.0
6380,250.0,24.0,1.0
6381,245.0,186.0,1.0
6382,255.0,261.0,1.0
6383,134.0,508.0,1.0
6384,65.0,136.0,1.0
6385,225.0,252.0,1.0
6386,84.0,226.0,1.0
6387,250.0,228.0,1.0
6388,230.0,427.0,1.0
6389,175.0,57.0,1.0
6390,89.0,284.0,1.0
6391,248.0,302.0,1.0
6392,147.0,177.0,1.0
6393,51.0,84.0,1.0
6394,83.0,100.0,1.0
6395,185.0,91.0,1.0
6396,26.0,204.0,1.0
6397,130.0,153.0,1.0
6398,190.0,206.0,1.0
6399,34.0,116.0,1.0
6400,135.0,548.0,1.0
6401,256.0,11.0,1.0
6402,96.0,0.0,1.0
6403,194.0,10.0,1.0
6404,43.0,334.0,1.0
6405,92.0,179.0,1.0
6406,143.0,374.0,1.0
6407,232.0,22.0,1.0
6408,31.0,50.0,1.0
6409,200.0,338.0,1.0
6410,249.0,93.0,1.0
6411,87.0,533.0,1.0
6412,163.0,226.0,1.0
6413,244.0,420.0,1.0
6414,84.0,229.0,1.0
6415,99.0,315.0,1.0
6416,155.0,149.0,1.0
6417,199.0,179.0,1.0
6418,49.0,190.0,1.0
6419,97.0,32.0,1.0
6420,195.0,191.0,1.0
6421,51.0,458.0,1.0
6422,126.0,383.0,1.0
6423,56.0,358.0,1.0
6424,57.0,337.0,1.0
6425,183.0,59.0,1.0
6426,147.0,8.0,1.0
6427,154.0,195.0,1.0
6428,60.0,42.0,1.0
6429,93.0,504.0,1.0
6430,28.0,431.0,1.0
6431,195.0,332.0,1.0
6432,82.0,188.0,1.0
6433,189.0,112.0,1.0
6434,189.0,339.0,1.0
6435,53.0,250.0,1.0
6436,217.0,527.0,1.0
6437,82.0,447.0,1.0
6438,12.0,319.0,1.0
6439,105.0,396.0,1.0
6440,178.0,284.0,1.0
6441,89.0,194.0,1.0
6442,229.0,27.0,1.0
6443,102.0,74.0,1.0
6444,165.0,50.0,1.0
6445,104.0,22.0,1.0
6446,2.0,144.0,1.0
6447,68.0,554.0,1.0
6448,138.0,256.0,1.0
6449,164.0,380.0,1.0
6450,78.0,383.0,1.0
6451,228.0,261.0,1.0
6452,224.0,465.0,1.0
6453,71.0,74.0,1.0
6454,31.0,11.0,1.0
6455,173.0,215.0,1.0
6456,99.0,104.0,1.0
6457,233.0,50.0,1.0
6458,247.0,469.0,1.0
6459,226.0,72.0,1.0
6460,193.0,489.0,1.0
6461,188.0,190.0,1.0
6462,153.0,24.0,1.0
6463,1.0,42.0,1.0
6464,223.0,121.0,1.0
6465,132.0,411.0,1.0
6466,191.0,61.0,1.0
6467,56.0,176.0,1.0
6468,77.0,59.0,1.0
6469,49.0,40.0,1.0
6470,145.0,193.0,1.0
6471,194.0,427.0,1.0
6472,58.0,349.0,1.0
6473,189.0,216.0,1.0
6474,102.0,55.0,1.0
6475,187.0,121.0,1.0
6476,165.0,24.0,1.0
6477,19.0,239.0,1.0
6478,261.0,424.0,1.0
6479,129.0,384.0,1.0
6480,178.0,52.0,1.0
6481,121.0,266.0,1.0
6482,109.0,514.0,1.0
6483,68.0,80.0,1.0
6484,192.0,57.0,1.0
6485,205.0,230.0,1.0
6486,223.0,175.0,1.0
6487,218.0,453.0,1.0
6488,35.0,45.0,1.0
6489,184.0,36.0,1.0
6490,39.0,138.0,1.0
6491,12.0,320.0,1.0
6492,136.0,222.0,1.0
6493,219.0,117.0,1.0
6494,88.0,413.0,1.0
6495,245.0,103.0,1.0
6496,223.0,305.0,1.0
6497,261.0,90.0,1.0
6498,127.0,367.0,1.0
6499,194.0,34.0,1.0
6500,16.0,321.0,1.0
6501,189.0,138.0,1.0
6502,159.0,383.0,1.0
6503,164.0,311.0,1.0
6504,135.0,219.0,1.0
6505,203.0,432.0,1.0
6506,87.0,216.0,1.0
6507,55.0,259.0,1.0
6508,109.0,64.0,1.0
6509,88.0,204.0,1.0
6510,145.0,87.0,1.0
6511,183.0,181.0,1.0
6512,127.0,191.0,1.0
6513,254.0,516.0,1.0
6514,199.0,546.0,1.0
6515,203.0,0.0,1.0
6516,218.0,81.0,1.0
6517,96.0,50.0,1.0
6518,259.0,399.0,1.0
6519,105.0,107.0,1.0
6520,234.0,251.0,1.0
6521,147.0,422.0,1.0
6522,73.0,95.0,1.0
6523,101.0,66.0,1.0
6524,163.0,111.0,1.0
6525,84.0,202.0,1.0
6526,129.0,394.0,1.0
6527,16.0,19.0,1.0
6528,211.0,509.0,1.0
6529,211.0,202.0,1.0
6530,194.0,120.0,1.0
6531,91.0,314.0,1.0
6532,203.0,14.0,1.0
6533,158.0,378.0,1.0
6534,119.0,214.0,1.0
6535,233.0,459.0,1.0
6536,144.0,12.0,1.0
6537,9.0,73.0,1.0
6538,217.0,204.0,1.0
6539,102.0,143.0,1.0
6540,60.0,81.0,1.0
6541,173.0,413.0,1.0
6542,228.0,282.0,1.0
6543,44.0,255.0,1.0
6544,235.0,247.0,1.0
6545,51.0,419.0,1.0
6546,238.0,55.0,1.0
6547,210.0,488.0,1.0
6548,223.0,17.0,1.0
6549,134.0,147.0,1.0
6550,155.0,434.0,1.0
6551,17.0,39.0,1.0
6552,225.0,70.0,1.0
6553,115.0,59.0,1.0
6554,232.0,118.0,1.0
6555,46.0,45.0,1.0
6556,159.0,103.0,1.0
6557,256.0,206.0,1.0
6558,250.0,0.0,1.0
6559,229.0,50.0,1.0
6560,256.0,397.0,1.0
6561,45.0,176.0,1.0
6562,68.0,371.0,1.0
6563,147.0,169.0,1.0
6564,140.0,226.0,1.0
6565,53.0,124.0,1.0
6566,104.0,257.0,1.0
6567,78.0,112.0,1.0
6568,165.0,446.0,1.0
6569,90.0,82.0,1.0
6570,134.0,9.0,1.0
6571,165.0,312.0,1.0
6572,265.0,317.0,1.0
6573,75.0,319.0,1.0
6574,225.0,259.0,1.0
6575,223.0,316.0,1.0
6576,129.0,279.0,1.0
6577,63.0,504.0,1.0
6578,137.0,542.0,1.0
6579,126.0,206.0,1.0
6580,133.0,326.0,1.0
6581,145.0,466.0,1.0
6582,226.0,590.0,1.0
6583,87.0,221.0,1.0
6584,113.0,552.0,1.0
6585,39.0,216.0,1.0
6586,8.0,250.0,1.0
6587,86.0,462.0,1.0
6588,90.0,226.0,1.0
6589,37.0,45.0,1.0
6590,67.0,268.0,1.0
6591,31.0,67.0,1.0
6592,206.0,531.0,1.0
6593,100.0,47.0,1.0
6594,238.0,538.0,1.0
6595,44.0,146.0,1.0
6596,158.0,81.0,1.0
6597,130.0,22.0,1.0
6598,180.0,97.0,1.0
6599,192.0,298.0,1.0
6600,117.0,69.0,1.0
6601,126.0,379.0,1.0
6602,34.0,153.0,1.0
6603,225.0,281.0,1.0
6604,28.0,301.0,1.0
6605,207.0,297.0,1.0
6606,145.0,69.0,1.0
6607,51.0,416.0,1.0
6608,185.0,216.0,1.0
6609,8.0,81.0,1.0
6610,143.0,122.0,1.0
6611,257.0,44.0,1.0
6612,117.0,492.0,1.0
6613,199.0,44.0,1.0
6614,105.0,77.0,1.0
6615,232.0,65.0,1.0
6616,158.0,47.0,1.0
6617,267.0,106.0,1.0
6618,158.0,104.0,1.0
6619,129.0,32.0,1.0
6620,148.0,156.0,1.0
6621,262.0,129.0,1.0
6622,145.0,194.0,1.0
6623,100.0,209.0,1.0
6624,181.0,227.0,1.0
6625,145.0,460.0,1.0
6626,81.0,530.0,1.0
6627,44.0,469.0,1.0
6628,81.0,201.0,1.0
6629,145.0,84.0,1.0
6630,91.0,141.0,1.0
6631,116.0,22.0,1.0
6632,71.0,1.0,1.0
6633,205.0,175.0,1.0
6634,44.0,135.0,1.0
6635,195.0,251.0,1.0
6636,149.0,549.0,1.0
6637,8.0,86.0,1.0
6638,172.0,127.0,1.0
6639,116.0,113.0,1.0
6640,226.0,525.0,1.0
6641,105.0,64.0,1.0
6642,145.0,507.0,1.0
6643,31.0,298.0,1.0
6644,162.0,37.0,1.0
6645,74.0,546.0,1.0
6646,172.0,569.0,1.0
6647,57.0,509.0,1.0
6648,180.0,481.0,1.0
6649,89.0,199.0,1.0
6650,9.0,95.0,1.0
6651,130.0,348.0,1.0
6652,178.0,337.0,1.0
6653,52.0,7.0,1.0
6654,225.0,545.0,1.0
6655,3.0,11.0,1.0
6656,259.0,353.0,1.0
6657,262.0,9.0,1.0
6658,8.0,141.0,1.0
6659,96.0,45.0,1.0
6660,77.0,196.0,1.0
6661,127.0,44.0,1.0
6662,174.0,109.0,1.0
6663,178.0,72.0,1.0
6664,145.0,132.0,1.0
6665,261.0,150.0,1.0
6666,200.0,215.0,1.0
6667,71.0,447.0,1.0
6668,178.0,69.0,1.0
6669,86.0,92.0,1.0
6670,14.0,344.0,1.0
6671,124.0,50.0,1.0
6672,87.0,64.0,1.0
6673,123.0,279.0,1.0
6674,69.0,146.0,1.0
6675,65.0,508.0,1.0
6676,64.0,567.0,1.0
6677,149.0,25.0,1.0
6678,68.0,150.0,1.0
6679,79.0,557.0,1.0
6680,259.0,150.0,1.0
6681,56.0,146.0,1.0
6682,89.0,402.0,1.0
6683,147.0,183.0,1.0
6684,94.0,91.0,1.0
6685,62.0,559.0,1.0
6686,37.0,259.0,1.0
6687,182.0,324.0,1.0
6688,60.0,556.0,1.0
6689,159.0,309.0,1.0
6690,89.0,493.0,1.0
6691,148.0,89.0,1.0
6692,143.0,111.0,1.0
6693,113.0,305.0,1.0
6694,96.0,589.0,1.0
6695,237.0,21.0,1.0
6696,97.0,150.0,1.0
6697,232.0,104.0,1.0
6698,148.0,153.0,1.0
6699,126.0,531.0,1.0
6700,165.0,233.0,1.0
6701,59.0,186.0,1.0
6702,51.0,278.0,1.0
6703,64.0,114.0,1.0
6704,191.0,27.0,1.0
6705,84.0,8.0,1.0
6706,116.0,222.0,1.0
6707,230.0,57.0,1.0
6708,182.0,299.0,1.0
6709,235.0,10.0,1.0
6710,110.0,194.0,1.0
6711,85.0,44.0,1.0
6712,149.0,485.0,1.0
6713,84.0,197.0,1.0
6714,42.0,385.0,1.0
6715,217.0,320.0,1.0
6716,19.0,114.0,1.0
6717,96.0,47.0,1.0
6718,207.0,521.0,1.0
6719,230.0,181.0,1.0
6720,117.0,414.0,1.0
6721,165.0,58.0,1.0
6722,132.0,157.0,1.0
6723,185.0,81.0,1.0
6724,176.0,407.0,1.0
6725,82.0,352.0,1.0
6726,204.0,21.0,1.0
6727,132.0,374.0,1.0
6728,56.0,543.0,1.0
6729,150.0,44.0,1.0
6730,142.0,223.0,1.0
6731,18.0,146.0,1.0
6732,164.0,282.0,1.0
6733,206.0,138.0,1.0
6734,56.0,78.0,1.0
6735,178.0,368.0,1.0
6736,71.0,504.0,1.0
6737,232.0,58.0,1.0
6738,162.0,443.0,1.0
6739,37.0,70.0,1.0
6740,56.0,31.0,1.0
6741,200.0,146.0,1.0
6742,97.0,406.0,1.0
6743,96.0,191.0,1.0
6744,211.0,464.0,1.0
6745,126.0,353.0,1.0
6746,228.0,69.0,1.0
6747,87.0,313.0,1.0
6748,180.0,215.0,1.0
6749,117.0,394.0,1.0
6750,213.0,222.0,1.0
6751,258.0,36.0,1.0
6752,177.0,196.0,1.0
6753,83.0,356.0,1.0
6754,262.0,106.0,1.0
6755,160.0,164.0,1.0
6756,94.0,111.0,1.0
6757,252.0,60.0,1.0
6758,224.0,15.0,1.0
6759,79.0,409.0,1.0
6760,189.0,251.0,1.0
6761,90.0,460.0,1.0
6762,180.0,361.0,1.0
6763,148.0,103.0,1.0
6764,203.0,98.0,1.0
6765,28.0,27.0,1.0
6766,64.0,401.0,1.0
6767,178.0,183.0,1.0
6768,102.0,420.0,1.0
6769,226.0,595.0,1.0
6770,64.0,167.0,1.0
6771,89.0,304.0,1.0
6772,174.0,343.0,1.0
6773,115.0,255.0,1.0
6774,84.0,20.0,1.0
6775,108.0,367.0,1.0
6776,189.0,231.0,1.0
6777,116.0,263.0,1.0
6778,9.0,120.0,1.0
6779,259.0,385.0,1.0
6780,135.0,379.0,1.0
6781,184.0,315.0,1.0
6782,170.0,92.0,1.0
6783,91.0,266.0,1.0
6784,202.0,58.0,1.0
6785,266.0,91.0,1.0
6786,226.0,37.0,1.0
6787,131.0,74.0,1.0
6788,259.0,393.0,1.0
6789,67.0,113.0,1.0
6790,251.0,47.0,1.0
6791,82.0,26.0,1.0
6792,9.0,88.0,1.0
6793,151.0,116.0,1.0
6794,45.0,22.0,1.0
6795,102.0,326.0,1.0
6796,141.0,5.0,1.0
6797,189.0,309.0,1.0
6798,156.0,204.0,1.0
6799,169.0,196.0,1.0
6800,31.0,99.0,1.0
6801,67.0,574.0,1.0
6802,91.0,256.0,1.0
6803,104.0,562.0,1.0
6804,247.0,153.0,1.0
6805,107.0,113.0,1.0
6806,164.0,207.0,1.0
6807,141.0,526.0,1.0
6808,17.0,146.0,1.0
6809,5.0,220.0,1.0
6810,116.0,226.0,1.0
6811,206.0,209.0,1.0
6812,166.0,69.0,1.0
6813,178.0,103.0,1.0
6814,238.0,32.0,1.0
6815,172.0,133.0,1.0
6816,154.0,120.0,1.0
6817,81.0,197.0,1.0
6818,84.0,540.0,1.0
6819,26.0,160.0,1.0
6820,14.0,146.0,1.0
6821,168.0,239.0,1.0
6822,175.0,61.0,1.0
6823,44.0,204.0,1.0
6824,10.0,307.0,1.0
6825,141.0,115.0,1.0
6826,5.0,199.0,1.0
6827,224.0,479.0,1.0
6828,179.0,383.0,1.0
6829,187.0,216.0,1.0
6830,193.0,399.0,1.0
6831,220.0,226.0,1.0
6832,116.0,182.0,1.0
6833,56.0,98.0,1.0
6834,243.0,234.0,1.0
6835,98.0,91.0,1.0
6836,195.0,552.0,1.0
6837,85.0,103.0,1.0
6838,108.0,177.0,1.0
6839,226.0,496.0,1.0
6840,51.0,247.0,1.0
6841,156.0,24.0,1.0
6842,153.0,104.0,1.0
6843,162.0,95.0,1.0
6844,65.0,138.0,1.0
6845,203.0,61.0,1.0
6846,69.0,517.0,1.0
6847,82.0,147.0,1.0
6848,175.0,422.0,1.0
6849,82.0,530.0,1.0
6850,158.0,454.0,1.0
6851,15.0,269.0,1.0
6852,239.0,100.0,1.0
6853,196.0,116.0,1.0
6854,5.0,221.0,1.0
6855,41.0,282.0,1.0
6856,211.0,12.0,1.0
6857,188.0,277.0,1.0
6858,87.0,459.0,1.0
6859,94.0,156.0,1.0
6860,76.0,282.0,1.0
6861,148.0,143.0,1.0
6862,156.0,89.0,1.0
6863,64.0,219.0,1.0
6864,228.0,66.0,1.0
6865,119.0,111.0,1.0
6866,117.0,314.0,1.0
6867,193.0,89.0,1.0
6868,2.0,104.0,1.0
6869,129.0,277.0,1.0
6870,6.0,229.0,1.0
6871,245.0,226.0,1.0
6872,70.0,122.0,1.0
6873,193.0,280.0,1.0
6874,175.0,305.0,1.0
6875,141.0,241.0,1.0
6876,75.0,69.0,1.0
6877,77.0,207.0,1.0
6878,30.0,448.0,1.0
6879,245.0,383.0,1.0
6880,224.0,257.0,1.0
6881,123.0,50.0,1.0
6882,123.0,194.0,1.0
6883,105.0,499.0,1.0
6884,89.0,192.0,1.0
6885,238.0,52.0,1.0
6886,42.0,117.0,1.0
6887,132.0,234.0,1.0
6888,225.0,92.0,1.0
6889,114.0,594.0,1.0
6890,214.0,92.0,1.0
6891,193.0,210.0,1.0
6892,155.0,270.0,1.0
6893,145.0,136.0,1.0
6894,94.0,104.0,1.0
6895,97.0,382.0,1.0
6896,85.0,101.0,1.0
6897,85.0,88.0,1.0
6898,213.0,81.0,1.0
6899,13.0,329.0,1.0
6900,238.0,10.0,1.0
6901,20.0,153.0,1.0
6902,214.0,513.0,1.0
6903,162.0,513.0,1.0
6904,148.0,206.0,1.0
6905,56.0,148.0,1.0
6906,242.0,39.0,1.0
6907,257.0,253.0,1.0
6908,164.0,126.0,1.0
6909,109.0,369.0,1.0
6910,128.0,141.0,1.0
6911,228.0,203.0,1.0
6912,46.0,66.0,1.0
6913,121.0,201.0,1.0
6914,223.0,447.0,1.0
6915,119.0,117.0,1.0
6916,28.0,34.0,1.0
6917,130.0,236.0,1.0
6918,245.0,425.0,1.0
6919,148.0,337.0,1.0
6920,75.0,197.0,1.0
6921,183.0,476.0,1.0
6922,257.0,62.0,1.0
6923,199.0,220.0,1.0
6924,162.0,431.0,1.0
6925,116.0,118.0,1.0
6926,195.0,211.0,1.0
6927,94.0,47.0,1.0
6928,223.0,533.0,1.0
6929,73.0,130.0,1.0
6930,75.0,397.0,1.0
6931,91.0,583.0,1.0
6932,150.0,316.0,1.0
6933,127.0,337.0,1.0
6934,70.0,277.0,1.0
6935,237.0,100.0,1.0
6936,175.0,179.0,1.0
6937,56.0,77.0,1.0
6938,131.0,353.0,1.0
6939,45.0,10.0,1.0
6940,101.0,12.0,1.0
6941,102.0,39.0,1.0
6942,102.0,41.0,1.0
6943,86.0,470.0,1.0
6944,262.0,146.0,1.0
6945,122.0,197.0,1.0
6946,236.0,126.0,1.0
6947,134.0,10.0,1.0
6948,65.0,64.0,1.0
6949,263.0,296.0,1.0
6950,87.0,69.0,1.0
6951,268.0,136.0,1.0
6952,79.0,423.0,1.0
6953,230.0,133.0,1.0
6954,86.0,17.0,1.0
6955,141.0,87.0,1.0
6956,206.0,92.0,1.0
6957,183.0,185.0,1.0
6958,205.0,211.0,1.0
6959,15.0,89.0,1.0
6960,119.0,391.0,1.0
6961,218.0,99.0,1.0
6962,242.0,451.0,1.0
6963,161.0,33.0,1.0
6964,68.0,111.0,1.0
6965,11.0,98.0,1.0
6966,78.0,218.0,1.0
6967,238.0,348.0,1.0
6968,53.0,15.0,1.0
6969,161.0,492.0,1.0
6970,156.0,128.0,1.0
6971,115.0,112.0,1.0
6972,130.0,135.0,1.0
6973,209.0,495.0,1.0
6974,224.0,504.0,1.0
6975,34.0,106.0,1.0
6976,22.0,213.0,1.0
6977,183.0,367.0,1.0
6978,185.0,242.0,1.0
6979,178.0,203.0,1.0
6980,261.0,59.0,1.0
6981,74.0,147.0,1.0
6982,84.0,343.0,1.0
6983,177.0,147.0,1.0
6984,71.0,217.0,1.0
6985,181.0,137.0,1.0
6986,36.0,80.0,1.0
6987,116.0,236.0,1.0
6988,28.0,441.0,1.0
6989,71.0,103.0,1.0
6990,131.0,284.0,1.0
6991,231.0,146.0,1.0
6992,239.0,531.0,1.0
6993,114.0,492.0,1.0
6994,183.0,10.0,1.0
6995,50.0,47.0,1.0
6996,256.0,74.0,1.0
6997,91.0,298.0,1.0
6998,239.0,227.0,1.0
6999,14.0,348.0,1.0
7000,183.0,514.0,1.0
7001,132.0,50.0,1.0
7002,144.0,326.0,1.0
7003,147.0,130.0,1.0
7004,160.0,82.0,1.0
7005,74.0,185.0,1.0
7006,247.0,242.0,1.0
7007,218.0,367.0,1.0
7008,178.0,186.0,1.0
7009,184.0,120.0,1.0
7010,30.0,220.0,1.0
7011,115.0,388.0,1.0
7012,62.0,410.0,1.0
7013,217.0,409.0,1.0
7014,44.0,426.0,1.0
7015,200.0,103.0,1.0
7016,130.0,514.0,1.0
7017,51.0,143.0,1.0
7018,128.0,91.0,1.0
7019,66.0,256.0,1.0
7020,185.0,207.0,1.0
7021,98.0,429.0,1.0
7022,105.0,47.0,1.0
7023,104.0,150.0,1.0
7024,91.0,74.0,1.0
7025,158.0,360.0,1.0
7026,105.0,121.0,1.0
7027,178.0,150.0,1.0
7028,185.0,280.0,1.0
7029,127.0,163.0,1.0
7030,178.0,176.0,1.0
7031,186.0,347.0,1.0
7032,17.0,202.0,1.0
7033,162.0,230.0,1.0
7034,117.0,471.0,1.0
7035,52.0,33.0,1.0
7036,168.0,504.0,1.0
7037,218.0,242.0,1.0
7038,169.0,213.0,1.0
7039,185.0,47.0,1.0
7040,88.0,66.0,1.0
7041,191.0,291.0,1.0
7042,155.0,101.0,1.0
7043,90.0,164.0,1.0
7044,84.0,35.0,1.0
7045,126.0,354.0,1.0
7046,219.0,217.0,1.0
7047,183.0,273.0,1.0
7048,163.0,21.0,1.0
7049,108.0,295.0,1.0
7050,38.0,36.0,1.0
7051,139.0,197.0,1.0
7052,160.0,452.0,1.0
7053,87.0,446.0,1.0
7054,248.0,356.0,1.0
7055,200.0,322.0,1.0
7056,121.0,484.0,1.0
7057,259.0,92.0,1.0
7058,130.0,247.0,1.0
7059,57.0,172.0,1.0
7060,28.0,215.0,1.0
7061,9.0,83.0,1.0
7062,189.0,411.0,1.0
7063,58.0,269.0,1.0
7064,22.0,50.0,1.0
7065,85.0,9.0,1.0
7066,149.0,241.0,1.0
7067,66.0,259.0,1.0
7068,161.0,282.0,1.0
7069,82.0,230.0,1.0
7070,123.0,31.0,1.0
7071,256.0,190.0,1.0
7072,95.0,112.0,1.0
7073,185.0,334.0,1.0
7074,80.0,54.0,1.0
7075,199.0,165.0,1.0
7076,97.0,45.0,1.0
7077,125.0,141.0,1.0
7078,86.0,386.0,1.0
7079,28.0,296.0,1.0
7080,147.0,62.0,1.0
7081,84.0,326.0,1.0
7082,223.0,307.0,1.0
7083,48.0,253.0,1.0
7084,223.0,96.0,1.0
7085,126.0,50.0,1.0
7086,170.0,356.0,1.0
7087,168.0,147.0,1.0
7088,225.0,84.0,1.0
7089,16.0,65.0,1.0
7090,44.0,454.0,1.0
7091,238.0,481.0,1.0
7092,155.0,575.0,1.0
7093,18.0,45.0,1.0
7094,66.0,71.0,1.0
7095,122.0,328.0,1.0
7096,197.0,478.0,1.0
7097,218.0,204.0,1.0
7098,256.0,382.0,1.0
7099,231.0,243.0,1.0
7100,56.0,230.0,1.0
7101,191.0,60.0,1.0
7102,263.0,269.0,1.0
7103,147.0,525.0,1.0
7104,10.0,157.0,1.0
7105,77.0,230.0,1.0
7106,251.0,141.0,1.0
7107,19.0,247.0,1.0
7108,162.0,113.0,1.0
7109,250.0,452.0,1.0
7110,242.0,112.0,1.0
7111,56.0,532.0,1.0
7112,156.0,398.0,1.0
7113,218.0,261.0,1.0
7114,116.0,31.0,1.0
7115,51.0,343.0,1.0
7116,65.0,81.0,1.0
7117,148.0,227.0,1.0
7118,213.0,147.0,1.0
7119,102.0,219.0,1.0
7120,153.0,100.0,1.0
7121,108.0,553.0,1.0
7122,254.0,433.0,1.0
7123,91.0,60.0,1.0
7124,185.0,329.0,1.0
7125,46.0,92.0,1.0
7126,264.0,551.0,1.0
7127,219.0,39.0,1.0
7128,135.0,504.0,1.0
7129,1.0,16.0,1.0
7130,189.0,48.0,1.0
7131,42.0,10.0,1.0
7132,247.0,468.0,1.0
7133,259.0,167.0,1.0
7134,214.0,415.0,1.0
7135,82.0,556.0,1.0
7136,228.0,27.0,1.0
7137,9.0,277.0,1.0
7138,10.0,120.0,1.0
7139,44.0,485.0,1.0
7140,147.0,17.0,1.0
7141,61.0,286.0,1.0
7142,104.0,456.0,1.0
7143,226.0,308.0,1.0
7144,31.0,122.0,1.0
7145,2.0,98.0,1.0
7146,165.0,45.0,1.0
7147,150.0,242.0,1.0
7148,188.0,7.0,1.0
7149,103.0,71.0,1.0
7150,65.0,147.0,1.0
7151,234.0,556.0,1.0
7152,63.0,0.0,1.0
7153,82.0,280.0,1.0
7154,244.0,127.0,1.0
7155,135.0,59.0,1.0
7156,108.0,157.0,1.0
7157,143.0,81.0,1.0
7158,137.0,103.0,1.0
7159,104.0,311.0,1.0
7160,4.0,68.0,1.0
7161,234.0,368.0,1.0
7162,127.0,443.0,1.0
7163,261.0,561.0,1.0
7164,60.0,117.0,1.0
7165,217.0,23.0,1.0
7166,147.0,84.0,1.0
7167,104.0,347.0,1.0
7168,132.0,190.0,1.0
7169,58.0,339.0,1.0
7170,52.0,409.0,1.0
7171,63.0,1.0,1.0
7172,148.0,49.0,1.0
7173,85.0,37.0,1.0
7174,123.0,572.0,1.0
7175,96.0,427.0,1.0
7176,183.0,93.0,1.0
7177,17.0,375.0,1.0
7178,94.0,356.0,1.0
7179,141.0,356.0,1.0
7180,262.0,70.0,1.0
7181,214.0,240.0,1.0
7182,182.0,354.0,1.0
7183,248.0,192.0,1.0
7184,84.0,40.0,1.0
7185,182.0,496.0,1.0
7186,16.0,49.0,1.0
7187,209.0,236.0,1.0
7188,248.0,102.0,1.0
7189,136.0,145.0,1.0
7190,175.0,46.0,1.0
7191,81.0,343.0,1.0
7192,264.0,61.0,1.0
7193,200.0,592.0,1.0
7194,142.0,209.0,1.0
7195,266.0,12.0,1.0
7196,111.0,73.0,1.0
7197,79.0,59.0,1.0
7198,248.0,78.0,1.0
7199,136.0,375.0,1.0
7200,256.0,135.0,1.0
7201,193.0,91.0,1.0
7202,53.0,358.0,1.0
7203,187.0,363.0,1.0
7204,215.0,31.0,1.0
7205,32.0,47.0,1.0
7206,117.0,24.0,1.0
7207,128.0,193.0,1.0
7208,82.0,388.0,1.0
7209,67.0,226.0,1.0
7210,242.0,59.0,1.0
7211,247.0,590.0,1.0
7212,150.0,168.0,1.0
7213,262.0,239.0,1.0
7214,22.0,277.0,1.0
7215,62.0,285.0,1.0
7216,210.0,412.0,1.0
7217,142.0,381.0,1.0
7218,65.0,490.0,1.0
7219,191.0,289.0,1.0
7220,156.0,70.0,1.0
7221,261.0,223.0,1.0
7222,75.0,3.0,1.0
7223,89.0,173.0,1.0
7224,105.0,460.0,1.0
7225,101.0,126.0,1.0
7226,175.0,195.0,1.0
7227,182.0,548.0,1.0
7228,130.0,111.0,1.0
7229,75.0,54.0,1.0
7230,227.0,62.0,1.0
7231,163.0,15.0,1.0
7232,223.0,490.0,1.0
7233,99.0,222.0,1.0
7234,202.0,138.0,1.0
7235,217.0,229.0,1.0
7236,42.0,220.0,1.0
7237,196.0,38.0,1.0
7238,124.0,156.0,1.0
7239,256.0,35.0,1.0
7240,62.0,202.0,1.0
7241,263.0,149.0,1.0
7242,160.0,291.0,1.0
7243,247.0,316.0,1.0
7244,162.0,190.0,1.0
7245,247.0,58.0,1.0
7246,81.0,81.0,1.0
7247,56.0,201.0,1.0
7248,77.0,65.0,1.0
7249,53.0,197.0,1.0
7250,242.0,116.0,1.0
7251,39.0,190.0,1.0
7252,82.0,542.0,1.0
7253,256.0,348.0,1.0
7254,195.0,179.0,1.0
7255,177.0,339.0,1.0
7256,49.0,138.0,1.0
7257,179.0,411.0,1.0
7258,22.0,134.0,1.0
7259,257.0,276.0,1.0
7260,169.0,459.0,1.0
7261,83.0,130.0,1.0
7262,145.0,103.0,1.0
7263,191.0,161.0,1.0
7264,81.0,119.0,1.0
7265,261.0,165.0,1.0
7266,123.0,93.0,1.0
7267,56.0,97.0,1.0
7268,1.0,58.0,1.0
7269,158.0,126.0,1.0
7270,182.0,427.0,1.0
7271,200.0,261.0,1.0
7272,252.0,230.0,1.0
7273,81.0,11.0,1.0
7274,16.0,46.0,1.0
7275,194.0,282.0,1.0
7276,262.0,285.0,1.0
7277,9.0,255.0,1.0
7278,163.0,104.0,1.0
7279,104.0,36.0,1.0
7280,104.0,45.0,1.0
7281,130.0,146.0,1.0
7282,132.0,525.0,1.0
7283,199.0,69.0,1.0
7284,134.0,47.0,1.0
7285,31.0,450.0,1.0
7286,129.0,95.0,1.0
7287,203.0,113.0,1.0
7288,207.0,135.0,1.0
7289,235.0,138.0,1.0
7290,231.0,293.0,1.0
7291,94.0,329.0,1.0
7292,113.0,370.0,1.0
7293,191.0,440.0,1.0
7294,127.0,173.0,1.0
7295,177.0,156.0,1.0
7296,240.0,434.0,1.0
7297,259.0,186.0,1.0
7298,182.0,397.0,1.0
7299,132.0,492.0,1.0
7300,123.0,253.0,1.0
7301,7.0,58.0,1.0
7302,141.0,126.0,1.0
7303,66.0,143.0,1.0
7304,9.0,36.0,1.0
7305,2.0,9.0,1.0
7306,62.0,111.0,1.0
7307,164.0,238.0,1.0
7308,135.0,362.0,1.0
7309,65.0,573.0,1.0
7310,191.0,284.0,1.0
7311,126.0,386.0,1.0
7312,226.0,532.0,1.0
7313,109.0,77.0,1.0
7314,226.0,99.0,1.0
7315,99.0,320.0,1.0
7316,191.0,321.0,1.0
7317,115.0,118.0,1.0
7318,218.0,153.0,1.0
7319,188.0,199.0,1.0
7320,149.0,9.0,1.0
7321,71.0,520.0,1.0
7322,56.0,538.0,1.0
7323,261.0,86.0,1.0
7324,228.0,14.0,1.0
7325,157.0,126.0,1.0
7326,139.0,63.0,1.0
7327,29.0,47.0,1.0
7328,211.0,111.0,1.0
7329,260.0,570.0,1.0
7330,17.0,62.0,1.0
7331,266.0,596.0,1.0
7332,29.0,162.0,1.0
7333,205.0,216.0,1.0
7334,166.0,399.0,1.0
7335,180.0,354.0,1.0
7336,31.0,23.0,1.0
7337,63.0,202.0,1.0
7338,89.0,382.0,1.0
7339,249.0,120.0,1.0
7340,158.0,148.0,1.0
7341,51.0,137.0,1.0
7342,58.0,314.0,1.0
7343,153.0,460.0,1.0
7344,152.0,31.0,1.0
7345,103.0,463.0,1.0
7346,136.0,240.0,1.0
7347,185.0,57.0,1.0
7348,82.0,434.0,1.0
7349,31.0,453.0,1.0
7350,60.0,206.0,1.0
7351,182.0,546.0,1.0
7352,56.0,386.0,1.0
7353,211.0,266.0,1.0
7354,132.0,260.0,1.0
7355,183.0,290.0,1.0
7356,249.0,272.0,1.0
7357,223.0,0.0,1.0
7358,104.0,11.0,1.0
7359,95.0,143.0,1.0
7360,91.0,59.0,1.0
7361,129.0,14.0,1.0
7362,115.0,39.0,1.0
7363,51.0,310.0,1.0
7364,217.0,66.0,1.0
7365,178.0,59.0,1.0
7366,48.0,99.0,1.0
7367,122.0,20.0,1.0
7368,81.0,293.0,1.0
7369,230.0,207.0,1.0
7370,64.0,145.0,1.0
7371,213.0,89.0,1.0
7372,126.0,226.0,1.0
7373,155.0,28.0,1.0
7374,98.0,576.0,1.0
7375,227.0,68.0,1.0
7376,149.0,548.0,1.0
7377,87.0,289.0,1.0
7378,127.0,143.0,1.0
7379,149.0,123.0,1.0
7380,150.0,119.0,1.0
7381,175.0,368.0,1.0
7382,165.0,7.0,1.0
7383,56.0,38.0,1.0
7384,102.0,69.0,1.0
7385,78.0,5.0,1.0
7386,224.0,178.0,1.0
7387,188.0,257.0,1.0
7388,176.0,7.0,1.0
7389,9.0,143.0,1.0
7390,90.0,374.0,1.0
7391,248.0,262.0,1.0
7392,89.0,191.0,1.0
7393,105.0,597.0,1.0
7394,9.0,58.0,1.0
7395,145.0,3.0,1.0
7396,165.0,266.0,1.0
7397,138.0,150.0,1.0
7398,116.0,84.0,1.0
7399,82.0,248.0,1.0
7400,18.0,134.0,1.0
7401,247.0,323.0,1.0
7402,87.0,482.0,1.0
7403,226.0,463.0,1.0
7404,115.0,277.0,1.0
7405,126.0,10.0,1.0
7406,150.0,103.0,1.0
7407,266.0,157.0,1.0
7408,241.0,146.0,1.0
7409,51.0,106.0,1.0
7410,124.0,287.0,1.0
7411,77.0,117.0,1.0
7412,105.0,253.0,1.0
7413,223.0,336.0,1.0
7414,107.0,89.0,1.0
7415,123.0,392.0,1.0
7416,49.0,394.0,1.0
7417,151.0,47.0,1.0
7418,16.0,361.0,1.0
7419,251.0,66.0,1.0
7420,28.0,264.0,1.0
7421,85.0,46.0,1.0
7422,262.0,175.0,1.0
7423,75.0,485.0,1.0
7424,65.0,83.0,1.0
7425,99.0,185.0,1.0
7426,134.0,317.0,1.0
7427,129.0,84.0,1.0
7428,117.0,195.0,1.0
7429,224.0,148.0,1.0
7430,56.0,44.0,1.0
7431,52.0,531.0,1.0
7432,189.0,515.0,1.0
7433,64.0,426.0,1.0
7434,118.0,205.0,1.0
7435,193.0,146.0,1.0
7436,44.0,99.0,1.0
7437,73.0,191.0,1.0
7438,208.0,66.0,1.0
7439,226.0,67.0,1.0
7440,122.0,146.0,1.0
7441,89.0,351.0,1.0
7442,63.0,416.0,1.0
7443,26.0,318.0,1.0
7444,129.0,6.0,1.0
7445,126.0,411.0,1.0
7446,262.0,168.0,1.0
7447,227.0,573.0,1.0
7448,81.0,117.0,1.0
7449,163.0,92.0,1.0
7450,138.0,11.0,1.0
7451,87.0,252.0,1.0
7452,179.0,191.0,1.0
7453,109.0,19.0,1.0
7454,259.0,38.0,1.0
7455,155.0,274.0,1.0
7456,67.0,196.0,1.0
7457,155.0,423.0,1.0
7458,107.0,262.0,1.0
7459,39.0,464.0,1.0
7460,113.0,578.0,1.0
7461,210.0,423.0,1.0
7462,49.0,116.0,1.0
7463,117.0,95.0,1.0
7464,158.0,223.0,1.0
7465,205.0,256.0,1.0
7466,146.0,113.0,1.0
7467,57.0,74.0,1.0
7468,199.0,321.0,1.0
7469,110.0,242.0,1.0
7470,214.0,384.0,1.0
7471,159.0,131.0,1.0
7472,82.0,406.0,1.0
7473,207.0,513.0,1.0
7474,105.0,124.0,1.0
7475,65.0,87.0,1.0
7476,74.0,135.0,1.0
7477,226.0,594.0,1.0
7478,65.0,252.0,1.0
7479,90.0,485.0,1.0
7480,197.0,192.0,1.0
7481,108.0,27.0,1.0
7482,262.0,277.0,1.0
7483,132.0,438.0,1.0
7484,22.0,295.0,1.0
7485,85.0,345.0,1.0
7486,53.0,382.0,1.0
7487,263.0,440.0,1.0
7488,145.0,202.0,1.0
7489,79.0,112.0,1.0
7490,102.0,500.0,1.0
7491,203.0,63.0,1.0
7492,56.0,496.0,1.0
7493,107.0,246.0,1.0
7494,223.0,405.0,1.0
7495,35.0,444.0,1.0
7496,106.0,144.0,1.0
7497,165.0,125.0,1.0
7498,218.0,8.0,1.0
7499,116.0,247.0,1.0
7500,189.0,331.0,1.0
7501,13.0,20.0,1.0
7502,180.0,327.0,1.0
7503,144.0,189.0,1.0
7504,227.0,245.0,1.0
7505,178.0,104.0,1.0
7506,200.0,289.0,1.0
7507,165.0,420.0,1.0
7508,146.0,309.0,1.0
7509,136.0,418.0,1.0
7510,236.0,243.0,1.0
7511,226.0,36.0,1.0
7512,49.0,105.0,1.0
7513,62.0,36.0,1.0
7514,136.0,137.0,1.0
7515,49.0,351.0,1.0
7516,26.0,45.0,1.0
7517,8.0,74.0,1.0
7518,153.0,505.0,1.0
7519,64.0,191.0,1.0
7520,150.0,273.0,1.0
7521,197.0,66.0,1.0
7522,64.0,47.0,1.0
7523,115.0,400.0,1.0
7524,44.0,326.0,1.0
7525,165.0,134.0,1.0
7526,94.0,35.0,1.0
7527,47.0,239.0,1.0
7528,141.0,36.0,1.0
7529,157.0,111.0,1.0
7530,128.0,116.0,1.0
7531,117.0,451.0,1.0
7532,135.0,232.0,1.0
7533,258.0,92.0,1.0
7534,78.0,309.0,1.0
7535,136.0,111.0,1.0
7536,248.0,440.0,1.0
7537,163.0,36.0,1.0
7538,117.0,385.0,1.0
7539,146.0,225.0,1.0
7540,200.0,85.0,1.0
7541,169.0,147.0,1.0
7542,90.0,40.0,1.0
7543,82.0,231.0,1.0
7544,52.0,112.0,1.0
7545,81.0,135.0,1.0
7546,73.0,381.0,1.0
7547,57.0,107.0,1.0
7548,135.0,89.0,1.0
7549,75.0,510.0,1.0
7550,248.0,54.0,1.0
7551,102.0,270.0,1.0
7552,189.0,391.0,1.0
7553,203.0,179.0,1.0
7554,224.0,325.0,1.0
7555,127.0,84.0,1.0
7556,200.0,6.0,1.0
7557,73.0,309.0,1.0
7558,141.0,226.0,1.0
7559,87.0,20.0,1.0
7560,44.0,488.0,1.0
7561,78.0,230.0,1.0
7562,48.0,64.0,1.0
7563,81.0,51.0,1.0
7564,259.0,391.0,1.0
7565,85.0,241.0,1.0
7566,70.0,103.0,1.0
7567,94.0,420.0,1.0
7568,230.0,574.0,1.0
7569,203.0,114.0,1.0
7570,87.0,438.0,1.0
7571,185.0,22.0,1.0
7572,67.0,382.0,1.0
7573,175.0,578.0,1.0
7574,195.0,77.0,1.0
7575,145.0,485.0,1.0
7576,49.0,383.0,1.0
7577,136.0,509.0,1.0
7578,17.0,206.0,1.0
7579,223.0,213.0,1.0
7580,183.0,484.0,1.0
7581,87.0,507.0,1.0
7582,182.0,144.0,1.0
7583,5.0,201.0,1.0
7584,160.0,315.0,1.0
7585,98.0,456.0,1.0
7586,114.0,340.0,1.0
7587,149.0,215.0,1.0
7588,117.0,48.0,1.0
7589,129.0,190.0,1.0
7590,141.0,480.0,1.0
7591,73.0,432.0,1.0
7592,74.0,201.0,1.0
7593,0.0,4.0,1.0
7594,223.0,267.0,1.0
7595,82.0,66.0,1.0
7596,126.0,81.0,1.0
7597,206.0,382.0,1.0
7598,1.0,69.0,1.0
7599,187.0,534.0,1.0
7600,67.0,81.0,1.0
7601,96.0,327.0,1.0
7602,185.0,154.0,1.0
7603,69.0,516.0,1.0
7604,37.0,61.0,1.0
7605,243.0,388.0,1.0
7606,148.0,22.0,1.0
7607,29.0,97.0,1.0
7608,152.0,296.0,1.0
7609,219.0,91.0,1.0
7610,262.0,390.0,1.0
7611,213.0,59.0,1.0
7612,219.0,49.0,1.0
7613,226.0,18.0,1.0
7614,106.0,457.0,1.0
7615,79.0,284.0,1.0
7616,12.0,66.0,1.0
7617,193.0,104.0,1.0
7618,147.0,301.0,1.0
7619,188.0,384.0,1.0
7620,207.0,81.0,1.0
7621,236.0,10.0,1.0
7622,97.0,221.0,1.0
7623,102.0,133.0,1.0
7624,65.0,356.0,1.0
7625,81.0,3.0,1.0
7626,227.0,510.0,1.0
7627,226.0,540.0,1.0
7628,114.0,156.0,1.0
7629,231.0,369.0,1.0
7630,55.0,104.0,1.0
7631,89.0,400.0,1.0
7632,116.0,580.0,1.0
7633,257.0,574.0,1.0
7634,84.0,201.0,1.0
7635,69.0,195.0,1.0
7636,90.0,437.0,1.0
7637,245.0,224.0,1.0
7638,106.0,69.0,1.0
7639,193.0,97.0,1.0
7640,145.0,360.0,1.0
7641,239.0,66.0,1.0
7642,82.0,490.0,1.0
7643,39.0,202.0,1.0
7644,87.0,131.0,1.0
7645,102.0,63.0,1.0
7646,147.0,225.0,1.0
7647,95.0,120.0,1.0
7648,99.0,385.0,1.0
7649,104.0,143.0,1.0
7650,130.0,350.0,1.0
7651,223.0,5.0,1.0
7652,120.0,10.0,1.0
7653,89.0,202.0,1.0
7654,33.0,84.0,1.0
7655,103.0,72.0,1.0
7656,248.0,497.0,1.0
7657,178.0,120.0,1.0
7658,106.0,59.0,1.0
7659,235.0,104.0,1.0
7660,53.0,233.0,1.0
7661,163.0,23.0,1.0
7662,102.0,214.0,1.0
7663,162.0,141.0,1.0
7664,153.0,245.0,1.0
7665,105.0,252.0,1.0
7666,131.0,424.0,1.0
7667,139.0,224.0,1.0
7668,175.0,408.0,1.0
7669,182.0,455.0,1.0
7670,128.0,150.0,1.0
7671,159.0,503.0,1.0
7672,255.0,283.0,1.0
7673,86.0,0.0,1.0
7674,1.0,30.0,1.0
7675,44.0,50.0,1.0
7676,91.0,333.0,1.0
7677,64.0,561.0,1.0
7678,114.0,40.0,1.0
7679,102.0,47.0,1.0
7680,149.0,89.0,1.0
7681,227.0,513.0,1.0
7682,13.0,46.0,1.0
7683,116.0,34.0,1.0
7684,165.0,121.0,1.0
7685,2.0,58.0,1.0
7686,170.0,570.0,1.0
7687,130.0,554.0,1.0
7688,102.0,160.0,1.0
7689,1.0,76.0,1.0
7690,203.0,128.0,1.0
7691,268.0,150.0,1.0
7692,207.0,483.0,1.0
7693,39.0,217.0,1.0
7694,228.0,70.0,1.0
7695,78.0,70.0,1.0
7696,241.0,427.0,1.0
7697,145.0,44.0,1.0
7698,183.0,47.0,1.0
7699,177.0,39.0,1.0
7700,115.0,408.0,1.0
7701,104.0,294.0,1.0
7702,97.0,420.0,1.0
7703,67.0,375.0,1.0
7704,242.0,103.0,1.0
7705,104.0,58.0,1.0
7706,96.0,474.0,1.0
7707,98.0,527.0,1.0
7708,49.0,36.0,1.0
7709,139.0,222.0,1.0
7710,44.0,307.0,1.0
7711,64.0,104.0,1.0
7712,228.0,130.0,1.0
7713,62.0,337.0,1.0
7714,78.0,352.0,1.0
7715,168.0,45.0,1.0
7716,211.0,325.0,1.0
7717,168.0,138.0,1.0
7718,257.0,92.0,1.0
7719,53.0,39.0,1.0
7720,84.0,161.0,1.0
7721,181.0,398.0,1.0
7722,91.0,411.0,1.0
7723,4.0,180.0,1.0
7724,62.0,225.0,1.0
7725,183.0,190.0,1.0
7726,82.0,31.0,1.0
7727,228.0,337.0,1.0
7728,136.0,92.0,1.0
7729,69.0,34.0,1.0
7730,178.0,7.0,1.0
7731,42.0,148.0,1.0
7732,248.0,499.0,1.0
7733,203.0,209.0,1.0
7734,29.0,13.0,1.0
7735,78.0,31.0,1.0
7736,90.0,351.0,1.0
7737,67.0,147.0,1.0
7738,75.0,194.0,1.0
7739,66.0,9.0,1.0
7740,139.0,5.0,1.0
7741,84.0,111.0,1.0
7742,53.0,355.0,1.0
7743,188.0,241.0,1.0
7744,16.0,225.0,1.0
7745,97.0,368.0,1.0
7746,89.0,3.0,1.0
7747,94.0,230.0,1.0
7748,261.0,44.0,1.0
7749,121.0,97.0,1.0
7750,10.0,241.0,1.0
7751,186.0,10.0,1.0
7752,248.0,35.0,1.0
7753,1.0,61.0,1.0
7754,28.0,300.0,1.0
7755,71.0,327.0,1.0
7756,203.0,70.0,1.0
7757,39.0,224.0,1.0
7758,94.0,223.0,1.0
7759,81.0,195.0,1.0
7760,53.0,226.0,1.0
7761,130.0,109.0,1.0
7762,87.0,183.0,1.0
7763,233.0,430.0,1.0
7764,132.0,199.0,1.0
7765,122.0,299.0,1.0
7766,90.0,22.0,1.0
7767,261.0,251.0,1.0
7768,108.0,410.0,1.0
7769,164.0,161.0,1.0
7770,208.0,17.0,1.0
7771,189.0,157.0,1.0
7772,238.0,214.0,1.0
7773,268.0,152.0,1.0
7774,127.0,576.0,1.0
7775,69.0,103.0,1.0
7776,154.0,553.0,1.0
7777,100.0,112.0,1.0
7778,72.0,47.0,1.0
7779,37.0,157.0,1.0
7780,87.0,261.0,1.0
7781,84.0,50.0,1.0
7782,223.0,173.0,1.0
7783,42.0,219.0,1.0
7784,16.0,247.0,1.0
7785,127.0,48.0,1.0
7786,164.0,426.0,1.0
7787,248.0,259.0,1.0
7788,81.0,319.0,1.0
7789,156.0,47.0,1.0
7790,78.0,89.0,1.0
7791,129.0,44.0,1.0
7792,67.0,362.0,1.0
7793,202.0,136.0,1.0
7794,87.0,39.0,1.0
7795,17.0,12.0,1.0
7796,52.0,120.0,1.0
7797,168.0,12.0,1.0
7798,87.0,158.0,1.0
7799,24.0,196.0,1.0
7800,126.0,437.0,1.0
7801,64.0,302.0,1.0
7802,9.0,54.0,1.0
7803,98.0,501.0,1.0
7804,79.0,117.0,1.0
7805,25.0,27.0,1.0
7806,39.0,413.0,1.0
7807,162.0,173.0,1.0
7808,126.0,62.0,1.0
7809,200.0,253.0,1.0
7810,180.0,326.0,1.0
7811,52.0,280.0,1.0
7812,145.0,91.0,1.0
7813,133.0,315.0,1.0
7814,0.0,6.0,1.0
7815,65.0,182.0,1.0
7816,44.0,11.0,1.0
7817,17.0,310.0,1.0
7818,47.0,110.0,1.0
7819,239.0,400.0,1.0
7820,122.0,332.0,1.0
7821,178.0,196.0,1.0
7822,156.0,413.0,1.0
7823,65.0,497.0,1.0
7824,188.0,429.0,1.0
7825,51.0,71.0,1.0
7826,11.0,312.0,1.0
7827,156.0,136.0,1.0
7828,90.0,266.0,1.0
7829,82.0,320.0,1.0
7830,200.0,258.0,1.0
7831,87.0,190.0,1.0
7832,11.0,9.0,1.0
7833,185.0,388.0,1.0
7834,124.0,204.0,1.0
7835,11.0,28.0,1.0
7836,147.0,236.0,1.0
7837,177.0,241.0,1.0
7838,178.0,377.0,1.0
7839,158.0,408.0,1.0
7840,257.0,49.0,1.0
7841,56.0,220.0,1.0
7842,182.0,224.0,1.0
7843,228.0,330.0,1.0
7844,88.0,81.0,1.0
7845,118.0,310.0,1.0
7846,74.0,368.0,1.0
7847,66.0,559.0,1.0
7848,178.0,249.0,1.0
7849,8.0,11.0,1.0
7850,69.0,512.0,1.0
7851,97.0,122.0,1.0
7852,189.0,482.0,1.0
7853,103.0,157.0,1.0
7854,191.0,459.0,1.0
7855,135.0,525.0,1.0
7856,219.0,399.0,1.0
7857,113.0,66.0,1.0
7858,105.0,10.0,1.0
7859,255.0,59.0,1.0
7860,122.0,309.0,1.0
7861,75.0,85.0,1.0
7862,205.0,54.0,1.0
7863,69.0,384.0,1.0
7864,113.0,269.0,1.0
7865,65.0,568.0,1.0
7866,210.0,557.0,1.0
7867,235.0,65.0,1.0
7868,256.0,150.0,1.0
7869,182.0,100.0,1.0
7870,150.0,216.0,1.0
7871,79.0,386.0,1.0
7872,238.0,433.0,1.0
7873,117.0,475.0,1.0
7874,199.0,130.0,1.0
7875,9.0,215.0,1.0
7876,9.0,1.0,1.0
7877,184.0,338.0,1.0
7878,207.0,360.0,1.0
7879,240.0,21.0,1.0
7880,89.0,0.0,1.0
7881,17.0,24.0,1.0
7882,63.0,219.0,1.0
7883,53.0,412.0,1.0
7884,170.0,374.0,1.0
7885,26.0,252.0,1.0
7886,196.0,89.0,1.0
7887,75.0,104.0,1.0
7888,252.0,89.0,1.0
7889,22.0,209.0,1.0
7890,189.0,150.0,1.0
7891,261.0,92.0,1.0
7892,261.0,252.0,1.0
7893,182.0,561.0,1.0
7894,130.0,161.0,1.0
7895,130.0,320.0,1.0
7896,144.0,587.0,1.0
7897,13.0,180.0,1.0
7898,88.0,414.0,1.0
7899,17.0,416.0,1.0
7900,185.0,24.0,1.0
7901,22.0,288.0,1.0
7902,229.0,160.0,1.0
7903,128.0,276.0,1.0
7904,90.0,3.0,1.0
7905,56.0,122.0,1.0
7906,74.0,395.0,1.0
7907,117.0,138.0,1.0
7908,101.0,133.0,1.0
7909,72.0,208.0,1.0
7910,183.0,118.0,1.0
7911,205.0,67.0,1.0
7912,134.0,143.0,1.0
7913,164.0,1.0,1.0
7914,147.0,442.0,1.0
7915,195.0,487.0,1.0
7916,168.0,474.0,1.0
7917,52.0,464.0,1.0
7918,141.0,20.0,1.0
7919,129.0,48.0,1.0
7920,8.0,245.0,1.0
7921,217.0,36.0,1.0
7922,145.0,62.0,1.0
7923,97.0,201.0,1.0
7924,138.0,221.0,1.0
7925,262.0,590.0,1.0
7926,223.0,440.0,1.0
7927,229.0,104.0,1.0
7928,119.0,205.0,1.0
7929,45.0,343.0,1.0
7930,16.0,269.0,1.0
7931,167.0,455.0,1.0
7932,193.0,253.0,1.0
7933,75.0,400.0,1.0
7934,105.0,145.0,1.0
7935,229.0,0.0,1.0
7936,74.0,234.0,1.0
7937,153.0,26.0,1.0
7938,262.0,52.0,1.0
7939,63.0,379.0,1.0
7940,261.0,9.0,1.0
7941,79.0,81.0,1.0
7942,165.0,489.0,1.0
7943,212.0,378.0,1.0
7944,209.0,208.0,1.0
7945,138.0,146.0,1.0
7946,104.0,337.0,1.0
7947,124.0,66.0,1.0
7948,143.0,12.0,1.0
7949,199.0,177.0,1.0
7950,105.0,238.0,1.0
7951,116.0,367.0,1.0
7952,160.0,351.0,1.0
7953,178.0,569.0,1.0
7954,49.0,100.0,1.0
7955,82.0,533.0,1.0
7956,74.0,127.0,1.0
7957,69.0,216.0,1.0
7958,178.0,96.0,1.0
7959,255.0,327.0,1.0
7960,5.0,190.0,1.0
7961,175.0,294.0,1.0
7962,103.0,374.0,1.0
7963,218.0,303.0,1.0
7964,192.0,332.0,1.0
7965,100.0,136.0,1.0
7966,21.0,424.0,1.0
7967,268.0,9.0,1.0
7968,7.0,36.0,1.0
7969,209.0,387.0,1.0
7970,107.0,92.0,1.0
7971,2.0,119.0,1.0
7972,78.0,92.0,1.0
7973,116.0,243.0,1.0
7974,200.0,342.0,1.0
7975,92.0,147.0,1.0
7976,109.0,89.0,1.0
7977,84.0,254.0,1.0
7978,98.0,434.0,1.0
7979,154.0,251.0,1.0
7980,104.0,9.0,1.0
7981,48.0,259.0,1.0
7982,51.0,33.0,1.0
7983,244.0,92.0,1.0
7984,158.0,50.0,1.0
7985,58.0,430.0,1.0
7986,30.0,47.0,1.0
7987,222.0,220.0,1.0
7988,94.0,22.0,1.0
7989,182.0,395.0,1.0
7990,130.0,481.0,1.0
7991,155.0,87.0,1.0
7992,22.0,427.0,1.0
7993,25.0,397.0,1.0
7994,239.0,197.0,1.0
7995,240.0,106.0,1.0
7996,71.0,460.0,1.0
7997,37.0,66.0,1.0
7998,58.0,150.0,1.0
7999,69.0,378.0,1.0
8000,27.0,103.0,1.0
8001,226.0,28.0,1.0
8002,90.0,150.0,1.0
8003,64.0,10.0,1.0
8004,84.0,493.0,1.0
8005,205.0,81.0,1.0
8006,179.0,310.0,1.0
8007,156.0,356.0,1.0
8008,102.0,154.0,1.0
8009,19.0,167.0,1.0
8010,113.0,50.0,1.0
8011,117.0,116.0,1.0
8012,17.0,207.0,1.0
8013,189.0,108.0,1.0
8014,148.0,57.0,1.0
8015,56.0,413.0,1.0
8016,225.0,577.0,1.0
8017,223.0,530.0,1.0
8018,180.0,287.0,1.0
8019,182.0,35.0,1.0
8020,84.0,214.0,1.0
8021,191.0,9.0,1.0
8022,82.0,358.0,1.0
8023,145.0,32.0,1.0
8024,255.0,340.0,1.0
8025,89.0,203.0,1.0
8026,106.0,233.0,1.0
8027,81.0,151.0,1.0
8028,203.0,95.0,1.0
8029,127.0,591.0,1.0
8030,177.0,143.0,1.0
8031,128.0,458.0,1.0
8032,121.0,331.0,1.0
8033,173.0,80.0,1.0
8034,1.0,59.0,1.0
8035,52.0,218.0,1.0
8036,136.0,357.0,1.0
8037,17.0,290.0,1.0
8038,114.0,263.0,1.0
8039,239.0,571.0,1.0
8040,17.0,414.0,1.0
8041,135.0,26.0,1.0
8042,114.0,10.0,1.0
8043,153.0,12.0,1.0
8044,82.0,8.0,1.0
8045,145.0,59.0,1.0
8046,136.0,433.0,1.0
8047,45.0,325.0,1.0
8048,100.0,104.0,1.0
8049,116.0,48.0,1.0
8050,218.0,172.0,1.0
8051,247.0,341.0,1.0
8052,178.0,214.0,1.0
8053,71.0,376.0,1.0
8054,82.0,386.0,1.0
8055,87.0,116.0,1.0
8056,84.0,359.0,1.0
8057,148.0,111.0,1.0
8058,117.0,258.0,1.0
8059,223.0,153.0,1.0
8060,51.0,154.0,1.0
8061,117.0,86.0,1.0
8062,127.0,308.0,1.0
8063,90.0,124.0,1.0
8064,200.0,32.0,1.0
8065,82.0,177.0,1.0
8066,145.0,145.0,1.0
8067,204.0,485.0,1.0
8068,87.0,304.0,1.0
8069,229.0,410.0,1.0
8070,91.0,265.0,1.0
8071,232.0,265.0,1.0
8072,2.0,93.0,1.0
8073,178.0,529.0,1.0
8074,2.0,115.0,1.0
8075,87.0,374.0,1.0
8076,65.0,467.0,1.0
8077,117.0,202.0,1.0
8078,207.0,11.0,1.0
8079,168.0,218.0,1.0
8080,201.0,207.0,1.0
8081,200.0,87.0,1.0
8082,226.0,230.0,1.0
8083,62.0,480.0,1.0
8084,101.0,47.0,1.0
8085,216.0,327.0,1.0
8086,122.0,337.0,1.0
8087,128.0,179.0,1.0
8088,200.0,578.0,1.0
8089,65.0,407.0,1.0
8090,248.0,122.0,1.0
8091,65.0,388.0,1.0
8092,20.0,15.0,1.0
8093,225.0,143.0,1.0
8094,132.0,530.0,1.0
8095,234.0,464.0,1.0
8096,9.0,283.0,1.0
8097,213.0,411.0,1.0
8098,16.0,259.0,1.0
8099,87.0,358.0,1.0
8100,87.0,201.0,1.0
8101,189.0,420.0,1.0
8102,116.0,2.0,1.0
8103,173.0,462.0,1.0
8104,65.0,337.0,1.0
8105,25.0,61.0,1.0
8106,82.0,566.0,1.0
8107,258.0,243.0,1.0
8108,82.0,111.0,1.0
8109,164.0,180.0,1.0
8110,83.0,160.0,1.0
8111,223.0,169.0,1.0
8112,121.0,351.0,1.0
8113,264.0,313.0,1.0
8114,191.0,106.0,1.0
8115,37.0,242.0,1.0
8116,208.0,218.0,1.0
8117,147.0,207.0,1.0
8118,10.0,228.0,1.0
8119,78.0,338.0,1.0
8120,130.0,254.0,1.0
8121,60.0,365.0,1.0
8122,117.0,130.0,1.0
8123,200.0,77.0,1.0
8124,211.0,286.0,1.0
8125,136.0,311.0,1.0
8126,86.0,146.0,1.0
8127,89.0,338.0,1.0
8128,27.0,59.0,1.0
8129,234.0,39.0,1.0
8130,90.0,77.0,1.0
8131,45.0,107.0,1.0
8132,182.0,365.0,1.0
8133,102.0,591.0,1.0
8134,89.0,379.0,1.0
8135,28.0,35.0,1.0
8136,256.0,352.0,1.0
8137,31.0,350.0,1.0
8138,93.0,45.0,1.0
8139,228.0,201.0,1.0
8140,85.0,511.0,1.0
8141,71.0,416.0,1.0
8142,104.0,115.0,1.0
8143,127.0,247.0,1.0
8144,207.0,514.0,1.0
8145,52.0,185.0,1.0
8146,168.0,104.0,1.0
8147,102.0,244.0,1.0
8148,153.0,204.0,1.0
8149,90.0,49.0,1.0
8150,252.0,36.0,1.0
8151,88.0,7.0,1.0
8152,169.0,100.0,1.0
8153,233.0,594.0,1.0
8154,141.0,120.0,1.0
8155,85.0,426.0,1.0
8156,250.0,434.0,1.0
8157,211.0,189.0,1.0
8158,102.0,17.0,1.0
8159,82.0,413.0,1.0
8160,149.0,317.0,1.0
8161,21.0,106.0,1.0
8162,20.0,250.0,1.0
8163,243.0,148.0,1.0
8164,234.0,38.0,1.0
8165,52.0,456.0,1.0
8166,85.0,591.0,1.0
8167,130.0,387.0,1.0
8168,84.0,219.0,1.0
8169,178.0,124.0,1.0
8170,89.0,310.0,1.0
8171,150.0,192.0,1.0
8172,238.0,452.0,1.0
8173,104.0,69.0,1.0
8174,189.0,205.0,1.0
8175,133.0,40.0,1.0
8176,217.0,310.0,1.0
8177,119.0,337.0,1.0
8178,128.0,320.0,1.0
8179,116.0,419.0,1.0
8180,102.0,30.0,1.0
8181,16.0,120.0,1.0
8182,79.0,222.0,1.0
8183,131.0,103.0,1.0
8184,84.0,215.0,1.0
8185,7.0,130.0,1.0
8186,115.0,498.0,1.0
8187,9.0,258.0,1.0
8188,189.0,374.0,1.0
8189,264.0,2.0,1.0
8190,147.0,343.0,1.0
8191,53.0,375.0,1.0
8192,63.0,231.0,1.0
8193,16.0,255.0,1.0
8194,91.0,28.0,1.0
8195,13.0,338.0,1.0
8196,145.0,412.0,1.0
8197,115.0,413.0,1.0
8198,42.0,24.0,1.0
8199,5.0,197.0,1.0
8200,112.0,120.0,1.0
8201,72.0,482.0,1.0
8202,189.0,398.0,1.0
8203,26.0,436.0,1.0
8204,106.0,237.0,1.0
8205,123.0,427.0,1.0
8206,138.0,57.0,1.0
8207,155.0,91.0,1.0
8208,256.0,245.0,1.0
8209,117.0,38.0,1.0
8210,207.0,305.0,1.0
8211,159.0,414.0,1.0
8212,216.0,211.0,1.0
8213,244.0,514.0,1.0
8214,183.0,50.0,1.0
8215,155.0,333.0,1.0
8216,115.0,399.0,1.0
8217,106.0,266.0,1.0
8218,130.0,318.0,1.0
8219,177.0,181.0,1.0
8220,228.0,31.0,1.0
8221,82.0,124.0,1.0
8222,58.0,241.0,1.0
8223,149.0,305.0,1.0
8224,156.0,120.0,1.0
8225,82.0,212.0,1.0
8226,160.0,227.0,1.0
8227,183.0,517.0,1.0
8228,82.0,129.0,1.0
8229,82.0,492.0,1.0
8230,261.0,339.0,1.0
8231,178.0,230.0,1.0
8232,217.0,31.0,1.0
8233,186.0,138.0,1.0
8234,183.0,594.0,1.0
8235,82.0,131.0,1.0
8236,175.0,264.0,1.0
8237,182.0,204.0,1.0
8238,78.0,116.0,1.0
8239,158.0,557.0,1.0
8240,195.0,225.0,1.0
8241,247.0,304.0,1.0
8242,196.0,384.0,1.0
8243,57.0,70.0,1.0
8244,1.0,41.0,1.0
8245,96.0,120.0,1.0
8246,128.0,350.0,1.0
8247,134.0,50.0,1.0
8248,56.0,489.0,1.0
8249,147.0,508.0,1.0
8250,261.0,136.0,1.0
8251,205.0,146.0,1.0
8252,226.0,575.0,1.0
8253,200.0,524.0,1.0
8254,87.0,63.0,1.0
8255,223.0,201.0,1.0
8256,179.0,296.0,1.0
8257,48.0,161.0,1.0
8258,245.0,59.0,1.0
8259,126.0,278.0,1.0
8260,207.0,64.0,1.0
8261,123.0,48.0,1.0
8262,162.0,166.0,1.0
8263,8.0,98.0,1.0
8264,87.0,335.0,1.0
8265,116.0,259.0,1.0
8266,51.0,151.0,1.0
8267,181.0,45.0,1.0
8268,51.0,31.0,1.0
8269,200.0,225.0,1.0
8270,224.0,110.0,1.0
8271,37.0,130.0,1.0
8272,200.0,210.0,1.0
8273,19.0,130.0,1.0
8274,87.0,547.0,1.0
8275,84.0,321.0,1.0
8276,17.0,148.0,1.0
8277,257.0,33.0,1.0
8278,105.0,133.0,1.0
8279,90.0,78.0,1.0
8280,203.0,6.0,1.0
8281,180.0,419.0,1.0
8282,224.0,214.0,1.0
8283,266.0,277.0,1.0
8284,196.0,377.0,1.0
8285,90.0,160.0,1.0
8286,234.0,413.0,1.0
8287,71.0,122.0,1.0
8288,145.0,214.0,1.0
8289,210.0,113.0,1.0
8290,25.0,105.0,1.0
8291,182.0,40.0,1.0
8292,259.0,222.0,1.0
8293,201.0,202.0,1.0
8294,178.0,275.0,1.0
8295,102.0,8.0,1.0
8296,172.0,351.0,1.0
8297,145.0,117.0,1.0
8298,50.0,113.0,1.0
8299,12.0,323.0,1.0
8300,200.0,120.0,1.0
8301,204.0,94.0,1.0
8302,33.0,349.0,1.0
8303,16.0,302.0,1.0
8304,192.0,12.0,1.0
8305,153.0,190.0,1.0
8306,109.0,246.0,1.0
8307,126.0,511.0,1.0
8308,165.0,479.0,1.0
8309,6.0,138.0,1.0
8310,138.0,178.0,1.0
8311,82.0,99.0,1.0
8312,30.0,31.0,1.0
8313,165.0,282.0,1.0
8314,168.0,136.0,1.0
8315,152.0,133.0,1.0
8316,102.0,78.0,1.0
8317,147.0,97.0,1.0
8318,175.0,105.0,1.0
8319,235.0,47.0,1.0
8320,51.0,399.0,1.0
8321,127.0,45.0,1.0
8322,168.0,584.0,1.0
8323,234.0,191.0,1.0
8324,182.0,327.0,1.0
8325,58.0,146.0,1.0
8326,135.0,20.0,1.0
8327,108.0,53.0,1.0
8328,165.0,467.0,1.0
8329,229.0,206.0,1.0
8330,164.0,59.0,1.0
8331,159.0,12.0,1.0
8332,122.0,326.0,1.0
8333,115.0,47.0,1.0
8334,56.0,424.0,1.0
8335,128.0,77.0,1.0
8336,178.0,213.0,1.0
8337,197.0,143.0,1.0
8338,48.0,186.0,1.0
8339,263.0,27.0,1.0
8340,112.0,219.0,1.0
8341,53.0,81.0,1.0
8342,204.0,179.0,1.0
8343,144.0,54.0,1.0
8344,26.0,266.0,1.0
8345,120.0,125.0,1.0
8346,228.0,404.0,1.0
8347,122.0,205.0,1.0
8348,162.0,425.0,1.0
8349,120.0,12.0,1.0
8350,52.0,84.0,1.0
8351,224.0,242.0,1.0
8352,65.0,190.0,1.0
8353,65.0,95.0,1.0
8354,78.0,111.0,1.0
8355,180.0,54.0,1.0
8356,194.0,156.0,1.0
8357,191.0,114.0,1.0
8358,226.0,222.0,1.0
8359,129.0,506.0,1.0
8360,200.0,72.0,1.0
8361,200.0,256.0,1.0
8362,158.0,21.0,1.0
8363,141.0,309.0,1.0
8364,60.0,216.0,1.0
8365,2.0,148.0,1.0
8366,65.0,103.0,1.0
8367,158.0,8.0,1.0
8368,84.0,15.0,1.0
8369,193.0,137.0,1.0
8370,180.0,36.0,1.0
8371,91.0,146.0,1.0
8372,229.0,128.0,1.0
8373,168.0,465.0,1.0
8374,56.0,133.0,1.0
8375,108.0,136.0,1.0
8376,62.0,557.0,1.0
8377,153.0,504.0,1.0
8378,45.0,130.0,1.0
8379,42.0,221.0,1.0
8380,84.0,217.0,1.0
8381,69.0,245.0,1.0
8382,256.0,141.0,1.0
8383,121.0,172.0,1.0
8384,65.0,117.0,1.0
8385,182.0,420.0,1.0
8386,56.0,378.0,1.0
8387,203.0,583.0,1.0
8388,144.0,104.0,1.0
8389,71.0,187.0,1.0
8390,186.0,166.0,1.0
8391,85.0,130.0,1.0
8392,168.0,238.0,1.0
8393,262.0,240.0,1.0
8394,164.0,111.0,1.0
8395,78.0,10.0,1.0
8396,225.0,161.0,1.0
8397,234.0,282.0,1.0
8398,183.0,97.0,1.0
8399,183.0,68.0,1.0
8400,114.0,306.0,1.0
8401,130.0,51.0,1.0
8402,37.0,428.0,1.0
8403,42.0,407.0,1.0
8404,203.0,425.0,1.0
8405,16.0,359.0,1.0
8406,86.0,310.0,1.0
8407,150.0,339.0,1.0
8408,83.0,311.0,1.0
8409,51.0,357.0,1.0
8410,180.0,241.0,1.0
8411,41.0,297.0,1.0
8412,135.0,564.0,1.0
8413,114.0,367.0,1.0
8414,232.0,88.0,1.0
8415,199.0,62.0,1.0
8416,126.0,138.0,1.0
8417,195.0,496.0,1.0
8418,186.0,449.0,1.0
8419,218.0,70.0,1.0
8420,69.0,580.0,1.0
8421,88.0,503.0,1.0
8422,16.0,16.0,1.0
8423,182.0,342.0,1.0
8424,105.0,546.0,1.0
8425,51.0,429.0,1.0
8426,116.0,327.0,1.0
8427,101.0,10.0,1.0
8428,13.0,19.0,1.0
8429,149.0,539.0,1.0
8430,100.0,119.0,1.0
8431,246.0,169.0,1.0
8432,248.0,133.0,1.0
8433,90.0,63.0,1.0
8434,65.0,460.0,1.0
8435,164.0,9.0,1.0
8436,52.0,388.0,1.0
8437,187.0,400.0,1.0
8438,116.0,116.0,1.0
8439,94.0,189.0,1.0
8440,114.0,237.0,1.0
8441,147.0,483.0,1.0
8442,130.0,17.0,1.0
8443,37.0,31.0,1.0
8444,145.0,124.0,1.0
8445,182.0,210.0,1.0
8446,178.0,467.0,1.0
8447,100.0,465.0,1.0
8448,78.0,66.0,1.0
8449,13.0,90.0,1.0
8450,183.0,314.0,1.0
8451,82.0,310.0,1.0
8452,37.0,304.0,1.0
8453,129.0,3.0,1.0
8454,19.0,58.0,1.0
8455,164.0,55.0,1.0
8456,84.0,287.0,1.0
8457,264.0,135.0,1.0
8458,42.0,14.0,1.0
8459,226.0,423.0,1.0
8460,48.0,44.0,1.0
8461,84.0,1.0,1.0
8462,35.0,0.0,1.0
8463,145.0,491.0,1.0
8464,42.0,186.0,1.0
8465,156.0,7.0,1.0
8466,228.0,46.0,1.0
8467,261.0,113.0,1.0
8468,217.0,400.0,1.0
8469,153.0,199.0,1.0
8470,22.0,347.0,1.0
8471,204.0,450.0,1.0
8472,136.0,123.0,1.0
8473,205.0,179.0,1.0
8474,240.0,25.0,1.0
8475,94.0,282.0,1.0
8476,92.0,22.0,1.0
8477,181.0,204.0,1.0
8478,35.0,59.0,1.0
8479,150.0,140.0,1.0
8480,224.0,266.0,1.0
8481,63.0,10.0,1.0
8482,248.0,234.0,1.0
8483,229.0,233.0,1.0
8484,96.0,226.0,1.0
8485,204.0,58.0,1.0
8486,28.0,297.0,1.0
8487,172.0,57.0,1.0
8488,182.0,220.0,1.0
8489,44.0,118.0,1.0
8490,134.0,549.0,1.0
8491,15.0,351.0,1.0
8492,160.0,498.0,1.0
8493,178.0,234.0,1.0
8494,260.0,200.0,1.0
8495,6.0,92.0,1.0
8496,147.0,507.0,1.0
8497,186.0,213.0,1.0
8498,147.0,573.0,1.0
8499,111.0,157.0,1.0
8500,152.0,91.0,1.0
8501,78.0,224.0,1.0
8502,124.0,9.0,1.0
8503,116.0,57.0,1.0
8504,18.0,136.0,1.0
8505,114.0,62.0,1.0
8506,60.0,91.0,1.0
8507,2.0,91.0,1.0
8508,83.0,390.0,1.0
8509,168.0,257.0,1.0
8510,91.0,263.0,1.0
8511,60.0,525.0,1.0
8512,268.0,414.0,1.0
8513,73.0,116.0,1.0
8514,71.0,145.0,1.0
8515,99.0,132.0,1.0
8516,218.0,456.0,1.0
8517,74.0,51.0,1.0
8518,82.0,193.0,1.0
8519,119.0,206.0,1.0
8520,57.0,397.0,1.0
8521,30.0,153.0,1.0
8522,233.0,45.0,1.0
8523,98.0,45.0,1.0
8524,214.0,0.0,1.0
8525,58.0,147.0,1.0
8526,102.0,545.0,1.0
8527,85.0,32.0,1.0
8528,202.0,63.0,1.0
8529,207.0,273.0,1.0
8530,13.0,77.0,1.0
8531,115.0,24.0,1.0
8532,117.0,228.0,1.0
8533,84.0,559.0,1.0
8534,122.0,560.0,1.0
8535,149.0,400.0,1.0
8536,178.0,225.0,1.0
8537,82.0,249.0,1.0
8538,229.0,151.0,1.0
8539,159.0,22.0,1.0
8540,180.0,66.0,1.0
8541,166.0,125.0,1.0
8542,228.0,44.0,1.0
8543,128.0,512.0,1.0
8544,258.0,393.0,1.0
8545,147.0,36.0,1.0
8546,83.0,496.0,1.0
8547,203.0,143.0,1.0
8548,65.0,321.0,1.0
8549,268.0,114.0,1.0
8550,139.0,148.0,1.0
8551,258.0,113.0,1.0
8552,248.0,433.0,1.0
8553,55.0,447.0,1.0
8554,75.0,223.0,1.0
8555,75.0,66.0,1.0
8556,102.0,474.0,1.0
8557,48.0,432.0,1.0
8558,5.0,124.0,1.0
8559,164.0,0.0,1.0
8560,100.0,147.0,1.0
8561,246.0,276.0,1.0
8562,211.0,221.0,1.0
8563,149.0,125.0,1.0
8564,13.0,61.0,1.0
8565,135.0,95.0,1.0
8566,254.0,415.0,1.0
8567,238.0,27.0,1.0
8568,203.0,152.0,1.0
8569,197.0,186.0,1.0
8570,1.0,54.0,1.0
8571,183.0,342.0,1.0
8572,256.0,126.0,1.0
8573,184.0,256.0,1.0
8574,244.0,222.0,1.0
8575,17.0,64.0,1.0
8576,96.0,248.0,1.0
8577,208.0,119.0,1.0
8578,251.0,229.0,1.0
8579,114.0,146.0,1.0
8580,218.0,594.0,1.0
8581,53.0,61.0,1.0
8582,126.0,77.0,1.0
8583,90.0,97.0,1.0
8584,84.0,532.0,1.0
8585,64.0,179.0,1.0
8586,101.0,92.0,1.0
8587,68.0,120.0,1.0
8588,155.0,39.0,1.0
8589,242.0,10.0,1.0
8590,10.0,295.0,1.0
8591,67.0,255.0,1.0
8592,1.0,49.0,1.0
8593,105.0,21.0,1.0
8594,39.0,383.0,1.0
8595,81.0,223.0,1.0
8596,113.0,146.0,1.0
8597,228.0,338.0,1.0
8598,82.0,435.0,1.0
8599,35.0,136.0,1.0
8600,127.0,27.0,1.0
8601,207.0,432.0,1.0
8602,158.0,255.0,1.0
8603,223.0,476.0,1.0
8604,94.0,145.0,1.0
8605,149.0,92.0,1.0
8606,128.0,419.0,1.0
8607,129.0,434.0,1.0
8608,130.0,576.0,1.0
8609,120.0,95.0,1.0
8610,196.0,586.0,1.0
8611,85.0,153.0,1.0
8612,115.0,227.0,1.0
8613,48.0,264.0,1.0
8614,211.0,3.0,1.0
8615,142.0,125.0,1.0
8616,134.0,89.0,1.0
8617,248.0,109.0,1.0
8618,256.0,12.0,1.0
8619,89.0,456.0,1.0
8620,39.0,68.0,1.0
8621,108.0,337.0,1.0
8622,138.0,311.0,1.0
8623,249.0,328.0,1.0
8624,187.0,186.0,1.0
8625,243.0,433.0,1.0
8626,127.0,496.0,1.0
8627,51.0,513.0,1.0
8628,178.0,282.0,1.0
8629,172.0,8.0,1.0
8630,219.0,189.0,1.0
8631,165.0,297.0,1.0
8632,186.0,313.0,1.0
8633,87.0,37.0,1.0
8634,97.0,70.0,1.0
8635,52.0,347.0,1.0
8636,155.0,459.0,1.0
8637,51.0,356.0,1.0
8638,63.0,185.0,1.0
8639,56.0,50.0,1.0
8640,149.0,491.0,1.0
8641,82.0,121.0,1.0
8642,115.0,596.0,1.0
8643,102.0,349.0,1.0
8644,65.0,572.0,1.0
8645,147.0,275.0,1.0
8646,135.0,231.0,1.0
8647,234.0,415.0,1.0
8648,75.0,230.0,1.0
8649,119.0,219.0,1.0
8650,245.0,588.0,1.0
8651,26.0,196.0,1.0
8652,147.0,360.0,1.0
8653,178.0,47.0,1.0
8654,32.0,206.0,1.0
8655,103.0,496.0,1.0
8656,180.0,532.0,1.0
8657,82.0,95.0,1.0
8658,182.0,193.0,1.0
8659,16.0,22.0,1.0
8660,105.0,245.0,1.0
8661,257.0,89.0,1.0
8662,209.0,578.0,1.0
8663,85.0,565.0,1.0
8664,223.0,183.0,1.0
8665,49.0,69.0,1.0
8666,52.0,122.0,1.0
8667,128.0,354.0,1.0
8668,250.0,100.0,1.0
8669,226.0,260.0,1.0
8670,41.0,146.0,1.0
8671,218.0,296.0,1.0
8672,16.0,245.0,1.0
8673,175.0,222.0,1.0
8674,205.0,343.0,1.0
8675,116.0,366.0,1.0
8676,91.0,86.0,1.0
8677,224.0,308.0,1.0
8678,94.0,81.0,1.0
8679,72.0,194.0,1.0
8680,105.0,410.0,1.0
8681,184.0,379.0,1.0
8682,127.0,12.0,1.0
8683,148.0,81.0,1.0
8684,105.0,193.0,1.0
8685,84.0,124.0,1.0
8686,105.0,122.0,1.0
8687,42.0,386.0,1.0
8688,170.0,47.0,1.0
8689,75.0,70.0,1.0
8690,135.0,120.0,1.0
8691,164.0,29.0,1.0
8692,58.0,343.0,1.0
8693,168.0,133.0,1.0
8694,78.0,466.0,1.0
8695,175.0,70.0,1.0
8696,117.0,103.0,1.0
8697,82.0,170.0,1.0
8698,261.0,349.0,1.0
8699,164.0,195.0,1.0
8700,178.0,426.0,1.0
8701,178.0,126.0,1.0
8702,82.0,225.0,1.0
8703,256.0,33.0,1.0
8704,74.0,331.0,1.0
8705,104.0,336.0,1.0
8706,170.0,496.0,1.0
8707,13.0,331.0,1.0
8708,255.0,551.0,1.0
8709,87.0,595.0,1.0
8710,87.0,125.0,1.0
8711,149.0,83.0,1.0
8712,257.0,388.0,1.0
8713,261.0,344.0,1.0
8714,5.0,212.0,1.0
8715,69.0,568.0,1.0
8716,205.0,321.0,1.0
8717,226.0,14.0,1.0
8718,53.0,12.0,1.0
8719,245.0,38.0,1.0
8720,17.0,112.0,1.0
8721,5.0,117.0,1.0
8722,72.0,465.0,1.0
8723,37.0,147.0,1.0
8724,226.0,58.0,1.0
8725,74.0,38.0,1.0
8726,222.0,527.0,1.0
8727,164.0,533.0,1.0
8728,29.0,40.0,1.0
8729,87.0,247.0,1.0
8730,205.0,298.0,1.0
8731,265.0,79.0,1.0
8732,117.0,238.0,1.0
8733,117.0,36.0,1.0
8734,236.0,328.0,1.0
8735,51.0,256.0,1.0
8736,186.0,47.0,1.0
8737,123.0,143.0,1.0
8738,219.0,216.0,1.0
8739,105.0,500.0,1.0
8740,44.0,328.0,1.0
8741,96.0,291.0,1.0
8742,66.0,574.0,1.0
8743,119.0,227.0,1.0
8744,226.0,422.0,1.0
8745,164.0,89.0,1.0
8746,164.0,235.0,1.0
8747,145.0,478.0,1.0
8748,81.0,251.0,1.0
8749,158.0,400.0,1.0
8750,98.0,100.0,1.0
8751,202.0,134.0,1.0
8752,97.0,219.0,1.0
8753,156.0,147.0,1.0
8754,164.0,191.0,1.0
8755,218.0,593.0,1.0
8756,141.0,459.0,1.0
8757,202.0,272.0,1.0
8758,188.0,280.0,1.0
8759,115.0,454.0,1.0
8760,79.0,10.0,1.0
8761,113.0,17.0,1.0
8762,78.0,310.0,1.0
8763,102.0,99.0,1.0
8764,178.0,41.0,1.0
8765,27.0,81.0,1.0
8766,82.0,256.0,1.0
8767,104.0,84.0,1.0
8768,104.0,291.0,1.0
8769,183.0,284.0,1.0
8770,5.0,208.0,1.0
8771,218.0,514.0,1.0
8772,164.0,116.0,1.0
8773,151.0,50.0,1.0
8774,81.0,231.0,1.0
8775,230.0,327.0,1.0
8776,218.0,288.0,1.0
8777,223.0,467.0,1.0
8778,189.0,348.0,1.0
8779,87.0,102.0,1.0
8780,3.0,165.0,1.0
8781,8.0,168.0,1.0
8782,147.0,222.0,1.0
8783,234.0,111.0,1.0
8784,178.0,338.0,1.0
8785,74.0,68.0,1.0
8786,73.0,120.0,1.0
8787,228.0,148.0,1.0
8788,68.0,85.0,1.0
8789,258.0,526.0,1.0
8790,153.0,130.0,1.0
8791,134.0,39.0,1.0
8792,230.0,179.0,1.0
8793,26.0,356.0,1.0
8794,178.0,105.0,1.0
8795,130.0,273.0,1.0
8796,47.0,66.0,1.0
8797,129.0,10.0,1.0
8798,5.0,194.0,1.0
8799,11.0,269.0,1.0
8800,147.0,209.0,1.0
8801,181.0,136.0,1.0
8802,37.0,449.0,1.0
8803,116.0,40.0,1.0
8804,116.0,92.0,1.0
8805,175.0,182.0,1.0
8806,144.0,400.0,1.0
8807,69.0,185.0,1.0
8808,118.0,117.0,1.0
8809,167.0,168.0,1.0
8810,1.0,77.0,1.0
8811,245.0,404.0,1.0
8812,91.0,441.0,1.0
8813,37.0,11.0,1.0
8814,257.0,11.0,1.0
8815,123.0,47.0,1.0
8816,229.0,37.0,1.0
8817,92.0,76.0,1.0
8818,56.0,29.0,1.0
8819,53.0,123.0,1.0
8820,259.0,416.0,1.0
8821,65.0,242.0,1.0
8822,135.0,205.0,1.0
8823,62.0,413.0,1.0
8824,156.0,39.0,1.0
8825,117.0,191.0,1.0
8826,51.0,191.0,1.0
8827,255.0,64.0,1.0
8828,187.0,39.0,1.0
8829,130.0,459.0,1.0
8830,148.0,408.0,1.0
8831,203.0,352.0,1.0
8832,2.0,139.0,1.0
8833,218.0,592.0,1.0
8834,119.0,116.0,1.0
8835,60.0,311.0,1.0
8836,53.0,213.0,1.0
8837,130.0,160.0,1.0
8838,164.0,168.0,1.0
8839,245.0,460.0,1.0
8840,22.0,430.0,1.0
8841,232.0,177.0,1.0
8842,130.0,276.0,1.0
8843,241.0,218.0,1.0
8844,65.0,222.0,1.0
8845,16.0,213.0,1.0
8846,248.0,463.0,1.0
8847,51.0,280.0,1.0
8848,60.0,358.0,1.0
8849,225.0,87.0,1.0
8850,64.0,204.0,1.0
8851,147.0,141.0,1.0
8852,65.0,148.0,1.0
8853,147.0,400.0,1.0
8854,70.0,515.0,1.0
8855,53.0,488.0,1.0
8856,83.0,62.0,1.0
8857,60.0,111.0,1.0
8858,182.0,207.0,1.0
8859,123.0,165.0,1.0
8860,177.0,51.0,1.0
8861,164.0,304.0,1.0
8862,248.0,445.0,1.0
8863,117.0,253.0,1.0
8864,228.0,196.0,1.0
8865,229.0,177.0,1.0
8866,96.0,25.0,1.0
8867,258.0,320.0,1.0
8868,67.0,146.0,1.0
8869,144.0,70.0,1.0
8870,223.0,492.0,1.0
8871,100.0,536.0,1.0
8872,132.0,62.0,1.0
8873,51.0,442.0,1.0
8874,105.0,113.0,1.0
8875,22.0,45.0,1.0
8876,197.0,402.0,1.0
8877,153.0,222.0,1.0
8878,130.0,313.0,1.0
8879,101.0,91.0,1.0
8880,144.0,399.0,1.0
8881,156.0,225.0,1.0
8882,114.0,67.0,1.0
8883,130.0,437.0,1.0
8884,49.0,1.0,1.0
8885,159.0,97.0,1.0
8886,177.0,28.0,1.0
8887,227.0,372.0,1.0
8888,218.0,46.0,1.0
8889,223.0,400.0,1.0
8890,156.0,410.0,1.0
8891,217.0,251.0,1.0
8892,211.0,31.0,1.0
8893,141.0,73.0,1.0
8894,102.0,261.0,1.0
8895,130.0,233.0,1.0
8896,160.0,482.0,1.0
8897,114.0,585.0,1.0
8898,165.0,150.0,1.0
8899,226.0,20.0,1.0
8900,225.0,69.0,1.0
8901,224.0,184.0,1.0
8902,139.0,407.0,1.0
8903,147.0,22.0,1.0
8904,74.0,284.0,1.0
8905,160.0,173.0,1.0
8906,116.0,553.0,1.0
8907,78.0,22.0,1.0
8908,162.0,58.0,1.0
8909,57.0,419.0,1.0
8910,16.0,371.0,1.0
8911,48.0,158.0,1.0
8912,237.0,160.0,1.0
8913,145.0,241.0,1.0
8914,243.0,91.0,1.0
8915,157.0,129.0,1.0
8916,223.0,116.0,1.0
8917,17.0,251.0,1.0
8918,147.0,367.0,1.0
8919,65.0,230.0,1.0
8920,183.0,438.0,1.0
8921,193.0,133.0,1.0
8922,81.0,216.0,1.0
8923,42.0,475.0,1.0
8924,242.0,0.0,1.0
8925,64.0,311.0,1.0
8926,262.0,102.0,1.0
8927,79.0,470.0,1.0
8928,130.0,164.0,1.0
8929,58.0,97.0,1.0
8930,120.0,287.0,1.0
8931,224.0,250.0,1.0
8932,227.0,499.0,1.0
8933,91.0,12.0,1.0
8934,155.0,89.0,1.0
8935,71.0,117.0,1.0
8936,11.0,114.0,1.0
8937,104.0,157.0,1.0
8938,82.0,35.0,1.0
8939,183.0,63.0,1.0
8940,60.0,244.0,1.0
8941,156.0,199.0,1.0
8942,102.0,253.0,1.0
8943,82.0,262.0,1.0
8944,259.0,470.0,1.0
8945,219.0,112.0,1.0
8946,218.0,183.0,1.0
8947,63.0,100.0,1.0
8948,56.0,238.0,1.0
8949,125.0,272.0,1.0
8950,199.0,4.0,1.0
8951,79.0,504.0,1.0
8952,164.0,250.0,1.0
8953,64.0,36.0,1.0
8954,172.0,143.0,1.0
8955,49.0,131.0,1.0
8956,130.0,225.0,1.0
8957,120.0,467.0,1.0
8958,194.0,22.0,1.0
8959,159.0,557.0,1.0
8960,59.0,92.0,1.0
8961,176.0,100.0,1.0
8962,56.0,241.0,1.0
8963,79.0,384.0,1.0
8964,140.0,282.0,1.0
8965,94.0,310.0,1.0
8966,233.0,19.0,1.0
8967,162.0,467.0,1.0
8968,130.0,253.0,1.0
8969,14.0,58.0,1.0
8970,149.0,179.0,1.0
8971,100.0,138.0,1.0
8972,117.0,40.0,1.0
8973,22.0,215.0,1.0
8974,180.0,226.0,1.0
8975,133.0,431.0,1.0
8976,155.0,65.0,1.0
8977,32.0,142.0,1.0
8978,51.0,58.0,1.0
8979,147.0,65.0,1.0
8980,71.0,563.0,1.0
8981,129.0,586.0,1.0
8982,199.0,18.0,1.0
8983,82.0,569.0,1.0
8984,242.0,371.0,1.0
8985,153.0,232.0,1.0
8986,82.0,521.0,1.0
8987,150.0,404.0,1.0
8988,158.0,131.0,1.0
8989,223.0,399.0,1.0
8990,238.0,486.0,1.0
8991,255.0,145.0,1.0
8992,229.0,39.0,1.0
8993,164.0,131.0,1.0
8994,82.0,92.0,1.0
8995,45.0,97.0,1.0
8996,259.0,231.0,1.0
8997,145.0,186.0,1.0
8998,224.0,511.0,1.0
8999,203.0,168.0,1.0
9000,211.0,4.0,1.0
9001,182.0,133.0,1.0
9002,105.0,57.0,1.0
9003,189.0,133.0,1.0
9004,143.0,413.0,1.0
9005,224.0,143.0,1.0
9006,160.0,490.0,1.0
9007,110.0,66.0,1.0
9008,168.0,126.0,1.0
9009,116.0,537.0,1.0
9010,22.0,432.0,1.0
9011,23.0,251.0,1.0
9012,208.0,565.0,1.0
9013,198.0,203.0,1.0
9014,257.0,579.0,1.0
9015,242.0,356.0,1.0
9016,50.0,21.0,1.0
9017,140.0,146.0,1.0
9018,262.0,89.0,1.0
9019,182.0,256.0,1.0
9020,210.0,59.0,1.0
9021,90.0,201.0,1.0
9022,75.0,364.0,1.0
9023,56.0,222.0,1.0
9024,207.0,54.0,1.0
9025,17.0,133.0,1.0
9026,209.0,438.0,1.0
9027,82.0,142.0,1.0
9028,194.0,147.0,1.0
9029,130.0,331.0,1.0
9030,216.0,186.0,1.0
9031,17.0,217.0,1.0
9032,150.0,589.0,1.0
9033,218.0,27.0,1.0
9034,134.0,461.0,1.0
9035,220.0,527.0,1.0
9036,129.0,201.0,1.0
9037,123.0,164.0,1.0
9038,91.0,462.0,1.0
9039,60.0,538.0,1.0
9040,164.0,423.0,1.0
9041,177.0,427.0,1.0
9042,51.0,332.0,1.0
9043,84.0,238.0,1.0
9044,5.0,213.0,1.0
9045,132.0,420.0,1.0
9046,88.0,401.0,1.0
9047,218.0,301.0,1.0
9048,148.0,33.0,1.0
9049,218.0,582.0,1.0
9050,197.0,77.0,1.0
9051,1.0,22.0,1.0
9052,130.0,130.0,1.0
9053,209.0,397.0,1.0
9054,160.0,105.0,1.0
9055,257.0,219.0,1.0
9056,88.0,186.0,1.0
9057,11.0,152.0,1.0
9058,118.0,189.0,1.0
9059,82.0,415.0,1.0
9060,22.0,175.0,1.0
9061,123.0,491.0,1.0
9062,117.0,542.0,1.0
9063,248.0,63.0,1.0
9064,87.0,175.0,1.0
9065,207.0,10.0,1.0
9066,6.0,125.0,1.0
9067,1.0,31.0,1.0
9068,234.0,7.0,1.0
9069,207.0,251.0,1.0
9070,97.0,391.0,1.0
9071,183.0,337.0,1.0
9072,165.0,256.0,1.0
9073,56.0,281.0,1.0
9074,77.0,116.0,1.0
9075,199.0,469.0,1.0
9076,89.0,138.0,1.0
9077,223.0,111.0,1.0
9078,63.0,186.0,1.0
9079,175.0,10.0,1.0
9080,177.0,113.0,1.0
9081,147.0,194.0,1.0
9082,114.0,147.0,1.0
9083,188.0,92.0,1.0
9084,170.0,89.0,1.0
9085,105.0,128.0,1.0
9086,35.0,61.0,1.0
9087,52.0,156.0,1.0
9088,255.0,502.0,1.0
9089,65.0,253.0,1.0
9090,9.0,279.0,1.0
9091,202.0,24.0,1.0
9092,224.0,485.0,1.0
9093,256.0,112.0,1.0
9094,158.0,66.0,1.0
9095,248.0,265.0,1.0
9096,223.0,57.0,1.0
9097,58.0,57.0,1.0
9098,65.0,106.0,1.0
9099,65.0,427.0,1.0
9100,97.0,231.0,1.0
9101,223.0,212.0,1.0
9102,42.0,217.0,1.0
9103,223.0,413.0,1.0
9104,116.0,437.0,1.0
9105,75.0,174.0,1.0
9106,232.0,23.0,1.0
9107,250.0,133.0,1.0
9108,84.0,365.0,1.0
9109,84.0,36.0,1.0
9110,187.0,8.0,1.0
9111,136.0,5.0,1.0
9112,56.0,354.0,1.0
9113,82.0,247.0,1.0
9114,191.0,295.0,1.0
9115,67.0,59.0,1.0
9116,192.0,365.0,1.0
9117,56.0,545.0,1.0
9118,215.0,146.0,1.0
9119,53.0,277.0,1.0
9120,165.0,126.0,1.0
9121,82.0,239.0,1.0
9122,108.0,261.0,1.0
9123,155.0,241.0,1.0
9124,256.0,418.0,1.0
9125,56.0,541.0,1.0
9126,89.0,186.0,1.0
9127,69.0,222.0,1.0
9128,108.0,374.0,1.0
9129,259.0,157.0,1.0
9130,128.0,484.0,1.0
9131,10.0,303.0,1.0
9132,84.0,433.0,1.0
9133,117.0,120.0,1.0
9134,178.0,533.0,1.0
9135,114.0,346.0,1.0
9136,45.0,113.0,1.0
9137,105.0,496.0,1.0
9138,91.0,565.0,1.0
9139,22.0,158.0,1.0
9140,105.0,476.0,1.0
9141,208.0,315.0,1.0
9142,96.0,100.0,1.0
9143,226.0,456.0,1.0
9144,189.0,507.0,1.0
9145,64.0,4.0,1.0
9146,79.0,125.0,1.0
9147,98.0,104.0,1.0
9148,149.0,121.0,1.0
9149,153.0,417.0,1.0
9150,59.0,315.0,1.0
9151,133.0,516.0,1.0
9152,224.0,145.0,1.0
9153,87.0,453.0,1.0
9154,228.0,147.0,1.0
9155,203.0,154.0,1.0
9156,63.0,207.0,1.0
9157,266.0,314.0,1.0
9158,45.0,286.0,1.0
9159,224.0,146.0,1.0
9160,123.0,154.0,1.0
9161,155.0,118.0,1.0
9162,32.0,130.0,1.0
9163,9.0,59.0,1.0
9164,262.0,294.0,1.0
9165,89.0,408.0,1.0
9166,243.0,504.0,1.0
9167,217.0,352.0,1.0
9168,129.0,280.0,1.0
9169,147.0,64.0,1.0
9170,128.0,241.0,1.0
9171,205.0,567.0,1.0
9172,87.0,517.0,1.0
9173,59.0,95.0,1.0
9174,132.0,239.0,1.0
9175,223.0,419.0,1.0
9176,144.0,390.0,1.0
9177,147.0,446.0,1.0
9178,175.0,505.0,1.0
9179,123.0,89.0,1.0
9180,122.0,55.0,1.0
9181,52.0,510.0,1.0
9182,195.0,452.0,1.0
9183,259.0,95.0,1.0
9184,108.0,207.0,1.0
9185,124.0,10.0,1.0
9186,109.0,38.0,1.0
9187,102.0,304.0,1.0
9188,130.0,367.0,1.0
9189,214.0,125.0,1.0
9190,181.0,396.0,1.0
9191,150.0,47.0,1.0
9192,101.0,122.0,1.0
9193,105.0,586.0,1.0
9194,193.0,203.0,1.0
9195,245.0,564.0,1.0
9196,39.0,404.0,1.0
9197,81.0,12.0,1.0
9198,104.0,178.0,1.0
9199,84.0,88.0,1.0
9200,245.0,49.0,1.0
9201,97.0,157.0,1.0
9202,136.0,120.0,1.0
9203,183.0,51.0,1.0
9204,69.0,420.0,1.0
9205,246.0,120.0,1.0
9206,9.0,67.0,1.0
9207,71.0,558.0,1.0
9208,234.0,528.0,1.0
9209,51.0,524.0,1.0
9210,75.0,81.0,1.0
9211,19.0,150.0,1.0
9212,38.0,29.0,1.0
9213,145.0,116.0,1.0
9214,200.0,201.0,1.0
9215,102.0,277.0,1.0
9216,221.0,191.0,1.0
9217,194.0,143.0,1.0
9218,175.0,208.0,1.0
9219,207.0,428.0,1.0
9220,233.0,252.0,1.0
9221,93.0,407.0,1.0
9222,204.0,143.0,1.0
9223,135.0,399.0,1.0
9224,112.0,282.0,1.0
9225,87.0,106.0,1.0
9226,105.0,104.0,1.0
9227,52.0,77.0,1.0
9228,134.0,32.0,1.0
9229,181.0,38.0,1.0
9230,183.0,561.0,1.0
9231,86.0,262.0,1.0
9232,82.0,83.0,1.0
9233,79.0,111.0,1.0
9234,183.0,491.0,1.0
9235,71.0,49.0,1.0
9236,191.0,298.0,1.0
9237,84.0,53.0,1.0
9238,167.0,362.0,1.0
9239,227.0,332.0,1.0
9240,22.0,153.0,1.0
9241,125.0,124.0,1.0
9242,143.0,236.0,1.0
9243,147.0,35.0,1.0
9244,107.0,571.0,1.0
9245,126.0,191.0,1.0
9246,195.0,286.0,1.0
9247,153.0,356.0,1.0
9248,245.0,23.0,1.0
9249,162.0,307.0,1.0
9250,178.0,193.0,1.0
9251,197.0,521.0,1.0
9252,59.0,219.0,1.0
9253,207.0,555.0,1.0
9254,219.0,150.0,1.0
9255,87.0,74.0,1.0
9256,191.0,240.0,1.0
9257,50.0,297.0,1.0
9258,78.0,504.0,1.0
9259,147.0,571.0,1.0
9260,23.0,434.0,1.0
9261,57.0,255.0,1.0
9262,149.0,420.0,1.0
9263,138.0,67.0,1.0
9264,56.0,193.0,1.0
9265,189.0,127.0,1.0
9266,105.0,398.0,1.0
9267,15.0,78.0,1.0
9268,162.0,157.0,1.0
9269,136.0,150.0,1.0
9270,5.0,138.0,1.0
9271,171.0,135.0,1.0
9272,117.0,218.0,1.0
9273,26.0,289.0,1.0
9274,98.0,136.0,1.0
9275,87.0,113.0,1.0
9276,194.0,388.0,1.0
9277,117.0,131.0,1.0
9278,91.0,182.0,1.0
9279,105.0,100.0,1.0
9280,120.0,116.0,1.0
9281,147.0,60.0,1.0
9282,81.0,118.0,1.0
9283,60.0,284.0,1.0
9284,1.0,75.0,1.0
9285,59.0,189.0,1.0
9286,209.0,119.0,1.0
9287,167.0,106.0,1.0
9288,104.0,282.0,1.0
9289,223.0,19.0,1.0
9290,86.0,196.0,1.0
9291,145.0,36.0,1.0
9292,74.0,327.0,1.0
9293,178.0,371.0,1.0
9294,217.0,504.0,1.0
9295,1.0,55.0,1.0
9296,64.0,560.0,1.0
9297,164.0,100.0,1.0
9298,249.0,45.0,1.0
9299,145.0,12.0,1.0
9300,117.0,569.0,1.0
9301,10.0,113.0,1.0
9302,248.0,73.0,1.0
9303,176.0,3.0,1.0
9304,56.0,149.0,1.0
9305,89.0,222.0,1.0
9306,100.0,111.0,1.0
9307,30.0,44.0,1.0
9308,81.0,479.0,1.0
9309,75.0,553.0,1.0
9310,104.0,44.0,1.0
9311,129.0,104.0,1.0
9312,217.0,241.0,1.0
9313,132.0,63.0,1.0
9314,87.0,594.0,1.0
9315,81.0,47.0,1.0
9316,223.0,504.0,1.0
9317,266.0,35.0,1.0
9318,82.0,12.0,1.0
9319,89.0,12.0,1.0
9320,239.0,351.0,1.0
9321,145.0,567.0,1.0
9322,87.0,213.0,1.0
9323,84.0,81.0,1.0
9324,90.0,190.0,1.0
9325,42.0,202.0,1.0
9326,25.0,103.0,1.0
9327,130.0,103.0,1.0
9328,79.0,280.0,1.0
9329,56.0,351.0,1.0
9330,178.0,381.0,1.0
9331,88.0,62.0,1.0
9332,52.0,207.0,1.0
9333,56.0,28.0,1.0
9334,156.0,36.0,1.0
9335,56.0,103.0,1.0
9336,249.0,110.0,1.0
9337,56.0,84.0,1.0
9338,189.0,315.0,1.0
9339,211.0,563.0,1.0
9340,222.0,114.0,1.0
9341,126.0,224.0,1.0
9342,191.0,213.0,1.0
9343,102.0,89.0,1.0
9344,65.0,197.0,1.0
9345,218.0,32.0,1.0
9346,225.0,33.0,1.0
9347,129.0,66.0,1.0
9348,173.0,259.0,1.0
9349,148.0,310.0,1.0
9350,21.0,11.0,1.0
9351,104.0,23.0,1.0
9352,175.0,577.0,1.0
9353,218.0,397.0,1.0
9354,44.0,391.0,1.0
9355,124.0,89.0,1.0
9356,261.0,94.0,1.0
9357,92.0,215.0,1.0
9358,197.0,181.0,1.0
9359,56.0,395.0,1.0
9360,63.0,399.0,1.0
9361,64.0,566.0,1.0
9362,89.0,399.0,1.0
9363,183.0,119.0,1.0
9364,202.0,156.0,1.0
9365,104.0,152.0,1.0
9366,136.0,388.0,1.0
9367,165.0,107.0,1.0
9368,44.0,486.0,1.0
9369,17.0,138.0,1.0
9370,166.0,368.0,1.0
9371,233.0,59.0,1.0
9372,185.0,327.0,1.0
9373,179.0,92.0,1.0
9374,147.0,247.0,1.0
9375,164.0,297.0,1.0
9376,217.0,194.0,1.0
9377,96.0,66.0,1.0
9378,42.0,474.0,1.0
9379,183.0,12.0,1.0
9380,178.0,578.0,1.0
9381,212.0,407.0,1.0
9382,236.0,362.0,1.0
9383,200.0,179.0,1.0
9384,177.0,332.0,1.0
9385,223.0,193.0,1.0
9386,16.0,308.0,1.0
9387,183.0,1.0,1.0
9388,56.0,124.0,1.0
9389,145.0,337.0,1.0
9390,225.0,567.0,1.0
9391,223.0,466.0,1.0
9392,29.0,56.0,1.0
9393,89.0,227.0,1.0
9394,196.0,352.0,1.0
9395,71.0,112.0,1.0
9396,53.0,47.0,1.0
9397,75.0,64.0,1.0
9398,249.0,150.0,1.0
9399,248.0,443.0,1.0
9400,34.0,163.0,1.0
9401,202.0,155.0,1.0
9402,56.0,286.0,1.0
9403,82.0,497.0,1.0
9404,202.0,48.0,1.0
9405,82.0,59.0,1.0
9406,86.0,223.0,1.0
9407,160.0,97.0,1.0
9408,161.0,57.0,1.0
9409,218.0,445.0,1.0
9410,5.0,39.0,1.0
9411,16.0,363.0,1.0
9412,249.0,165.0,1.0
9413,210.0,378.0,1.0
9414,217.0,148.0,1.0
9415,156.0,492.0,1.0
9416,0.0,0.0,1.0
9417,164.0,226.0,1.0
9418,117.0,125.0,1.0
9419,158.0,239.0,1.0
9420,171.0,192.0,1.0
9421,246.0,326.0,1.0
9422,44.0,491.0,1.0
9423,248.0,213.0,1.0
9424,52.0,403.0,1.0
9425,207.0,73.0,1.0
9426,243.0,100.0,1.0
9427,2.0,107.0,1.0
9428,268.0,84.0,1.0
9429,65.0,152.0,1.0
9430,223.0,558.0,1.0
9431,178.0,324.0,1.0
9432,264.0,41.0,1.0
9433,209.0,469.0,1.0
9434,256.0,388.0,1.0
9435,147.0,206.0,1.0
9436,223.0,146.0,1.0
9437,242.0,3.0,1.0
9438,86.0,360.0,1.0
9439,52.0,44.0,1.0
9440,257.0,348.0,1.0
9441,31.0,241.0,1.0
9442,90.0,143.0,1.0
9443,200.0,20.0,1.0
9444,56.0,96.0,1.0
9445,5.0,211.0,1.0
9446,156.0,103.0,1.0
9447,258.0,141.0,1.0
9448,224.0,128.0,1.0
9449,211.0,54.0,1.0
9450,147.0,182.0,1.0
9451,213.0,120.0,1.0
9452,29.0,281.0,1.0
9453,164.0,8.0,1.0
9454,90.0,332.0,1.0
9455,180.0,78.0,1.0
9456,195.0,0.0,1.0
9457,78.0,61.0,1.0
9458,144.0,557.0,1.0
9459,62.0,138.0,1.0
9460,189.0,148.0,1.0
9461,209.0,430.0,1.0
9462,65.0,204.0,1.0
9463,85.0,448.0,1.0
9464,225.0,21.0,1.0
9465,205.0,196.0,1.0
9466,98.0,137.0,1.0
9467,52.0,131.0,1.0
9468,145.0,506.0,1.0
9469,178.0,22.0,1.0
9470,71.0,137.0,1.0
9471,171.0,159.0,1.0
9472,44.0,81.0,1.0
9473,133.0,138.0,1.0
9474,98.0,89.0,1.0
9475,228.0,45.0,1.0
9476,226.0,161.0,1.0
9477,98.0,279.0,1.0
9478,149.0,116.0,1.0
9479,185.0,266.0,1.0
9480,92.0,203.0,1.0
9481,123.0,120.0,1.0
9482,186.0,310.0,1.0
9483,34.0,118.0,1.0
9484,134.0,179.0,1.0
9485,262.0,340.0,1.0
9486,224.0,382.0,1.0
9487,231.0,203.0,1.0
9488,116.0,10.0,1.0
9489,224.0,103.0,1.0
9490,144.0,387.0,1.0
9491,183.0,203.0,1.0
9492,5.0,207.0,1.0
9493,190.0,133.0,1.0
9494,14.0,293.0,1.0
9495,104.0,325.0,1.0
9496,153.0,351.0,1.0
9497,49.0,104.0,1.0
9498,67.0,413.0,1.0
9499,49.0,284.0,1.0
9500,14.0,31.0,1.0
9501,200.0,170.0,1.0
9502,60.0,31.0,1.0
9503,250.0,1.0,1.0
9504,21.0,57.0,1.0
9505,44.0,196.0,1.0
9506,65.0,45.0,1.0
9507,235.0,21.0,1.0
9508,45.0,398.0,1.0
9509,108.0,65.0,1.0
9510,149.0,336.0,1.0
9511,174.0,261.0,1.0
9512,89.0,368.0,1.0
9513,232.0,39.0,1.0
9514,103.0,59.0,1.0
9515,118.0,216.0,1.0
9516,97.0,378.0,1.0
9517,227.0,95.0,1.0
9518,145.0,277.0,1.0
9519,158.0,571.0,1.0
9520,158.0,558.0,1.0
9521,147.0,332.0,1.0
9522,34.0,36.0,1.0
9523,102.0,236.0,1.0
9524,182.0,143.0,1.0
9525,248.0,184.0,1.0
9526,149.0,130.0,1.0
9527,223.0,320.0,1.0
9528,81.0,186.0,1.0
9529,82.0,113.0,1.0
9530,29.0,295.0,1.0
9531,207.0,66.0,1.0
9532,10.0,293.0,1.0
9533,203.0,13.0,1.0
9534,138.0,201.0,1.0
9535,136.0,529.0,1.0
9536,223.0,11.0,1.0
9537,200.0,100.0,1.0
9538,87.0,202.0,1.0
9539,97.0,216.0,1.0
9540,218.0,252.0,1.0
9541,144.0,131.0,1.0
9542,83.0,123.0,1.0
9543,183.0,349.0,1.0
9544,208.0,130.0,1.0
9545,47.0,107.0,1.0
9546,28.0,146.0,1.0
9547,68.0,43.0,1.0
9548,229.0,247.0,1.0
9549,9.0,161.0,1.0
9550,97.0,466.0,1.0
9551,191.0,281.0,1.0
9552,259.0,388.0,1.0
9553,199.0,208.0,1.0
9554,94.0,146.0,1.0
9555,228.0,75.0,1.0
9556,165.0,136.0,1.0
9557,127.0,400.0,1.0
9558,103.0,138.0,1.0
9559,79.0,204.0,1.0
9560,53.0,315.0,1.0
9561,183.0,154.0,1.0
9562,127.0,112.0,1.0
9563,156.0,44.0,1.0
9564,234.0,35.0,1.0
9565,224.0,371.0,1.0
9566,101.0,222.0,1.0
9567,85.0,285.0,1.0
9568,207.0,74.0,1.0
9569,182.0,12.0,1.0
9570,199.0,97.0,1.0
9571,82.0,143.0,1.0
9572,261.0,140.0,1.0
9573,254.0,179.0,1.0
9574,156.0,223.0,1.0
9575,233.0,81.0,1.0
9576,104.0,47.0,1.0
9577,183.0,43.0,1.0
9578,28.0,149.0,1.0
9579,264.0,585.0,1.0
9580,203.0,47.0,1.0
9581,65.0,59.0,1.0
9582,102.0,101.0,1.0
9583,199.0,9.0,1.0
9584,266.0,569.0,1.0
9585,56.0,80.0,1.0
9586,45.0,222.0,1.0
9587,87.0,283.0,1.0
9588,129.0,223.0,1.0
9589,89.0,413.0,1.0
9590,163.0,413.0,1.0
9591,170.0,106.0,1.0
9592,250.0,469.0,1.0
9593,189.0,272.0,1.0
9594,26.0,331.0,1.0
9595,218.0,111.0,1.0
9596,122.0,9.0,1.0
9597,64.0,388.0,1.0
9598,62.0,120.0,1.0
9599,199.0,181.0,1.0
9600,249.0,436.0,1.0
9601,29.0,130.0,1.0
9602,120.0,0.0,1.0
9603,143.0,77.0,1.0
9604,180.0,256.0,1.0
9605,87.0,228.0,1.0
9606,147.0,436.0,1.0
9607,217.0,222.0,1.0
9608,160.0,318.0,1.0
9609,245.0,207.0,1.0
9610,138.0,487.0,1.0
9611,245.0,146.0,1.0
9612,11.0,155.0,1.0
9613,69.0,180.0,1.0
9614,14.0,168.0,1.0
9615,258.0,111.0,1.0
9616,185.0,89.0,1.0
9617,160.0,576.0,1.0
9618,245.0,399.0,1.0
9619,8.0,201.0,1.0
9620,248.0,2.0,1.0
9621,256.0,398.0,1.0
9622,82.0,168.0,1.0
9623,182.0,201.0,1.0
9624,164.0,80.0,1.0
9625,126.0,111.0,1.0
9626,94.0,61.0,1.0
9627,182.0,264.0,1.0
9628,14.0,275.0,1.0
9629,100.0,474.0,1.0
9630,191.0,147.0,1.0
9631,10.0,152.0,1.0
9632,11.0,314.0,1.0
9633,42.0,214.0,1.0
9634,53.0,436.0,1.0
9635,123.0,407.0,1.0
9636,218.0,238.0,1.0
9637,44.0,350.0,1.0
9638,185.0,111.0,1.0
9639,67.0,77.0,1.0
9640,3.0,159.0,1.0
9641,51.0,201.0,1.0
9642,87.0,15.0,1.0
9643,188.0,268.0,1.0
9644,233.0,443.0,1.0
9645,212.0,231.0,1.0
9646,262.0,39.0,1.0
9647,182.0,146.0,1.0
9648,243.0,150.0,1.0
9649,187.0,272.0,1.0
9650,164.0,61.0,1.0
9651,200.0,189.0,1.0
9652,129.0,224.0,1.0
9653,184.0,82.0,1.0
9654,20.0,349.0,1.0
9655,147.0,258.0,1.0
9656,84.0,523.0,1.0
9657,42.0,69.0,1.0
9658,167.0,47.0,1.0
9659,183.0,456.0,1.0
9660,226.0,30.0,1.0
9661,131.0,219.0,1.0
9662,51.0,354.0,1.0
9663,128.0,210.0,1.0
9664,52.0,93.0,1.0
9665,199.0,11.0,1.0
9666,144.0,202.0,1.0
9667,267.0,245.0,1.0
9668,258.0,23.0,1.0
9669,262.0,426.0,1.0
9670,268.0,160.0,1.0
9671,87.0,437.0,1.0
9672,107.0,368.0,1.0
9673,167.0,90.0,1.0
9674,150.0,190.0,1.0
9675,178.0,143.0,1.0
9676,110.0,27.0,1.0
9677,223.0,14.0,1.0
9678,103.0,191.0,1.0
9679,164.0,121.0,1.0
9680,132.0,120.0,1.0
9681,30.0,73.0,1.0
9682,178.0,512.0,1.0
9683,17.0,189.0,1.0
9684,154.0,122.0,1.0
9685,74.0,482.0,1.0
9686,51.0,260.0,1.0
9687,82.0,117.0,1.0
9688,256.0,204.0,1.0
9689,16.0,30.0,1.0
9690,69.0,251.0,1.0
9691,217.0,475.0,1.0
9692,218.0,308.0,1.0
9693,164.0,302.0,1.0
9694,51.0,91.0,1.0
9695,21.0,143.0,1.0
9696,266.0,224.0,1.0
9697,145.0,10.0,1.0
9698,67.0,532.0,1.0
9699,115.0,81.0,1.0
9700,67.0,64.0,1.0
9701,55.0,485.0,1.0
9702,193.0,24.0,1.0
9703,68.0,18.0,1.0
9704,28.0,73.0,1.0
9705,18.0,113.0,1.0
9706,156.0,382.0,1.0
9707,172.0,111.0,1.0
9708,30.0,130.0,1.0
9709,45.0,190.0,1.0
9710,120.0,1.0,1.0
9711,83.0,275.0,1.0
9712,234.0,396.0,1.0
9713,248.0,59.0,1.0
9714,122.0,70.0,1.0
9715,193.0,18.0,1.0
9716,101.0,153.0,1.0
9717,51.0,48.0,1.0
9718,178.0,39.0,1.0
9719,178.0,519.0,1.0
9720,267.0,21.0,1.0
9721,217.0,206.0,1.0
9722,182.0,52.0,1.0
9723,191.0,159.0,1.0
9724,108.0,370.0,1.0
9725,67.0,130.0,1.0
9726,28.0,16.0,1.0
9727,89.0,217.0,1.0
9728,149.0,61.0,1.0
9729,226.0,70.0,1.0
9730,259.0,293.0,1.0
9731,96.0,94.0,1.0
9732,158.0,382.0,1.0
9733,164.0,419.0,1.0
9734,126.0,146.0,1.0
9735,165.0,509.0,1.0
9736,162.0,322.0,1.0
9737,35.0,181.0,1.0
9738,264.0,162.0,1.0
9739,259.0,5.0,1.0
9740,165.0,179.0,1.0
9741,7.0,151.0,1.0
9742,259.0,87.0,1.0
9743,130.0,66.0,1.0
9744,2.0,133.0,1.0
9745,169.0,202.0,1.0
9746,218.0,182.0,1.0
9747,182.0,580.0,1.0
9748,69.0,529.0,1.0
9749,178.0,197.0,1.0
9750,104.0,148.0,1.0
9751,65.0,39.0,1.0
9752,186.0,358.0,1.0
9753,163.0,239.0,1.0
9754,259.0,36.0,1.0
9755,62.0,381.0,1.0
9756,43.0,135.0,1.0
9757,49.0,45.0,1.0
9758,232.0,64.0,1.0
9759,238.0,367.0,1.0
9760,69.0,145.0,1.0
9761,51.0,461.0,1.0
9762,10.0,122.0,1.0
9763,42.0,126.0,1.0
9764,254.0,317.0,1.0
9765,199.0,170.0,1.0
9766,77.0,190.0,1.0
9767,29.0,61.0,1.0
9768,209.0,147.0,1.0
9769,223.0,205.0,1.0
9770,87.0,46.0,1.0
9771,81.0,132.0,1.0
9772,132.0,413.0,1.0
9773,146.0,116.0,1.0
9774,167.0,273.0,1.0
9775,145.0,216.0,1.0
9776,138.0,509.0,1.0
9777,57.0,548.0,1.0
9778,97.0,97.0,1.0
9779,89.0,14.0,1.0
9780,121.0,39.0,1.0
9781,114.0,70.0,1.0
9782,131.0,1.0,1.0
9783,2.0,21.0,1.0
9784,22.0,149.0,1.0
9785,103.0,201.0,1.0
9786,153.0,1.0,1.0
9787,147.0,57.0,1.0
9788,71.0,66.0,1.0
9789,9.0,52.0,1.0
9790,132.0,596.0,1.0
9791,200.0,332.0,1.0
9792,149.0,385.0,1.0
9793,75.0,559.0,1.0
9794,252.0,359.0,1.0
9795,130.0,97.0,1.0
9796,127.0,8.0,1.0
9797,126.0,471.0,1.0
9798,85.0,137.0,1.0
9799,182.0,295.0,1.0
9800,172.0,126.0,1.0
9801,224.0,523.0,1.0
9802,31.0,452.0,1.0
9803,164.0,224.0,1.0
9804,207.0,146.0,1.0
9805,182.0,50.0,1.0
9806,241.0,438.0,1.0
9807,102.0,295.0,1.0
9808,53.0,91.0,1.0
9809,6.0,208.0,1.0
9810,126.0,398.0,1.0
9811,224.0,134.0,1.0
9812,44.0,310.0,1.0
9813,160.0,12.0,1.0
9814,31.0,103.0,1.0
9815,162.0,27.0,1.0
9816,65.0,122.0,1.0
9817,262.0,349.0,1.0
9818,153.0,374.0,1.0
9819,64.0,169.0,1.0
9820,10.0,194.0,1.0
9821,244.0,323.0,1.0
9822,118.0,391.0,1.0
9823,129.0,378.0,1.0
9824,256.0,229.0,1.0
9825,242.0,202.0,1.0
9826,78.0,337.0,1.0
9827,19.0,251.0,1.0
9828,116.0,18.0,1.0
9829,94.0,309.0,1.0
9830,65.0,530.0,1.0
9831,78.0,326.0,1.0
9832,256.0,69.0,1.0
9833,236.0,103.0,1.0
9834,223.0,539.0,1.0
9835,82.0,208.0,1.0
9836,84.0,62.0,1.0
9837,217.0,224.0,1.0
9838,37.0,168.0,1.0
9839,54.0,118.0,1.0
9840,81.0,411.0,1.0
9841,182.0,75.0,1.0
9842,147.0,255.0,1.0
9843,172.0,517.0,1.0
9844,147.0,171.0,1.0
9845,141.0,118.0,1.0
9846,226.0,204.0,1.0
9847,175.0,295.0,1.0
9848,68.0,268.0,1.0
9849,123.0,358.0,1.0
9850,153.0,400.0,1.0
9851,161.0,106.0,1.0
9852,158.0,204.0,1.0
9853,225.0,27.0,1.0
9854,156.0,62.0,1.0
9855,56.0,266.0,1.0
9856,189.0,77.0,1.0
9857,90.0,92.0,1.0
9858,175.0,1.0,1.0
9859,64.0,54.0,1.0
9860,79.0,89.0,1.0
9861,258.0,5.0,1.0
9862,189.0,224.0,1.0
9863,87.0,191.0,1.0
9864,177.0,194.0,1.0
9865,234.0,146.0,1.0
9866,71.0,398.0,1.0
9867,84.0,465.0,1.0
9868,214.0,388.0,1.0
9869,202.0,552.0,1.0
9870,82.0,145.0,1.0
9871,17.0,130.0,1.0
9872,97.0,207.0,1.0
9873,47.0,145.0,1.0
9874,102.0,222.0,1.0
9875,90.0,481.0,1.0
9876,178.0,71.0,1.0
9877,200.0,264.0,1.0
9878,122.0,485.0,1.0
9879,52.0,66.0,1.0
9880,148.0,120.0,1.0
9881,224.0,27.0,1.0
9882,173.0,97.0,1.0
9883,87.0,427.0,1.0
9884,187.0,390.0,1.0
9885,175.0,203.0,1.0
9886,186.0,228.0,1.0
9887,223.0,64.0,1.0
9888,217.0,116.0,1.0
9889,135.0,111.0,1.0
9890,56.0,499.0,1.0
9891,64.0,492.0,1.0
9892,164.0,305.0,1.0
9893,56.0,233.0,1.0
9894,97.0,525.0,1.0
9895,10.0,54.0,1.0
9896,71.0,388.0,1.0
9897,199.0,120.0,1.0
9898,75.0,246.0,1.0
9899,9.0,76.0,1.0
9900,62.0,84.0,1.0
9901,113.0,35.0,1.0
9902,22.0,36.0,1.0
9903,223.0,219.0,1.0
9904,34.0,110.0,1.0
9905,71.0,400.0,1.0
9906,144.0,120.0,1.0
9907,248.0,145.0,1.0
9908,44.0,203.0,1.0
9909,148.0,45.0,1.0
9910,78.0,202.0,1.0
9911,226.0,77.0,1.0
9912,127.0,294.0,1.0
9913,186.0,141.0,1.0
9914,94.0,221.0,1.0
9915,122.0,356.0,1.0
9916,108.0,127.0,1.0
9917,60.0,238.0,1.0
9918,264.0,30.0,1.0
9919,210.0,89.0,1.0
9920,209.0,192.0,1.0
9921,213.0,101.0,1.0
9922,156.0,255.0,1.0
9923,97.0,89.0,1.0
9924,164.0,399.0,1.0
9925,209.0,516.0,1.0
9926,94.0,148.0,1.0
9927,116.0,280.0,1.0
9928,122.0,292.0,1.0
9929,206.0,10.0,1.0
9930,196.0,154.0,1.0
9931,127.0,548.0,1.0
9932,255.0,22.0,1.0
9933,199.0,255.0,1.0
9934,82.0,342.0,1.0
9935,51.0,21.0,1.0
9936,167.0,378.0,1.0
9937,34.0,272.0,1.0
9938,200.0,193.0,1.0
9939,117.0,289.0,1.0
9940,10.0,146.0,1.0
9941,82.0,233.0,1.0
9942,158.0,550.0,1.0
9943,107.0,194.0,1.0
9944,207.0,535.0,1.0
9945,75.0,115.0,1.0
9946,242.0,581.0,1.0
9947,162.0,241.0,1.0
9948,228.0,12.0,1.0
9949,129.0,40.0,1.0
9950,248.0,95.0,1.0
9951,65.0,256.0,1.0
9952,251.0,136.0,1.0
9953,188.0,111.0,1.0
9954,84.0,582.0,1.0
9955,56.0,234.0,1.0
9956,39.0,205.0,1.0
9957,84.0,92.0,1.0
9958,86.0,251.0,1.0
9959,81.0,391.0,1.0
9960,230.0,334.0,1.0
9961,220.0,194.0,1.0
9962,91.0,17.0,1.0
9963,91.0,435.0,1.0
9964,108.0,130.0,1.0
9965,137.0,89.0,1.0
9966,224.0,597.0,1.0
9967,126.0,388.0,1.0
9968,33.0,129.0,1.0
9969,142.0,120.0,1.0
9970,193.0,35.0,1.0
9971,52.0,382.0,1.0
9972,44.0,103.0,1.0
9973,147.0,331.0,1.0
9974,189.0,423.0,1.0
9975,6.0,231.0,1.0
9976,117.0,309.0,1.0
9977,149.0,351.0,1.0
9978,102.0,40.0,1.0
9979,53.0,62.0,1.0
9980,178.0,135.0,1.0
9981,187.0,491.0,1.0
9982,183.0,567.0,1.0
9983,261.0,58.0,1.0
9984,159.0,409.0,1.0
9985,183.0,76.0,1.0
9986,262.0,325.0,1.0
9987,129.0,230.0,1.0
9988,227.0,313.0,1.0
9989,219.0,12.0,1.0
9990,116.0,47.0,1.0
9991,224.0,434.0,1.0
9992,235.0,385.0,1.0
9993,168.0,302.0,1.0
9994,89.0,506.0,1.0
9995,250.0,126.0,1.0
9996,98.0,330.0,1.0
9997,242.0,7.0,1.0
9998,82.0,343.0,1.0
9999,116.0,33.0,1.0
10000,201.0,393.0,1.0
10001,45.0,392.0,1.0
10002,3.0,136.0,1.0
10003,247.0,346.0,1.0
10004,82.0,354.0,1.0
10005,199.0,83.0,1.0
10006,75.0,356.0,1.0
10007,123.0,286.0,1.0
10008,261.0,155.0,1.0
10009,87.0,94.0,1.0
10010,85.0,136.0,1.0
10011,129.0,472.0,1.0
10012,52.0,251.0,1.0
10013,79.0,48.0,1.0
10014,197.0,81.0,1.0
10015,158.0,219.0,1.0
10016,248.0,191.0,1.0
10017,217.0,135.0,1.0
10018,194.0,111.0,1.0
10019,263.0,146.0,1.0
10020,97.0,14.0,1.0
10021,200.0,303.0,1.0
10022,2.0,120.0,1.0
10023,234.0,91.0,1.0
10024,130.0,319.0,1.0
10025,226.0,363.0,1.0
10026,133.0,467.0,1.0
10027,241.0,223.0,1.0
10028,18.0,47.0,1.0
10029,177.0,179.0,1.0
10030,153.0,138.0,1.0
10031,122.0,89.0,1.0
10032,259.0,81.0,1.0
10033,64.0,247.0,1.0
10034,44.0,247.0,1.0
10035,0.0,15.0,1.0
10036,74.0,143.0,1.0
10037,9.0,87.0,1.0
10038,79.0,385.0,1.0
10039,87.0,40.0,1.0
10040,266.0,117.0,1.0
10041,162.0,240.0,1.0
10042,65.0,326.0,1.0
10043,90.0,450.0,1.0
10044,56.0,152.0,1.0
10045,46.0,498.0,1.0
10046,102.0,56.0,1.0
10047,31.0,296.0,1.0
10048,56.0,45.0,1.0
10049,26.0,208.0,1.0
10050,189.0,66.0,1.0
10051,147.0,585.0,1.0
10052,178.0,50.0,1.0
10053,58.0,481.0,1.0
10054,217.0,111.0,1.0
10055,218.0,203.0,1.0
10056,73.0,321.0,1.0
10057,23.0,433.0,1.0
10058,48.0,257.0,1.0
10059,178.0,20.0,1.0
10060,258.0,127.0,1.0
10061,44.0,159.0,1.0
10062,177.0,146.0,1.0
10063,39.0,197.0,1.0
10064,81.0,14.0,1.0
10065,228.0,381.0,1.0
10066,60.0,555.0,1.0
10067,214.0,106.0,1.0
10068,79.0,75.0,1.0
10069,165.0,130.0,1.0
10070,45.0,294.0,1.0
10071,202.0,11.0,1.0
10072,239.0,257.0,1.0
10073,78.0,125.0,1.0
10074,2.0,112.0,1.0
10075,209.0,491.0,1.0
10076,117.0,405.0,1.0
10077,145.0,39.0,1.0
10078,144.0,498.0,1.0
10079,69.0,334.0,1.0
10080,87.0,591.0,1.0
10081,82.0,191.0,1.0
10082,93.0,87.0,1.0
10083,86.0,51.0,1.0
10084,145.0,547.0,1.0
10085,53.0,139.0,1.0
10086,215.0,157.0,1.0
10087,263.0,120.0,1.0
10088,51.0,70.0,1.0
10089,139.0,377.0,1.0
10090,135.0,92.0,1.0
10091,226.0,408.0,1.0
10092,226.0,367.0,1.0
10093,123.0,597.0,1.0
10094,136.0,337.0,1.0
10095,129.0,137.0,1.0
10096,223.0,586.0,1.0
10097,104.0,38.0,1.0
10098,177.0,177.0,1.0
10099,47.0,379.0,1.0
10100,264.0,137.0,1.0
10101,136.0,310.0,1.0
10102,224.0,343.0,1.0
10103,129.0,100.0,1.0
10104,232.0,178.0,1.0
10105,97.0,487.0,1.0
10106,19.0,154.0,1.0
10107,183.0,194.0,1.0
10108,199.0,39.0,1.0
10109,42.0,207.0,1.0
10110,83.0,241.0,1.0
10111,116.0,358.0,1.0
10112,97.0,467.0,1.0
10113,223.0,20.0,1.0
10114,262.0,45.0,1.0
10115,96.0,216.0,1.0
10116,82.0,119.0,1.0
10117,150.0,133.0,1.0
10118,162.0,47.0,1.0
10119,197.0,273.0,1.0
10120,226.0,283.0,1.0
10121,168.0,420.0,1.0
10122,160.0,484.0,1.0
10123,96.0,382.0,1.0
10124,126.0,416.0,1.0
10125,107.0,334.0,1.0
10126,65.0,258.0,1.0
10127,183.0,186.0,1.0
10128,264.0,56.0,1.0
10129,149.0,157.0,1.0
10130,72.0,463.0,1.0
10131,242.0,221.0,1.0
10132,48.0,113.0,1.0
10133,241.0,10.0,1.0
10134,182.0,459.0,1.0
10135,170.0,120.0,1.0
10136,28.0,51.0,1.0
10137,181.0,118.0,1.0
10138,106.0,107.0,1.0
10139,182.0,225.0,1.0
10140,68.0,20.0,1.0
10141,172.0,192.0,1.0
10142,67.0,388.0,1.0
10143,178.0,49.0,1.0
10144,104.0,100.0,1.0
10145,52.0,116.0,1.0
10146,203.0,395.0,1.0
10147,154.0,112.0,1.0
10148,34.0,90.0,1.0
10149,230.0,201.0,1.0
10150,149.0,290.0,1.0
10151,186.0,311.0,1.0
10152,2.0,127.0,1.0
10153,89.0,100.0,1.0
10154,212.0,146.0,1.0
10155,128.0,378.0,1.0
10156,31.0,202.0,1.0
10157,175.0,17.0,1.0
10158,91.0,31.0,1.0
10159,147.0,568.0,1.0
10160,74.0,241.0,1.0
10161,158.0,120.0,1.0
10162,259.0,251.0,1.0
10163,263.0,65.0,1.0
10164,170.0,24.0,1.0
10165,34.0,152.0,1.0
10166,65.0,209.0,1.0
10167,77.0,17.0,1.0
10168,89.0,460.0,1.0
10169,218.0,88.0,1.0
10170,258.0,232.0,1.0
10171,223.0,511.0,1.0
10172,183.0,36.0,1.0
10173,153.0,258.0,1.0
10174,104.0,35.0,1.0
10175,83.0,1.0,1.0
10176,209.0,256.0,1.0
10177,178.0,79.0,1.0
10178,79.0,398.0,1.0
10179,144.0,277.0,1.0
10180,197.0,257.0,1.0
10181,227.0,18.0,1.0
10182,175.0,191.0,1.0
10183,158.0,36.0,1.0
10184,248.0,58.0,1.0
10185,200.0,46.0,1.0
10186,91.0,36.0,1.0
10187,94.0,136.0,1.0
10188,69.0,337.0,1.0
10189,56.0,533.0,1.0
10190,171.0,378.0,1.0
10191,82.0,330.0,1.0
10192,91.0,466.0,1.0
10193,42.0,138.0,1.0
10194,86.0,388.0,1.0
10195,225.0,8.0,1.0
10196,58.0,168.0,1.0
10197,82.0,219.0,1.0
10198,184.0,450.0,1.0
10199,84.0,75.0,1.0
10200,25.0,166.0,1.0
10201,60.0,207.0,1.0
10202,56.0,116.0,1.0
10203,67.0,201.0,1.0
10204,21.0,343.0,1.0
10205,116.0,28.0,1.0
10206,22.0,157.0,1.0
10207,163.0,110.0,1.0
10208,164.0,113.0,1.0
10209,65.0,287.0,1.0
10210,71.0,201.0,1.0
10211,164.0,24.0,1.0
10212,143.0,253.0,1.0
10213,186.0,96.0,1.0
10214,248.0,223.0,1.0
10215,64.0,250.0,1.0
10216,79.0,353.0,1.0
10217,191.0,134.0,1.0
10218,250.0,207.0,1.0
10219,223.0,337.0,1.0
10220,200.0,107.0,1.0
10221,51.0,226.0,1.0
10222,178.0,438.0,1.0
10223,187.0,434.0,1.0
10224,183.0,120.0,1.0
10225,223.0,251.0,1.0
10226,155.0,76.0,1.0
10227,248.0,22.0,1.0
10228,115.0,195.0,1.0
10229,165.0,104.0,1.0
10230,176.0,58.0,1.0
10231,45.0,493.0,1.0
10232,56.0,170.0,1.0
10233,102.0,118.0,1.0
10234,256.0,225.0,1.0
10235,19.0,155.0,1.0
10236,81.0,111.0,1.0
10237,207.0,164.0,1.0
10238,113.0,175.0,1.0
10239,19.0,120.0,1.0
10240,10.0,292.0,1.0
10241,49.0,399.0,1.0
10242,223.0,256.0,1.0
10243,213.0,91.0,1.0
10244,228.0,230.0,1.0
10245,220.0,50.0,1.0
10246,200.0,269.0,1.0
10247,248.0,81.0,1.0
10248,223.0,254.0,1.0
10249,89.0,113.0,1.0
10250,223.0,220.0,1.0
10251,259.0,380.0,1.0
10252,219.0,391.0,1.0
10253,168.0,487.0,1.0
10254,147.0,234.0,1.0
10255,81.0,8.0,1.0
10256,247.0,97.0,1.0
10257,264.0,9.0,1.0
10258,102.0,336.0,1.0
10259,65.0,32.0,1.0
10260,84.0,177.0,1.0
10261,93.0,44.0,1.0
10262,141.0,44.0,1.0
10263,178.0,198.0,1.0
10264,128.0,113.0,1.0
10265,200.0,194.0,1.0
10266,201.0,227.0,1.0
10267,39.0,315.0,1.0
10268,147.0,299.0,1.0
10269,150.0,137.0,1.0
10270,16.0,70.0,1.0
10271,192.0,580.0,1.0
10272,126.0,45.0,1.0
10273,116.0,476.0,1.0
10274,230.0,241.0,1.0
10275,170.0,186.0,1.0
10276,84.0,283.0,1.0
10277,211.0,104.0,1.0
10278,148.0,208.0,1.0
10279,129.0,408.0,1.0
10280,165.0,362.0,1.0
10281,42.0,470.0,1.0
10282,83.0,193.0,1.0
10283,197.0,495.0,1.0
10284,78.0,7.0,1.0
10285,151.0,10.0,1.0
10286,101.0,147.0,1.0
10287,178.0,111.0,1.0
10288,216.0,256.0,1.0
10289,148.0,134.0,1.0
10290,162.0,286.0,1.0
10291,105.0,319.0,1.0
10292,78.0,473.0,1.0
10293,84.0,360.0,1.0
10294,17.0,195.0,1.0
10295,63.0,417.0,1.0
10296,79.0,464.0,1.0
10297,71.0,492.0,1.0
10298,238.0,45.0,1.0
10299,108.0,139.0,1.0
10300,165.0,294.0,1.0
10301,9.0,111.0,1.0
10302,49.0,311.0,1.0
10303,218.0,19.0,1.0
10304,183.0,507.0,1.0
10305,74.0,33.0,1.0
10306,0.0,1.0,1.0
10307,65.0,219.0,1.0
10308,75.0,219.0,1.0
10309,49.0,39.0,1.0
10310,31.0,332.0,1.0
10311,192.0,106.0,1.0
10312,47.0,213.0,1.0
10313,117.0,146.0,1.0
10314,155.0,306.0,1.0
10315,228.0,38.0,1.0
10316,149.0,256.0,1.0
10317,129.0,388.0,1.0
10318,137.0,36.0,1.0
10319,17.0,214.0,1.0
10320,42.0,185.0,1.0
10321,195.0,354.0,1.0
10322,141.0,31.0,1.0
10323,91.0,224.0,1.0
10324,35.0,36.0,1.0
10325,145.0,81.0,1.0
10326,168.0,378.0,1.0
10327,75.0,190.0,1.0
10328,101.0,191.0,1.0
10329,116.0,208.0,1.0
10330,56.0,111.0,1.0
10331,248.0,202.0,1.0
10332,158.0,505.0,1.0
10333,246.0,39.0,1.0
10334,223.0,89.0,1.0
10335,64.0,103.0,1.0
10336,82.0,324.0,1.0
10337,144.0,378.0,1.0
10338,197.0,131.0,1.0
10339,37.0,349.0,1.0
10340,74.0,3.0,1.0
10341,108.0,138.0,1.0
10342,38.0,30.0,1.0
10343,87.0,439.0,1.0
10344,74.0,226.0,1.0
10345,97.0,220.0,1.0
10346,147.0,325.0,1.0
10347,214.0,453.0,1.0
10348,203.0,577.0,1.0
10349,53.0,189.0,1.0
10350,65.0,143.0,1.0
10351,2.0,97.0,1.0
10352,5.0,191.0,1.0
10353,263.0,61.0,1.0
10354,94.0,92.0,1.0
10355,86.0,474.0,1.0
10356,30.0,388.0,1.0
10357,37.0,80.0,1.0
10358,217.0,12.0,1.0
10359,234.0,310.0,1.0
10360,164.0,186.0,1.0
10361,175.0,28.0,1.0
10362,182.0,64.0,1.0
10363,87.0,334.0,1.0
10364,83.0,10.0,1.0
10365,223.0,287.0,1.0
10366,116.0,230.0,1.0
10367,261.0,164.0,1.0
10368,175.0,5.0,1.0
10369,11.0,289.0,1.0
10370,230.0,103.0,1.0
10371,110.0,196.0,1.0
10372,178.0,89.0,1.0
10373,56.0,194.0,1.0
10374,266.0,147.0,1.0
10375,71.0,231.0,1.0
10376,264.0,164.0,1.0
10377,5.0,10.0,1.0
10378,75.0,117.0,1.0
10379,236.0,45.0,1.0
10380,74.0,255.0,1.0
10381,82.0,273.0,1.0
10382,82.0,14.0,1.0
10383,134.0,350.0,1.0
10384,153.0,235.0,1.0
10385,182.0,334.0,1.0
10386,53.0,191.0,1.0
10387,52.0,384.0,1.0
10388,256.0,185.0,1.0
10389,10.0,102.0,1.0
10390,147.0,326.0,1.0
10391,44.0,51.0,1.0
10392,93.0,25.0,1.0
10393,87.0,90.0,1.0
10394,129.0,307.0,1.0
10395,157.0,84.0,1.0
10396,189.0,514.0,1.0
10397,238.0,385.0,1.0
10398,10.0,47.0,1.0
10399,175.0,406.0,1.0
10400,117.0,74.0,1.0
10401,189.0,24.0,1.0
10402,104.0,154.0,1.0
10403,155.0,271.0,1.0
10404,71.0,91.0,1.0
10405,259.0,417.0,1.0
10406,42.0,415.0,1.0
10407,244.0,146.0,1.0
10408,190.0,12.0,1.0
10409,147.0,215.0,1.0
10410,39.0,10.0,1.0
10411,224.0,218.0,1.0
10412,168.0,309.0,1.0
10413,105.0,111.0,1.0
10414,82.0,179.0,1.0
10415,183.0,79.0,1.0
10416,250.0,92.0,1.0
10417,256.0,251.0,1.0
10418,96.0,1.0,1.0
10419,209.0,225.0,1.0
10420,108.0,10.0,1.0
10421,160.0,36.0,1.0
10422,87.0,349.0,1.0
10423,149.0,126.0,1.0
10424,193.0,251.0,1.0
10425,130.0,538.0,1.0
10426,147.0,459.0,1.0
10427,75.0,83.0,1.0
10428,229.0,181.0,1.0
10429,256.0,253.0,1.0
10430,241.0,190.0,1.0
10431,114.0,493.0,1.0
10432,59.0,398.0,1.0
10433,200.0,8.0,1.0
10434,102.0,395.0,1.0
10435,71.0,516.0,1.0
10436,228.0,222.0,1.0
10437,102.0,161.0,1.0
10438,164.0,374.0,1.0
10439,14.0,349.0,1.0
10440,78.0,49.0,1.0
10441,142.0,117.0,1.0
10442,114.0,46.0,1.0
10443,82.0,319.0,1.0
10444,85.0,594.0,1.0
10445,156.0,75.0,1.0
10446,218.0,127.0,1.0
10447,83.0,282.0,1.0
10448,239.0,492.0,1.0
10449,53.0,311.0,1.0
10450,44.0,386.0,1.0
10451,223.0,97.0,1.0
10452,82.0,382.0,1.0
10453,84.0,594.0,1.0
10454,226.0,51.0,1.0
10455,62.0,400.0,1.0
10456,90.0,203.0,1.0
10457,102.0,293.0,1.0
10458,79.0,202.0,1.0
10459,193.0,394.0,1.0
10460,222.0,113.0,1.0
10461,250.0,364.0,1.0
10462,44.0,480.0,1.0
10463,106.0,195.0,1.0
10464,168.0,494.0,1.0
10465,44.0,436.0,1.0
10466,193.0,512.0,1.0
10467,88.0,351.0,1.0
10468,247.0,349.0,1.0
10469,65.0,386.0,1.0
10470,183.0,443.0,1.0
10471,224.0,245.0,1.0
10472,130.0,440.0,1.0
10473,117.0,113.0,1.0
10474,21.0,52.0,1.0
10475,78.0,284.0,1.0
10476,97.0,360.0,1.0
10477,227.0,141.0,1.0
10478,51.0,526.0,1.0
10479,44.0,284.0,1.0
10480,203.0,539.0,1.0
10481,171.0,97.0,1.0
10482,248.0,245.0,1.0
10483,223.0,386.0,1.0
10484,75.0,418.0,1.0
10485,175.0,287.0,1.0
10486,129.0,409.0,1.0
10487,173.0,203.0,1.0
10488,225.0,264.0,1.0
10489,264.0,20.0,1.0
10490,222.0,312.0,1.0
10491,183.0,72.0,1.0
10492,234.0,48.0,1.0
10493,56.0,277.0,1.0
10494,182.0,57.0,1.0
10495,183.0,596.0,1.0
10496,218.0,282.0,1.0
10497,259.0,202.0,1.0
10498,51.0,287.0,1.0
10499,259.0,10.0,1.0
10500,219.0,402.0,1.0
10501,95.0,456.0,1.0
10502,1.0,65.0,1.0
10503,186.0,17.0,1.0
10504,78.0,471.0,1.0
10505,181.0,374.0,1.0
10506,163.0,362.0,1.0
10507,49.0,35.0,1.0
10508,1.0,21.0,1.0
10509,156.0,247.0,1.0
10510,160.0,487.0,1.0
10511,217.0,232.0,1.0
10512,238.0,95.0,1.0
10513,216.0,66.0,1.0
10514,248.0,456.0,1.0
10515,180.0,568.0,1.0
10516,65.0,89.0,1.0
10517,42.0,241.0,1.0
10518,81.0,225.0,1.0
10519,9.0,45.0,1.0
10520,233.0,93.0,1.0
10521,252.0,184.0,1.0
10522,267.0,44.0,1.0
10523,177.0,306.0,1.0
10524,74.0,195.0,1.0
10525,224.0,408.0,1.0
10526,75.0,35.0,1.0
10527,71.0,14.0,1.0
10528,141.0,419.0,1.0
10529,56.0,290.0,1.0
10530,101.0,111.0,1.0
10531,147.0,589.0,1.0
10532,69.0,62.0,1.0
10533,130.0,508.0,1.0
10534,65.0,188.0,1.0
10535,82.0,398.0,1.0
10536,256.0,92.0,1.0
10537,142.0,130.0,1.0
10538,69.0,44.0,1.0
10539,231.0,142.0,1.0
10540,74.0,521.0,1.0
10541,150.0,191.0,1.0
10542,116.0,434.0,1.0
10543,100.0,379.0,1.0
10544,136.0,1.0,1.0
10545,142.0,100.0,1.0
10546,1.0,70.0,1.0
10547,114.0,22.0,1.0
10548,147.0,302.0,1.0
10549,103.0,438.0,1.0
10550,42.0,87.0,1.0
10551,250.0,135.0,1.0
10552,77.0,521.0,1.0
10553,129.0,197.0,1.0
10554,189.0,474.0,1.0
10555,176.0,205.0,1.0
10556,219.0,219.0,1.0
10557,147.0,317.0,1.0
10558,244.0,253.0,1.0
10559,121.0,322.0,1.0
10560,138.0,32.0,1.0
10561,17.0,418.0,1.0
10562,185.0,193.0,1.0
10563,113.0,483.0,1.0
10564,175.0,236.0,1.0
10565,160.0,43.0,1.0
10566,123.0,81.0,1.0
10567,165.0,384.0,1.0
10568,135.0,207.0,1.0
10569,19.0,147.0,1.0
10570,183.0,77.0,1.0
10571,53.0,93.0,1.0
10572,170.0,44.0,1.0
10573,194.0,97.0,1.0
10574,257.0,47.0,1.0
10575,189.0,221.0,1.0
10576,165.0,224.0,1.0
10577,243.0,127.0,1.0
10578,26.0,313.0,1.0
10579,96.0,35.0,1.0
10580,125.0,49.0,1.0
10581,4.0,146.0,1.0
10582,223.0,330.0,1.0
10583,196.0,155.0,1.0
10584,220.0,7.0,1.0
10585,158.0,141.0,1.0
10586,82.0,254.0,1.0
10587,188.0,146.0,1.0
10588,178.0,218.0,1.0
10589,194.0,245.0,1.0
10590,132.0,118.0,1.0
10591,52.0,124.0,1.0
10592,156.0,10.0,1.0
10593,89.0,231.0,1.0
10594,87.0,195.0,1.0
10595,197.0,103.0,1.0
10596,65.0,305.0,1.0
10597,81.0,315.0,1.0
10598,38.0,11.0,1.0
10599,136.0,7.0,1.0
10600,74.0,47.0,1.0
10601,51.0,245.0,1.0
10602,200.0,70.0,1.0
10603,65.0,210.0,1.0
10604,178.0,553.0,1.0
10605,203.0,420.0,1.0
10606,96.0,143.0,1.0
10607,147.0,33.0,1.0
10608,49.0,125.0,1.0
10609,144.0,423.0,1.0
10610,65.0,137.0,1.0
10611,194.0,268.0,1.0
10612,211.0,551.0,1.0
10613,60.0,251.0,1.0
10614,87.0,458.0,1.0
10615,81.0,467.0,1.0
10616,223.0,68.0,1.0
10617,223.0,426.0,1.0
10618,104.0,487.0,1.0
10619,172.0,120.0,1.0
10620,48.0,182.0,1.0
10621,128.0,155.0,1.0
10622,175.0,4.0,1.0
10623,173.0,354.0,1.0
10624,43.0,133.0,1.0
10625,234.0,525.0,1.0
10626,11.0,166.0,1.0
10627,197.0,38.0,1.0
10628,52.0,106.0,1.0
10629,84.0,513.0,1.0
10630,44.0,68.0,1.0
10631,147.0,259.0,1.0
10632,134.0,452.0,1.0
10633,147.0,261.0,1.0
10634,168.0,84.0,1.0
10635,24.0,66.0,1.0
10636,243.0,149.0,1.0
10637,259.0,504.0,1.0
10638,178.0,118.0,1.0
10639,186.0,445.0,1.0
10640,9.0,61.0,1.0
10641,234.0,386.0,1.0
10642,165.0,143.0,1.0
10643,144.0,59.0,1.0
10644,162.0,220.0,1.0
10645,131.0,222.0,1.0
10646,60.0,5.0,1.0
10647,144.0,205.0,1.0
10648,217.0,596.0,1.0
10649,3.0,157.0,1.0
10650,222.0,510.0,1.0
10651,211.0,311.0,1.0
10652,10.0,296.0,1.0
10653,49.0,209.0,1.0
10654,135.0,573.0,1.0
10655,16.0,136.0,1.0
10656,136.0,400.0,1.0
10657,104.0,300.0,1.0
10658,203.0,140.0,1.0
10659,9.0,103.0,1.0
10660,56.0,356.0,1.0
10661,256.0,282.0,1.0
10662,40.0,469.0,1.0
10663,191.0,305.0,1.0
10664,238.0,190.0,1.0
10665,9.0,139.0,1.0
10666,264.0,77.0,1.0
10667,65.0,49.0,1.0
10668,130.0,395.0,1.0
10669,43.0,84.0,1.0
10670,147.0,49.0,1.0
10671,184.0,147.0,1.0
10672,245.0,5.0,1.0
10673,147.0,407.0,1.0
10674,247.0,191.0,1.0
10675,142.0,241.0,1.0
10676,44.0,225.0,1.0
10677,119.0,373.0,1.0
10678,58.0,143.0,1.0
10679,22.0,314.0,1.0
10680,236.0,47.0,1.0
10681,57.0,13.0,1.0
10682,123.0,24.0,1.0
10683,226.0,282.0,1.0
10684,82.0,109.0,1.0
10685,250.0,325.0,1.0
10686,207.0,304.0,1.0
10687,247.0,248.0,1.0
10688,106.0,520.0,1.0
10689,128.0,144.0,1.0
10690,264.0,246.0,1.0
10691,153.0,185.0,1.0
10692,148.0,203.0,1.0
10693,130.0,277.0,1.0
10694,10.0,308.0,1.0
10695,175.0,187.0,1.0
10696,102.0,209.0,1.0
10697,113.0,527.0,1.0
10698,103.0,69.0,1.0
10699,60.0,515.0,1.0
10700,71.0,118.0,1.0
10701,121.0,531.0,1.0
10702,181.0,386.0,1.0
10703,92.0,350.0,1.0
10704,134.0,220.0,1.0
10705,108.0,356.0,1.0
10706,116.0,162.0,1.0
10707,163.0,33.0,1.0
10708,71.0,133.0,1.0
10709,256.0,191.0,1.0
10710,122.0,57.0,1.0
10711,39.0,207.0,1.0
10712,208.0,415.0,1.0
10713,189.0,343.0,1.0
10714,147.0,41.0,1.0
10715,51.0,495.0,1.0
10716,28.0,20.0,1.0
10717,206.0,66.0,1.0
10718,266.0,407.0,1.0
10719,228.0,146.0,1.0
10720,209.0,193.0,1.0
10721,189.0,129.0,1.0
10722,183.0,256.0,1.0
10723,126.0,135.0,1.0
10724,52.0,268.0,1.0
10725,222.0,449.0,1.0
10726,96.0,563.0,1.0
10727,45.0,282.0,1.0
10728,3.0,160.0,1.0
10729,113.0,73.0,1.0
10730,82.0,426.0,1.0
10731,142.0,7.0,1.0
10732,225.0,60.0,1.0
10733,250.0,296.0,1.0
10734,258.0,233.0,1.0
10735,116.0,277.0,1.0
10736,87.0,59.0,1.0
10737,228.0,517.0,1.0
10738,78.0,121.0,1.0
10739,44.0,226.0,1.0
10740,147.0,463.0,1.0
10741,181.0,586.0,1.0
10742,225.0,49.0,1.0
10743,128.0,190.0,1.0
10744,142.0,423.0,1.0
10745,146.0,573.0,1.0
10746,74.0,70.0,1.0
10747,90.0,208.0,1.0
10748,149.0,33.0,1.0
10749,89.0,391.0,1.0
10750,104.0,163.0,1.0
10751,40.0,124.0,1.0
10752,225.0,77.0,1.0
10753,217.0,287.0,1.0
10754,31.0,171.0,1.0
10755,156.0,558.0,1.0
10756,149.0,62.0,1.0
10757,158.0,492.0,1.0
10758,138.0,143.0,1.0
10759,107.0,186.0,1.0
10760,80.0,146.0,1.0
10761,58.0,292.0,1.0
10762,169.0,156.0,1.0
10763,128.0,487.0,1.0
10764,196.0,204.0,1.0
10765,223.0,226.0,1.0
10766,118.0,394.0,1.0
10767,188.0,133.0,1.0
10768,264.0,47.0,1.0
10769,224.0,90.0,1.0
10770,65.0,525.0,1.0
10771,91.0,269.0,1.0
10772,183.0,106.0,1.0
10773,224.0,179.0,1.0
10774,226.0,106.0,1.0
10775,90.0,47.0,1.0
10776,189.0,399.0,1.0
10777,217.0,112.0,1.0
10778,52.0,5.0,1.0
10779,178.0,250.0,1.0
10780,218.0,76.0,1.0
10781,203.0,44.0,1.0
10782,71.0,18.0,1.0
10783,223.0,117.0,1.0
10784,13.0,327.0,1.0
10785,163.0,45.0,1.0
10786,9.0,257.0,1.0
10787,64.0,243.0,1.0
10788,189.0,266.0,1.0
10789,242.0,534.0,1.0
10790,189.0,195.0,1.0
10791,94.0,116.0,1.0
10792,165.0,234.0,1.0
10793,114.0,281.0,1.0
10794,187.0,389.0,1.0
10795,37.0,141.0,1.0
10796,100.0,218.0,1.0
10797,160.0,277.0,1.0
10798,53.0,239.0,1.0
10799,203.0,4.0,1.0
10800,226.0,263.0,1.0
10801,102.0,60.0,1.0
10802,108.0,91.0,1.0
10803,131.0,534.0,1.0
10804,7.0,90.0,1.0
10805,115.0,84.0,1.0
10806,150.0,31.0,1.0
10807,11.0,208.0,1.0
10808,59.0,267.0,1.0
10809,102.0,93.0,1.0
10810,163.0,126.0,1.0
10811,92.0,196.0,1.0
10812,149.0,544.0,1.0
10813,102.0,518.0,1.0
10814,182.0,51.0,1.0
10815,200.0,211.0,1.0
10816,214.0,310.0,1.0
10817,226.0,85.0,1.0
10818,211.0,138.0,1.0
10819,51.0,57.0,1.0
10820,128.0,2.0,1.0
10821,191.0,157.0,1.0
10822,225.0,35.0,1.0
10823,263.0,313.0,1.0
10824,150.0,80.0,1.0
10825,165.0,388.0,1.0
10826,90.0,256.0,1.0
10827,253.0,52.0,1.0
10828,28.0,11.0,1.0
10829,145.0,398.0,1.0
10830,226.0,201.0,1.0
10831,8.0,236.0,1.0
10832,132.0,222.0,1.0
10833,226.0,81.0,1.0
10834,177.0,50.0,1.0
10835,105.0,89.0,1.0
10836,135.0,38.0,1.0
10837,124.0,201.0,1.0
10838,79.0,5.0,1.0
10839,86.0,10.0,1.0
10840,234.0,202.0,1.0
10841,104.0,155.0,1.0
10842,182.0,314.0,1.0
10843,91.0,408.0,1.0
10844,159.0,219.0,1.0
10845,79.0,374.0,1.0
10846,78.0,131.0,1.0
10847,255.0,11.0,1.0
10848,164.0,257.0,1.0
10849,132.0,534.0,1.0
10850,132.0,429.0,1.0
10851,207.0,120.0,1.0
10852,59.0,460.0,1.0
10853,102.0,165.0,1.0
10854,31.0,60.0,1.0
10855,90.0,57.0,1.0
10856,149.0,103.0,1.0
10857,181.0,138.0,1.0
10858,15.0,352.0,1.0
10859,207.0,58.0,1.0
10860,208.0,374.0,1.0
10861,135.0,199.0,1.0
10862,165.0,253.0,1.0
10863,106.0,413.0,1.0
10864,60.0,407.0,1.0
10865,114.0,259.0,1.0
10866,213.0,106.0,1.0
10867,164.0,54.0,1.0
10868,226.0,491.0,1.0
10869,51.0,319.0,1.0
10870,22.0,328.0,1.0
10871,145.0,181.0,1.0
10872,82.0,513.0,1.0
10873,219.0,195.0,1.0
10874,133.0,434.0,1.0
10875,186.0,382.0,1.0
10876,49.0,117.0,1.0
10877,230.0,177.0,1.0
10878,223.0,564.0,1.0
10879,164.0,128.0,1.0
10880,16.0,367.0,1.0
10881,102.0,308.0,1.0
10882,219.0,231.0,1.0
10883,92.0,50.0,1.0
10884,153.0,5.0,1.0
10885,164.0,430.0,1.0
10886,49.0,185.0,1.0
10887,19.0,168.0,1.0
10888,176.0,47.0,1.0
10889,207.0,370.0,1.0
10890,224.0,429.0,1.0
10891,17.0,5.0,1.0
10892,173.0,437.0,1.0
10893,156.0,284.0,1.0
10894,176.0,127.0,1.0
10895,209.0,479.0,1.0
10896,145.0,141.0,1.0
10897,193.0,145.0,1.0
10898,252.0,289.0,1.0
10899,224.0,577.0,1.0
10900,112.0,111.0,1.0
10901,248.0,104.0,1.0
10902,48.0,194.0,1.0
10903,196.0,91.0,1.0
10904,250.0,201.0,1.0
10905,65.0,145.0,1.0
10906,165.0,110.0,1.0
10907,84.0,213.0,1.0
10908,39.0,466.0,1.0
10909,87.0,487.0,1.0
10910,102.0,366.0,1.0
10911,141.0,289.0,1.0
10912,226.0,42.0,1.0
10913,182.0,21.0,1.0
10914,113.0,459.0,1.0
10915,58.0,550.0,1.0
10916,94.0,38.0,1.0
10917,218.0,299.0,1.0
10918,249.0,146.0,1.0
10919,65.0,357.0,1.0
10920,156.0,40.0,1.0
10921,22.0,273.0,1.0
10922,101.0,100.0,1.0
10923,89.0,22.0,1.0
10924,130.0,485.0,1.0
10925,179.0,205.0,1.0
10926,130.0,201.0,1.0
10927,104.0,175.0,1.0
10928,182.0,188.0,1.0
10929,189.0,69.0,1.0
10930,223.0,40.0,1.0
10931,142.0,382.0,1.0
10932,227.0,44.0,1.0
10933,147.0,135.0,1.0
10934,108.0,61.0,1.0
10935,139.0,267.0,1.0
10936,56.0,255.0,1.0
10937,148.0,261.0,1.0
10938,112.0,42.0,1.0
10939,44.0,483.0,1.0
10940,40.0,349.0,1.0
10941,161.0,111.0,1.0
10942,89.0,1.0,1.0
10943,200.0,222.0,1.0
10944,22.0,146.0,1.0
10945,148.0,537.0,1.0
10946,108.0,527.0,1.0
10947,225.0,29.0,1.0
10948,182.0,400.0,1.0
10949,160.0,485.0,1.0
10950,231.0,147.0,1.0
10951,44.0,289.0,1.0
10952,123.0,124.0,1.0
10953,198.0,103.0,1.0
10954,223.0,468.0,1.0
10955,185.0,434.0,1.0
10956,150.0,434.0,1.0
10957,195.0,486.0,1.0
10958,182.0,422.0,1.0
10959,183.0,379.0,1.0
10960,143.0,310.0,1.0
10961,82.0,326.0,1.0
10962,65.0,236.0,1.0
10963,258.0,194.0,1.0
10964,53.0,218.0,1.0
10965,166.0,95.0,1.0
10966,96.0,58.0,1.0
10967,189.0,68.0,1.0
10968,81.0,400.0,1.0
10969,166.0,223.0,1.0
10970,210.0,209.0,1.0
10971,256.0,416.0,1.0
10972,44.0,256.0,1.0
10973,217.0,57.0,1.0
10974,183.0,58.0,1.0
10975,87.0,407.0,1.0
10976,56.0,362.0,1.0
10977,89.0,111.0,1.0
10978,181.0,471.0,1.0
10979,15.0,350.0,1.0
10980,45.0,257.0,1.0
10981,148.0,95.0,1.0
10982,87.0,107.0,1.0
10983,259.0,490.0,1.0
10984,208.0,191.0,1.0
10985,156.0,451.0,1.0
10986,262.0,1.0,1.0
10987,238.0,437.0,1.0
10988,247.0,89.0,1.0
10989,128.0,216.0,1.0
10990,162.0,146.0,1.0
10991,97.0,530.0,1.0
10992,218.0,277.0,1.0
10993,24.0,121.0,1.0
10994,194.0,230.0,1.0
10995,107.0,388.0,1.0
10996,126.0,103.0,1.0
10997,155.0,503.0,1.0
10998,11.0,291.0,1.0
10999,53.0,181.0,1.0
11000,200.0,307.0,1.0
11001,159.0,89.0,1.0
11002,128.0,425.0,1.0
11003,70.0,499.0,1.0
11004,8.0,242.0,1.0
11005,11.0,305.0,1.0
11006,131.0,342.0,1.0
11007,195.0,385.0,1.0
11008,183.0,35.0,1.0
11009,96.0,522.0,1.0
11010,74.0,216.0,1.0
11011,168.0,297.0,1.0
11012,189.0,84.0,1.0
11013,183.0,422.0,1.0
11014,16.0,24.0,1.0
11015,183.0,271.0,1.0
11016,53.0,205.0,1.0
11017,169.0,348.0,1.0
11018,105.0,454.0,1.0
11019,253.0,545.0,1.0
11020,117.0,280.0,1.0
11021,97.0,474.0,1.0
11022,195.0,433.0,1.0
11023,110.0,58.0,1.0
11024,222.0,321.0,1.0
11025,171.0,420.0,1.0
11026,60.0,223.0,1.0
11027,175.0,238.0,1.0
11028,224.0,111.0,1.0
11029,56.0,58.0,1.0
11030,196.0,99.0,1.0
11031,172.0,343.0,1.0
11032,31.0,302.0,1.0
11033,17.0,66.0,1.0
11034,103.0,282.0,1.0
11035,75.0,186.0,1.0
11036,78.0,393.0,1.0
11037,82.0,103.0,1.0
11038,12.0,317.0,1.0
11039,31.0,191.0,1.0
11040,108.0,168.0,1.0
11041,43.0,111.0,1.0
11042,45.0,490.0,1.0
11043,4.0,51.0,1.0
11044,248.0,342.0,1.0
11045,16.0,27.0,1.0
11046,177.0,9.0,1.0
11047,67.0,179.0,1.0
11048,156.0,184.0,1.0
11049,234.0,81.0,1.0
11050,48.0,126.0,1.0
11051,259.0,408.0,1.0
11052,240.0,149.0,1.0
11053,168.0,124.0,1.0
11054,1.0,46.0,1.0
11055,26.0,281.0,1.0
11056,44.0,208.0,1.0
11057,16.0,157.0,1.0
11058,94.0,12.0,1.0
11059,114.0,23.0,1.0
11060,39.0,185.0,1.0
11061,207.0,50.0,1.0
11062,256.0,13.0,1.0
11063,44.0,107.0,1.0
11064,32.0,215.0,1.0
11065,189.0,225.0,1.0
11066,81.0,217.0,1.0
11067,8.0,31.0,1.0
11068,16.0,368.0,1.0
11069,105.0,279.0,1.0
11070,173.0,264.0,1.0
11071,60.0,416.0,1.0
11072,226.0,10.0,1.0
11073,52.0,232.0,1.0
11074,96.0,388.0,1.0
11075,65.0,524.0,1.0
11076,109.0,81.0,1.0
11077,195.0,10.0,1.0
11078,104.0,90.0,1.0
11079,206.0,95.0,1.0
11080,158.0,257.0,1.0
11081,123.0,97.0,1.0
11082,105.0,62.0,1.0
11083,127.0,89.0,1.0
11084,147.0,191.0,1.0
11085,112.0,541.0,1.0
11086,31.0,281.0,1.0
11087,164.0,214.0,1.0
11088,223.0,207.0,1.0
11089,79.0,354.0,1.0
11090,161.0,386.0,1.0
11091,244.0,219.0,1.0
11092,67.0,352.0,1.0
11093,162.0,293.0,1.0
11094,140.0,81.0,1.0
11095,65.0,512.0,1.0
11096,26.0,181.0,1.0
11097,242.0,186.0,1.0
11098,147.0,283.0,1.0
11099,82.0,39.0,1.0
11100,228.0,93.0,1.0
11101,116.0,24.0,1.0
11102,46.0,24.0,1.0
11103,117.0,205.0,1.0
11104,189.0,21.0,1.0
11105,193.0,156.0,1.0
11106,31.0,111.0,1.0
11107,116.0,239.0,1.0
11108,26.0,50.0,1.0
11109,233.0,64.0,1.0
11110,183.0,81.0,1.0
11111,141.0,32.0,1.0
11112,81.0,457.0,1.0
11113,65.0,519.0,1.0
11114,44.0,441.0,1.0
11115,97.0,120.0,1.0
11116,75.0,459.0,1.0
11117,162.0,225.0,1.0
11118,82.0,207.0,1.0
11119,268.0,186.0,1.0
11120,200.0,18.0,1.0
11121,74.0,530.0,1.0
11122,178.0,133.0,1.0
11123,135.0,206.0,1.0
11124,94.0,147.0,1.0
11125,228.0,156.0,1.0
11126,84.0,463.0,1.0
11127,82.0,410.0,1.0
11128,223.0,166.0,1.0
11129,69.0,40.0,1.0
11130,150.0,12.0,1.0
11131,42.0,33.0,1.0
11132,16.0,69.0,1.0
11133,42.0,353.0,1.0
11134,52.0,125.0,1.0
11135,1.0,71.0,1.0
11136,164.0,34.0,1.0
11137,193.0,77.0,1.0
11138,22.0,114.0,1.0
11139,74.0,229.0,1.0
11140,165.0,168.0,1.0
11141,22.0,27.0,1.0
11142,51.0,349.0,1.0
11143,199.0,515.0,1.0
11144,214.0,31.0,1.0
11145,99.0,112.0,1.0
11146,102.0,1.0,1.0
11147,115.0,109.0,1.0
11148,129.0,49.0,1.0
11149,4.0,171.0,1.0
11150,147.0,550.0,1.0
11151,218.0,133.0,1.0
11152,78.0,191.0,1.0
11153,116.0,66.0,1.0
11154,90.0,130.0,1.0
11155,230.0,40.0,1.0
11156,258.0,266.0,1.0
11157,259.0,405.0,1.0
11158,12.0,59.0,1.0
11159,178.0,357.0,1.0
11160,53.0,38.0,1.0
11161,99.0,555.0,1.0
11162,71.0,267.0,1.0
11163,211.0,474.0,1.0
11164,259.0,227.0,1.0
11165,163.0,59.0,1.0
11166,183.0,524.0,1.0
11167,155.0,442.0,1.0
11168,169.0,9.0,1.0
11169,178.0,219.0,1.0
11170,82.0,499.0,1.0
11171,96.0,145.0,1.0
11172,246.0,423.0,1.0
11173,79.0,7.0,1.0
11174,84.0,241.0,1.0
11175,99.0,437.0,1.0
11176,94.0,222.0,1.0
11177,213.0,327.0,1.0
11178,136.0,192.0,1.0
11179,147.0,260.0,1.0
11180,74.0,529.0,1.0
11181,207.0,125.0,1.0
11182,196.0,467.0,1.0
11183,172.0,66.0,1.0
11184,108.0,475.0,1.0
11185,38.0,113.0,1.0
11186,130.0,540.0,1.0
11187,63.0,191.0,1.0
11188,259.0,156.0,1.0
11189,191.0,583.0,1.0
11190,149.0,10.0,1.0
11191,197.0,256.0,1.0
11192,224.0,384.0,1.0
11193,79.0,379.0,1.0
11194,22.0,345.0,1.0
11195,62.0,254.0,1.0
11196,175.0,153.0,1.0
11197,16.0,358.0,1.0
11198,74.0,481.0,1.0
11199,200.0,534.0,1.0
11200,119.0,405.0,1.0
11201,196.0,381.0,1.0
11202,147.0,96.0,1.0
11203,223.0,327.0,1.0
11204,135.0,190.0,1.0
11205,119.0,385.0,1.0
11206,128.0,356.0,1.0
11207,74.0,14.0,1.0
11208,101.0,202.0,1.0
11209,139.0,357.0,1.0
11210,183.0,252.0,1.0
11211,171.0,111.0,1.0
11212,63.0,35.0,1.0
11213,248.0,540.0,1.0
11214,117.0,31.0,1.0
11215,227.0,285.0,1.0
11216,86.0,207.0,1.0
11217,255.0,256.0,1.0
11218,89.0,374.0,1.0
11219,261.0,138.0,1.0
11220,116.0,533.0,1.0
11221,106.0,112.0,1.0
11222,94.0,479.0,1.0
11223,200.0,40.0,1.0
11224,262.0,478.0,1.0
11225,113.0,38.0,1.0
11226,56.0,252.0,1.0
11227,82.0,215.0,1.0
11228,13.0,339.0,1.0
11229,52.0,180.0,1.0
11230,105.0,204.0,1.0
11231,141.0,60.0,1.0
11232,226.0,281.0,1.0
11233,197.0,51.0,1.0
11234,191.0,235.0,1.0
11235,87.0,12.0,1.0
11236,178.0,116.0,1.0
11237,115.0,411.0,1.0
11238,84.0,526.0,1.0
11239,83.0,19.0,1.0
11240,30.0,84.0,1.0
11241,74.0,423.0,1.0
11242,185.0,9.0,1.0
11243,103.0,0.0,1.0
11244,193.0,45.0,1.0
11245,44.0,336.0,1.0
11246,71.0,329.0,1.0
11247,178.0,179.0,1.0
11248,230.0,312.0,1.0
11249,169.0,103.0,1.0
11250,70.0,66.0,1.0
11251,114.0,53.0,1.0
11252,87.0,53.0,1.0
11253,128.0,239.0,1.0
11254,56.0,83.0,1.0
11255,242.0,207.0,1.0
11256,217.0,48.0,1.0
11257,96.0,11.0,1.0
11258,112.0,91.0,1.0
11259,12.0,321.0,1.0
11260,69.0,436.0,1.0
11261,102.0,113.0,1.0
11262,44.0,58.0,1.0
11263,114.0,335.0,1.0
11264,175.0,3.0,1.0
11265,224.0,89.0,1.0
11266,29.0,76.0,1.0
11267,207.0,55.0,1.0
11268,44.0,115.0,1.0
11269,54.0,40.0,1.0
11270,264.0,283.0,1.0
11271,34.0,47.0,1.0
11272,116.0,49.0,1.0
11273,2.0,109.0,1.0
11274,178.0,95.0,1.0
11275,53.0,298.0,1.0
11276,95.0,418.0,1.0
11277,160.0,88.0,1.0
11278,163.0,233.0,1.0
11279,232.0,85.0,1.0
11280,90.0,113.0,1.0
11281,207.0,238.0,1.0
11282,261.0,89.0,1.0
11283,71.0,10.0,1.0
11284,65.0,371.0,1.0
11285,166.0,12.0,1.0
11286,133.0,219.0,1.0
11287,247.0,293.0,1.0
11288,82.0,589.0,1.0
11289,0.0,13.0,1.0
11290,244.0,91.0,1.0
11291,184.0,146.0,1.0
11292,87.0,269.0,1.0
11293,129.0,360.0,1.0
11294,223.0,261.0,1.0
11295,165.0,284.0,1.0
11296,28.0,442.0,1.0
11297,223.0,105.0,1.0
11298,238.0,202.0,1.0
11299,134.0,481.0,1.0
11300,16.0,362.0,1.0
11301,171.0,84.0,1.0
11302,160.0,135.0,1.0
11303,87.0,146.0,1.0
11304,49.0,20.0,1.0
11305,123.0,135.0,1.0
11306,165.0,112.0,1.0
11307,91.0,191.0,1.0
11308,197.0,430.0,1.0
11309,214.0,499.0,1.0
11310,87.0,271.0,1.0
11311,217.0,398.0,1.0
11312,144.0,91.0,1.0
11313,203.0,163.0,1.0
11314,89.0,295.0,1.0
11315,49.0,186.0,1.0
11316,223.0,418.0,1.0
11317,242.0,230.0,1.0
11318,262.0,428.0,1.0
11319,49.0,205.0,1.0
11320,256.0,189.0,1.0
11321,7.0,84.0,1.0
11322,257.0,111.0,1.0
11323,218.0,566.0,1.0
11324,233.0,226.0,1.0
11325,223.0,49.0,1.0
11326,250.0,220.0,1.0
11327,200.0,105.0,1.0
11328,81.0,219.0,1.0
11329,57.0,45.0,1.0
11330,108.0,565.0,1.0
11331,82.0,334.0,1.0
11332,173.0,47.0,1.0
11333,149.0,245.0,1.0
11334,123.0,302.0,1.0
11335,16.0,36.0,1.0
11336,165.0,567.0,1.0
11337,64.0,97.0,1.0
11338,234.0,473.0,1.0
11339,233.0,306.0,1.0
11340,143.0,97.0,1.0
11341,52.0,216.0,1.0
11342,259.0,217.0,1.0
11343,132.0,221.0,1.0
11344,147.0,221.0,1.0
11345,126.0,214.0,1.0
11346,101.0,0.0,1.0
11347,158.0,386.0,1.0
11348,72.0,527.0,1.0
11349,180.0,452.0,1.0
11350,127.0,81.0,1.0
11351,145.0,204.0,1.0
11352,68.0,400.0,1.0
11353,127.0,356.0,1.0
11354,248.0,146.0,1.0
11355,153.0,32.0,1.0
11356,256.0,403.0,1.0
11357,148.0,119.0,1.0
11358,256.0,320.0,1.0
11359,23.0,305.0,1.0
11360,31.0,9.0,1.0
11361,152.0,148.0,1.0
11362,185.0,164.0,1.0
11363,51.0,438.0,1.0
11364,199.0,193.0,1.0
11365,178.0,180.0,1.0
11366,199.0,491.0,1.0
11367,231.0,170.0,1.0
11368,113.0,100.0,1.0
11369,129.0,377.0,1.0
11370,44.0,321.0,1.0
11371,196.0,7.0,1.0
11372,168.0,107.0,1.0
11373,226.0,510.0,1.0
11374,207.0,68.0,1.0
11375,53.0,394.0,1.0
11376,176.0,66.0,1.0
11377,100.0,185.0,1.0
11378,75.0,211.0,1.0
11379,91.0,370.0,1.0
11380,142.0,96.0,1.0
11381,158.0,377.0,1.0
11382,116.0,265.0,1.0
11383,102.0,559.0,1.0
11384,52.0,146.0,1.0
11385,207.0,116.0,1.0
11386,90.0,172.0,1.0
11387,94.0,375.0,1.0
11388,88.0,219.0,1.0
11389,104.0,194.0,1.0
11390,230.0,202.0,1.0
11391,227.0,100.0,1.0
11392,19.0,24.0,1.0
11393,87.0,126.0,1.0
11394,60.0,426.0,1.0
11395,132.0,218.0,1.0
11396,232.0,366.0,1.0
11397,202.0,309.0,1.0
11398,216.0,113.0,1.0
11399,147.0,510.0,1.0
11400,13.0,156.0,1.0
11401,163.0,168.0,1.0
11402,177.0,192.0,1.0
11403,143.0,59.0,1.0
11404,64.0,95.0,1.0
11405,113.0,372.0,1.0
11406,250.0,348.0,1.0
11407,248.0,65.0,1.0
11408,102.0,296.0,1.0
11409,104.0,419.0,1.0
11410,129.0,148.0,1.0
11411,232.0,259.0,1.0
11412,149.0,220.0,1.0
11413,11.0,313.0,1.0
11414,130.0,11.0,1.0
11415,36.0,113.0,1.0
11416,82.0,523.0,1.0
11417,105.0,24.0,1.0
11418,104.0,106.0,1.0
11419,148.0,147.0,1.0
11420,135.0,209.0,1.0
11421,234.0,352.0,1.0
11422,47.0,437.0,1.0
11423,87.0,236.0,1.0
11424,129.0,59.0,1.0
11425,52.0,3.0,1.0
11426,207.0,152.0,1.0
11427,186.0,32.0,1.0
11428,97.0,51.0,1.0
11429,78.0,409.0,1.0
11430,175.0,100.0,1.0
11431,16.0,64.0,1.0
11432,68.0,319.0,1.0
11433,88.0,221.0,1.0
11434,155.0,97.0,1.0
11435,147.0,562.0,1.0
11436,207.0,468.0,1.0
11437,251.0,243.0,1.0
11438,2.0,128.0,1.0
11439,35.0,456.0,1.0
11440,69.0,45.0,1.0
11441,122.0,226.0,1.0
11442,147.0,116.0,1.0
11443,238.0,310.0,1.0
11444,22.0,313.0,1.0
11445,39.0,349.0,1.0
11446,172.0,255.0,1.0
11447,17.0,316.0,1.0
11448,165.0,587.0,1.0
11449,174.0,260.0,1.0
11450,37.0,126.0,1.0
11451,108.0,94.0,1.0
11452,131.0,496.0,1.0
11453,30.0,21.0,1.0
11454,232.0,246.0,1.0
11455,78.0,368.0,1.0
11456,97.0,195.0,1.0
11457,182.0,121.0,1.0
11458,230.0,247.0,1.0
11459,64.0,366.0,1.0
11460,102.0,508.0,1.0
11461,250.0,66.0,1.0
11462,226.0,47.0,1.0
11463,224.0,563.0,1.0
11464,52.0,208.0,1.0
11465,53.0,470.0,1.0
11466,74.0,120.0,1.0
11467,189.0,233.0,1.0
11468,136.0,66.0,1.0
11469,205.0,59.0,1.0
11470,210.0,386.0,1.0
11471,240.0,133.0,1.0
11472,90.0,175.0,1.0
11473,65.0,395.0,1.0
11474,2.0,138.0,1.0
11475,33.0,144.0,1.0
11476,193.0,39.0,1.0
11477,203.0,130.0,1.0
11478,115.0,501.0,1.0
11479,44.0,97.0,1.0
11480,66.0,485.0,1.0
11481,212.0,379.0,1.0
11482,133.0,495.0,1.0
11483,96.0,562.0,1.0
11484,211.0,43.0,1.0
11485,81.0,390.0,1.0
11486,58.0,175.0,1.0
11487,147.0,75.0,1.0
11488,185.0,342.0,1.0
11489,202.0,45.0,1.0
11490,218.0,440.0,1.0
11491,228.0,577.0,1.0
11492,31.0,97.0,1.0
11493,31.0,252.0,1.0
11494,141.0,125.0,1.0
11495,75.0,574.0,1.0
11496,109.0,261.0,1.0
11497,115.0,392.0,1.0
11498,65.0,423.0,1.0
11499,122.0,77.0,1.0
11500,87.0,554.0,1.0
11501,183.0,111.0,1.0
11502,228.0,441.0,1.0
11503,153.0,192.0,1.0
11504,242.0,253.0,1.0
11505,248.0,17.0,1.0
11506,231.0,156.0,1.0
11507,148.0,343.0,1.0
11508,64.0,57.0,1.0
11509,178.0,525.0,1.0
11510,99.0,47.0,1.0
11511,88.0,89.0,1.0
11512,159.0,378.0,1.0
11513,261.0,126.0,1.0
11514,82.0,419.0,1.0
11515,64.0,564.0,1.0
11516,255.0,18.0,1.0
11517,182.0,181.0,1.0
11518,124.0,388.0,1.0
11519,133.0,560.0,1.0
11520,168.0,262.0,1.0
11521,193.0,112.0,1.0
11522,133.0,460.0,1.0
11523,72.0,81.0,1.0
11524,234.0,14.0,1.0
11525,56.0,420.0,1.0
11526,78.0,394.0,1.0
11527,165.0,69.0,1.0
11528,115.0,320.0,1.0
11529,60.0,10.0,1.0
11530,119.0,12.0,1.0
11531,143.0,10.0,1.0
11532,196.0,111.0,1.0
11533,172.0,222.0,1.0
11534,244.0,148.0,1.0
11535,53.0,464.0,1.0
11536,49.0,232.0,1.0
11537,227.0,191.0,1.0
11538,237.0,147.0,1.0
11539,191.0,50.0,1.0
11540,87.0,76.0,1.0
11541,56.0,355.0,1.0
11542,164.0,37.0,1.0
11543,239.0,47.0,1.0
11544,178.0,5.0,1.0
11545,234.0,216.0,1.0
11546,268.0,134.0,1.0
11547,222.0,175.0,1.0
11548,1.0,68.0,1.0
11549,162.0,142.0,1.0
11550,171.0,21.0,1.0
11551,266.0,310.0,1.0
11552,113.0,455.0,1.0
11553,245.0,528.0,1.0
11554,186.0,99.0,1.0
11555,10.0,83.0,1.0
11556,52.0,378.0,1.0
11557,145.0,100.0,1.0
11558,87.0,278.0,1.0
11559,141.0,111.0,1.0
11560,241.0,175.0,1.0
11561,57.0,120.0,1.0
11562,74.0,181.0,1.0
11563,123.0,156.0,1.0
11564,75.0,210.0,1.0
11565,262.0,90.0,1.0
11566,175.0,50.0,1.0
11567,190.0,403.0,1.0
11568,17.0,408.0,1.0
11569,59.0,451.0,1.0
11570,138.0,289.0,1.0
11571,151.0,138.0,1.0
11572,229.0,66.0,1.0
11573,232.0,364.0,1.0
11574,71.0,462.0,1.0
11575,126.0,51.0,1.0
11576,101.0,388.0,1.0
11577,149.0,294.0,1.0
11578,259.0,188.0,1.0
11579,161.0,334.0,1.0
11580,47.0,25.0,1.0
11581,31.0,10.0,1.0
11582,157.0,91.0,1.0
11583,189.0,107.0,1.0
11584,37.0,23.0,1.0
11585,180.0,436.0,1.0
11586,150.0,32.0,1.0
11587,37.0,191.0,1.0
11588,130.0,54.0,1.0
11589,64.0,484.0,1.0
11590,197.0,476.0,1.0
11591,6.0,7.0,1.0
11592,71.0,268.0,1.0
11593,240.0,127.0,1.0
11594,162.0,122.0,1.0
11595,224.0,106.0,1.0
11596,224.0,472.0,1.0
11597,196.0,205.0,1.0
11598,97.0,64.0,1.0
11599,206.0,353.0,1.0
11600,65.0,195.0,1.0
11601,149.0,332.0,1.0
11602,31.0,27.0,1.0
11603,248.0,174.0,1.0
11604,102.0,67.0,1.0
11605,9.0,81.0,1.0
11606,262.0,342.0,1.0
11607,5.0,205.0,1.0
11608,127.0,186.0,1.0
11609,74.0,179.0,1.0
11610,51.0,22.0,1.0
11611,56.0,256.0,1.0
11612,144.0,496.0,1.0
11613,136.0,133.0,1.0
11614,115.0,111.0,1.0
11615,214.0,40.0,1.0
11616,53.0,179.0,1.0
11617,228.0,18.0,1.0
11618,98.0,518.0,1.0
11619,256.0,240.0,1.0
11620,144.0,413.0,1.0
11621,189.0,202.0,1.0
11622,223.0,223.0,1.0
11623,205.0,202.0,1.0
11624,90.0,356.0,1.0
11625,40.0,316.0,1.0
11626,65.0,199.0,1.0
11627,65.0,20.0,1.0
11628,155.0,535.0,1.0
11629,197.0,95.0,1.0
11630,141.0,15.0,1.0
11631,44.0,269.0,1.0
11632,144.0,32.0,1.0
11633,229.0,92.0,1.0
11634,240.0,241.0,1.0
11635,102.0,313.0,1.0
11636,218.0,561.0,1.0
11637,56.0,350.0,1.0
11638,254.0,146.0,1.0
11639,5.0,198.0,1.0
11640,231.0,316.0,1.0
11641,266.0,223.0,1.0
11642,264.0,120.0,1.0
11643,236.0,36.0,1.0
11644,82.0,216.0,1.0
11645,102.0,247.0,1.0
11646,10.0,269.0,1.0
11647,189.0,92.0,1.0
11648,202.0,452.0,1.0
11649,178.0,524.0,1.0
11650,217.0,146.0,1.0
11651,141.0,213.0,1.0
11652,255.0,345.0,1.0
11653,64.0,505.0,1.0
11654,186.0,483.0,1.0
11655,126.0,132.0,1.0
11656,117.0,44.0,1.0
11657,161.0,204.0,1.0
11658,227.0,105.0,1.0
11659,186.0,22.0,1.0
11660,203.0,147.0,1.0
11661,56.0,204.0,1.0
11662,153.0,197.0,1.0
11663,33.0,57.0,1.0
11664,82.0,190.0,1.0
11665,10.0,9.0,1.0
11666,46.0,111.0,1.0
11667,249.0,550.0,1.0
11668,85.0,443.0,1.0
11669,37.0,311.0,1.0
11670,230.0,156.0,1.0
11671,115.0,49.0,1.0
11672,176.0,386.0,1.0
11673,189.0,384.0,1.0
11674,115.0,597.0,1.0
11675,65.0,535.0,1.0
11676,214.0,343.0,1.0
11677,9.0,40.0,1.0
11678,82.0,282.0,1.0
11679,128.0,365.0,1.0
11680,90.0,245.0,1.0
11681,234.0,0.0,1.0
11682,71.0,227.0,1.0
11683,147.0,353.0,1.0
11684,232.0,333.0,1.0
11685,74.0,133.0,1.0
11686,132.0,451.0,1.0
11687,199.0,81.0,1.0
11688,147.0,451.0,1.0
11689,14.0,347.0,1.0
11690,52.0,423.0,1.0
11691,22.0,128.0,1.0
11692,211.0,384.0,1.0
11693,115.0,571.0,1.0
11694,52.0,195.0,1.0
11695,68.0,201.0,1.0
11696,207.0,141.0,1.0
11697,263.0,289.0,1.0
11698,211.0,81.0,1.0
11699,58.0,538.0,1.0
11700,229.0,275.0,1.0
11701,79.0,157.0,1.0
11702,31.0,297.0,1.0
11703,160.0,69.0,1.0
11704,175.0,125.0,1.0
11705,78.0,219.0,1.0
11706,255.0,54.0,1.0
11707,218.0,67.0,1.0
11708,178.0,334.0,1.0
11709,74.0,486.0,1.0
11710,19.0,35.0,1.0
11711,26.0,351.0,1.0
11712,96.0,207.0,1.0
11713,38.0,17.0,1.0
11714,60.0,12.0,1.0
11715,149.0,551.0,1.0
11716,154.0,38.0,1.0
11717,218.0,53.0,1.0
11718,266.0,430.0,1.0
11719,248.0,56.0,1.0
11720,139.0,190.0,1.0
11721,175.0,307.0,1.0
11722,212.0,227.0,1.0
11723,149.0,517.0,1.0
11724,61.0,420.0,1.0
11725,228.0,50.0,1.0
11726,212.0,202.0,1.0
11727,52.0,10.0,1.0
11728,32.0,57.0,1.0
11729,81.0,143.0,1.0
11730,81.0,95.0,1.0
11731,201.0,315.0,1.0
11732,126.0,96.0,1.0
11733,113.0,141.0,1.0
11734,175.0,32.0,1.0
11735,84.0,447.0,1.0
11736,189.0,222.0,1.0
11737,71.0,550.0,1.0
11738,99.0,195.0,1.0
11739,182.0,156.0,1.0
11740,150.0,93.0,1.0
11741,47.0,45.0,1.0
11742,261.0,1.0,1.0
11743,78.0,375.0,1.0
11744,178.0,395.0,1.0
11745,79.0,587.0,1.0
11746,169.0,549.0,1.0
11747,158.0,282.0,1.0
11748,93.0,111.0,1.0
11749,228.0,89.0,1.0
11750,148.0,12.0,1.0
11751,90.0,89.0,1.0
11752,155.0,502.0,1.0
11753,30.0,106.0,1.0
11754,136.0,474.0,1.0
11755,114.0,50.0,1.0
11756,103.0,513.0,1.0
11757,147.0,269.0,1.0
11758,128.0,408.0,1.0
11759,216.0,235.0,1.0
11760,6.0,227.0,1.0
11761,117.0,411.0,1.0
11762,127.0,285.0,1.0
11763,91.0,52.0,1.0
11764,65.0,196.0,1.0
11765,37.0,194.0,1.0
11766,5.0,116.0,1.0
11767,156.0,3.0,1.0
11768,74.0,86.0,1.0
11769,113.0,22.0,1.0
11770,75.0,39.0,1.0
11771,219.0,379.0,1.0
11772,189.0,57.0,1.0
11773,59.0,10.0,1.0
11774,52.0,133.0,1.0
11775,141.0,47.0,1.0
11776,164.0,138.0,1.0
11777,153.0,209.0,1.0
11778,71.0,382.0,1.0
11779,124.0,247.0,1.0
11780,135.0,453.0,1.0
11781,81.0,290.0,1.0
11782,203.0,45.0,1.0
11783,244.0,241.0,1.0
11784,203.0,441.0,1.0
11785,220.0,272.0,1.0
11786,81.0,130.0,1.0
11787,136.0,497.0,1.0
11788,44.0,80.0,1.0
11789,79.0,330.0,1.0
11790,145.0,191.0,1.0
11791,178.0,66.0,1.0
11792,65.0,319.0,1.0
11793,263.0,326.0,1.0
11794,218.0,209.0,1.0
11795,254.0,133.0,1.0
11796,264.0,150.0,1.0
11797,205.0,272.0,1.0
11798,178.0,360.0,1.0
11799,199.0,342.0,1.0
11800,74.0,146.0,1.0
11801,85.0,120.0,1.0
11802,171.0,243.0,1.0
11803,134.0,36.0,1.0
11804,86.0,12.0,1.0
11805,207.0,252.0,1.0
11806,261.0,100.0,1.0
11807,81.0,393.0,1.0
11808,223.0,158.0,1.0
11809,15.0,128.0,1.0
11810,229.0,321.0,1.0
11811,102.0,153.0,1.0
11812,32.0,50.0,1.0
11813,164.0,109.0,1.0
11814,47.0,127.0,1.0
11815,148.0,426.0,1.0
11816,233.0,136.0,1.0
11817,17.0,402.0,1.0
11818,82.0,86.0,1.0
11819,203.0,491.0,1.0
11820,256.0,222.0,1.0
11821,201.0,224.0,1.0
11822,65.0,367.0,1.0
11823,88.0,423.0,1.0
11824,74.0,64.0,1.0
11825,56.0,184.0,1.0
11826,148.0,219.0,1.0
11827,87.0,394.0,1.0
11828,183.0,247.0,1.0
11829,132.0,378.0,1.0
11830,178.0,190.0,1.0
11831,214.0,387.0,1.0
11832,10.0,287.0,1.0
11833,168.0,154.0,1.0
11834,144.0,148.0,1.0
11835,150.0,24.0,1.0
11836,223.0,451.0,1.0
11837,245.0,7.0,1.0
11838,82.0,6.0,1.0
11839,114.0,17.0,1.0
11840,81.0,146.0,1.0
11841,186.0,238.0,1.0
11842,47.0,501.0,1.0
11843,89.0,126.0,1.0
11844,55.0,28.0,1.0
11845,39.0,83.0,1.0
11846,64.0,155.0,1.0
11847,87.0,123.0,1.0
11848,136.0,451.0,1.0
11849,124.0,290.0,1.0
11850,175.0,205.0,1.0
11851,77.0,223.0,1.0
11852,162.0,290.0,1.0
11853,160.0,354.0,1.0
11854,145.0,168.0,1.0
11855,223.0,368.0,1.0
11856,12.0,325.0,1.0
11857,147.0,270.0,1.0
11858,64.0,209.0,1.0
11859,124.0,84.0,1.0
11860,128.0,238.0,1.0
11861,164.0,104.0,1.0
11862,149.0,442.0,1.0
11863,81.0,100.0,1.0
11864,127.0,95.0,1.0
11865,127.0,224.0,1.0
11866,161.0,126.0,1.0
11867,84.0,496.0,1.0
11868,114.0,64.0,1.0
11869,242.0,25.0,1.0
11870,64.0,298.0,1.0
11871,57.0,130.0,1.0
11872,108.0,114.0,1.0
11873,224.0,272.0,1.0
11874,1.0,56.0,1.0
11875,70.0,127.0,1.0
11876,225.0,10.0,1.0
11877,74.0,7.0,1.0
11878,200.0,300.0,1.0
11879,35.0,44.0,1.0
11880,189.0,190.0,1.0
11881,223.0,560.0,1.0
11882,17.0,386.0,1.0
11883,227.0,539.0,1.0
11884,15.0,355.0,1.0
11885,175.0,52.0,1.0
11886,183.0,38.0,1.0
11887,132.0,277.0,1.0
11888,145.0,189.0,1.0
11889,213.0,126.0,1.0
11890,57.0,196.0,1.0
11891,218.0,269.0,1.0
11892,189.0,492.0,1.0
11893,199.0,103.0,1.0
11894,234.0,125.0,1.0
11895,224.0,151.0,1.0
11896,224.0,62.0,1.0
11897,17.0,390.0,1.0
11898,128.0,175.0,1.0
11899,96.0,33.0,1.0
11900,164.0,337.0,1.0
11901,121.0,50.0,1.0
11902,178.0,343.0,1.0
11903,52.0,47.0,1.0
11904,175.0,356.0,1.0
11905,104.0,358.0,1.0
11906,96.0,111.0,1.0
11907,218.0,265.0,1.0
11908,116.0,361.0,1.0
11909,155.0,226.0,1.0
11910,78.0,232.0,1.0
11911,265.0,533.0,1.0
11912,96.0,394.0,1.0
11913,36.0,447.0,1.0
11914,139.0,219.0,1.0
11915,105.0,337.0,1.0
11916,114.0,85.0,1.0
11917,26.0,146.0,1.0
11918,147.0,431.0,1.0
11919,248.0,281.0,1.0
11920,105.0,3.0,1.0
11921,261.0,128.0,1.0
11922,164.0,95.0,1.0
11923,130.0,165.0,1.0
11924,141.0,51.0,1.0
11925,39.0,64.0,1.0
11926,258.0,100.0,1.0
11927,60.0,93.0,1.0
11928,109.0,146.0,1.0
11929,84.0,311.0,1.0
11930,159.0,216.0,1.0
11931,215.0,256.0,1.0
11932,262.0,346.0,1.0
11933,164.0,354.0,1.0
11934,257.0,365.0,1.0
11935,11.0,36.0,1.0
11936,147.0,219.0,1.0
11937,90.0,59.0,1.0
11938,129.0,202.0,1.0
11939,100.0,378.0,1.0
11940,147.0,3.0,1.0
11941,213.0,424.0,1.0
11942,104.0,70.0,1.0
11943,234.0,227.0,1.0
11944,159.0,81.0,1.0
11945,56.0,17.0,1.0
11946,4.0,72.0,1.0
11947,225.0,66.0,1.0
11948,262.0,147.0,1.0
11949,16.0,76.0,1.0
11950,228.0,281.0,1.0
11951,207.0,294.0,1.0
11952,57.0,460.0,1.0
11953,99.0,32.0,1.0
11954,227.0,175.0,1.0
11955,82.0,132.0,1.0
11956,189.0,116.0,1.0
11957,145.0,419.0,1.0
11958,165.0,352.0,1.0
11959,266.0,564.0,1.0
11960,39.0,186.0,1.0
11961,263.0,561.0,1.0
11962,233.0,44.0,1.0
11963,168.0,44.0,1.0
11964,223.0,222.0,1.0
11965,83.0,51.0,1.0
11966,141.0,95.0,1.0
11967,58.0,158.0,1.0
11968,71.0,68.0,1.0
11969,17.0,111.0,1.0
11970,36.0,159.0,1.0
11971,219.0,10.0,1.0
11972,145.0,146.0,1.0
11973,257.0,48.0,1.0
11974,183.0,287.0,1.0
11975,99.0,126.0,1.0
11976,164.0,547.0,1.0
11977,164.0,206.0,1.0
11978,116.0,266.0,1.0
11979,116.0,457.0,1.0
11980,103.0,456.0,1.0
11981,183.0,188.0,1.0
11982,160.0,64.0,1.0
11983,234.0,409.0,1.0
11984,133.0,255.0,1.0
11985,74.0,189.0,1.0
11986,94.0,277.0,1.0
11987,16.0,360.0,1.0
11988,232.0,270.0,1.0
11989,179.0,206.0,1.0
11990,223.0,208.0,1.0
11991,94.0,209.0,1.0
11992,150.0,152.0,1.0
11993,175.0,352.0,1.0
11994,166.0,543.0,1.0
11995,52.0,326.0,1.0
11996,207.0,220.0,1.0
11997,218.0,160.0,1.0
11998,219.0,224.0,1.0
11999,225.0,206.0,1.0
12000,42.0,191.0,1.0
12001,226.0,46.0,1.0
12002,180.0,154.0,1.0
12003,149.0,66.0,1.0
12004,104.0,241.0,1.0
12005,74.0,81.0,1.0
12006,218.0,119.0,1.0
12007,34.0,388.0,1.0
12008,71.0,472.0,1.0
12009,224.0,66.0,1.0
12010,108.0,238.0,1.0
12011,75.0,143.0,1.0
12012,17.0,100.0,1.0
12013,182.0,578.0,1.0
12014,160.0,226.0,1.0
12015,147.0,447.0,1.0
12016,8.0,194.0,1.0
12017,145.0,133.0,1.0
12018,212.0,117.0,1.0
12019,65.0,47.0,1.0
12020,53.0,22.0,1.0
12021,203.0,106.0,1.0
12022,65.0,170.0,1.0
12023,81.0,35.0,1.0
12024,165.0,93.0,1.0
12025,165.0,194.0,1.0
12026,200.0,302.0,1.0
12027,128.0,164.0,1.0
12028,214.0,252.0,1.0
12029,70.0,236.0,1.0
12030,16.0,20.0,1.0
12031,48.0,115.0,1.0
12032,84.0,258.0,1.0
12033,183.0,323.0,1.0
12034,20.0,287.0,1.0
12035,86.0,206.0,1.0
12036,39.0,118.0,1.0
12037,255.0,174.0,1.0
12038,64.0,555.0,1.0
12039,102.0,583.0,1.0
12040,210.0,216.0,1.0
12041,164.0,81.0,1.0
12042,101.0,343.0,1.0
12043,259.0,216.0,1.0
12044,130.0,150.0,1.0
12045,75.0,431.0,1.0
12046,16.0,73.0,1.0
12047,129.0,93.0,1.0
12048,208.0,38.0,1.0
12049,130.0,441.0,1.0
12050,120.0,527.0,1.0
12051,145.0,311.0,1.0
12052,32.0,348.0,1.0
12053,37.0,208.0,1.0
12054,223.0,326.0,1.0
12055,57.0,36.0,1.0
12056,175.0,530.0,1.0
12057,232.0,256.0,1.0
12058,57.0,57.0,1.0
12059,67.0,576.0,1.0
12060,52.0,519.0,1.0
12061,147.0,27.0,1.0
12062,189.0,217.0,1.0
12063,42.0,26.0,1.0
12064,172.0,492.0,1.0
12065,89.0,177.0,1.0
12066,37.0,159.0,1.0
12067,81.0,93.0,1.0
12068,44.0,222.0,1.0
12069,262.0,216.0,1.0
12070,108.0,152.0,1.0
12071,51.0,89.0,1.0
12072,52.0,351.0,1.0
12073,61.0,84.0,1.0
12074,159.0,111.0,1.0
12075,238.0,208.0,1.0
12076,118.0,185.0,1.0
12077,116.0,177.0,1.0
12078,249.0,90.0,1.0
12079,100.0,584.0,1.0
12080,82.0,378.0,1.0
12081,74.0,136.0,1.0
12082,117.0,418.0,1.0
12083,168.0,137.0,1.0
12084,225.0,52.0,1.0
12085,248.0,518.0,1.0
12086,90.0,241.0,1.0
12087,256.0,305.0,1.0
12088,125.0,84.0,1.0
12089,165.0,242.0,1.0
12090,85.0,155.0,1.0
12091,211.0,148.0,1.0
12092,71.0,0.0,1.0
12093,128.0,342.0,1.0
12094,248.0,361.0,1.0
12095,65.0,187.0,1.0
12096,266.0,96.0,1.0
12097,39.0,414.0,1.0
12098,128.0,48.0,1.0
12099,205.0,113.0,1.0
12100,57.0,549.0,1.0
12101,71.0,474.0,1.0
12102,149.0,418.0,1.0
12103,31.0,143.0,1.0
12104,136.0,236.0,1.0
12105,182.0,103.0,1.0
12106,128.0,327.0,1.0
12107,52.0,69.0,1.0
12108,195.0,512.0,1.0
12109,34.0,313.0,1.0
12110,45.0,95.0,1.0
12111,34.0,242.0,1.0
12112,129.0,504.0,1.0
12113,178.0,327.0,1.0
12114,211.0,411.0,1.0
12115,150.0,231.0,1.0
12116,158.0,192.0,1.0
12117,178.0,2.0,1.0
12118,248.0,370.0,1.0
12119,127.0,535.0,1.0
12120,185.0,120.0,1.0
12121,178.0,202.0,1.0
12122,44.0,59.0,1.0
12123,224.0,33.0,1.0
12124,71.0,78.0,1.0
12125,248.0,215.0,1.0
12126,105.0,132.0,1.0
12127,178.0,127.0,1.0
12128,89.0,229.0,1.0
12129,178.0,473.0,1.0
12130,230.0,287.0,1.0
12131,64.0,107.0,1.0
12132,54.0,443.0,1.0
12133,52.0,230.0,1.0
12134,114.0,532.0,1.0
12135,182.0,47.0,1.0
12136,56.0,484.0,1.0
12137,175.0,492.0,1.0
12138,196.0,27.0,1.0
12139,133.0,97.0,1.0
12140,65.0,221.0,1.0
12141,90.0,211.0,1.0
12142,130.0,436.0,1.0
12143,182.0,150.0,1.0
12144,214.0,112.0,1.0
12145,202.0,92.0,1.0
12146,46.0,352.0,1.0
12147,136.0,504.0,1.0
12148,2.0,96.0,1.0
12149,248.0,157.0,1.0
12150,184.0,164.0,1.0
12151,226.0,285.0,1.0
12152,69.0,525.0,1.0
12153,135.0,410.0,1.0
12154,81.0,280.0,1.0
12155,22.0,156.0,1.0
12156,83.0,520.0,1.0
12157,31.0,196.0,1.0
12158,264.0,356.0,1.0
12159,263.0,583.0,1.0
12160,67.0,252.0,1.0
12161,35.0,363.0,1.0
12162,144.0,536.0,1.0
12163,147.0,53.0,1.0
12164,178.0,62.0,1.0
12165,147.0,113.0,1.0
12166,178.0,146.0,1.0
12167,14.0,118.0,1.0
12168,65.0,279.0,1.0
12169,241.0,122.0,1.0
12170,69.0,367.0,1.0
12171,102.0,150.0,1.0
12172,6.0,226.0,1.0
12173,156.0,38.0,1.0
12174,171.0,216.0,1.0
12175,125.0,285.0,1.0
12176,225.0,352.0,1.0
12177,91.0,385.0,1.0
12178,161.0,35.0,1.0
12179,87.0,454.0,1.0
12180,46.0,218.0,1.0
12181,165.0,245.0,1.0
12182,1.0,67.0,1.0
12183,259.0,103.0,1.0
12184,150.0,0.0,1.0
12185,178.0,427.0,1.0
12186,218.0,60.0,1.0
12187,226.0,143.0,1.0
12188,183.0,45.0,1.0
12189,169.0,177.0,1.0
12190,141.0,12.0,1.0
12191,75.0,260.0,1.0
12192,259.0,402.0,1.0
12193,123.0,541.0,1.0
12194,22.0,167.0,1.0
12195,105.0,93.0,1.0
12196,51.0,119.0,1.0
12197,122.0,327.0,1.0
12198,248.0,16.0,1.0
12199,91.0,0.0,1.0
12200,153.0,382.0,1.0
12201,1.0,40.0,1.0
12202,208.0,153.0,1.0
12203,232.0,89.0,1.0
12204,89.0,81.0,1.0
12205,107.0,3.0,1.0
12206,138.0,253.0,1.0
12207,101.0,7.0,1.0
12208,256.0,7.0,1.0
12209,96.0,10.0,1.0
12210,88.0,470.0,1.0
12211,195.0,146.0,1.0
12212,242.0,97.0,1.0
12213,74.0,400.0,1.0
12214,248.0,76.0,1.0
12215,129.0,185.0,1.0
12216,264.0,301.0,1.0
12217,164.0,66.0,1.0
12218,123.0,436.0,1.0
12219,59.0,185.0,1.0
12220,75.0,8.0,1.0
12221,210.0,413.0,1.0
12222,165.0,6.0,1.0
12223,146.0,209.0,1.0
12224,242.0,248.0,1.0
12225,138.0,66.0,1.0
12226,255.0,236.0,1.0
12227,141.0,54.0,1.0
12228,89.0,376.0,1.0
12229,199.0,122.0,1.0
12230,140.0,218.0,1.0
12231,248.0,339.0,1.0
12232,261.0,154.0,1.0
12233,82.0,18.0,1.0
12234,128.0,410.0,1.0
12235,108.0,408.0,1.0
12236,91.0,27.0,1.0
12237,64.0,485.0,1.0
12238,16.0,342.0,1.0
12239,51.0,516.0,1.0
12240,122.0,186.0,1.0
12241,93.0,118.0,1.0
12242,97.0,433.0,1.0
12243,9.0,30.0,1.0
12244,7.0,11.0,1.0
12245,74.0,96.0,1.0
12246,39.0,467.0,1.0
12247,127.0,35.0,1.0
12248,102.0,71.0,1.0
12249,84.0,60.0,1.0
12250,166.0,10.0,1.0
12251,65.0,569.0,1.0
12252,60.0,230.0,1.0
12253,207.0,61.0,1.0
12254,238.0,194.0,1.0
12255,108.0,242.0,1.0
12256,180.0,321.0,1.0
12257,141.0,223.0,1.0
12258,130.0,125.0,1.0
12259,107.0,197.0,1.0
12260,55.0,194.0,1.0
12261,106.0,409.0,1.0
12262,145.0,106.0,1.0
12263,184.0,177.0,1.0
12264,219.0,120.0,1.0
12265,74.0,415.0,1.0
12266,217.0,266.0,1.0
12267,136.0,543.0,1.0
12268,223.0,143.0,1.0
12269,136.0,47.0,1.0
12270,218.0,169.0,1.0
12271,195.0,104.0,1.0
12272,117.0,536.0,1.0
12273,85.0,215.0,1.0
12274,84.0,45.0,1.0
12275,169.0,36.0,1.0
12276,208.0,380.0,1.0
12277,9.0,276.0,1.0
12278,83.0,578.0,1.0
12279,86.0,434.0,1.0
12280,155.0,81.0,1.0
12281,1.0,34.0,1.0
12282,123.0,282.0,1.0
12283,63.0,138.0,1.0
12284,135.0,70.0,1.0
12285,266.0,0.0,1.0
12286,82.0,331.0,1.0
12287,96.0,523.0,1.0
12288,8.0,60.0,1.0
12289,219.0,185.0,1.0
12290,88.0,146.0,1.0
12291,222.0,121.0,1.0
12292,223.0,114.0,1.0
12293,65.0,451.0,1.0
12294,45.0,204.0,1.0
12295,224.0,202.0,1.0
12296,181.0,596.0,1.0
12297,264.0,95.0,1.0
12298,147.0,72.0,1.0
12299,107.0,146.0,1.0
12300,245.0,222.0,1.0
12301,178.0,173.0,1.0
12302,165.0,453.0,1.0
12303,175.0,67.0,1.0
12304,107.0,219.0,1.0
12305,88.0,284.0,1.0
12306,117.0,556.0,1.0
12307,231.0,424.0,1.0
12308,117.0,92.0,1.0
12309,17.0,222.0,1.0
12310,9.0,256.0,1.0
12311,211.0,498.0,1.0
12312,128.0,351.0,1.0
12313,226.0,5.0,1.0
12314,203.0,269.0,1.0
12315,101.0,310.0,1.0
12316,132.0,121.0,1.0
12317,42.0,179.0,1.0
12318,87.0,57.0,1.0
12319,263.0,483.0,1.0
12320,29.0,445.0,1.0
12321,163.0,242.0,1.0
12322,97.0,1.0,1.0
12323,52.0,353.0,1.0
12324,13.0,326.0,1.0
12325,53.0,10.0,1.0
12326,226.0,17.0,1.0
12327,117.0,379.0,1.0
12328,82.0,385.0,1.0
12329,244.0,561.0,1.0
12330,223.0,482.0,1.0
12331,90.0,146.0,1.0
12332,197.0,224.0,1.0
12333,130.0,351.0,1.0
12334,207.0,256.0,1.0
12335,2.0,108.0,1.0
12336,145.0,219.0,1.0
12337,52.0,184.0,1.0
12338,58.0,242.0,1.0
12339,151.0,234.0,1.0
12340,175.0,204.0,1.0
12341,45.0,68.0,1.0
12342,117.0,215.0,1.0
12343,53.0,245.0,1.0
12344,104.0,31.0,1.0
12345,132.0,12.0,1.0
12346,123.0,36.0,1.0
12347,224.0,122.0,1.0
12348,14.0,57.0,1.0
12349,267.0,127.0,1.0
12350,29.0,446.0,1.0
12351,188.0,156.0,1.0
12352,182.0,1.0,1.0
12353,224.0,133.0,1.0
12354,54.0,71.0,1.0
12355,10.0,114.0,1.0
12356,264.0,233.0,1.0
12357,92.0,529.0,1.0
12358,225.0,47.0,1.0
12359,135.0,531.0,1.0
12360,113.0,84.0,1.0
12361,165.0,358.0,1.0
12362,195.0,92.0,1.0
12363,17.0,405.0,1.0
12364,248.0,366.0,1.0
12365,75.0,582.0,1.0
12366,249.0,208.0,1.0
12367,215.0,164.0,1.0
12368,124.0,107.0,1.0
12369,56.0,419.0,1.0
12370,105.0,239.0,1.0
12371,38.0,54.0,1.0
12372,29.0,367.0,1.0
12373,103.0,40.0,1.0
12374,16.0,23.0,1.0
12375,156.0,234.0,1.0
12376,38.0,201.0,1.0
12377,65.0,97.0,1.0
12378,223.0,200.0,1.0
12379,117.0,224.0,1.0
12380,90.0,45.0,1.0
12381,153.0,207.0,1.0
12382,51.0,24.0,1.0
12383,44.0,294.0,1.0
12384,262.0,107.0,1.0
12385,164.0,466.0,1.0
12386,100.0,84.0,1.0
12387,183.0,156.0,1.0
12388,223.0,138.0,1.0
12389,126.0,5.0,1.0
12390,29.0,268.0,1.0
12391,36.0,130.0,1.0
12392,244.0,433.0,1.0
12393,162.0,9.0,1.0
12394,185.0,262.0,1.0
12395,98.0,410.0,1.0
12396,219.0,398.0,1.0
12397,56.0,143.0,1.0
12398,87.0,33.0,1.0
12399,149.0,334.0,1.0
12400,32.0,12.0,1.0
12401,15.0,66.0,1.0
12402,189.0,186.0,1.0
12403,19.0,423.0,1.0
12404,19.0,290.0,1.0
12405,240.0,126.0,1.0
12406,103.0,196.0,1.0
12407,42.0,404.0,1.0
12408,168.0,120.0,1.0
12409,76.0,420.0,1.0
12410,98.0,206.0,1.0
12411,39.0,95.0,1.0
12412,105.0,255.0,1.0
12413,104.0,4.0,1.0
12414,52.0,204.0,1.0
12415,87.0,103.0,1.0
12416,164.0,27.0,1.0
12417,143.0,399.0,1.0
12418,15.0,281.0,1.0
12419,71.0,405.0,1.0
12420,8.0,241.0,1.0
12421,86.0,557.0,1.0
12422,127.0,465.0,1.0
12423,130.0,257.0,1.0
12424,227.0,226.0,1.0
12425,87.0,141.0,1.0
12426,81.0,208.0,1.0
12427,185.0,104.0,1.0
12428,222.0,208.0,1.0
12429,87.0,172.0,1.0
12430,24.0,354.0,1.0
12431,81.0,220.0,1.0
12432,248.0,308.0,1.0
12433,224.0,58.0,1.0
12434,225.0,271.0,1.0
12435,229.0,252.0,1.0
12436,181.0,127.0,1.0
12437,77.0,483.0,1.0
12438,81.0,528.0,1.0
12439,105.0,465.0,1.0
12440,57.0,157.0,1.0
12441,217.0,378.0,1.0
12442,178.0,480.0,1.0
12443,144.0,337.0,1.0
12444,79.0,219.0,1.0
12445,249.0,80.0,1.0
12446,53.0,58.0,1.0
12447,182.0,191.0,1.0
12448,259.0,557.0,1.0
12449,45.0,351.0,1.0
12450,258.0,204.0,1.0
12451,139.0,146.0,1.0
12452,117.0,207.0,1.0
12453,65.0,435.0,1.0
12454,84.0,554.0,1.0
12455,147.0,420.0,1.0
12456,64.0,456.0,1.0
12457,44.0,437.0,1.0
12458,175.0,64.0,1.0
12459,153.0,10.0,1.0
12460,95.0,356.0,1.0
12461,82.0,567.0,1.0
12462,266.0,206.0,1.0
12463,198.0,320.0,1.0
12464,145.0,127.0,1.0
12465,2.0,11.0,1.0
12466,22.0,220.0,1.0
12467,262.0,115.0,1.0
12468,102.0,52.0,1.0
12469,189.0,185.0,1.0
12470,89.0,440.0,1.0
12471,141.0,117.0,1.0
12472,164.0,496.0,1.0
12473,234.0,238.0,1.0
12474,226.0,519.0,1.0
12475,245.0,185.0,1.0
12476,147.0,534.0,1.0
12477,177.0,20.0,1.0
12478,235.0,483.0,1.0
12479,65.0,402.0,1.0
12480,31.0,153.0,1.0
12481,180.0,40.0,1.0
12482,183.0,259.0,1.0
12483,228.0,557.0,1.0
12484,22.0,57.0,1.0
12485,156.0,100.0,1.0
12486,163.0,266.0,1.0
12487,18.0,130.0,1.0
12488,178.0,352.0,1.0
12489,126.0,124.0,1.0
12490,181.0,23.0,1.0
12491,147.0,77.0,1.0
12492,186.0,66.0,1.0
12493,69.0,221.0,1.0
12494,123.0,11.0,1.0
12495,44.0,31.0,1.0
12496,90.0,103.0,1.0
12497,75.0,9.0,1.0
12498,129.0,217.0,1.0
12499,86.0,100.0,1.0
12500,189.0,22.0,1.0
12501,224.0,277.0,1.0
12502,132.0,216.0,1.0
12503,213.0,116.0,1.0
12504,189.0,178.0,1.0
12505,126.0,119.0,1.0
12506,182.0,503.0,1.0
12507,116.0,191.0,1.0
12508,95.0,358.0,1.0
12509,96.0,21.0,1.0
12510,29.0,444.0,1.0
12511,67.0,397.0,1.0
12512,75.0,10.0,1.0
12513,191.0,430.0,1.0
12514,154.0,597.0,1.0
12515,116.0,370.0,1.0
12516,153.0,223.0,1.0
12517,156.0,54.0,1.0
12518,159.0,62.0,1.0
12519,17.0,227.0,1.0
12520,197.0,26.0,1.0
12521,194.0,146.0,1.0
12522,197.0,496.0,1.0
12523,22.0,168.0,1.0
12524,248.0,30.0,1.0
12525,50.0,97.0,1.0
12526,248.0,43.0,1.0
12527,78.0,386.0,1.0
12528,53.0,396.0,1.0
12529,82.0,137.0,1.0
12530,123.0,296.0,1.0
12531,135.0,81.0,1.0
12532,130.0,190.0,1.0
12533,65.0,86.0,1.0
12534,48.0,9.0,1.0
12535,187.0,417.0,1.0
12536,9.0,285.0,1.0
12537,130.0,303.0,1.0
12538,162.0,494.0,1.0
12539,213.0,10.0,1.0
12540,155.0,44.0,1.0
12541,145.0,47.0,1.0
12542,122.0,173.0,1.0
12543,82.0,571.0,1.0
12544,124.0,292.0,1.0
12545,197.0,43.0,1.0
12546,44.0,13.0,1.0
12547,12.0,312.0,1.0
12548,87.0,209.0,1.0
12549,52.0,368.0,1.0
12550,164.0,301.0,1.0
12551,114.0,261.0,1.0
12552,3.0,47.0,1.0
12553,238.0,331.0,1.0
12554,207.0,357.0,1.0
12555,116.0,497.0,1.0
12556,223.0,442.0,1.0
12557,144.0,531.0,1.0
12558,81.0,179.0,1.0
12559,65.0,413.0,1.0
12560,114.0,81.0,1.0
12561,87.0,367.0,1.0
12562,71.0,92.0,1.0
12563,84.0,10.0,1.0
12564,51.0,434.0,1.0
12565,247.0,334.0,1.0
12566,194.0,148.0,1.0
12567,108.0,129.0,1.0
12568,112.0,9.0,1.0
12569,233.0,495.0,1.0
12570,135.0,10.0,1.0
12571,163.0,504.0,1.0
12572,85.0,238.0,1.0
12573,229.0,147.0,1.0
12574,164.0,277.0,1.0
12575,102.0,303.0,1.0
12576,183.0,69.0,1.0
12577,248.0,252.0,1.0
12578,70.0,12.0,1.0
12579,153.0,227.0,1.0
12580,88.0,188.0,1.0
12581,85.0,236.0,1.0
12582,149.0,570.0,1.0
12583,261.0,45.0,1.0
12584,241.0,81.0,1.0
12585,122.0,191.0,1.0
12586,223.0,189.0,1.0
12587,1.0,24.0,1.0
12588,250.0,44.0,1.0
12589,197.0,221.0,1.0
12590,256.0,393.0,1.0
12591,16.0,35.0,1.0
12592,130.0,294.0,1.0
12593,74.0,253.0,1.0
12594,10.0,294.0,1.0
12595,136.0,190.0,1.0
12596,78.0,195.0,1.0
12597,258.0,104.0,1.0
12598,141.0,17.0,1.0
12599,86.0,22.0,1.0
12600,228.0,266.0,1.0
12601,123.0,69.0,1.0
12602,82.0,53.0,1.0
12603,238.0,186.0,1.0
12604,123.0,532.0,1.0
12605,23.0,253.0,1.0
12606,246.0,138.0,1.0
12607,147.0,241.0,1.0
12608,49.0,96.0,1.0
12609,82.0,512.0,1.0
12610,203.0,575.0,1.0
12611,9.0,66.0,1.0
12612,117.0,434.0,1.0
12613,189.0,201.0,1.0
12614,162.0,66.0,1.0
12615,74.0,501.0,1.0
12616,164.0,213.0,1.0
12617,69.0,463.0,1.0
12618,51.0,149.0,1.0
12619,114.0,296.0,1.0
12620,53.0,282.0,1.0
12621,69.0,106.0,1.0
12622,181.0,110.0,1.0
12623,213.0,20.0,1.0
12624,261.0,129.0,1.0
12625,116.0,245.0,1.0
12626,249.0,94.0,1.0
12627,11.0,113.0,1.0
12628,115.0,126.0,1.0
12629,175.0,176.0,1.0
12630,82.0,590.0,1.0
12631,64.0,133.0,1.0
12632,35.0,35.0,1.0
12633,102.0,297.0,1.0
12634,165.0,380.0,1.0
12635,1.0,82.0,1.0
12636,147.0,262.0,1.0
12637,259.0,383.0,1.0
12638,172.0,92.0,1.0
12639,5.0,104.0,1.0
12640,129.0,337.0,1.0
12641,18.0,111.0,1.0
12642,220.0,180.0,1.0
12643,200.0,474.0,1.0
12644,85.0,219.0,1.0
12645,90.0,549.0,1.0
12646,242.0,79.0,1.0
12647,228.0,207.0,1.0
12648,128.0,453.0,1.0
12649,194.0,92.0,1.0
12650,82.0,223.0,1.0
12651,49.0,189.0,1.0
12652,130.0,421.0,1.0
12653,261.0,245.0,1.0
12654,256.0,62.0,1.0
12655,87.0,433.0,1.0
12656,106.0,234.0,1.0
12657,155.0,19.0,1.0
12658,100.0,420.0,1.0
12659,82.0,399.0,1.0
12660,148.0,407.0,1.0
12661,162.0,120.0,1.0
12662,181.0,126.0,1.0
12663,261.0,272.0,1.0
12664,147.0,537.0,1.0
12665,83.0,146.0,1.0
12666,15.0,9.0,1.0
12667,52.0,320.0,1.0
12668,129.0,91.0,1.0
12669,132.0,47.0,1.0
12670,51.0,282.0,1.0
12671,238.0,189.0,1.0
12672,81.0,227.0,1.0
12673,168.0,159.0,1.0
12674,230.0,70.0,1.0
12675,197.0,6.0,1.0
12676,10.0,306.0,1.0
12677,196.0,32.0,1.0
12678,189.0,9.0,1.0
12679,214.0,501.0,1.0
12680,102.0,429.0,1.0
12681,64.0,507.0,1.0
12682,256.0,208.0,1.0
12683,122.0,256.0,1.0
12684,60.0,103.0,1.0
12685,35.0,60.0,1.0
12686,49.0,23.0,1.0
12687,110.0,17.0,1.0
12688,17.0,409.0,1.0
12689,117.0,462.0,1.0
12690,139.0,7.0,1.0
12691,248.0,47.0,1.0
12692,217.0,404.0,1.0
12693,87.0,208.0,1.0
12694,194.0,39.0,1.0
12695,113.0,122.0,1.0
12696,234.0,124.0,1.0
12697,203.0,129.0,1.0
12698,241.0,33.0,1.0
12699,121.0,89.0,1.0
12700,255.0,169.0,1.0
12701,100.0,416.0,1.0
12702,261.0,147.0,1.0
12703,259.0,414.0,1.0
12704,144.0,141.0,1.0
12705,78.0,229.0,1.0
12706,52.0,422.0,1.0
12707,26.0,143.0,1.0
12708,136.0,533.0,1.0
12709,116.0,85.0,1.0
12710,9.0,7.0,1.0
12711,90.0,510.0,1.0
12712,104.0,122.0,1.0
12713,218.0,338.0,1.0
12714,89.0,189.0,1.0
12715,158.0,91.0,1.0
12716,216.0,9.0,1.0
12717,13.0,35.0,1.0
12718,90.0,194.0,1.0
12719,56.0,185.0,1.0
12720,75.0,245.0,1.0
12721,214.0,100.0,1.0
12722,85.0,70.0,1.0
12723,211.0,39.0,1.0
12724,69.0,579.0,1.0
12725,226.0,59.0,1.0
12726,44.0,252.0,1.0
12727,227.0,32.0,1.0
12728,61.0,47.0,1.0
12729,141.0,296.0,1.0
12730,242.0,131.0,1.0
12731,259.0,221.0,1.0
12732,75.0,191.0,1.0
12733,117.0,584.0,1.0
12734,17.0,393.0,1.0
12735,145.0,410.0,1.0
12736,117.0,197.0,1.0
12737,63.0,92.0,1.0
12738,141.0,138.0,1.0
12739,187.0,133.0,1.0
12740,200.0,115.0,1.0
12741,81.0,125.0,1.0
12742,200.0,255.0,1.0
12743,114.0,69.0,1.0
12744,233.0,280.0,1.0
12745,256.0,232.0,1.0
12746,128.0,163.0,1.0
12747,97.0,55.0,1.0
12748,259.0,145.0,1.0
12749,259.0,398.0,1.0
12750,189.0,499.0,1.0
12751,135.0,256.0,1.0
12752,9.0,266.0,1.0
12753,199.0,332.0,1.0
12754,17.0,413.0,1.0
12755,130.0,510.0,1.0
12756,178.0,270.0,1.0
12757,251.0,410.0,1.0
12758,261.0,116.0,1.0
12759,186.0,91.0,1.0
12760,208.0,44.0,1.0
12761,156.0,465.0,1.0
12762,64.0,320.0,1.0
12763,51.0,203.0,1.0
12764,189.0,97.0,1.0
12765,203.0,90.0,1.0
12766,115.0,266.0,1.0
12767,81.0,206.0,1.0
12768,160.0,447.0,1.0
12769,49.0,222.0,1.0
12770,1.0,81.0,1.0
12771,156.0,148.0,1.0
12772,6.0,143.0,1.0
12773,259.0,205.0,1.0
12774,75.0,403.0,1.0
12775,211.0,502.0,1.0
12776,257.0,226.0,1.0
12777,186.0,550.0,1.0
12778,187.0,36.0,1.0
12779,224.0,528.0,1.0
12780,123.0,112.0,1.0
12781,234.0,223.0,1.0
12782,245.0,197.0,1.0
12783,56.0,243.0,1.0
12784,116.0,256.0,1.0
12785,255.0,503.0,1.0
12786,82.0,412.0,1.0
12787,232.0,59.0,1.0
12788,266.0,205.0,1.0
12789,200.0,39.0,1.0
12790,110.0,141.0,1.0
12791,51.0,241.0,1.0
12792,3.0,84.0,1.0
12793,16.0,345.0,1.0
12794,114.0,366.0,1.0
12795,24.0,146.0,1.0
12796,160.0,567.0,1.0
12797,148.0,39.0,1.0
12798,89.0,394.0,1.0
12799,171.0,58.0,1.0
12800,234.0,141.0,1.0
12801,115.0,66.0,1.0
12802,182.0,535.0,1.0
12803,149.0,300.0,1.0
12804,90.0,574.0,1.0
12805,183.0,219.0,1.0
12806,114.0,61.0,1.0
12807,160.0,458.0,1.0
12808,232.0,6.0,1.0
12809,211.0,319.0,1.0
12810,143.0,460.0,1.0
12811,80.0,17.0,1.0
12812,197.0,512.0,1.0
12813,59.0,216.0,1.0
12814,81.0,59.0,1.0
12815,74.0,121.0,1.0
12816,226.0,79.0,1.0
12817,189.0,516.0,1.0
12818,71.0,534.0,1.0
12819,175.0,198.0,1.0
12820,248.0,301.0,1.0
12821,65.0,266.0,1.0
12822,17.0,406.0,1.0
12823,159.0,568.0,1.0
12824,44.0,148.0,1.0
12825,185.0,187.0,1.0
12826,249.0,291.0,1.0
12827,193.0,190.0,1.0
12828,156.0,487.0,1.0
12829,212.0,191.0,1.0
12830,133.0,83.0,1.0
12831,93.0,523.0,1.0
12832,178.0,25.0,1.0
12833,51.0,117.0,1.0
12834,186.0,547.0,1.0
12835,108.0,441.0,1.0
12836,228.0,23.0,1.0
12837,17.0,400.0,1.0
12838,82.0,126.0,1.0
12839,130.0,193.0,1.0
12840,200.0,527.0,1.0
12841,116.0,87.0,1.0
12842,109.0,150.0,1.0
12843,102.0,149.0,1.0
12844,224.0,522.0,1.0
12845,178.0,185.0,1.0
12846,22.0,116.0,1.0
12847,124.0,108.0,1.0
12848,52.0,533.0,1.0
12849,256.0,146.0,1.0
12850,105.0,147.0,1.0
12851,58.0,184.0,1.0
12852,6.0,225.0,1.0
12853,201.0,379.0,1.0
12854,135.0,116.0,1.0
12855,74.0,190.0,1.0
12856,183.0,150.0,1.0
12857,117.0,11.0,1.0
12858,107.0,215.0,1.0
12859,145.0,227.0,1.0
12860,213.0,43.0,1.0
12861,8.0,126.0,1.0
12862,114.0,275.0,1.0
12863,268.0,140.0,1.0
12864,116.0,68.0,1.0
12865,172.0,280.0,1.0
12866,33.0,304.0,1.0
12867,223.0,423.0,1.0
12868,69.0,70.0,1.0
12869,97.0,445.0,1.0
12870,164.0,216.0,1.0
12871,239.0,92.0,1.0
12872,30.0,91.0,1.0
12873,168.0,91.0,1.0
12874,204.0,275.0,1.0
12875,114.0,161.0,1.0
12876,226.0,593.0,1.0
12877,183.0,241.0,1.0
12878,214.0,251.0,1.0
12879,268.0,90.0,1.0
12880,124.0,120.0,1.0
12881,88.0,216.0,1.0
12882,267.0,146.0,1.0
12883,127.0,172.0,1.0
12884,116.0,64.0,1.0
12885,32.0,250.0,1.0
12886,58.0,485.0,1.0
12887,149.0,454.0,1.0
12888,136.0,498.0,1.0
12889,90.0,487.0,1.0
12890,35.0,443.0,1.0
12891,52.0,400.0,1.0
12892,119.0,409.0,1.0
12893,96.0,243.0,1.0
12894,79.0,536.0,1.0
12895,102.0,177.0,1.0
12896,116.0,223.0,1.0
12897,168.0,597.0,1.0
12898,188.0,522.0,1.0
12899,92.0,194.0,1.0
12900,78.0,47.0,1.0
12901,248.0,87.0,1.0
12902,71.0,434.0,1.0
12903,141.0,101.0,1.0
12904,233.0,51.0,1.0
12905,87.0,508.0,1.0
12906,207.0,269.0,1.0
12907,91.0,296.0,1.0
12908,208.0,61.0,1.0
12909,252.0,350.0,1.0
12910,119.0,217.0,1.0
12911,156.0,449.0,1.0
12912,147.0,218.0,1.0
12913,116.0,54.0,1.0
12914,106.0,320.0,1.0
12915,123.0,104.0,1.0
12916,97.0,100.0,1.0
12917,11.0,45.0,1.0
12918,189.0,541.0,1.0
12919,141.0,561.0,1.0
12920,47.0,126.0,1.0
12921,9.0,57.0,1.0
12922,90.0,86.0,1.0
12923,259.0,118.0,1.0
12924,51.0,10.0,1.0
12925,150.0,206.0,1.0
12926,87.0,171.0,1.0
12927,87.0,47.0,1.0
12928,24.0,428.0,1.0
12929,71.0,399.0,1.0
12930,156.0,12.0,1.0
12931,102.0,342.0,1.0
12932,235.0,425.0,1.0
12933,164.0,412.0,1.0
12934,214.0,221.0,1.0
12935,189.0,394.0,1.0
12936,71.0,111.0,1.0
12937,178.0,117.0,1.0
12938,107.0,544.0,1.0
12939,108.0,15.0,1.0
12940,69.0,413.0,1.0
12941,42.0,464.0,1.0
12942,181.0,10.0,1.0
12943,136.0,377.0,1.0
12944,37.0,129.0,1.0
12945,242.0,69.0,1.0
12946,185.0,365.0,1.0
12947,259.0,131.0,1.0
12948,183.0,363.0,1.0
12949,27.0,38.0,1.0
12950,195.0,143.0,1.0
12951,79.0,36.0,1.0
12952,50.0,128.0,1.0
12953,250.0,275.0,1.0
12954,128.0,73.0,1.0
12955,97.0,460.0,1.0
12956,1.0,57.0,1.0
12957,202.0,106.0,1.0
12958,82.0,1.0,1.0
12959,57.0,122.0,1.0
12960,158.0,197.0,1.0
12961,60.0,24.0,1.0
12962,60.0,399.0,1.0
12963,156.0,544.0,1.0
12964,122.0,90.0,1.0
12965,196.0,59.0,1.0
12966,259.0,96.0,1.0
12967,259.0,407.0,1.0
12968,51.0,77.0,1.0
12969,230.0,434.0,1.0
12970,182.0,22.0,1.0
12971,105.0,570.0,1.0
12972,33.0,143.0,1.0
12973,16.0,111.0,1.0
12974,57.0,469.0,1.0
12975,136.0,75.0,1.0
12976,208.0,168.0,1.0
12977,140.0,35.0,1.0
12978,136.0,384.0,1.0
12979,37.0,245.0,1.0
12980,66.0,39.0,1.0
12981,200.0,164.0,1.0
12982,202.0,104.0,1.0
12983,128.0,192.0,1.0
12984,4.0,183.0,1.0
12985,0.0,3.0,1.0
12986,115.0,378.0,1.0
12987,51.0,39.0,1.0
12988,60.0,133.0,1.0
12989,128.0,159.0,1.0
12990,182.0,242.0,1.0
12991,223.0,190.0,1.0
12992,212.0,39.0,1.0
12993,159.0,205.0,1.0
12994,206.0,57.0,1.0
12995,90.0,546.0,1.0
12996,123.0,146.0,1.0
12997,218.0,378.0,1.0
12998,234.0,207.0,1.0
12999,117.0,507.0,1.0
13000,87.0,351.0,1.0
13001,115.0,205.0,1.0
13002,102.0,358.0,1.0
13003,10.0,98.0,1.0
13004,93.0,89.0,1.0
13005,64.0,220.0,1.0
13006,268.0,100.0,1.0
13007,56.0,276.0,1.0
13008,81.0,460.0,1.0
13009,5.0,210.0,1.0
13010,162.0,89.0,1.0
13011,130.0,154.0,1.0
13012,30.0,45.0,1.0
13013,158.0,35.0,1.0
13014,218.0,533.0,1.0
13015,82.0,505.0,1.0
13016,232.0,45.0,1.0
13017,86.0,584.0,1.0
13018,82.0,285.0,1.0
13019,82.0,42.0,1.0
13020,102.0,155.0,1.0
13021,183.0,591.0,1.0
13022,9.0,270.0,1.0
13023,96.0,133.0,1.0
13024,84.0,585.0,1.0
13025,150.0,36.0,1.0
13026,130.0,53.0,1.0
13027,224.0,36.0,1.0
13028,258.0,273.0,1.0
13029,256.0,231.0,1.0
13030,226.0,259.0,1.0
13031,89.0,238.0,1.0
13032,56.0,66.0,1.0
13033,238.0,28.0,1.0
13034,218.0,41.0,1.0
13035,12.0,196.0,1.0
13036,168.0,279.0,1.0
13037,211.0,453.0,1.0
13038,62.0,205.0,1.0
13039,223.0,51.0,1.0
13040,2.0,45.0,1.0
13041,205.0,318.0,1.0
13042,201.0,213.0,1.0
13043,191.0,277.0,1.0
13044,87.0,279.0,1.0
13045,130.0,43.0,1.0
13046,141.0,38.0,1.0
13047,41.0,23.0,1.0
13048,99.0,391.0,1.0
13049,239.0,91.0,1.0
13050,147.0,123.0,1.0
13051,126.0,414.0,1.0
13052,144.0,184.0,1.0
13053,195.0,40.0,1.0
13054,97.0,205.0,1.0
13055,252.0,220.0,1.0
13056,102.0,111.0,1.0
13057,122.0,1.0,1.0
13058,39.0,189.0,1.0
13059,175.0,592.0,1.0
13060,175.0,391.0,1.0
13061,129.0,61.0,1.0
13062,17.0,103.0,1.0
13063,246.0,92.0,1.0
13064,169.0,154.0,1.0
13065,255.0,70.0,1.0
13066,89.0,216.0,1.0
13067,167.0,292.0,1.0
13068,82.0,560.0,1.0
13069,256.0,219.0,1.0
13070,230.0,81.0,1.0
13071,174.0,578.0,1.0
13072,81.0,66.0,1.0
13073,155.0,161.0,1.0
13074,248.0,168.0,1.0
13075,69.0,192.0,1.0
13076,74.0,100.0,1.0
13077,230.0,323.0,1.0
13078,101.0,112.0,1.0
13079,83.0,143.0,1.0
13080,165.0,40.0,1.0
13081,124.0,242.0,1.0
13082,130.0,259.0,1.0
13083,28.0,61.0,1.0
13084,16.0,364.0,1.0
13085,26.0,171.0,1.0
13086,17.0,415.0,1.0
13087,63.0,214.0,1.0
13088,99.0,133.0,1.0
13089,211.0,222.0,1.0
13090,65.0,37.0,1.0
13091,194.0,222.0,1.0
13092,144.0,229.0,1.0
13093,160.0,143.0,1.0
13094,250.0,156.0,1.0
13095,148.0,20.0,1.0
13096,63.0,415.0,1.0
13097,89.0,438.0,1.0
13098,81.0,245.0,1.0
13099,17.0,81.0,1.0
13100,228.0,52.0,1.0
13101,48.0,305.0,1.0
13102,17.0,224.0,1.0
13103,37.0,1.0,1.0
13104,87.0,238.0,1.0
13105,116.0,262.0,1.0
13106,135.0,91.0,1.0
13107,136.0,251.0,1.0
13108,56.0,363.0,1.0
13109,259.0,459.0,1.0
13110,97.0,192.0,1.0
13111,205.0,147.0,1.0
13112,242.0,77.0,1.0
13113,45.0,492.0,1.0
13114,87.0,372.0,1.0
13115,266.0,426.0,1.0
13116,98.0,24.0,1.0
13117,225.0,273.0,1.0
13118,185.0,133.0,1.0
13119,113.0,47.0,1.0
13120,68.0,62.0,1.0
13121,199.0,57.0,1.0
13122,102.0,127.0,1.0
13123,233.0,522.0,1.0
13124,200.0,156.0,1.0
13125,196.0,22.0,1.0
13126,69.0,279.0,1.0
13127,228.0,111.0,1.0
13128,130.0,450.0,1.0
13129,3.0,143.0,1.0
13130,82.0,0.0,1.0
13131,40.0,323.0,1.0
13132,45.0,69.0,1.0
13133,217.0,230.0,1.0
13134,153.0,438.0,1.0
13135,183.0,346.0,1.0
13136,116.0,411.0,1.0
13137,17.0,36.0,1.0
13138,126.0,505.0,1.0
13139,126.0,434.0,1.0
13140,30.0,61.0,1.0
13141,49.0,416.0,1.0
13142,138.0,316.0,1.0
13143,51.0,509.0,1.0
13144,149.0,230.0,1.0
13145,2.0,117.0,1.0
13146,168.0,155.0,1.0
13147,37.0,120.0,1.0
13148,64.0,30.0,1.0
13149,74.0,66.0,1.0
13150,74.0,206.0,1.0
13151,82.0,356.0,1.0
13152,35.0,20.0,1.0
13153,49.0,130.0,1.0
13154,130.0,355.0,1.0
13155,128.0,44.0,1.0
13156,78.0,516.0,1.0
13157,165.0,272.0,1.0
13158,234.0,388.0,1.0
13159,136.0,31.0,1.0
13160,101.0,434.0,1.0
13161,102.0,38.0,1.0
13162,108.0,378.0,1.0
13163,84.0,556.0,1.0
13164,189.0,352.0,1.0
13165,224.0,263.0,1.0
13166,98.0,482.0,1.0
13167,199.0,360.0,1.0
13168,138.0,147.0,1.0
13169,259.0,378.0,1.0
13170,91.0,480.0,1.0
13171,127.0,514.0,1.0
13172,81.0,352.0,1.0
13173,202.0,257.0,1.0
13174,183.0,317.0,1.0
13175,83.0,209.0,1.0
13176,261.0,450.0,1.0
13177,196.0,562.0,1.0
13178,68.0,51.0,1.0
13179,191.0,113.0,1.0
13180,207.0,313.0,1.0
13181,61.0,36.0,1.0
13182,44.0,286.0,1.0
13183,164.0,147.0,1.0
13184,43.0,91.0,1.0
13185,155.0,559.0,1.0
13186,123.0,59.0,1.0
13187,183.0,173.0,1.0
13188,5.0,204.0,1.0
13189,259.0,583.0,1.0
13190,221.0,581.0,1.0
13191,115.0,257.0,1.0
13192,145.0,233.0,1.0
13193,101.0,45.0,1.0
13194,254.0,150.0,1.0
13195,56.0,138.0,1.0
13196,128.0,318.0,1.0
13197,84.0,285.0,1.0
13198,43.0,126.0,1.0
13199,93.0,522.0,1.0
13200,128.0,66.0,1.0
13201,216.0,150.0,1.0
13202,82.0,532.0,1.0
13203,153.0,352.0,1.0
13204,121.0,108.0,1.0
13205,256.0,473.0,1.0
13206,207.0,512.0,1.0
13207,52.0,394.0,1.0
13208,44.0,487.0,1.0
13209,83.0,57.0,1.0
13210,156.0,122.0,1.0
13211,74.0,214.0,1.0
13212,176.0,411.0,1.0
13213,56.0,253.0,1.0
13214,177.0,546.0,1.0
13215,108.0,315.0,1.0
13216,104.0,533.0,1.0
13217,226.0,591.0,1.0
13218,268.0,141.0,1.0
13219,94.0,418.0,1.0
13220,130.0,95.0,1.0
13221,107.0,58.0,1.0
13222,94.0,137.0,1.0
13223,228.0,65.0,1.0
13224,148.0,342.0,1.0
13225,9.0,259.0,1.0
13226,150.0,494.0,1.0
13227,196.0,235.0,1.0
13228,149.0,194.0,1.0
13229,115.0,32.0,1.0
13230,105.0,59.0,1.0
13231,218.0,254.0,1.0
13232,117.0,35.0,1.0
13233,60.0,552.0,1.0
13234,126.0,127.0,1.0
13235,197.0,380.0,1.0
13236,168.0,165.0,1.0
13237,147.0,592.0,1.0
13238,9.0,260.0,1.0
13239,126.0,195.0,1.0
13240,30.0,447.0,1.0
13241,216.0,97.0,1.0
13242,5.0,219.0,1.0
13243,250.0,47.0,1.0
13244,59.0,7.0,1.0
13245,177.0,452.0,1.0
13246,75.0,150.0,1.0
13247,232.0,66.0,1.0
13248,165.0,204.0,1.0
13249,34.0,191.0,1.0
13250,103.0,371.0,1.0
13251,227.0,143.0,1.0
13252,189.0,95.0,1.0
13253,84.0,85.0,1.0
13254,56.0,372.0,1.0
13255,17.0,218.0,1.0
13256,75.0,497.0,1.0
13257,74.0,97.0,1.0
13258,42.0,410.0,1.0
13259,51.0,234.0,1.0
13260,75.0,154.0,1.0
13261,132.0,81.0,1.0
13262,223.0,186.0,1.0
13263,130.0,196.0,1.0
13264,124.0,241.0,1.0
13265,266.0,222.0,1.0
13266,44.0,400.0,1.0
13267,65.0,513.0,1.0
13268,26.0,106.0,1.0
13269,107.0,71.0,1.0
13270,181.0,213.0,1.0
13271,226.0,89.0,1.0
13272,227.0,72.0,1.0
13273,203.0,304.0,1.0
13274,222.0,153.0,1.0
13275,87.0,143.0,1.0
13276,168.0,496.0,1.0
13277,79.0,47.0,1.0
13278,78.0,193.0,1.0
13279,52.0,282.0,1.0
13280,225.0,559.0,1.0
13281,128.0,317.0,1.0
13282,122.0,478.0,1.0
13283,144.0,570.0,1.0
13284,223.0,167.0,1.0
13285,87.0,207.0,1.0
13286,123.0,496.0,1.0
13287,182.0,43.0,1.0
13288,224.0,251.0,1.0
13289,29.0,161.0,1.0
13290,142.0,190.0,1.0
13291,164.0,492.0,1.0
13292,71.0,402.0,1.0
13293,132.0,202.0,1.0
13294,110.0,208.0,1.0
13295,203.0,77.0,1.0
13296,178.0,228.0,1.0
13297,185.0,150.0,1.0
13298,147.0,543.0,1.0
13299,44.0,320.0,1.0
13300,248.0,118.0,1.0
13301,168.0,66.0,1.0
13302,194.0,99.0,1.0
13303,175.0,95.0,1.0
13304,170.0,2.0,1.0
13305,20.0,50.0,1.0
13306,51.0,72.0,1.0
13307,223.0,47.0,1.0
13308,144.0,388.0,1.0
13309,116.0,44.0,1.0
13310,105.0,137.0,1.0
13311,101.0,186.0,1.0
13312,116.0,78.0,1.0
13313,104.0,147.0,1.0
13314,223.0,177.0,1.0
13315,82.0,517.0,1.0
13316,65.0,254.0,1.0
13317,117.0,7.0,1.0
13318,79.0,190.0,1.0
13319,168.0,52.0,1.0
13320,149.0,489.0,1.0
13321,72.0,338.0,1.0
13322,13.0,51.0,1.0
13323,259.0,247.0,1.0
13324,193.0,434.0,1.0
13325,248.0,394.0,1.0
13326,186.0,87.0,1.0
13327,197.0,112.0,1.0
13328,208.0,243.0,1.0
13329,145.0,411.0,1.0
13330,31.0,113.0,1.0
13331,114.0,197.0,1.0
13332,71.0,391.0,1.0
13333,132.0,195.0,1.0
13334,156.0,447.0,1.0
13335,232.0,388.0,1.0
13336,34.0,154.0,1.0
13337,45.0,438.0,1.0
13338,58.0,157.0,1.0
13339,136.0,368.0,1.0
13340,78.0,249.0,1.0
13341,98.0,44.0,1.0
13342,70.0,120.0,1.0
13343,29.0,441.0,1.0
13344,123.0,459.0,1.0
13345,127.0,595.0,1.0
13346,234.0,138.0,1.0
13347,149.0,211.0,1.0
13348,87.0,95.0,1.0
13349,105.0,127.0,1.0
13350,97.0,505.0,1.0
13351,153.0,111.0,1.0
13352,105.0,43.0,1.0
13353,234.0,206.0,1.0
13354,85.0,326.0,1.0
13355,218.0,443.0,1.0
13356,136.0,231.0,1.0
13357,226.0,502.0,1.0
13358,98.0,94.0,1.0
13359,223.0,50.0,1.0
13360,75.0,253.0,1.0
13361,160.0,66.0,1.0
13362,177.0,64.0,1.0
13363,60.0,191.0,1.0
13364,71.0,114.0,1.0
13365,160.0,211.0,1.0
13366,153.0,454.0,1.0
13367,74.0,130.0,1.0
13368,232.0,302.0,1.0
13369,248.0,20.0,1.0
13370,165.0,237.0,1.0
13371,225.0,282.0,1.0
13372,78.0,399.0,1.0
13373,196.0,118.0,1.0
13374,93.0,284.0,1.0
13375,264.0,308.0,1.0
13376,61.0,92.0,1.0
13377,205.0,90.0,1.0
13378,187.0,492.0,1.0
13379,259.0,120.0,1.0
13380,28.0,281.0,1.0
13381,249.0,11.0,1.0
13382,44.0,124.0,1.0
13383,210.0,168.0,1.0
13384,186.0,296.0,1.0
13385,56.0,147.0,1.0
13386,77.0,203.0,1.0
13387,160.0,181.0,1.0
13388,147.0,150.0,1.0
13389,82.0,115.0,1.0
13390,243.0,196.0,1.0
13391,248.0,10.0,1.0
13392,25.0,435.0,1.0
13393,263.0,355.0,1.0
13394,207.0,95.0,1.0
13395,82.0,407.0,1.0
13396,69.0,59.0,1.0
13397,185.0,45.0,1.0
13398,182.0,554.0,1.0
13399,116.0,556.0,1.0
13400,117.0,410.0,1.0
13401,101.0,384.0,1.0
13402,17.0,47.0,1.0
13403,146.0,423.0,1.0
13404,116.0,121.0,1.0
13405,133.0,226.0,1.0
13406,3.0,156.0,1.0
13407,2.0,89.0,1.0
13408,185.0,35.0,1.0
13409,102.0,9.0,1.0
13410,149.0,431.0,1.0
13411,48.0,293.0,1.0
13412,178.0,256.0,1.0
13413,245.0,388.0,1.0
13414,7.0,235.0,1.0
13415,141.0,175.0,1.0
13416,177.0,172.0,1.0
13417,116.0,392.0,1.0
13418,108.0,62.0,1.0
13419,197.0,190.0,1.0
13420,130.0,177.0,1.0
13421,205.0,484.0,1.0
13422,158.0,531.0,1.0
13423,104.0,187.0,1.0
13424,130.0,491.0,1.0
13425,155.0,281.0,1.0
13426,65.0,146.0,1.0
13427,42.0,22.0,1.0
13428,15.0,50.0,1.0
13429,88.0,207.0,1.0
13430,117.0,66.0,1.0
13431,128.0,296.0,1.0
13432,121.0,40.0,1.0
13433,2.0,146.0,1.0
13434,19.0,157.0,1.0
13435,75.0,36.0,1.0
13436,262.0,57.0,1.0
13437,182.0,562.0,1.0
13438,72.0,48.0,1.0
13439,205.0,289.0,1.0
13440,172.0,496.0,1.0
13441,156.0,378.0,1.0
13442,74.0,32.0,1.0
13443,126.0,413.0,1.0
13444,260.0,117.0,1.0
13445,86.0,1.0,1.0
13446,125.0,336.0,1.0
13447,248.0,500.0,1.0
13448,149.0,476.0,1.0
13449,141.0,239.0,1.0
13450,11.0,290.0,1.0
13451,217.0,214.0,1.0
13452,130.0,427.0,1.0
13453,27.0,1.0,1.0
13454,108.0,434.0,1.0
13455,106.0,358.0,1.0
13456,32.0,136.0,1.0
13457,247.0,228.0,1.0
13458,248.0,446.0,1.0
13459,31.0,265.0,1.0
13460,153.0,216.0,1.0
13461,89.0,571.0,1.0
13462,73.0,178.0,1.0
13463,180.0,70.0,1.0
13464,102.0,575.0,1.0
13465,53.0,266.0,1.0
13466,90.0,225.0,1.0
13467,155.0,388.0,1.0
13468,170.0,384.0,1.0
13469,56.0,67.0,1.0
13470,13.0,335.0,1.0
13471,248.0,52.0,1.0
13472,53.0,216.0,1.0
13473,218.0,271.0,1.0
13474,223.0,95.0,1.0
13475,128.0,196.0,1.0
13476,265.0,253.0,1.0
13477,56.0,332.0,1.0
13478,13.0,330.0,1.0
13479,37.0,287.0,1.0
13480,102.0,443.0,1.0
13481,65.0,284.0,1.0
13482,88.0,195.0,1.0
13483,65.0,280.0,1.0
13484,13.0,184.0,1.0
13485,2.0,118.0,1.0
13486,30.0,210.0,1.0
13487,51.0,69.0,1.0
13488,262.0,226.0,1.0
13489,187.0,92.0,1.0
13490,266.0,185.0,1.0
13491,134.0,11.0,1.0
13492,104.0,196.0,1.0
13493,117.0,185.0,1.0
13494,220.0,323.0,1.0
13495,116.0,145.0,1.0
13496,264.0,50.0,1.0
13497,104.0,98.0,1.0
13498,201.0,47.0,1.0
13499,158.0,92.0,1.0
13500,45.0,197.0,1.0
13501,127.0,183.0,1.0
13502,267.0,273.0,1.0
13503,165.0,201.0,1.0
13504,87.0,26.0,1.0
13505,228.0,392.0,1.0
13506,10.0,178.0,1.0
13507,107.0,132.0,1.0
13508,129.0,470.0,1.0
13509,81.0,471.0,1.0
13510,44.0,47.0,1.0
13511,51.0,190.0,1.0
13512,108.0,205.0,1.0
13513,183.0,164.0,1.0
13514,17.0,186.0,1.0
13515,250.0,59.0,1.0
13516,234.0,348.0,1.0
13517,222.0,287.0,1.0
13518,172.0,91.0,1.0
13519,68.0,57.0,1.0
13520,119.0,126.0,1.0
13521,223.0,81.0,1.0
13522,250.0,190.0,1.0
13523,115.0,496.0,1.0
13524,150.0,50.0,1.0
13525,132.0,282.0,1.0
13526,74.0,236.0,1.0
13527,164.0,36.0,1.0
13528,81.0,18.0,1.0
13529,140.0,20.0,1.0
13530,81.0,194.0,1.0
13531,90.0,408.0,1.0
13532,90.0,58.0,1.0
13533,268.0,178.0,1.0
13534,256.0,505.0,1.0
13535,205.0,161.0,1.0
13536,116.0,441.0,1.0
13537,34.0,9.0,1.0
13538,21.0,124.0,1.0
13539,149.0,75.0,1.0
13540,182.0,172.0,1.0
13541,225.0,215.0,1.0
13542,78.0,415.0,1.0
13543,116.0,81.0,1.0
13544,114.0,420.0,1.0
13545,175.0,117.0,1.0
13546,57.0,194.0,1.0
13547,207.0,275.0,1.0
13548,138.0,287.0,1.0
13549,227.0,295.0,1.0
13550,266.0,191.0,1.0
13551,114.0,73.0,1.0
13552,166.0,451.0,1.0
13553,89.0,197.0,1.0
13554,106.0,179.0,1.0
13555,187.0,217.0,1.0
13556,211.0,245.0,1.0
13557,117.0,49.0,1.0
13558,145.0,95.0,1.0
13559,85.0,69.0,1.0
13560,116.0,76.0,1.0
13561,126.0,402.0,1.0
13562,94.0,280.0,1.0
13563,93.0,77.0,1.0
13564,257.0,38.0,1.0
13565,107.0,91.0,1.0
13566,200.0,196.0,1.0
13567,5.0,68.0,1.0
13568,65.0,338.0,1.0
13569,17.0,91.0,1.0
13570,144.0,89.0,1.0
13571,184.0,349.0,1.0
13572,78.0,586.0,1.0
13573,51.0,467.0,1.0
13574,65.0,69.0,1.0
13575,132.0,587.0,1.0
13576,189.0,44.0,1.0
13577,145.0,250.0,1.0
13578,5.0,188.0,1.0
13579,16.0,67.0,1.0
13580,205.0,526.0,1.0
13581,35.0,9.0,1.0
13582,99.0,227.0,1.0
13583,52.0,511.0,1.0
13584,97.0,330.0,1.0
13585,105.0,150.0,1.0
13586,197.0,164.0,1.0
13587,84.0,308.0,1.0
13588,82.0,442.0,1.0
13589,165.0,175.0,1.0
13590,202.0,31.0,1.0
13591,132.0,133.0,1.0
13592,57.0,260.0,1.0
13593,4.0,11.0,1.0
13594,229.0,126.0,1.0
13595,261.0,158.0,1.0
13596,67.0,51.0,1.0
13597,82.0,242.0,1.0
13598,8.0,156.0,1.0
13599,250.0,464.0,1.0
13600,242.0,95.0,1.0
13601,200.0,365.0,1.0
13602,105.0,36.0,1.0
13603,64.0,280.0,1.0
13604,175.0,174.0,1.0
13605,21.0,45.0,1.0
13606,121.0,33.0,1.0
13607,232.0,69.0,1.0
13608,65.0,245.0,1.0
13609,82.0,186.0,1.0
13610,84.0,579.0,1.0
13611,56.0,342.0,1.0
13612,96.0,127.0,1.0
13613,102.0,352.0,1.0
13614,132.0,191.0,1.0
13615,141.0,92.0,1.0
13616,122.0,95.0,1.0
13617,65.0,342.0,1.0
13618,165.0,91.0,1.0
13619,237.0,136.0,1.0
13620,34.0,300.0,1.0
13621,116.0,17.0,1.0
13622,45.0,84.0,1.0
13623,134.0,113.0,1.0
13624,156.0,91.0,1.0
13625,226.0,3.0,1.0
13626,130.0,289.0,1.0
13627,267.0,326.0,1.0
13628,35.0,300.0,1.0
13629,105.0,22.0,1.0
13630,26.0,89.0,1.0
13631,128.0,481.0,1.0
13632,183.0,216.0,1.0
13633,74.0,583.0,1.0
13634,115.0,104.0,1.0
13635,262.0,525.0,1.0
13636,127.0,532.0,1.0
13637,245.0,125.0,1.0
13638,33.0,113.0,1.0
13639,84.0,407.0,1.0
13640,156.0,241.0,1.0
13641,174.0,10.0,1.0
13642,236.0,134.0,1.0
13643,146.0,532.0,1.0
13644,226.0,400.0,1.0
13645,230.0,146.0,1.0
13646,219.0,186.0,1.0
13647,52.0,434.0,1.0
13648,64.0,180.0,1.0
13649,156.0,92.0,1.0
13650,178.0,36.0,1.0
13651,132.0,368.0,1.0
13652,191.0,54.0,1.0
13653,205.0,122.0,1.0
13654,107.0,79.0,1.0
13655,225.0,81.0,1.0
13656,115.0,202.0,1.0
13657,147.0,80.0,1.0
13658,93.0,117.0,1.0
13659,62.0,282.0,1.0
13660,168.0,195.0,1.0
13661,81.0,407.0,1.0
13662,98.0,143.0,1.0
13663,256.0,460.0,1.0
13664,82.0,455.0,1.0
13665,182.0,164.0,1.0
13666,158.0,374.0,1.0
13667,262.0,128.0,1.0
13668,145.0,279.0,1.0
13669,257.0,241.0,1.0
13670,150.0,101.0,1.0
13671,132.0,66.0,1.0
13672,104.0,165.0,1.0
13673,128.0,452.0,1.0
13674,147.0,125.0,1.0
13675,21.0,272.0,1.0
13676,42.0,59.0,1.0
13677,128.0,59.0,1.0
13678,100.0,15.0,1.0
13679,165.0,251.0,1.0
13680,31.0,66.0,1.0
13681,175.0,159.0,1.0
13682,235.0,480.0,1.0
13683,89.0,131.0,1.0
13684,130.0,229.0,1.0
13685,178.0,566.0,1.0
13686,77.0,295.0,1.0
13687,250.0,509.0,1.0
13688,67.0,165.0,1.0
13689,143.0,436.0,1.0
13690,147.0,190.0,1.0
13691,51.0,81.0,1.0
13692,26.0,150.0,1.0
13693,251.0,73.0,1.0
13694,86.0,111.0,1.0
13695,82.0,251.0,1.0
13696,149.0,119.0,1.0
13697,233.0,147.0,1.0
13698,229.0,77.0,1.0
13699,78.0,286.0,1.0
13700,223.0,335.0,1.0
13701,32.0,45.0,1.0
13702,56.0,453.0,1.0
13703,22.0,90.0,1.0
13704,81.0,38.0,1.0
13705,134.0,97.0,1.0
13706,224.0,416.0,1.0
13707,226.0,407.0,1.0
13708,42.0,401.0,1.0
13709,67.0,215.0,1.0
13710,177.0,282.0,1.0
13711,177.0,18.0,1.0
13712,128.0,161.0,1.0
13713,53.0,386.0,1.0
13714,3.0,163.0,1.0
13715,145.0,285.0,1.0
13716,181.0,97.0,1.0
13717,256.0,396.0,1.0
13718,75.0,327.0,1.0
13719,31.0,351.0,1.0
13720,5.0,187.0,1.0
13721,97.0,111.0,1.0
13722,44.0,53.0,1.0
13723,223.0,510.0,1.0
13724,196.0,515.0,1.0
13725,56.0,387.0,1.0
13726,153.0,257.0,1.0
13727,86.0,33.0,1.0
13728,39.0,290.0,1.0
13729,208.0,229.0,1.0
13730,205.0,241.0,1.0
13731,132.0,356.0,1.0
13732,141.0,58.0,1.0
13733,164.0,436.0,1.0
13734,256.0,202.0,1.0
13735,138.0,105.0,1.0
13736,64.0,314.0,1.0
13737,128.0,126.0,1.0
13738,203.0,99.0,1.0
13739,16.0,372.0,1.0
13740,199.0,535.0,1.0
13741,147.0,147.0,1.0
13742,155.0,59.0,1.0
13743,67.0,97.0,1.0
13744,245.0,310.0,1.0
13745,16.0,72.0,1.0
13746,56.0,426.0,1.0
13747,127.0,194.0,1.0
13748,26.0,354.0,1.0
13749,52.0,91.0,1.0
13750,94.0,31.0,1.0
13751,156.0,360.0,1.0
13752,218.0,181.0,1.0
13753,203.0,158.0,1.0
13754,127.0,104.0,1.0
13755,112.0,420.0,1.0
13756,8.0,238.0,1.0
13757,110.0,95.0,1.0
13758,228.0,175.0,1.0
13759,30.0,40.0,1.0
13760,9.0,27.0,1.0
13761,149.0,270.0,1.0
13762,81.0,236.0,1.0
13763,130.0,235.0,1.0
13764,82.0,574.0,1.0
13765,146.0,217.0,1.0
13766,32.0,73.0,1.0
13767,2.0,100.0,1.0
13768,84.0,211.0,1.0
13769,256.0,558.0,1.0
13770,81.0,196.0,1.0
13771,135.0,66.0,1.0
13772,98.0,133.0,1.0
13773,209.0,89.0,1.0
13774,214.0,24.0,1.0
13775,124.0,146.0,1.0
13776,100.0,219.0,1.0
13777,189.0,100.0,1.0
13778,182.0,514.0,1.0
13779,86.0,66.0,1.0
13780,214.0,107.0,1.0
13781,78.0,133.0,1.0
13782,44.0,257.0,1.0
13783,149.0,122.0,1.0
13784,96.0,539.0,1.0
13785,116.0,357.0,1.0
13786,37.0,460.0,1.0
13787,32.0,111.0,1.0
13788,188.0,1.0,1.0
13789,262.0,120.0,1.0
13790,182.0,59.0,1.0
13791,241.0,343.0,1.0
13792,17.0,126.0,1.0
13793,60.0,391.0,1.0
13794,225.0,263.0,1.0
13795,227.0,66.0,1.0
13796,141.0,354.0,1.0
13797,91.0,176.0,1.0
13798,225.0,16.0,1.0
13799,242.0,35.0,1.0
13800,115.0,190.0,1.0
13801,85.0,89.0,1.0
13802,86.0,315.0,1.0
13803,65.0,534.0,1.0
13804,46.0,206.0,1.0
13805,219.0,394.0,1.0
13806,193.0,241.0,1.0
13807,86.0,125.0,1.0
13808,262.0,281.0,1.0
13809,117.0,214.0,1.0
13810,193.0,503.0,1.0
13811,123.0,223.0,1.0
13812,266.0,131.0,1.0
13813,1.0,86.0,1.0
13814,148.0,472.0,1.0
13815,257.0,59.0,1.0
13816,223.0,125.0,1.0
13817,158.0,428.0,1.0
13818,60.0,310.0,1.0
13819,235.0,235.0,1.0
13820,3.0,150.0,1.0
13821,256.0,391.0,1.0
13822,106.0,587.0,1.0
13823,56.0,130.0,1.0
13824,178.0,84.0,1.0
13825,141.0,85.0,1.0
13826,104.0,220.0,1.0
13827,223.0,352.0,1.0
13828,167.0,136.0,1.0
13829,96.0,92.0,1.0
13830,256.0,401.0,1.0
13831,9.0,44.0,1.0
13832,69.0,356.0,1.0
13833,261.0,300.0,1.0
13834,191.0,443.0,1.0
13835,82.0,62.0,1.0
13836,75.0,218.0,1.0
13837,69.0,570.0,1.0
13838,257.0,124.0,1.0
13839,102.0,64.0,1.0
13840,79.0,205.0,1.0
13841,187.0,104.0,1.0
13842,15.0,172.0,1.0
13843,136.0,223.0,1.0
13844,9.0,269.0,1.0
13845,197.0,151.0,1.0
13846,256.0,420.0,1.0
13847,112.0,218.0,1.0
13848,226.0,274.0,1.0
13849,56.0,326.0,1.0
13850,47.0,62.0,1.0
13851,102.0,145.0,1.0
13852,65.0,11.0,1.0
13853,183.0,264.0,1.0
13854,42.0,103.0,1.0
13855,44.0,477.0,1.0
13856,226.0,50.0,1.0
13857,183.0,361.0,1.0
13858,84.0,260.0,1.0
13859,144.0,232.0,1.0
13860,104.0,137.0,1.0
13861,195.0,27.0,1.0
13862,136.0,371.0,1.0
13863,115.0,143.0,1.0
13864,234.0,571.0,1.0
13865,119.0,230.0,1.0
13866,123.0,395.0,1.0
13867,81.0,415.0,1.0
13868,227.0,309.0,1.0
13869,222.0,38.0,1.0
13870,226.0,529.0,1.0
13871,178.0,220.0,1.0
13872,141.0,416.0,1.0
13873,226.0,303.0,1.0
13874,197.0,64.0,1.0
13875,156.0,352.0,1.0
13876,168.0,127.0,1.0
13877,199.0,574.0,1.0
13878,161.0,112.0,1.0
13879,95.0,121.0,1.0
13880,185.0,103.0,1.0
13881,125.0,143.0,1.0
13882,146.0,226.0,1.0
13883,99.0,542.0,1.0
13884,261.0,141.0,1.0
13885,144.0,87.0,1.0
13886,117.0,47.0,1.0
13887,129.0,220.0,1.0
13888,175.0,220.0,1.0
13889,35.0,143.0,1.0
13890,29.0,55.0,1.0
13891,268.0,47.0,1.0
13892,45.0,35.0,1.0
13893,148.0,245.0,1.0
13894,248.0,74.0,1.0
13895,185.0,563.0,1.0
13896,159.0,122.0,1.0
13897,59.0,416.0,1.0
13898,127.0,426.0,1.0
13899,106.0,386.0,1.0
13900,259.0,31.0,1.0
13901,156.0,534.0,1.0
13902,147.0,11.0,1.0
13903,113.0,134.0,1.0
13904,163.0,84.0,1.0
13905,164.0,14.0,1.0
13906,177.0,77.0,1.0
13907,90.0,141.0,1.0
13908,29.0,52.0,1.0
13909,149.0,99.0,1.0
13910,117.0,367.0,1.0
13911,182.0,122.0,1.0
13912,84.0,282.0,1.0
13913,126.0,95.0,1.0
13914,37.0,220.0,1.0
13915,35.0,154.0,1.0
13916,127.0,378.0,1.0
13917,64.0,301.0,1.0
13918,91.0,47.0,1.0
13919,149.0,87.0,1.0
13920,223.0,276.0,1.0
13921,13.0,164.0,1.0
13922,183.0,397.0,1.0
13923,103.0,64.0,1.0
13924,153.0,376.0,1.0
13925,224.0,141.0,1.0
13926,144.0,121.0,1.0
13927,251.0,408.0,1.0
13928,60.0,100.0,1.0
13929,193.0,221.0,1.0
13930,132.0,454.0,1.0
13931,89.0,185.0,1.0
13932,16.0,365.0,1.0
13933,152.0,20.0,1.0
13934,216.0,116.0,1.0
13935,65.0,206.0,1.0
13936,228.0,186.0,1.0
13937,262.0,122.0,1.0
13938,194.0,64.0,1.0
13939,259.0,410.0,1.0
13940,121.0,241.0,1.0
13941,266.0,190.0,1.0
13942,153.0,267.0,1.0
13943,103.0,194.0,1.0
13944,90.0,196.0,1.0
13945,190.0,219.0,1.0
13946,60.0,97.0,1.0
13947,65.0,234.0,1.0
13948,207.0,320.0,1.0
13949,139.0,398.0,1.0
13950,175.0,256.0,1.0
13951,168.0,50.0,1.0
13952,126.0,193.0,1.0
13953,205.0,532.0,1.0
13954,57.0,171.0,1.0
13955,217.0,217.0,1.0
13956,37.0,59.0,1.0
13957,177.0,100.0,1.0
13958,69.0,57.0,1.0
13959,211.0,204.0,1.0
13960,160.0,103.0,1.0
13961,136.0,24.0,1.0
13962,207.0,516.0,1.0
13963,150.0,429.0,1.0
13964,178.0,547.0,1.0
13965,35.0,226.0,1.0
13966,145.0,213.0,1.0
13967,160.0,160.0,1.0
13968,91.0,488.0,1.0
13969,127.0,159.0,1.0
13970,223.0,99.0,1.0
13971,168.0,273.0,1.0
13972,70.0,433.0,1.0
13973,4.0,176.0,1.0
13974,58.0,289.0,1.0
13975,11.0,300.0,1.0
13976,10.0,305.0,1.0
13977,133.0,220.0,1.0
13978,225.0,342.0,1.0
13979,3.0,134.0,1.0
13980,9.0,89.0,1.0
13981,51.0,337.0,1.0
13982,1.0,79.0,1.0
13983,256.0,214.0,1.0
13984,251.0,91.0,1.0
13985,234.0,337.0,1.0
13986,24.0,317.0,1.0
13987,2.0,125.0,1.0
13988,17.0,31.0,1.0
13989,156.0,553.0,1.0
13990,164.0,204.0,1.0
13991,165.0,185.0,1.0
13992,120.0,146.0,1.0
13993,84.0,39.0,1.0
13994,56.0,43.0,1.0
13995,82.0,58.0,1.0
13996,22.0,133.0,1.0
13997,160.0,109.0,1.0
13998,57.0,277.0,1.0
13999,178.0,8.0,1.0
14000,82.0,317.0,1.0
14001,82.0,15.0,1.0
14002,79.0,413.0,1.0
14003,113.0,348.0,1.0
14004,64.0,110.0,1.0
14005,9.0,47.0,1.0
14006,259.0,133.0,1.0
14007,19.0,143.0,1.0
14008,128.0,143.0,1.0
14009,158.0,569.0,1.0
14010,65.0,125.0,1.0
14011,259.0,415.0,1.0
14012,207.0,298.0,1.0
14013,68.0,386.0,1.0
14014,196.0,92.0,1.0
14015,230.0,400.0,1.0
14016,51.0,194.0,1.0
14017,99.0,59.0,1.0
14018,115.0,89.0,1.0
14019,223.0,217.0,1.0
14020,258.0,358.0,1.0
14021,57.0,75.0,1.0
14022,178.0,374.0,1.0
14023,106.0,243.0,1.0
14024,75.0,268.0,1.0
14025,229.0,500.0,1.0
14026,129.0,213.0,1.0
14027,103.0,38.0,1.0
14028,175.0,493.0,1.0
14029,105.0,44.0,1.0
14030,210.0,111.0,1.0
14031,108.0,480.0,1.0
14032,224.0,44.0,1.0
14033,149.0,519.0,1.0
14034,12.0,225.0,1.0
14035,19.0,146.0,1.0
14036,232.0,37.0,1.0
14037,65.0,320.0,1.0
14038,79.0,9.0,1.0
14039,205.0,235.0,1.0
14040,96.0,214.0,1.0
14041,202.0,496.0,1.0
14042,83.0,517.0,1.0
14043,179.0,382.0,1.0
14044,183.0,215.0,1.0
14045,137.0,10.0,1.0
14046,114.0,495.0,1.0
14047,189.0,94.0,1.0
14048,251.0,134.0,1.0
14049,228.0,437.0,1.0
14050,88.0,125.0,1.0
14051,48.0,201.0,1.0
14052,84.0,294.0,1.0
14053,145.0,137.0,1.0
14054,33.0,124.0,1.0
14055,96.0,95.0,1.0
14056,88.0,14.0,1.0
14057,251.0,150.0,1.0
14058,123.0,110.0,1.0
14059,141.0,573.0,1.0
14060,150.0,332.0,1.0
14061,119.0,379.0,1.0
14062,74.0,194.0,1.0
14063,64.0,429.0,1.0
14064,224.0,25.0,1.0
14065,218.0,89.0,1.0
14066,32.0,396.0,1.0
14067,248.0,125.0,1.0
14068,218.0,58.0,1.0
14069,64.0,217.0,1.0
14070,230.0,186.0,1.0
14071,222.0,215.0,1.0
14072,132.0,95.0,1.0
14073,165.0,375.0,1.0
14074,43.0,97.0,1.0
14075,208.0,31.0,1.0
14076,56.0,120.0,1.0
14077,90.0,35.0,1.0
14078,185.0,276.0,1.0
14079,129.0,47.0,1.0
14080,224.0,1.0,1.0
14081,165.0,349.0,1.0
14082,132.0,344.0,1.0
14083,47.0,309.0,1.0
14084,213.0,220.0,1.0
14085,164.0,382.0,1.0
14086,162.0,40.0,1.0
14087,205.0,538.0,1.0
14088,87.0,7.0,1.0
14089,165.0,132.0,1.0
14090,179.0,378.0,1.0
14091,256.0,83.0,1.0
14092,256.0,464.0,1.0
14093,262.0,334.0,1.0
14094,82.0,153.0,1.0
14095,71.0,39.0,1.0
14096,137.0,571.0,1.0
14097,149.0,280.0,1.0
14098,94.0,451.0,1.0
14099,16.0,306.0,1.0
14100,26.0,122.0,1.0
14101,116.0,144.0,1.0
14102,87.0,294.0,1.0
14103,29.0,11.0,1.0
14104,226.0,102.0,1.0
14105,224.0,104.0,1.0
14106,150.0,38.0,1.0
14107,177.0,424.0,1.0
14108,49.0,12.0,1.0
14109,84.0,87.0,1.0
14110,10.0,128.0,1.0
14111,75.0,220.0,1.0
14112,82.0,32.0,1.0
14113,211.0,128.0,1.0
14114,81.0,279.0,1.0
14115,267.0,38.0,1.0
14116,85.0,184.0,1.0
14117,109.0,252.0,1.0
14118,86.0,373.0,1.0
14119,165.0,9.0,1.0
14120,176.0,126.0,1.0
14121,56.0,88.0,1.0
14122,208.0,159.0,1.0
14123,183.0,83.0,1.0
14124,105.0,192.0,1.0
14125,238.0,62.0,1.0
14126,136.0,234.0,1.0
14127,178.0,460.0,1.0
14128,72.0,164.0,1.0
14129,232.0,247.0,1.0
14130,60.0,205.0,1.0
14131,97.0,410.0,1.0
14132,107.0,7.0,1.0
14133,214.0,286.0,1.0
14134,79.0,201.0,1.0
14135,37.0,9.0,1.0
14136,191.0,102.0,1.0
14137,225.0,246.0,1.0
14138,52.0,410.0,1.0
14139,56.0,27.0,1.0
14140,264.0,124.0,1.0
14141,253.0,86.0,1.0
14142,57.0,343.0,1.0
14143,63.0,393.0,1.0
14144,99.0,552.0,1.0
14145,106.0,80.0,1.0
14146,64.0,66.0,1.0
14147,147.0,170.0,1.0
14148,129.0,33.0,1.0
14149,69.0,257.0,1.0
14150,58.0,22.0,1.0
14151,103.0,215.0,1.0
14152,175.0,485.0,1.0
14153,53.0,89.0,1.0
14154,188.0,126.0,1.0
14155,178.0,91.0,1.0
14156,212.0,219.0,1.0
14157,49.0,505.0,1.0
14158,1.0,64.0,1.0
14159,118.0,400.0,1.0
14160,82.0,151.0,1.0
14161,75.0,342.0,1.0
14162,262.0,300.0,1.0
14163,87.0,70.0,1.0
14164,199.0,222.0,1.0
14165,105.0,251.0,1.0
14166,22.0,58.0,1.0
14167,154.0,103.0,1.0
14168,256.0,241.0,1.0
14169,266.0,100.0,1.0
14170,178.0,37.0,1.0
14171,135.0,117.0,1.0
14172,266.0,373.0,1.0
14173,161.0,374.0,1.0
14174,184.0,327.0,1.0
14175,79.0,138.0,1.0
14176,75.0,50.0,1.0
14177,176.0,90.0,1.0
14178,77.0,282.0,1.0
14179,208.0,116.0,1.0
14180,162.0,139.0,1.0
14181,87.0,305.0,1.0
14182,3.0,152.0,1.0
14183,71.0,530.0,1.0
14184,183.0,327.0,1.0
14185,69.0,94.0,1.0
14186,81.0,7.0,1.0
14187,110.0,44.0,1.0
14188,78.0,63.0,1.0
14189,247.0,72.0,1.0
14190,259.0,404.0,1.0
14191,249.0,152.0,1.0
14192,218.0,251.0,1.0
14193,1.0,38.0,1.0
14194,65.0,186.0,1.0
14195,82.0,389.0,1.0
14196,84.0,426.0,1.0
14197,82.0,243.0,1.0
14198,132.0,219.0,1.0
14199,228.0,22.0,1.0
14200,70.0,469.0,1.0
14201,185.0,384.0,1.0
14202,182.0,269.0,1.0
14203,217.0,190.0,1.0
14204,121.0,160.0,1.0
14205,256.0,49.0,1.0
14206,13.0,121.0,1.0
14207,94.0,523.0,1.0
14208,251.0,114.0,1.0
14209,250.0,422.0,1.0
14210,177.0,38.0,1.0
14211,218.0,305.0,1.0
14212,195.0,489.0,1.0
14213,164.0,196.0,1.0
14214,62.0,477.0,1.0
14215,229.0,319.0,1.0
14216,136.0,89.0,1.0
14217,3.0,166.0,1.0
14218,39.0,51.0,1.0
14219,183.0,459.0,1.0
14220,51.0,520.0,1.0
14221,92.0,524.0,1.0
14222,87.0,308.0,1.0
14223,160.0,79.0,1.0
14224,234.0,92.0,1.0
14225,102.0,345.0,1.0
14226,210.0,383.0,1.0
14227,147.0,567.0,1.0
14228,194.0,247.0,1.0
14229,256.0,86.0,1.0
14230,65.0,504.0,1.0
14231,182.0,11.0,1.0
14232,142.0,95.0,1.0
14233,89.0,264.0,1.0
14234,72.0,121.0,1.0
14235,117.0,231.0,1.0
14236,104.0,134.0,1.0
14237,203.0,508.0,1.0
14238,182.0,441.0,1.0
14239,81.0,473.0,1.0
14240,170.0,213.0,1.0
14241,228.0,136.0,1.0
14242,17.0,185.0,1.0
14243,64.0,58.0,1.0
14244,223.0,532.0,1.0
14245,130.0,360.0,1.0
14246,64.0,125.0,1.0
14247,241.0,120.0,1.0
14248,98.0,582.0,1.0
14249,160.0,150.0,1.0
14250,136.0,81.0,1.0
14251,39.0,191.0,1.0
14252,34.0,415.0,1.0
14253,48.0,196.0,1.0
14254,50.0,66.0,1.0
14255,86.0,119.0,1.0
14256,239.0,266.0,1.0
14257,64.0,9.0,1.0
14258,62.0,191.0,1.0
14259,174.0,148.0,1.0
14260,97.0,253.0,1.0
14261,149.0,216.0,1.0
14262,147.0,490.0,1.0
14263,237.0,111.0,1.0
14264,158.0,186.0,1.0
14265,82.0,47.0,1.0
14266,116.0,369.0,1.0
14267,178.0,209.0,1.0
14268,184.0,90.0,1.0
14269,260.0,205.0,1.0
14270,114.0,364.0,1.0
14271,82.0,2.0,1.0
14272,10.0,298.0,1.0
14273,209.0,485.0,1.0
14274,175.0,183.0,1.0
14275,105.0,249.0,1.0
14276,250.0,218.0,1.0
14277,114.0,271.0,1.0
14278,13.0,122.0,1.0
14279,175.0,419.0,1.0
14280,44.0,482.0,1.0
14281,50.0,420.0,1.0
14282,116.0,89.0,1.0
14283,74.0,46.0,1.0
14284,218.0,228.0,1.0
14285,56.0,259.0,1.0
14286,60.0,385.0,1.0
14287,245.0,11.0,1.0
14288,155.0,219.0,1.0
14289,93.0,104.0,1.0
14290,183.0,95.0,1.0
14291,250.0,121.0,1.0
14292,115.0,398.0,1.0
14293,132.0,127.0,1.0
14294,107.0,5.0,1.0
14295,203.0,67.0,1.0
14296,178.0,397.0,1.0
14297,72.0,241.0,1.0
14298,200.0,556.0,1.0
14299,1.0,80.0,1.0
14300,162.0,227.0,1.0
14301,10.0,208.0,1.0
14302,143.0,496.0,1.0
14303,51.0,525.0,1.0
14304,189.0,522.0,1.0
14305,116.0,69.0,1.0
14306,17.0,398.0,1.0
14307,57.0,420.0,1.0
14308,250.0,186.0,1.0
14309,203.0,366.0,1.0
14310,44.0,178.0,1.0
14311,82.0,421.0,1.0
14312,51.0,214.0,1.0
14313,130.0,426.0,1.0
14314,178.0,351.0,1.0
14315,52.0,399.0,1.0
14316,51.0,108.0,1.0
14317,44.0,235.0,1.0
14318,101.0,530.0,1.0
14319,161.0,10.0,1.0
14320,210.0,205.0,1.0
14321,51.0,215.0,1.0
14322,60.0,467.0,1.0
14323,180.0,68.0,1.0
14324,151.0,111.0,1.0
14325,224.0,43.0,1.0
14326,123.0,77.0,1.0
14327,210.0,180.0,1.0
14328,50.0,253.0,1.0
14329,57.0,7.0,1.0
14330,175.0,400.0,1.0
14331,58.0,518.0,1.0
14332,81.0,64.0,1.0
14333,69.0,419.0,1.0
14334,183.0,17.0,1.0
14335,146.0,130.0,1.0
14336,178.0,507.0,1.0
14337,51.0,7.0,1.0
14338,51.0,501.0,1.0
14339,92.0,146.0,1.0
14340,117.0,248.0,1.0
14341,150.0,279.0,1.0
14342,188.0,100.0,1.0
14343,189.0,192.0,1.0
14344,14.0,297.0,1.0
14345,148.0,257.0,1.0
14346,165.0,177.0,1.0
14347,200.0,51.0,1.0
14348,17.0,127.0,1.0
14349,229.0,459.0,1.0
14350,206.0,116.0,1.0
14351,211.0,500.0,1.0
14352,251.0,90.0,1.0
14353,79.0,230.0,1.0
14354,163.0,47.0,1.0
14355,229.0,57.0,1.0
14356,203.0,478.0,1.0
14357,196.0,328.0,1.0
14358,205.0,27.0,1.0
14359,147.0,410.0,1.0
14360,155.0,24.0,1.0
14361,211.0,125.0,1.0
14362,192.0,216.0,1.0
14363,57.0,488.0,1.0
14364,86.0,138.0,1.0
14365,129.0,120.0,1.0
14366,178.0,200.0,1.0
14367,115.0,575.0,1.0
14368,109.0,206.0,1.0
14369,181.0,59.0,1.0
14370,226.0,238.0,1.0
14371,1.0,18.0,1.0
14372,178.0,387.0,1.0
14373,105.0,273.0,1.0
14374,183.0,19.0,1.0
14375,126.0,39.0,1.0
14376,52.0,252.0,1.0
14377,224.0,0.0,1.0
14378,17.0,10.0,1.0
14379,81.0,311.0,1.0
14380,85.0,226.0,1.0
14381,139.0,230.0,1.0
14382,237.0,106.0,1.0
14383,5.0,218.0,1.0
14384,165.0,97.0,1.0
14385,13.0,334.0,1.0
14386,114.0,18.0,1.0
14387,117.0,186.0,1.0
14388,172.0,352.0,1.0
14389,212.0,221.0,1.0
14390,175.0,11.0,1.0
14391,147.0,337.0,1.0
14392,156.0,66.0,1.0
14393,101.0,81.0,1.0
14394,218.0,365.0,1.0
14395,81.0,466.0,1.0
14396,130.0,430.0,1.0
14397,156.0,124.0,1.0
14398,147.0,88.0,1.0
14399,144.0,207.0,1.0
14400,172.0,84.0,1.0
14401,182.0,340.0,1.0
14402,87.0,276.0,1.0
14403,137.0,11.0,1.0
14404,136.0,126.0,1.0
14405,81.0,378.0,1.0
14406,5.0,103.0,1.0
14407,148.0,201.0,1.0
14408,245.0,201.0,1.0
14409,167.0,36.0,1.0
14410,94.0,233.0,1.0
14411,104.0,272.0,1.0
14412,160.0,350.0,1.0
14413,175.0,180.0,1.0
14414,56.0,294.0,1.0
14415,189.0,597.0,1.0
14416,263.0,294.0,1.0
14417,256.0,145.0,1.0
14418,188.0,136.0,1.0
14419,259.0,132.0,1.0
14420,64.0,294.0,1.0
14421,13.0,256.0,1.0
14422,156.0,192.0,1.0
14423,97.0,222.0,1.0
14424,162.0,208.0,1.0
14425,14.0,243.0,1.0
14426,133.0,31.0,1.0
14427,129.0,466.0,1.0
14428,87.0,354.0,1.0
14429,31.0,449.0,1.0
14430,75.0,24.0,1.0
14431,53.0,278.0,1.0
14432,174.0,447.0,1.0
14433,9.0,124.0,1.0
14434,188.0,137.0,1.0
14435,56.0,357.0,1.0
14436,119.0,534.0,1.0
14437,113.0,221.0,1.0
14438,129.0,464.0,1.0
14439,225.0,51.0,1.0
14440,74.0,202.0,1.0
14441,212.0,416.0,1.0
14442,164.0,453.0,1.0
14443,82.0,448.0,1.0
14444,147.0,593.0,1.0
14445,44.0,398.0,1.0
14446,223.0,566.0,1.0
14447,209.0,168.0,1.0
14448,223.0,332.0,1.0
14449,65.0,218.0,1.0
14450,219.0,148.0,1.0
14451,232.0,62.0,1.0
14452,39.0,393.0,1.0
14453,208.0,432.0,1.0
14454,132.0,7.0,1.0
14455,49.0,412.0,1.0
14456,82.0,20.0,1.0
14457,209.0,35.0,1.0
14458,91.0,105.0,1.0
14459,17.0,392.0,1.0
14460,72.0,256.0,1.0
14461,43.0,429.0,1.0
14462,209.0,299.0,1.0
14463,244.0,55.0,1.0
14464,122.0,61.0,1.0
14465,266.0,95.0,1.0
14466,130.0,77.0,1.0
14467,244.0,251.0,1.0
14468,87.0,258.0,1.0
14469,74.0,269.0,1.0
14470,49.0,219.0,1.0
14471,138.0,346.0,1.0
14472,223.0,543.0,1.0
14473,10.0,299.0,1.0
14474,132.0,69.0,1.0
14475,234.0,410.0,1.0
14476,94.0,493.0,1.0
14477,74.0,192.0,1.0
14478,18.0,76.0,1.0
14479,163.0,100.0,1.0
14480,128.0,222.0,1.0
14481,64.0,455.0,1.0
14482,105.0,74.0,1.0
14483,117.0,223.0,1.0
14484,224.0,4.0,1.0
14485,261.0,152.0,1.0
14486,71.0,378.0,1.0
14487,185.0,59.0,1.0
14488,87.0,215.0,1.0
14489,114.0,74.0,1.0
14490,102.0,263.0,1.0
14491,259.0,117.0,1.0
14492,220.0,190.0,1.0
14493,108.0,133.0,1.0
14494,77.0,385.0,1.0
14495,226.0,146.0,1.0
14496,234.0,117.0,1.0
14497,164.0,252.0,1.0
14498,186.0,131.0,1.0
14499,31.0,73.0,1.0
14500,31.0,46.0,1.0
14501,51.0,523.0,1.0
14502,74.0,472.0,1.0
14503,85.0,493.0,1.0
14504,52.0,416.0,1.0
14505,189.0,145.0,1.0
14506,162.0,287.0,1.0
14507,40.0,293.0,1.0
14508,35.0,457.0,1.0
14509,116.0,285.0,1.0
14510,218.0,37.0,1.0
14511,44.0,111.0,1.0
14512,17.0,321.0,1.0
14513,45.0,238.0,1.0
14514,203.0,159.0,1.0
14515,87.0,381.0,1.0
14516,126.0,389.0,1.0
14517,89.0,92.0,1.0
14518,158.0,111.0,1.0
14519,182.0,203.0,1.0
14520,101.0,407.0,1.0
14521,116.0,302.0,1.0
14522,53.0,84.0,1.0
14523,89.0,71.0,1.0
14524,115.0,374.0,1.0
14525,160.0,9.0,1.0
14526,168.0,382.0,1.0
14527,189.0,131.0,1.0
14528,52.0,189.0,1.0
14529,149.0,547.0,1.0
14530,117.0,516.0,1.0
14531,238.0,11.0,1.0
14532,84.0,230.0,1.0
14533,5.0,206.0,1.0
14534,234.0,33.0,1.0
14535,46.0,47.0,1.0
14536,230.0,482.0,1.0
14537,168.0,129.0,1.0
14538,52.0,104.0,1.0
14539,116.0,498.0,1.0
14540,150.0,403.0,1.0
14541,103.0,89.0,1.0
14542,58.0,103.0,1.0
14543,35.0,183.0,1.0
14544,164.0,417.0,1.0
14545,136.0,197.0,1.0
14546,243.0,55.0,1.0
14547,218.0,439.0,1.0
14548,150.0,153.0,1.0
14549,130.0,44.0,1.0
14550,119.0,186.0,1.0
14551,262.0,293.0,1.0
14552,180.0,351.0,1.0
14553,149.0,380.0,1.0
14554,178.0,12.0,1.0
14555,152.0,146.0,1.0
14556,223.0,61.0,1.0
14557,223.0,32.0,1.0
14558,262.0,134.0,1.0
14559,67.0,485.0,1.0
14560,50.0,507.0,1.0
14561,84.0,194.0,1.0
14562,199.0,424.0,1.0
14563,124.0,166.0,1.0
14564,266.0,393.0,1.0
14565,75.0,527.0,1.0
14566,148.0,125.0,1.0
14567,201.0,10.0,1.0
14568,158.0,7.0,1.0
14569,178.0,201.0,1.0
14570,52.0,398.0,1.0
14571,64.0,386.0,1.0
14572,60.0,217.0,1.0
14573,82.0,173.0,1.0
14574,189.0,159.0,1.0
14575,82.0,125.0,1.0
14576,155.0,124.0,1.0
14577,252.0,344.0,1.0
14578,121.0,147.0,1.0
14579,68.0,92.0,1.0
14580,259.0,406.0,1.0
14581,81.0,112.0,1.0
14582,79.0,227.0,1.0
14583,182.0,101.0,1.0
14584,193.0,343.0,1.0
14585,223.0,314.0,1.0
14586,211.0,147.0,1.0
14587,145.0,358.0,1.0
14588,87.0,545.0,1.0
14589,248.0,85.0,1.0
14590,139.0,10.0,1.0
14591,64.0,260.0,1.0
14592,5.0,193.0,1.0
14593,179.0,413.0,1.0
14594,60.0,277.0,1.0
14595,114.0,593.0,1.0
14596,226.0,120.0,1.0
14597,9.0,245.0,1.0
14598,17.0,89.0,1.0
14599,222.0,226.0,1.0
14600,52.0,148.0,1.0
14601,116.0,511.0,1.0
14602,229.0,67.0,1.0
14603,60.0,126.0,1.0
14604,108.0,535.0,1.0
14605,65.0,570.0,1.0
14606,182.0,537.0,1.0
14607,175.0,188.0,1.0
14608,150.0,320.0,1.0
14609,239.0,195.0,1.0
14610,84.0,28.0,1.0
14611,145.0,53.0,1.0
14612,218.0,59.0,1.0
14613,164.0,289.0,1.0
14614,102.0,85.0,1.0
14615,132.0,132.0,1.0
14616,135.0,315.0,1.0
14617,114.0,88.0,1.0
14618,130.0,263.0,1.0
14619,101.0,33.0,1.0
14620,56.0,187.0,1.0
14621,231.0,242.0,1.0
14622,69.0,14.0,1.0
14623,74.0,511.0,1.0
14624,134.0,459.0,1.0
14625,123.0,179.0,1.0
14626,160.0,113.0,1.0
14627,209.0,343.0,1.0
14628,75.0,135.0,1.0
14629,193.0,50.0,1.0
14630,160.0,379.0,1.0
14631,83.0,68.0,1.0
14632,141.0,378.0,1.0
14633,109.0,372.0,1.0
14634,249.0,181.0,1.0
14635,202.0,10.0,1.0
14636,90.0,533.0,1.0
14637,82.0,470.0,1.0
14638,185.0,97.0,1.0
14639,258.0,24.0,1.0
14640,178.0,38.0,1.0
14641,194.0,570.0,1.0
14642,75.0,259.0,1.0
14643,84.0,61.0,1.0
14644,81.0,368.0,1.0
14645,60.0,225.0,1.0
14646,135.0,87.0,1.0
14647,42.0,409.0,1.0
14648,264.0,422.0,1.0
14649,23.0,122.0,1.0
14650,65.0,324.0,1.0
14651,71.0,104.0,1.0
14652,202.0,508.0,1.0
14653,200.0,554.0,1.0
14654,185.0,343.0,1.0
14655,105.0,233.0,1.0
14656,20.0,111.0,1.0
14657,256.0,571.0,1.0
14658,162.0,57.0,1.0
14659,44.0,22.0,1.0
14660,207.0,67.0,1.0
14661,16.0,18.0,1.0
14662,117.0,583.0,1.0
14663,147.0,480.0,1.0
14664,73.0,156.0,1.0
14665,232.0,81.0,1.0
14666,127.0,36.0,1.0
14667,9.0,271.0,1.0
14668,206.0,111.0,1.0
14669,56.0,298.0,1.0
14670,230.0,582.0,1.0
14671,156.0,400.0,1.0
14672,100.0,398.0,1.0
14673,242.0,146.0,1.0
14674,223.0,588.0,1.0
14675,207.0,162.0,1.0
14676,133.0,133.0,1.0
14677,141.0,313.0,1.0
14678,211.0,280.0,1.0
14679,32.0,157.0,1.0
14680,75.0,7.0,1.0
14681,236.0,111.0,1.0
14682,187.0,203.0,1.0
14683,30.0,149.0,1.0
14684,148.0,251.0,1.0
14685,150.0,21.0,1.0
14686,183.0,321.0,1.0
14687,199.0,226.0,1.0
14688,119.0,185.0,1.0
14689,248.0,72.0,1.0
14690,219.0,378.0,1.0
14691,42.0,11.0,1.0
14692,178.0,388.0,1.0
14693,217.0,195.0,1.0
14694,258.0,66.0,1.0
14695,193.0,181.0,1.0
14696,45.0,496.0,1.0
14697,53.0,410.0,1.0
14698,17.0,74.0,1.0
14699,231.0,89.0,1.0
14700,104.0,81.0,1.0
14701,113.0,369.0,1.0
14702,107.0,211.0,1.0
14703,124.0,168.0,1.0
14704,82.0,240.0,1.0
14705,53.0,204.0,1.0
14706,143.0,234.0,1.0
14707,44.0,209.0,1.0
14708,86.0,59.0,1.0
14709,223.0,218.0,1.0
14710,263.0,113.0,1.0
14711,82.0,424.0,1.0
14712,195.0,189.0,1.0
14713,126.0,382.0,1.0
14714,237.0,45.0,1.0
14715,153.0,126.0,1.0
14716,113.0,131.0,1.0
14717,2.0,130.0,1.0
14718,211.0,91.0,1.0
14719,72.0,222.0,1.0
14720,16.0,81.0,1.0
14721,181.0,202.0,1.0
14722,237.0,150.0,1.0
14723,178.0,419.0,1.0
14724,232.0,51.0,1.0
14725,259.0,290.0,1.0
14726,69.0,423.0,1.0
14727,102.0,45.0,1.0
14728,160.0,40.0,1.0
14729,113.0,497.0,1.0
14730,250.0,103.0,1.0
14731,164.0,314.0,1.0
14732,114.0,130.0,1.0
14733,148.0,216.0,1.0
14734,85.0,194.0,1.0
14735,75.0,438.0,1.0
14736,165.0,156.0,1.0
14737,42.0,100.0,1.0
14738,223.0,9.0,1.0
14739,164.0,92.0,1.0
14740,119.0,394.0,1.0
14741,177.0,287.0,1.0
14742,60.0,378.0,1.0
14743,39.0,148.0,1.0
14744,141.0,584.0,1.0
14745,183.0,44.0,1.0
14746,141.0,534.0,1.0
14747,1.0,19.0,1.0
14748,249.0,115.0,1.0
14749,252.0,66.0,1.0
14750,74.0,205.0,1.0
14751,81.0,412.0,1.0
14752,230.0,194.0,1.0
14753,108.0,221.0,1.0
14754,75.0,203.0,1.0
14755,147.0,395.0,1.0
14756,51.0,262.0,1.0
14757,211.0,13.0,1.0
14758,189.0,106.0,1.0
14759,264.0,157.0,1.0
14760,44.0,356.0,1.0
14761,193.0,429.0,1.0
14762,224.0,286.0,1.0
14763,53.0,1.0,1.0
14764,87.0,431.0,1.0
14765,195.0,195.0,1.0
14766,155.0,551.0,1.0
14767,37.0,447.0,1.0
14768,182.0,81.0,1.0
14769,13.0,57.0,1.0
14770,8.0,120.0,1.0
14771,207.0,208.0,1.0
14772,113.0,298.0,1.0
14773,262.0,321.0,1.0
14774,175.0,209.0,1.0
14775,31.0,47.0,1.0
14776,206.0,120.0,1.0
14777,117.0,0.0,1.0
14778,65.0,216.0,1.0
14779,185.0,476.0,1.0
14780,214.0,130.0,1.0
14781,9.0,181.0,1.0
14782,116.0,91.0,1.0
14783,35.0,13.0,1.0
14784,103.0,397.0,1.0
14785,101.0,386.0,1.0
14786,227.0,103.0,1.0
14787,116.0,96.0,1.0
14788,180.0,272.0,1.0
14789,223.0,188.0,1.0
14790,250.0,77.0,1.0
14791,210.0,126.0,1.0
14792,56.0,157.0,1.0
14793,156.0,222.0,1.0
14794,182.0,135.0,1.0
14795,223.0,415.0,1.0
14796,109.0,73.0,1.0
14797,157.0,215.0,1.0
14798,207.0,178.0,1.0
14799,98.0,474.0,1.0
14800,147.0,181.0,1.0
14801,144.0,95.0,1.0
14802,259.0,460.0,1.0
14803,119.0,138.0,1.0
14804,232.0,52.0,1.0
14805,249.0,273.0,1.0
14806,178.0,15.0,1.0
14807,210.0,117.0,1.0
14808,160.0,549.0,1.0
14809,217.0,219.0,1.0
14810,159.0,130.0,1.0
14811,102.0,248.0,1.0
14812,102.0,75.0,1.0
14813,185.0,252.0,1.0
14814,201.0,392.0,1.0
14815,123.0,43.0,1.0
14816,217.0,248.0,1.0
14817,248.0,589.0,1.0
14818,138.0,124.0,1.0
14819,142.0,10.0,1.0
14820,10.0,22.0,1.0
14821,156.0,498.0,1.0
14822,87.0,193.0,1.0
14823,106.0,267.0,1.0
14824,25.0,73.0,1.0
14825,71.0,458.0,1.0
14826,238.0,40.0,1.0
14827,89.0,356.0,1.0
14828,66.0,264.0,1.0
14829,5.0,200.0,1.0
14830,90.0,268.0,1.0
14831,28.0,77.0,1.0
14832,170.0,311.0,1.0
14833,56.0,433.0,1.0
14834,105.0,84.0,1.0
14835,58.0,551.0,1.0
14836,223.0,187.0,1.0
14837,51.0,136.0,1.0
14838,132.0,70.0,1.0
14839,68.0,331.0,1.0
14840,61.0,57.0,1.0
14841,75.0,11.0,1.0
14842,77.0,216.0,1.0
14843,182.0,130.0,1.0
14844,186.0,146.0,1.0
14845,52.0,100.0,1.0
14846,71.0,570.0,1.0
14847,78.0,103.0,1.0
14848,180.0,58.0,1.0
14849,130.0,487.0,1.0
14850,102.0,595.0,1.0
14851,82.0,222.0,1.0
14852,186.0,70.0,1.0
14853,228.0,115.0,1.0
14854,51.0,518.0,1.0
14855,209.0,146.0,1.0
14856,145.0,315.0,1.0
14857,42.0,131.0,1.0
14858,196.0,480.0,1.0
14859,102.0,274.0,1.0
14860,79.0,571.0,1.0
14861,118.0,209.0,1.0
14862,9.0,77.0,1.0
14863,83.0,103.0,1.0
14864,91.0,552.0,1.0
14865,260.0,382.0,1.0
14866,197.0,237.0,1.0
14867,114.0,28.0,1.0
14868,226.0,444.0,1.0
14869,126.0,337.0,1.0
14870,211.0,223.0,1.0
14871,75.0,215.0,1.0
14872,56.0,36.0,1.0
14873,226.0,49.0,1.0
14874,93.0,190.0,1.0
14875,223.0,157.0,1.0
14876,164.0,41.0,1.0
14877,214.0,91.0,1.0
14878,177.0,44.0,1.0
14879,79.0,407.0,1.0
14880,130.0,120.0,1.0
14881,2.0,124.0,1.0
14882,49.0,411.0,1.0
14883,169.0,97.0,1.0
14884,148.0,194.0,1.0
14885,156.0,559.0,1.0
14886,1.0,52.0,1.0
14887,52.0,12.0,1.0
14888,155.0,196.0,1.0
14889,102.0,120.0,1.0
14890,130.0,106.0,1.0
14891,69.0,147.0,1.0
14892,39.0,403.0,1.0
14893,183.0,49.0,1.0
14894,94.0,127.0,1.0
14895,94.0,100.0,1.0
14896,82.0,463.0,1.0
14897,178.0,164.0,1.0
14898,98.0,280.0,1.0
14899,155.0,27.0,1.0
14900,103.0,47.0,1.0
14901,108.0,313.0,1.0
14902,3.0,28.0,1.0
14903,183.0,554.0,1.0
14904,96.0,84.0,1.0
14905,248.0,41.0,1.0
14906,227.0,89.0,1.0
14907,39.0,287.0,1.0
14908,245.0,227.0,1.0
14909,175.0,269.0,1.0
14910,133.0,66.0,1.0
14911,17.0,410.0,1.0
14912,266.0,69.0,1.0
14913,225.0,80.0,1.0
14914,122.0,50.0,1.0
14915,132.0,400.0,1.0
14916,148.0,146.0,1.0
14917,183.0,285.0,1.0
14918,130.0,288.0,1.0
14919,231.0,228.0,1.0
14920,168.0,570.0,1.0
14921,227.0,343.0,1.0
14922,149.0,510.0,1.0
14923,20.0,55.0,1.0
14924,257.0,251.0,1.0
14925,179.0,132.0,1.0
14926,65.0,27.0,1.0
14927,142.0,235.0,1.0
14928,51.0,382.0,1.0
14929,64.0,479.0,1.0
14930,189.0,142.0,1.0
14931,160.0,146.0,1.0
14932,141.0,559.0,1.0
14933,228.0,245.0,1.0
14934,6.0,124.0,1.0
14935,261.0,50.0,1.0
14936,256.0,100.0,1.0
14937,97.0,409.0,1.0
14938,106.0,10.0,1.0
14939,79.0,531.0,1.0
14940,84.0,537.0,1.0
14941,217.0,24.0,1.0
14942,247.0,103.0,1.0
14943,5.0,185.0,1.0
14944,211.0,124.0,1.0
14945,178.0,245.0,1.0
14946,31.0,230.0,1.0
14947,71.0,581.0,1.0
14948,71.0,251.0,1.0
14949,164.0,575.0,1.0
14950,84.0,592.0,1.0
14951,38.0,146.0,1.0
14952,126.0,390.0,1.0
14953,129.0,205.0,1.0
14954,130.0,438.0,1.0
14955,53.0,126.0,1.0
14956,109.0,226.0,1.0
14957,211.0,161.0,1.0
14958,183.0,364.0,1.0
14959,26.0,319.0,1.0
14960,195.0,205.0,1.0
14961,59.0,207.0,1.0
14962,183.0,116.0,1.0
14963,183.0,85.0,1.0
14964,41.0,130.0,1.0
14965,197.0,310.0,1.0
14966,209.0,122.0,1.0
14967,162.0,320.0,1.0
14968,69.0,468.0,1.0
14969,159.0,38.0,1.0
14970,105.0,429.0,1.0
14971,123.0,284.0,1.0
14972,156.0,245.0,1.0
14973,116.0,111.0,1.0
14974,83.0,95.0,1.0
14975,31.0,150.0,1.0
14976,89.0,474.0,1.0
14977,172.0,148.0,1.0
14978,56.0,56.0,1.0
14979,228.0,135.0,1.0
14980,101.0,72.0,1.0
14981,220.0,143.0,1.0
14982,226.0,40.0,1.0
14983,218.0,55.0,1.0
14984,250.0,81.0,1.0
14985,83.0,542.0,1.0
14986,84.0,261.0,1.0
14987,250.0,323.0,1.0
14988,165.0,47.0,1.0
14989,164.0,31.0,1.0
14990,189.0,80.0,1.0
14991,159.0,158.0,1.0
14992,241.0,105.0,1.0
14993,105.0,377.0,1.0
14994,165.0,413.0,1.0
14995,132.0,1.0,1.0
14996,181.0,205.0,1.0
14997,189.0,45.0,1.0
14998,124.0,395.0,1.0
14999,91.0,247.0,1.0
15000,211.0,284.0,1.0
15001,168.0,112.0,1.0
15002,22.0,161.0,1.0
15003,53.0,537.0,1.0
15004,45.0,147.0,1.0
15005,168.0,424.0,1.0
15006,216.0,268.0,1.0
15007,52.0,205.0,1.0
15008,177.0,497.0,1.0
15009,178.0,435.0,1.0
15010,228.0,343.0,1.0
15011,91.0,326.0,1.0
15012,33.0,293.0,1.0
15013,193.0,177.0,1.0
15014,102.0,496.0,1.0
15015,199.0,287.0,1.0
15016,182.0,245.0,1.0
15017,104.0,20.0,1.0
15018,71.0,89.0,1.0
15019,200.0,440.0,1.0
15020,232.0,77.0,1.0
15021,210.0,291.0,1.0
15022,116.0,30.0,1.0
15023,81.0,543.0,1.0
15024,74.0,10.0,1.0
15025,224.0,223.0,1.0
15026,194.0,103.0,1.0
15027,189.0,387.0,1.0
15028,257.0,120.0,1.0
15029,102.0,147.0,1.0
15030,210.0,102.0,1.0
15031,132.0,111.0,1.0
15032,164.0,114.0,1.0
15033,191.0,247.0,1.0
15034,138.0,349.0,1.0
15035,248.0,32.0,1.0
15036,86.0,531.0,1.0
15037,147.0,19.0,1.0
15038,149.0,202.0,1.0
15039,245.0,188.0,1.0
15040,132.0,103.0,1.0
15041,199.0,358.0,1.0
15042,31.0,289.0,1.0
15043,256.0,411.0,1.0
15044,203.0,166.0,1.0
15045,79.0,49.0,1.0
15046,91.0,66.0,1.0
15047,91.0,273.0,1.0
15048,49.0,31.0,1.0
15049,229.0,351.0,1.0
15050,96.0,153.0,1.0
15051,149.0,518.0,1.0
15052,53.0,217.0,1.0
15053,77.0,0.0,1.0
15054,185.0,228.0,1.0
15055,222.0,6.0,1.0
15056,53.0,195.0,1.0
15057,35.0,308.0,1.0
15058,258.0,150.0,1.0
15059,234.0,219.0,1.0
15060,75.0,512.0,1.0
15061,52.0,527.0,1.0
15062,108.0,304.0,1.0
15063,122.0,367.0,1.0
15064,114.0,595.0,1.0
15065,96.0,36.0,1.0
15066,246.0,79.0,1.0
15067,48.0,40.0,1.0
15068,150.0,69.0,1.0
15069,52.0,21.0,1.0
15070,176.0,50.0,1.0
15071,197.0,214.0,1.0
15072,11.0,310.0,1.0
15073,90.0,36.0,1.0
15074,35.0,156.0,1.0
15075,48.0,444.0,1.0
15076,24.0,324.0,1.0
15077,81.0,267.0,1.0
15078,178.0,194.0,1.0
15079,121.0,113.0,1.0
15080,168.0,92.0,1.0
15081,53.0,99.0,1.0
15082,129.0,89.0,1.0
15083,79.0,380.0,1.0
15084,250.0,210.0,1.0
15085,87.0,419.0,1.0
15086,110.0,532.0,1.0
15087,175.0,175.0,1.0
15088,214.0,66.0,1.0
15089,165.0,556.0,1.0
15090,178.0,125.0,1.0
15091,91.0,65.0,1.0
15092,258.0,245.0,1.0
15093,102.0,510.0,1.0
15094,142.0,116.0,1.0
15095,149.0,71.0,1.0
15096,148.0,522.0,1.0
15097,71.0,337.0,1.0
15098,226.0,38.0,1.0
15099,17.0,305.0,1.0
15100,81.0,476.0,1.0
15101,147.0,214.0,1.0
15102,49.0,379.0,1.0
15103,78.0,205.0,1.0
15104,250.0,32.0,1.0
15105,77.0,3.0,1.0
15106,202.0,178.0,1.0
15107,203.0,204.0,1.0
15108,191.0,362.0,1.0
15109,57.0,233.0,1.0
15110,117.0,530.0,1.0
15111,74.0,552.0,1.0
15112,186.0,378.0,1.0
15113,118.0,195.0,1.0
15114,45.0,141.0,1.0
15115,115.0,3.0,1.0
15116,207.0,226.0,1.0
15117,85.0,388.0,1.0
15118,2.0,103.0,1.0
15119,51.0,104.0,1.0
15120,90.0,220.0,1.0
15121,82.0,376.0,1.0
15122,94.0,95.0,1.0
15123,104.0,420.0,1.0
15124,128.0,115.0,1.0
15125,156.0,194.0,1.0
15126,26.0,194.0,1.0
15127,264.0,583.0,1.0
15128,197.0,47.0,1.0
15129,165.0,249.0,1.0
15130,130.0,105.0,1.0
15131,132.0,351.0,1.0
15132,101.0,195.0,1.0
15133,168.0,260.0,1.0
15134,110.0,189.0,1.0
15135,84.0,288.0,1.0
15136,10.0,291.0,1.0
15137,188.0,104.0,1.0
15138,224.0,546.0,1.0
15139,177.0,201.0,1.0
15140,144.0,251.0,1.0
15141,220.0,181.0,1.0
15142,218.0,306.0,1.0
15143,104.0,93.0,1.0
15144,17.0,411.0,1.0
15145,115.0,33.0,1.0
15146,164.0,350.0,1.0
15147,232.0,50.0,1.0
15148,91.0,58.0,1.0
15149,259.0,229.0,1.0
15150,179.0,395.0,1.0
15151,129.0,310.0,1.0
15152,79.0,33.0,1.0
15153,95.0,320.0,1.0
15154,28.0,17.0,1.0
15155,116.0,579.0,1.0
15156,10.0,273.0,1.0
15157,22.0,290.0,1.0
15158,173.0,39.0,1.0
15159,183.0,226.0,1.0
15160,52.0,26.0,1.0
15161,230.0,215.0,1.0
15162,208.0,114.0,1.0
15163,110.0,122.0,1.0
15164,168.0,374.0,1.0
15165,82.0,123.0,1.0
15166,82.0,141.0,1.0
15167,162.0,115.0,1.0
15168,65.0,248.0,1.0
15169,126.0,385.0,1.0
15170,83.0,178.0,1.0
15171,93.0,352.0,1.0
15172,264.0,463.0,1.0
15173,114.0,76.0,1.0
15174,19.0,111.0,1.0
15175,195.0,398.0,1.0
15176,58.0,120.0,1.0
15177,60.0,229.0,1.0
15178,263.0,435.0,1.0
15179,45.0,424.0,1.0
15180,183.0,300.0,1.0
15181,248.0,282.0,1.0
15182,13.0,336.0,1.0
15183,202.0,140.0,1.0
15184,226.0,518.0,1.0
15185,149.0,527.0,1.0
15186,263.0,46.0,1.0
15187,17.0,397.0,1.0
15188,223.0,356.0,1.0
15189,264.0,294.0,1.0
15190,56.0,544.0,1.0
15191,133.0,223.0,1.0
15192,52.0,530.0,1.0
15193,175.0,223.0,1.0
15194,141.0,209.0,1.0
15195,87.0,4.0,1.0
15196,52.0,389.0,1.0
15197,136.0,257.0,1.0
15198,89.0,492.0,1.0
15199,74.0,222.0,1.0
15200,160.0,421.0,1.0
15201,182.0,305.0,1.0
15202,126.0,426.0,1.0
15203,128.0,546.0,1.0
15204,121.0,282.0,1.0
15205,126.0,310.0,1.0
15206,130.0,216.0,1.0
15207,187.0,322.0,1.0
15208,115.0,492.0,1.0
15209,126.0,202.0,1.0
15210,222.0,178.0,1.0
15211,168.0,295.0,1.0
15212,225.0,45.0,1.0
15213,74.0,379.0,1.0
15214,102.0,116.0,1.0
15215,38.0,23.0,1.0
15216,98.0,111.0,1.0
15217,149.0,503.0,1.0
15218,149.0,324.0,1.0
15219,93.0,29.0,1.0
15220,226.0,459.0,1.0
15221,116.0,530.0,1.0
15222,207.0,321.0,1.0
15223,144.0,534.0,1.0
15224,7.0,134.0,1.0
15225,179.0,394.0,1.0
15226,63.0,117.0,1.0
15227,266.0,221.0,1.0
15228,144.0,398.0,1.0
15229,82.0,89.0,1.0
15230,193.0,436.0,1.0
15231,79.0,84.0,1.0
15232,130.0,215.0,1.0
15233,201.0,378.0,1.0
15234,253.0,555.0,1.0
15235,110.0,84.0,1.0
15236,150.0,506.0,1.0
15237,45.0,284.0,1.0
15238,186.0,27.0,1.0
15239,217.0,202.0,1.0
15240,199.0,77.0,1.0
15241,5.0,11.0,1.0
15242,142.0,12.0,1.0
15243,67.0,218.0,1.0
15244,193.0,32.0,1.0
15245,200.0,236.0,1.0
15246,98.0,479.0,1.0
15247,175.0,210.0,1.0
15248,19.0,112.0,1.0
15249,206.0,214.0,1.0
15250,9.0,17.0,1.0
15251,81.0,48.0,1.0
15252,102.0,20.0,1.0
15253,228.0,20.0,1.0
15254,108.0,22.0,1.0
15255,47.0,3.0,1.0
15256,196.0,310.0,1.0
15257,220.0,582.0,1.0
15258,191.0,149.0,1.0
15259,89.0,213.0,1.0
15260,189.0,556.0,1.0
15261,149.0,356.0,1.0
15262,247.0,168.0,1.0
15263,268.0,101.0,1.0
15264,250.0,132.0,1.0
15265,37.0,459.0,1.0
15266,218.0,487.0,1.0
15267,200.0,299.0,1.0
15268,229.0,508.0,1.0
15269,205.0,55.0,1.0
15270,71.0,226.0,1.0
15271,255.0,245.0,1.0
15272,145.0,433.0,1.0
15273,189.0,146.0,1.0
15274,209.0,365.0,1.0
15275,145.0,280.0,1.0
15276,15.0,113.0,1.0
15277,264.0,252.0,1.0
15278,91.0,61.0,1.0
15279,22.0,170.0,1.0
15280,183.0,595.0,1.0
15281,248.0,97.0,1.0
15282,225.0,48.0,1.0
15283,112.0,43.0,1.0
15284,211.0,103.0,1.0
15285,88.0,382.0,1.0
15286,103.0,439.0,1.0
15287,223.0,13.0,1.0
15288,31.0,318.0,1.0
15289,266.0,291.0,1.0
15290,135.0,80.0,1.0
15291,165.0,236.0,1.0
15292,117.0,384.0,1.0
15293,142.0,205.0,1.0
15294,234.0,401.0,1.0
15295,246.0,36.0,1.0
15296,175.0,123.0,1.0
15297,216.0,11.0,1.0
15298,224.0,326.0,1.0
15299,175.0,345.0,1.0
15300,177.0,299.0,1.0
15301,90.0,367.0,1.0
15302,5.0,217.0,1.0
15303,189.0,38.0,1.0
15304,193.0,132.0,1.0
15305,187.0,10.0,1.0
15306,52.0,63.0,1.0
15307,51.0,251.0,1.0
15308,51.0,329.0,1.0
15309,261.0,282.0,1.0
15310,181.0,251.0,1.0
15311,106.0,242.0,1.0
15312,224.0,191.0,1.0
15313,117.0,189.0,1.0
15314,68.0,197.0,1.0
15315,191.0,120.0,1.0
15316,242.0,234.0,1.0
15317,17.0,404.0,1.0
15318,228.0,226.0,1.0
15319,105.0,143.0,1.0
15320,181.0,7.0,1.0
15321,247.0,69.0,1.0
15322,85.0,76.0,1.0
15323,250.0,89.0,1.0
15324,160.0,355.0,1.0
15325,4.0,181.0,1.0
15326,116.0,58.0,1.0
15327,214.0,277.0,1.0
15328,207.0,244.0,1.0
15329,130.0,575.0,1.0
15330,52.0,348.0,1.0
15331,164.0,118.0,1.0
15332,193.0,400.0,1.0
15333,100.0,10.0,1.0
15334,52.0,231.0,1.0
15335,225.0,41.0,1.0
15336,266.0,11.0,1.0
15337,108.0,166.0,1.0
15338,122.0,481.0,1.0
15339,250.0,50.0,1.0
15340,144.0,1.0,1.0
15341,182.0,177.0,1.0
15342,85.0,522.0,1.0
15343,227.0,58.0,1.0
15344,200.0,53.0,1.0
15345,48.0,97.0,1.0
15346,214.0,53.0,1.0
15347,224.0,374.0,1.0
15348,262.0,556.0,1.0
15349,127.0,245.0,1.0
15350,211.0,247.0,1.0
15351,31.0,223.0,1.0
15352,74.0,191.0,1.0
15353,108.0,17.0,1.0
15354,88.0,232.0,1.0
15355,189.0,243.0,1.0
15356,229.0,10.0,1.0
15357,94.0,415.0,1.0
15358,156.0,547.0,1.0
15359,210.0,358.0,1.0
15360,89.0,403.0,1.0
15361,82.0,564.0,1.0
15362,243.0,581.0,1.0
15363,183.0,46.0,1.0
15364,65.0,294.0,1.0
15365,136.0,587.0,1.0
15366,79.0,382.0,1.0
15367,113.0,127.0,1.0
15368,127.0,116.0,1.0
15369,11.0,295.0,1.0
15370,228.0,103.0,1.0
15371,7.0,117.0,1.0
15372,114.0,11.0,1.0
15373,139.0,464.0,1.0
15374,207.0,552.0,1.0
15375,77.0,10.0,1.0
15376,192.0,146.0,1.0
15377,228.0,77.0,1.0
15378,161.0,498.0,1.0
15379,224.0,81.0,1.0
15380,90.0,337.0,1.0
15381,200.0,64.0,1.0
15382,126.0,267.0,1.0
15383,132.0,14.0,1.0
15384,147.0,429.0,1.0
15385,173.0,485.0,1.0
15386,108.0,162.0,1.0
15387,150.0,92.0,1.0
15388,1.0,44.0,1.0
15389,90.0,170.0,1.0
15390,97.0,248.0,1.0
15391,187.0,190.0,1.0
15392,230.0,388.0,1.0
15393,61.0,532.0,1.0
15394,191.0,259.0,1.0
15395,182.0,494.0,1.0
15396,199.0,241.0,1.0
15397,2.0,92.0,1.0
15398,65.0,179.0,1.0
15399,251.0,45.0,1.0
15400,144.0,138.0,1.0
15401,207.0,241.0,1.0
15402,262.0,242.0,1.0
15403,82.0,514.0,1.0
15404,156.0,8.0,1.0
15405,81.0,410.0,1.0
15406,259.0,552.0,1.0
15407,86.0,216.0,1.0
15408,164.0,146.0,1.0
15409,53.0,147.0,1.0
15410,130.0,32.0,1.0
15411,218.0,275.0,1.0
15412,207.0,265.0,1.0
15413,189.0,297.0,1.0
15414,142.0,569.0,1.0
15415,84.0,70.0,1.0
15416,259.0,185.0,1.0
15417,78.0,3.0,1.0
15418,205.0,69.0,1.0
15419,122.0,573.0,1.0
15420,252.0,468.0,1.0
15421,193.0,147.0,1.0
15422,63.0,492.0,1.0
15423,252.0,170.0,1.0
15424,42.0,195.0,1.0
15425,129.0,347.0,1.0
15426,56.0,150.0,1.0
15427,179.0,3.0,1.0
15428,186.0,385.0,1.0
15429,196.0,146.0,1.0
15430,181.0,100.0,1.0
15431,197.0,327.0,1.0
15432,107.0,319.0,1.0
15433,31.0,135.0,1.0
15434,102.0,478.0,1.0
15435,144.0,426.0,1.0
15436,119.0,417.0,1.0
15437,117.0,406.0,1.0
15438,185.0,25.0,1.0
15439,256.0,409.0,1.0
15440,182.0,208.0,1.0
15441,200.0,203.0,1.0
15442,242.0,145.0,1.0
15443,7.0,45.0,1.0
15444,197.0,377.0,1.0
15445,102.0,19.0,1.0
15446,249.0,91.0,1.0
15447,116.0,446.0,1.0
15448,65.0,571.0,1.0
15449,175.0,66.0,1.0
15450,141.0,100.0,1.0
15451,172.0,518.0,1.0
15452,1.0,25.0,1.0
15453,102.0,54.0,1.0
15454,18.0,159.0,1.0
15455,182.0,316.0,1.0
15456,217.0,382.0,1.0
15457,88.0,103.0,1.0
15458,119.0,100.0,1.0
15459,174.0,81.0,1.0
15460,83.0,299.0,1.0
15461,66.0,492.0,1.0
15462,255.0,81.0,1.0
15463,186.0,176.0,1.0
15464,185.0,20.0,1.0
15465,183.0,272.0,1.0
15466,148.0,189.0,1.0
15467,150.0,272.0,1.0
15468,190.0,112.0,1.0
15469,213.0,47.0,1.0
15470,164.0,451.0,1.0
15471,224.0,150.0,1.0
15472,202.0,153.0,1.0
15473,266.0,195.0,1.0
15474,147.0,76.0,1.0
15475,261.0,101.0,1.0
15476,78.0,148.0,1.0
15477,155.0,430.0,1.0
15478,246.0,78.0,1.0
15479,252.0,50.0,1.0
15480,114.0,246.0,1.0
15481,53.0,209.0,1.0
15482,226.0,78.0,1.0
15483,7.0,128.0,1.0
15484,130.0,41.0,1.0
15485,104.0,203.0,1.0
15486,53.0,148.0,1.0
15487,156.0,5.0,1.0
15488,174.0,539.0,1.0
15489,56.0,360.0,1.0
15490,83.0,50.0,1.0
15491,100.0,434.0,1.0
15492,153.0,202.0,1.0
15493,132.0,543.0,1.0
15494,129.0,7.0,1.0
15495,51.0,62.0,1.0
15496,203.0,153.0,1.0
15497,259.0,158.0,1.0
15498,64.0,25.0,1.0
15499,211.0,382.0,1.0
15500,264.0,215.0,1.0
15501,129.0,20.0,1.0
15502,128.0,220.0,1.0
15503,259.0,100.0,1.0
15504,196.0,117.0,1.0
15505,226.0,343.0,1.0
15506,171.0,219.0,1.0
15507,98.0,69.0,1.0
15508,138.0,456.0,1.0
15509,116.0,521.0,1.0
15510,177.0,537.0,1.0
15511,153.0,378.0,1.0
15512,60.0,43.0,1.0
15513,194.0,126.0,1.0
15514,89.0,558.0,1.0
15515,262.0,113.0,1.0
15516,175.0,173.0,1.0
15517,146.0,120.0,1.0
15518,164.0,353.0,1.0
15519,17.0,38.0,1.0
15520,207.0,230.0,1.0
15521,264.0,178.0,1.0
15522,102.0,88.0,1.0
15523,130.0,269.0,1.0
15524,130.0,222.0,1.0
15525,104.0,109.0,1.0
15526,86.0,564.0,1.0
15527,106.0,352.0,1.0
15528,69.0,81.0,1.0
15529,70.0,36.0,1.0
15530,56.0,20.0,1.0
15531,44.0,331.0,1.0
15532,15.0,11.0,1.0
15533,53.0,130.0,1.0
15534,56.0,53.0,1.0
15535,19.0,126.0,1.0
15536,117.0,109.0,1.0
15537,177.0,164.0,1.0
15538,211.0,126.0,1.0
15539,51.0,510.0,1.0
15540,42.0,216.0,1.0
15541,185.0,256.0,1.0
15542,53.0,535.0,1.0
15543,130.0,330.0,1.0
15544,178.0,527.0,1.0
15545,248.0,225.0,1.0
15546,13.0,135.0,1.0
15547,17.0,95.0,1.0
15548,109.0,65.0,1.0
15549,264.0,58.0,1.0
15550,201.0,216.0,1.0
15551,181.0,377.0,1.0
15552,226.0,255.0,1.0
15553,172.0,47.0,1.0
15554,243.0,315.0,1.0
15555,160.0,409.0,1.0
15556,60.0,315.0,1.0
15557,241.0,103.0,1.0
15558,264.0,57.0,1.0
15559,149.0,360.0,1.0
15560,223.0,75.0,1.0
15561,248.0,255.0,1.0
15562,258.0,79.0,1.0
15563,51.0,286.0,1.0
15564,141.0,204.0,1.0
15565,224.0,129.0,1.0
15566,26.0,117.0,1.0
15567,156.0,88.0,1.0
15568,201.0,412.0,1.0
15569,177.0,135.0,1.0
15570,126.0,147.0,1.0
15571,266.0,470.0,1.0
15572,21.0,89.0,1.0
15573,82.0,498.0,1.0
15574,130.0,52.0,1.0
15575,39.0,222.0,1.0
15576,115.0,37.0,1.0
15577,126.0,223.0,1.0
15578,34.0,24.0,1.0
15579,203.0,116.0,1.0
15580,126.0,218.0,1.0
15581,149.0,58.0,1.0
15582,96.0,178.0,1.0
15583,147.0,482.0,1.0
15584,147.0,344.0,1.0
15585,139.0,310.0,1.0
15586,182.0,94.0,1.0
15587,12.0,156.0,1.0
15588,149.0,174.0,1.0
15589,242.0,11.0,1.0
15590,105.0,78.0,1.0
15591,101.0,89.0,1.0
15592,65.0,66.0,1.0
15593,117.0,473.0,1.0
15594,82.0,160.0,1.0
15595,183.0,580.0,1.0
15596,164.0,583.0,1.0
15597,129.0,186.0,1.0
15598,65.0,485.0,1.0
15599,4.0,172.0,1.0
15600,224.0,92.0,1.0
15601,6.0,44.0,1.0
15602,175.0,120.0,1.0
15603,148.0,108.0,1.0
15604,168.0,521.0,1.0
15605,223.0,527.0,1.0
15606,262.0,457.0,1.0
15607,207.0,191.0,1.0
15608,16.0,97.0,1.0
15609,254.0,125.0,1.0
15610,105.0,131.0,1.0
15611,114.0,253.0,1.0
15612,144.0,190.0,1.0
15613,157.0,31.0,1.0
15614,218.0,39.0,1.0
15615,183.0,103.0,1.0
15616,138.0,89.0,1.0
15617,130.0,81.0,1.0
15618,242.0,343.0,1.0
15619,134.0,150.0,1.0
15620,74.0,282.0,1.0
15621,226.0,164.0,1.0
15622,3.0,147.0,1.0
15623,2.0,129.0,1.0
15624,140.0,3.0,1.0
15625,206.0,89.0,1.0
15626,81.0,316.0,1.0
15627,183.0,496.0,1.0
15628,156.0,22.0,1.0
15629,82.0,400.0,1.0
15630,99.0,111.0,1.0
15631,58.0,291.0,1.0
15632,201.0,190.0,1.0
15633,44.0,156.0,1.0
15634,51.0,178.0,1.0
15635,145.0,399.0,1.0
15636,162.0,155.0,1.0
15637,229.0,226.0,1.0
15638,107.0,439.0,1.0
15639,162.0,306.0,1.0
15640,56.0,39.0,1.0
15641,136.0,186.0,1.0
15642,200.0,27.0,1.0
15643,94.0,505.0,1.0
15644,266.0,309.0,1.0
15645,67.0,414.0,1.0
15646,185.0,190.0,1.0
15647,90.0,489.0,1.0
15648,204.0,50.0,1.0
15649,29.0,233.0,1.0
15650,42.0,224.0,1.0
15651,165.0,154.0,1.0
15652,129.0,131.0,1.0
15653,228.0,302.0,1.0
15654,122.0,103.0,1.0
15655,93.0,31.0,1.0
15656,126.0,207.0,1.0
15657,12.0,113.0,1.0
15658,132.0,104.0,1.0
15659,54.0,522.0,1.0
15660,241.0,59.0,1.0
15661,42.0,5.0,1.0
15662,41.0,444.0,1.0
15663,53.0,8.0,1.0
15664,164.0,30.0,1.0
15665,247.0,47.0,1.0
15666,129.0,188.0,1.0
15667,85.0,35.0,1.0
15668,242.0,122.0,1.0
15669,130.0,100.0,1.0
15670,82.0,579.0,1.0
15671,96.0,59.0,1.0
15672,69.0,125.0,1.0
15673,58.0,304.0,1.0
15674,211.0,48.0,1.0
15675,135.0,311.0,1.0
15676,205.0,164.0,1.0
15677,148.0,527.0,1.0
15678,196.0,379.0,1.0
15679,208.0,441.0,1.0
15680,226.0,148.0,1.0
15681,147.0,392.0,1.0
15682,117.0,375.0,1.0
15683,234.0,192.0,1.0
15684,225.0,148.0,1.0
15685,3.0,110.0,1.0
15686,94.0,66.0,1.0
15687,45.0,375.0,1.0
15688,87.0,35.0,1.0
15689,250.0,36.0,1.0
15690,168.0,213.0,1.0
15691,31.0,62.0,1.0
15692,35.0,43.0,1.0
15693,9.0,46.0,1.0
15694,84.0,146.0,1.0
15695,191.0,47.0,1.0
15696,129.0,156.0,1.0
15697,13.0,113.0,1.0
15698,107.0,216.0,1.0
15699,151.0,12.0,1.0
15700,210.0,12.0,1.0
15701,182.0,349.0,1.0
15702,230.0,32.0,1.0
15703,130.0,537.0,1.0
15704,29.0,156.0,1.0
15705,19.0,305.0,1.0
15706,136.0,104.0,1.0
15707,261.0,115.0,1.0
15708,148.0,202.0,1.0
15709,98.0,193.0,1.0
15710,74.0,35.0,1.0
15711,267.0,251.0,1.0
15712,226.0,73.0,1.0
15713,17.0,391.0,1.0
15714,84.0,179.0,1.0
15715,177.0,118.0,1.0
15716,64.0,186.0,1.0
15717,130.0,126.0,1.0
15718,99.0,406.0,1.0
15719,94.0,563.0,1.0
15720,9.0,282.0,1.0
15721,51.0,378.0,1.0
15722,67.0,544.0,1.0
15723,149.0,446.0,1.0
15724,9.0,86.0,1.0
15725,78.0,36.0,1.0
15726,146.0,1.0,1.0
15727,75.0,122.0,1.0
15728,127.0,584.0,1.0
15729,259.0,531.0,1.0
15730,114.0,577.0,1.0
15731,90.0,179.0,1.0
15732,179.0,17.0,1.0
15733,19.0,152.0,1.0
15734,165.0,392.0,1.0
15735,65.0,223.0,1.0
15736,117.0,393.0,1.0
15737,180.0,172.0,1.0
15738,102.0,228.0,1.0
15739,65.0,12.0,1.0
15740,90.0,118.0,1.0
15741,87.0,44.0,1.0
15742,130.0,45.0,1.0
15743,117.0,12.0,1.0
15744,3.0,50.0,1.0
15745,138.0,69.0,1.0
15746,150.0,156.0,1.0
15747,149.0,433.0,1.0
15748,73.0,374.0,1.0
15749,207.0,100.0,1.0
15750,83.0,38.0,1.0
15751,165.0,408.0,1.0
15752,56.0,225.0,1.0
15753,203.0,314.0,1.0
15754,82.0,182.0,1.0
15755,74.0,59.0,1.0
15756,147.0,419.0,1.0
15757,177.0,10.0,1.0
15758,94.0,388.0,1.0
15759,264.0,128.0,1.0
15760,154.0,130.0,1.0
15761,136.0,230.0,1.0
15762,17.0,385.0,1.0
15763,189.0,125.0,1.0
15764,150.0,9.0,1.0
15765,45.0,219.0,1.0
15766,129.0,219.0,1.0
15767,144.0,223.0,1.0
15768,17.0,175.0,1.0
15769,102.0,269.0,1.0
15770,224.0,571.0,1.0
15771,123.0,460.0,1.0
15772,67.0,344.0,1.0
15773,94.0,256.0,1.0
15774,84.0,37.0,1.0
15775,165.0,498.0,1.0
15776,257.0,208.0,1.0
15777,114.0,37.0,1.0
15778,83.0,269.0,1.0
15779,194.0,18.0,1.0
15780,102.0,79.0,1.0
15781,249.0,9.0,1.0
15782,71.0,394.0,1.0
15783,238.0,241.0,1.0
15784,71.0,568.0,1.0
15785,223.0,48.0,1.0
15786,215.0,447.0,1.0
15787,86.0,504.0,1.0
15788,94.0,1.0,1.0
15789,2.0,121.0,1.0
15790,90.0,465.0,1.0
15791,70.0,59.0,1.0
15792,239.0,151.0,1.0
15793,123.0,178.0,1.0
15794,112.0,147.0,1.0
15795,28.0,56.0,1.0
15796,213.0,6.0,1.0
15797,65.0,169.0,1.0
15798,6.0,186.0,1.0
15799,31.0,226.0,1.0
15800,87.0,22.0,1.0
15801,182.0,118.0,1.0
15802,87.0,27.0,1.0
15803,149.0,155.0,1.0
15804,102.0,132.0,1.0
15805,0.0,10.0,1.0
15806,10.0,220.0,1.0
15807,84.0,27.0,1.0
15808,51.0,12.0,1.0
15809,116.0,50.0,1.0
15810,133.0,146.0,1.0
15811,227.0,112.0,1.0
15812,99.0,472.0,1.0
15813,81.0,385.0,1.0
15814,147.0,352.0,1.0
15815,226.0,35.0,1.0
15816,79.0,501.0,1.0
15817,182.0,136.0,1.0
15818,185.0,332.0,1.0
15819,257.0,225.0,1.0
15820,83.0,85.0,1.0
15821,26.0,168.0,1.0
15822,154.0,410.0,1.0
15823,105.0,400.0,1.0
15824,56.0,245.0,1.0
15825,105.0,384.0,1.0
15826,84.0,277.0,1.0
15827,64.0,39.0,1.0
15828,130.0,452.0,1.0
15829,52.0,532.0,1.0
15830,136.0,58.0,1.0
15831,71.0,189.0,1.0
15832,267.0,434.0,1.0
15833,136.0,8.0,1.0
15834,226.0,258.0,1.0
15835,87.0,282.0,1.0
15836,119.0,10.0,1.0
15837,81.0,97.0,1.0
15838,148.0,256.0,1.0
15839,203.0,93.0,1.0
15840,212.0,217.0,1.0
15841,222.0,458.0,1.0
15842,83.0,400.0,1.0
15843,75.0,461.0,1.0
15844,117.0,378.0,1.0
15845,111.0,555.0,1.0
15846,19.0,153.0,1.0
15847,8.0,78.0,1.0
15848,141.0,113.0,1.0
15849,135.0,62.0,1.0
15850,84.0,551.0,1.0
15851,170.0,474.0,1.0
15852,184.0,196.0,1.0
15853,258.0,484.0,1.0
15854,196.0,39.0,1.0
15855,106.0,506.0,1.0
15856,103.0,100.0,1.0
15857,65.0,51.0,1.0
15858,248.0,143.0,1.0
15859,119.0,310.0,1.0
15860,64.0,251.0,1.0
15861,179.0,434.0,1.0
15862,56.0,539.0,1.0
15863,87.0,333.0,1.0
15864,89.0,505.0,1.0
15865,232.0,126.0,1.0
15866,136.0,174.0,1.0
15867,42.0,12.0,1.0
15868,183.0,113.0,1.0
15869,47.0,219.0,1.0
15870,178.0,382.0,1.0
15871,2.0,94.0,1.0
15872,189.0,415.0,1.0
15873,85.0,45.0,1.0
15874,198.0,281.0,1.0
15875,101.0,408.0,1.0
15876,119.0,195.0,1.0
15877,32.0,238.0,1.0
15878,116.0,474.0,1.0
15879,53.0,532.0,1.0
15880,67.0,208.0,1.0
15881,223.0,103.0,1.0
15882,79.0,199.0,1.0
15883,249.0,251.0,1.0
15884,224.0,385.0,1.0
15885,183.0,245.0,1.0
15886,224.0,94.0,1.0
15887,96.0,121.0,1.0
15888,7.0,9.0,1.0
15889,267.0,100.0,1.0
15890,55.0,484.0,1.0
15891,211.0,16.0,1.0
15892,28.0,88.0,1.0
15893,223.0,69.0,1.0
15894,2.0,126.0,1.0
15895,251.0,407.0,1.0
15896,223.0,505.0,1.0
15897,33.0,208.0,1.0
15898,0.0,5.0,1.0
15899,138.0,241.0,1.0
15900,191.0,462.0,1.0
15901,165.0,382.0,1.0
15902,23.0,127.0,1.0
15903,109.0,31.0,1.0
15904,68.0,68.0,1.0
15905,216.0,350.0,1.0
15906,56.0,175.0,1.0
15907,110.0,252.0,1.0
15908,1.0,83.0,1.0
15909,51.0,521.0,1.0
15910,224.0,334.0,1.0
15911,199.0,268.0,1.0
15912,224.0,205.0,1.0
15913,53.0,116.0,1.0
15914,223.0,235.0,1.0
15915,160.0,179.0,1.0
15916,75.0,436.0,1.0
15917,116.0,37.0,1.0
15918,71.0,407.0,1.0
15919,51.0,53.0,1.0
15920,145.0,464.0,1.0
15921,263.0,31.0,1.0
15922,123.0,38.0,1.0
15923,139.0,391.0,1.0
15924,88.0,394.0,1.0
15925,139.0,3.0,1.0
15926,71.0,146.0,1.0
15927,79.0,556.0,1.0
15928,45.0,123.0,1.0
15929,257.0,146.0,1.0
15930,218.0,35.0,1.0
15931,22.0,420.0,1.0
15932,227.0,96.0,1.0
15933,11.0,50.0,1.0
15934,183.0,20.0,1.0
15935,266.0,229.0,1.0
15936,85.0,146.0,1.0
15937,196.0,40.0,1.0
15938,74.0,491.0,1.0
15939,156.0,218.0,1.0
15940,183.0,143.0,1.0
15941,203.0,533.0,1.0
15942,257.0,364.0,1.0
15943,87.0,71.0,1.0
15944,62.0,558.0,1.0
15945,40.0,9.0,1.0
15946,240.0,38.0,1.0
15947,105.0,103.0,1.0
15948,192.0,172.0,1.0
15949,128.0,18.0,1.0
15950,182.0,343.0,1.0
15951,81.0,496.0,1.0
15952,122.0,100.0,1.0
15953,70.0,582.0,1.0
15954,171.0,202.0,1.0
15955,129.0,386.0,1.0
15956,200.0,329.0,1.0
15957,167.0,110.0,1.0
15958,147.0,51.0,1.0
15959,74.0,71.0,1.0
15960,154.0,509.0,1.0
15961,64.0,141.0,1.0
15962,199.0,484.0,1.0
15963,9.0,25.0,1.0
15964,259.0,44.0,1.0
15965,2.0,132.0,1.0
15966,168.0,143.0,1.0
15967,165.0,22.0,1.0
15968,102.0,86.0,1.0
15969,16.0,89.0,1.0
15970,155.0,259.0,1.0
15971,160.0,184.0,1.0
15972,225.0,9.0,1.0
15973,245.0,202.0,1.0
15974,116.0,104.0,1.0
15975,223.0,456.0,1.0
15976,35.0,102.0,1.0
15977,102.0,445.0,1.0
15978,266.0,460.0,1.0
15979,89.0,198.0,1.0
15980,203.0,9.0,1.0
15981,175.0,575.0,1.0
15982,102.0,62.0,1.0
15983,65.0,91.0,1.0
15984,85.0,293.0,1.0
15985,2.0,90.0,1.0
15986,261.0,313.0,1.0
15987,6.0,228.0,1.0
15988,147.0,211.0,1.0
15989,264.0,72.0,1.0
15990,36.0,120.0,1.0
15991,69.0,326.0,1.0
15992,235.0,113.0,1.0
15993,79.0,145.0,1.0
15994,51.0,11.0,1.0
15995,267.0,134.0,1.0
15996,191.0,175.0,1.0
15997,108.0,99.0,1.0
15998,44.0,490.0,1.0
15999,164.0,103.0,1.0
16000,74.0,223.0,1.0
16001,85.0,51.0,1.0
16002,160.0,89.0,1.0
16003,220.0,256.0,1.0
16004,51.0,40.0,1.0
16005,162.0,349.0,1.0
16006,51.0,465.0,1.0
16007,214.0,194.0,1.0
16008,155.0,592.0,1.0
16009,227.0,392.0,1.0
16010,115.0,145.0,1.0
16011,144.0,477.0,1.0
16012,199.0,203.0,1.0
16013,88.0,468.0,1.0
16014,197.0,206.0,1.0
16015,74.0,196.0,1.0
16016,139.0,425.0,1.0
16017,156.0,429.0,1.0
16018,175.0,178.0,1.0
16019,135.0,112.0,1.0
16020,64.0,221.0,1.0
16021,247.0,66.0,1.0
16022,129.0,530.0,1.0
16023,132.0,311.0,1.0
16024,218.0,266.0,1.0
16025,153.0,95.0,1.0
16026,141.0,426.0,1.0
16027,256.0,195.0,1.0
16028,97.0,126.0,1.0
16029,234.0,588.0,1.0
16030,143.0,467.0,1.0
16031,87.0,311.0,1.0
16032,33.0,90.0,1.0
16033,145.0,525.0,1.0
16034,147.0,495.0,1.0
16035,44.0,223.0,1.0
16036,67.0,364.0,1.0
16037,259.0,175.0,1.0
16038,259.0,64.0,1.0
16039,22.0,291.0,1.0
16040,89.0,223.0,1.0
16041,1.0,47.0,1.0
16042,191.0,52.0,1.0
16043,177.0,485.0,1.0
16044,84.0,271.0,1.0
16045,207.0,282.0,1.0
16046,29.0,27.0,1.0
16047,90.0,171.0,1.0
16048,183.0,436.0,1.0
16049,28.0,440.0,1.0
16050,256.0,3.0,1.0
16051,218.0,304.0,1.0
16052,193.0,14.0,1.0
16053,96.0,141.0,1.0
16054,183.0,5.0,1.0
16055,126.0,186.0,1.0
16056,177.0,208.0,1.0
16057,115.0,351.0,1.0
16058,232.0,145.0,1.0
16059,113.0,535.0,1.0
16060,247.0,7.0,1.0
16061,126.0,219.0,1.0
16062,261.0,167.0,1.0
16063,226.0,371.0,1.0
16064,172.0,227.0,1.0
16065,93.0,15.0,1.0
16066,250.0,343.0,1.0
16067,182.0,259.0,1.0
16068,56.0,459.0,1.0
16069,208.0,274.0,1.0
16070,258.0,500.0,1.0
16071,187.0,202.0,1.0
16072,92.0,282.0,1.0
16073,123.0,9.0,1.0
16074,183.0,274.0,1.0
16075,75.0,14.0,1.0
16076,117.0,232.0,1.0
16077,183.0,332.0,1.0
16078,75.0,282.0,1.0
16079,217.0,373.0,1.0
16080,160.0,336.0,1.0
16081,31.0,201.0,1.0
16082,220.0,11.0,1.0
16083,218.0,86.0,1.0
16084,150.0,136.0,1.0
16085,123.0,147.0,1.0
16086,254.0,251.0,1.0
16087,49.0,70.0,1.0
16088,108.0,191.0,1.0
16089,65.0,193.0,1.0
16090,28.0,29.0,1.0
16091,211.0,524.0,1.0
16092,37.0,238.0,1.0
16093,5.0,196.0,1.0
16094,245.0,356.0,1.0
16095,113.0,439.0,1.0
16096,117.0,310.0,1.0
16097,31.0,147.0,1.0
16098,102.0,24.0,1.0
16099,237.0,31.0,1.0
16100,226.0,356.0,1.0
16101,201.0,311.0,1.0
16102,199.0,544.0,1.0
16103,175.0,146.0,1.0
16104,149.0,42.0,1.0
16105,180.0,336.0,1.0
16106,33.0,147.0,1.0
16107,79.0,482.0,1.0
16108,189.0,140.0,1.0
16109,60.0,146.0,1.0
16110,182.0,124.0,1.0
16111,239.0,204.0,1.0
16112,5.0,202.0,1.0
16113,160.0,20.0,1.0
16114,105.0,317.0,1.0
16115,208.0,305.0,1.0
16116,165.0,12.0,1.0
16117,90.0,33.0,1.0
16118,164.0,328.0,1.0
16119,186.0,560.0,1.0
16120,135.0,368.0,1.0
16121,65.0,529.0,1.0
16122,242.0,465.0,1.0
16123,152.0,10.0,1.0
16124,194.0,81.0,1.0
16125,71.0,379.0,1.0
16126,56.0,289.0,1.0
16127,193.0,581.0,1.0
16128,166.0,148.0,1.0
16129,223.0,593.0,1.0
16130,82.0,482.0,1.0
16131,250.0,8.0,1.0
16132,241.0,11.0,1.0
16133,227.0,61.0,1.0
16134,65.0,183.0,1.0
16135,205.0,208.0,1.0
16136,162.0,215.0,1.0
16137,148.0,110.0,1.0
16138,141.0,186.0,1.0
16139,127.0,310.0,1.0
16140,264.0,147.0,1.0
16141,144.0,47.0,1.0
16142,19.0,314.0,1.0
16143,78.0,81.0,1.0
16144,189.0,109.0,1.0
16145,139.0,434.0,1.0
16146,102.0,94.0,1.0
16147,28.0,60.0,1.0
16148,122.0,236.0,1.0
16149,128.0,111.0,1.0
16150,28.0,254.0,1.0
16151,130.0,321.0,1.0
16152,83.0,352.0,1.0
16153,96.0,378.0,1.0
16154,266.0,214.0,1.0
16155,203.0,270.0,1.0
16156,83.0,81.0,1.0
16157,109.0,59.0,1.0
16158,133.0,59.0,1.0
16159,201.0,219.0,1.0
16160,200.0,354.0,1.0
16161,116.0,27.0,1.0
16162,144.0,191.0,1.0
16163,163.0,150.0,1.0
16164,56.0,456.0,1.0
16165,248.0,275.0,1.0
16166,42.0,215.0,1.0
16167,127.0,150.0,1.0
16168,170.0,597.0,1.0
16169,83.0,72.0,1.0
16170,136.0,239.0,1.0
16171,145.0,190.0,1.0
16172,71.0,413.0,1.0
16173,229.0,366.0,1.0
16174,222.0,157.0,1.0
16175,197.0,83.0,1.0
16176,227.0,97.0,1.0
16177,191.0,129.0,1.0
16178,61.0,204.0,1.0
16179,68.0,60.0,1.0
16180,79.0,251.0,1.0
16181,145.0,386.0,1.0
16182,74.0,39.0,1.0
16183,26.0,241.0,1.0
16184,200.0,59.0,1.0
16185,44.0,12.0,1.0
16186,92.0,208.0,1.0
16187,84.0,593.0,1.0
16188,90.0,390.0,1.0
16189,131.0,60.0,1.0
16190,69.0,486.0,1.0
16191,224.0,127.0,1.0
16192,182.0,247.0,1.0
16193,89.0,104.0,1.0
16194,199.0,40.0,1.0
16195,237.0,58.0,1.0
16196,89.0,257.0,1.0
16197,147.0,265.0,1.0
16198,102.0,365.0,1.0
16199,79.0,416.0,1.0
16200,62.0,208.0,1.0
16201,145.0,120.0,1.0
16202,244.0,434.0,1.0
16203,37.0,228.0,1.0
16204,90.0,100.0,1.0
16205,213.0,143.0,1.0
16206,71.0,36.0,1.0
16207,69.0,236.0,1.0
16208,94.0,242.0,1.0
16209,118.0,186.0,1.0
16210,261.0,168.0,1.0
16211,152.0,71.0,1.0
16212,162.0,168.0,1.0
16213,242.0,208.0,1.0
16214,250.0,146.0,1.0
16215,75.0,37.0,1.0
16216,155.0,285.0,1.0
16217,30.0,263.0,1.0
16218,102.0,83.0,1.0
16219,50.0,508.0,1.0
16220,240.0,107.0,1.0
16221,208.0,84.0,1.0
16222,2.0,135.0,1.0
16223,75.0,477.0,1.0
16224,147.0,175.0,1.0
16225,135.0,100.0,1.0
16226,145.0,238.0,1.0
16227,52.0,278.0,1.0
16228,123.0,588.0,1.0
16229,6.0,103.0,1.0
16230,12.0,146.0,1.0
16231,64.0,89.0,1.0
16232,155.0,344.0,1.0
16233,65.0,523.0,1.0
16234,87.0,66.0,1.0
16235,160.0,100.0,1.0
16236,69.0,170.0,1.0
16237,73.0,146.0,1.0
16238,207.0,181.0,1.0
16239,147.0,530.0,1.0
16240,182.0,228.0,1.0
16241,67.0,547.0,1.0
16242,217.0,89.0,1.0
16243,189.0,43.0,1.0
16244,232.0,274.0,1.0
16245,222.0,289.0,1.0
16246,98.0,388.0,1.0
16247,256.0,156.0,1.0
16248,77.0,510.0,1.0
16249,141.0,235.0,1.0
16250,155.0,46.0,1.0
16251,34.0,134.0,1.0
16252,93.0,24.0,1.0
16253,69.0,72.0,1.0
16254,75.0,192.0,1.0
16255,87.0,364.0,1.0
16256,22.0,11.0,1.0
16257,199.0,449.0,1.0
16258,168.0,85.0,1.0
16259,217.0,410.0,1.0
16260,82.0,391.0,1.0
16261,146.0,313.0,1.0
16262,144.0,92.0,1.0
16263,102.0,491.0,1.0
16264,256.0,310.0,1.0
16265,142.0,374.0,1.0
16266,104.0,126.0,1.0
16267,94.0,106.0,1.0
16268,149.0,277.0,1.0
16269,85.0,39.0,1.0
16270,116.0,356.0,1.0
16271,227.0,347.0,1.0
16272,189.0,79.0,1.0
16273,146.0,432.0,1.0
16274,71.0,385.0,1.0
16275,165.0,455.0,1.0
16276,98.0,251.0,1.0
16277,147.0,488.0,1.0
16278,45.0,320.0,1.0
16279,65.0,343.0,1.0
16280,82.0,217.0,1.0
16281,98.0,106.0,1.0
16282,37.0,252.0,1.0
16283,260.0,120.0,1.0
16284,59.0,217.0,1.0
16285,81.0,398.0,1.0
16286,224.0,132.0,1.0
16287,82.0,202.0,1.0
16288,102.0,361.0,1.0
16289,262.0,343.0,1.0
16290,6.0,230.0,1.0
16291,78.0,117.0,1.0
16292,51.0,153.0,1.0
16293,71.0,466.0,1.0
16294,10.0,87.0,1.0
16295,133.0,388.0,1.0
16296,127.0,111.0,1.0
16297,81.0,282.0,1.0
16298,160.0,592.0,1.0
16299,98.0,287.0,1.0
16300,16.0,38.0,1.0
16301,75.0,369.0,1.0
16302,139.0,201.0,1.0
16303,37.0,193.0,1.0
16304,3.0,161.0,1.0
16305,180.0,150.0,1.0
16306,135.0,401.0,1.0
16307,226.0,26.0,1.0
16308,147.0,578.0,1.0
16309,71.0,57.0,1.0
16310,239.0,59.0,1.0
16311,31.0,451.0,1.0
16312,101.0,203.0,1.0
16313,104.0,12.0,1.0
16314,175.0,9.0,1.0
16315,75.0,59.0,1.0
16316,262.0,575.0,1.0
16317,249.0,143.0,1.0
16318,190.0,471.0,1.0
16319,42.0,227.0,1.0
16320,266.0,114.0,1.0
16321,128.0,146.0,1.0
16322,130.0,48.0,1.0
16323,69.0,130.0,1.0
16324,81.0,209.0,1.0
16325,130.0,378.0,1.0
16326,189.0,118.0,1.0
16327,65.0,133.0,1.0
16328,114.0,20.0,1.0
16329,97.0,194.0,1.0
16330,89.0,543.0,1.0
16331,218.0,93.0,1.0
16332,223.0,7.0,1.0
16333,228.0,149.0,1.0
16334,17.0,293.0,1.0
16335,126.0,245.0,1.0
16336,113.0,36.0,1.0
16337,82.0,150.0,1.0
16338,75.0,544.0,1.0
16339,75.0,146.0,1.0
16340,162.0,362.0,1.0
16341,150.0,107.0,1.0
16342,259.0,387.0,1.0
16343,172.0,104.0,1.0
16344,86.0,219.0,1.0
16345,26.0,97.0,1.0
16346,199.0,343.0,1.0
16347,141.0,470.0,1.0
16348,142.0,208.0,1.0
16349,4.0,173.0,1.0
16350,8.0,243.0,1.0
16351,32.0,121.0,1.0
16352,121.0,527.0,1.0
16353,138.0,103.0,1.0
16354,147.0,151.0,1.0
16355,1.0,37.0,1.0
16356,225.0,85.0,1.0
16357,71.0,262.0,1.0
16358,123.0,190.0,1.0
16359,122.0,447.0,1.0
16360,158.0,33.0,1.0
16361,65.0,419.0,1.0
16362,144.0,260.0,1.0
16363,211.0,219.0,1.0
16364,259.0,153.0,1.0
16365,74.0,117.0,1.0
16366,17.0,205.0,1.0
16367,242.0,310.0,1.0
16368,166.0,492.0,1.0
16369,154.0,111.0,1.0
16370,67.0,12.0,1.0
16371,119.0,222.0,1.0
16372,56.0,495.0,1.0
16373,169.0,10.0,1.0
16374,259.0,12.0,1.0
16375,226.0,117.0,1.0
16376,195.0,186.0,1.0
16377,248.0,18.0,1.0
16378,62.0,12.0,1.0
16379,56.0,223.0,1.0
16380,133.0,394.0,1.0
16381,56.0,249.0,1.0
16382,35.0,146.0,1.0
16383,189.0,400.0,1.0
16384,160.0,115.0,1.0
16385,183.0,40.0,1.0
16386,180.0,146.0,1.0
16387,60.0,553.0,1.0
16388,81.0,405.0,1.0
16389,262.0,316.0,1.0
16390,216.0,419.0,1.0
16391,250.0,53.0,1.0
16392,16.0,51.0,1.0
16393,164.0,107.0,1.0
16394,39.0,388.0,1.0
16395,211.0,118.0,1.0
16396,130.0,10.0,1.0
16397,96.0,134.0,1.0
16398,147.0,230.0,1.0
16399,126.0,408.0,1.0
16400,132.0,88.0,1.0
16401,198.0,113.0,1.0
16402,182.0,582.0,1.0
16403,39.0,334.0,1.0
16404,93.0,127.0,1.0
16405,127.0,447.0,1.0
16406,124.0,222.0,1.0
16407,105.0,492.0,1.0
16408,138.0,115.0,1.0
16409,154.0,9.0,1.0
16410,70.0,10.0,1.0
16411,5.0,38.0,1.0
16412,44.0,141.0,1.0
16413,160.0,253.0,1.0
16414,125.0,133.0,1.0
16415,89.0,369.0,1.0
16416,63.0,48.0,1.0
16417,51.0,124.0,1.0
16418,238.0,136.0,1.0
16419,89.0,251.0,1.0
16420,227.0,75.0,1.0
16421,81.0,224.0,1.0
16422,108.0,459.0,1.0
16423,153.0,44.0,1.0
16424,65.0,551.0,1.0
16425,122.0,357.0,1.0
16426,82.0,321.0,1.0
16427,117.0,161.0,1.0
16428,68.0,430.0,1.0
16429,150.0,112.0,1.0
16430,150.0,118.0,1.0
16431,189.0,354.0,1.0
16432,195.0,43.0,1.0
16433,208.0,179.0,1.0
16434,233.0,61.0,1.0
16435,144.0,351.0,1.0
16436,81.0,408.0,1.0
16437,48.0,11.0,1.0
16438,123.0,267.0,1.0
16439,149.0,72.0,1.0
16440,222.0,130.0,1.0
16441,242.0,40.0,1.0
16442,168.0,400.0,1.0
16443,164.0,87.0,1.0
16444,240.0,319.0,1.0
16445,162.0,84.0,1.0
16446,7.0,59.0,1.0
16447,107.0,202.0,1.0
16448,264.0,309.0,1.0
16449,147.0,68.0,1.0
16450,190.0,378.0,1.0
16451,115.0,100.0,1.0
16452,82.0,169.0,1.0
16453,234.0,232.0,1.0
16454,52.0,92.0,1.0
16455,89.0,464.0,1.0
16456,207.0,205.0,1.0
16457,108.0,50.0,1.0
16458,182.0,70.0,1.0
16459,82.0,9.0,1.0
16460,165.0,205.0,1.0
16461,147.0,365.0,1.0
16462,75.0,517.0,1.0
16463,123.0,177.0,1.0
16464,147.0,54.0,1.0
16465,114.0,226.0,1.0
16466,87.0,38.0,1.0
16467,79.0,121.0,1.0
16468,94.0,384.0,1.0
16469,199.0,86.0,1.0
16470,58.0,203.0,1.0
16471,8.0,202.0,1.0
16472,234.0,241.0,1.0
16473,123.0,79.0,1.0
16474,82.0,44.0,1.0
16475,203.0,115.0,1.0
16476,79.0,360.0,1.0
16477,102.0,289.0,1.0
16478,98.0,523.0,1.0
16479,100.0,279.0,1.0
16480,99.0,388.0,1.0
16481,21.0,147.0,1.0
16482,185.0,202.0,1.0
16483,232.0,54.0,1.0
16484,16.0,161.0,1.0
16485,144.0,206.0,1.0
16486,116.0,359.0,1.0
16487,238.0,179.0,1.0
16488,156.0,504.0,1.0
16489,178.0,64.0,1.0
16490,230.0,147.0,1.0
16491,82.0,201.0,1.0
16492,263.0,36.0,1.0
16493,256.0,360.0,1.0
16494,260.0,66.0,1.0
16495,160.0,378.0,1.0
16496,0.0,11.0,1.0
16497,81.0,314.0,1.0
16498,129.0,126.0,1.0
16499,259.0,224.0,1.0
16500,129.0,320.0,1.0
16501,81.0,168.0,1.0
16502,268.0,418.0,1.0
16503,51.0,400.0,1.0
16504,164.0,570.0,1.0
16505,136.0,216.0,1.0
16506,150.0,125.0,1.0
16507,130.0,255.0,1.0
16508,83.0,261.0,1.0
16509,145.0,394.0,1.0
16510,250.0,35.0,1.0
16511,259.0,69.0,1.0
16512,106.0,310.0,1.0
16513,157.0,325.0,1.0
16514,116.0,143.0,1.0
16515,150.0,127.0,1.0
16516,17.0,376.0,1.0
16517,197.0,178.0,1.0
16518,51.0,94.0,1.0
16519,182.0,591.0,1.0
16520,209.0,517.0,1.0
16521,250.0,83.0,1.0
16522,205.0,156.0,1.0
16523,248.0,194.0,1.0
16524,148.0,287.0,1.0
16525,87.0,306.0,1.0
16526,203.0,66.0,1.0
16527,130.0,59.0,1.0
16528,211.0,487.0,1.0
16529,56.0,81.0,1.0
16530,168.0,109.0,1.0
16531,262.0,247.0,1.0
16532,75.0,434.0,1.0
16533,67.0,449.0,1.0
16534,20.0,58.0,1.0
16535,116.0,59.0,1.0
16536,70.0,253.0,1.0
16537,101.0,125.0,1.0
16538,96.0,128.0,1.0
16539,259.0,343.0,1.0
16540,65.0,241.0,1.0
16541,18.0,320.0,1.0
16542,243.0,434.0,1.0
16543,162.0,339.0,1.0
16544,211.0,390.0,1.0
16545,182.0,346.0,1.0
16546,107.0,124.0,1.0
16547,17.0,116.0,1.0
16548,91.0,78.0,1.0
16549,94.0,133.0,1.0
16550,48.0,68.0,1.0
16551,234.0,322.0,1.0
16552,262.0,491.0,1.0
16553,17.0,231.0,1.0
16554,35.0,201.0,1.0
16555,187.0,130.0,1.0
16556,61.0,11.0,1.0
16557,175.0,45.0,1.0
16558,102.0,119.0,1.0
16559,69.0,100.0,1.0
16560,31.0,120.0,1.0
16561,60.0,202.0,1.0
16562,183.0,96.0,1.0
16563,178.0,3.0,1.0
16564,47.0,92.0,1.0
16565,109.0,36.0,1.0
16566,175.0,54.0,1.0
16567,170.0,127.0,1.0
16568,0.0,14.0,1.0
16569,248.0,457.0,1.0
16570,87.0,84.0,1.0
16571,223.0,83.0,1.0
16572,53.0,188.0,1.0
16573,264.0,587.0,1.0
16574,266.0,330.0,0.0
16575,171.0,468.0,0.0
16576,109.0,125.0,0.0
16577,184.0,246.0,0.0
16578,97.0,155.0,0.0
16579,245.0,412.0,0.0
16580,171.0,368.0,0.0
16581,66.0,265.0,0.0
16582,198.0,269.0,0.0
16583,178.0,262.0,0.0
16584,63.0,514.0,0.0
16585,151.0,585.0,0.0
16586,23.0,183.0,0.0
16587,138.0,229.0,0.0
16588,59.0,254.0,0.0
16589,197.0,140.0,0.0
16590,172.0,3.0,0.0
16591,155.0,475.0,0.0
16592,90.0,182.0,0.0
16593,36.0,329.0,0.0
16594,32.0,43.0,0.0
16595,18.0,501.0,0.0
16596,175.0,145.0,0.0
16597,34.0,19.0,0.0
16598,261.0,398.0,0.0
16599,254.0,305.0,0.0
16600,60.0,304.0,0.0
16601,200.0,128.0,0.0
16602,109.0,352.0,0.0
16603,171.0,301.0,0.0
16604,253.0,194.0,0.0
16605,72.0,56.0,0.0
16606,173.0,353.0,0.0
16607,100.0,363.0,0.0
16608,95.0,516.0,0.0
16609,37.0,413.0,0.0
16610,159.0,580.0,0.0
16611,229.0,512.0,0.0
16612,22.0,154.0,0.0
16613,161.0,105.0,0.0
16614,5.0,67.0,0.0
16615,138.0,0.0,0.0
16616,148.0,444.0,0.0
16617,110.0,266.0,0.0
16618,200.0,452.0,0.0
16619,132.0,125.0,0.0
16620,128.0,375.0,0.0
16621,7.0,77.0,0.0
16622,169.0,228.0,0.0
16623,133.0,108.0,0.0
16624,186.0,581.0,0.0
16625,262.0,234.0,0.0
16626,263.0,38.0,0.0
16627,169.0,330.0,0.0
16628,143.0,42.0,0.0
16629,131.0,215.0,0.0
16630,235.0,256.0,0.0
16631,40.0,192.0,0.0
16632,67.0,394.0,0.0
16633,61.0,578.0,0.0
16634,192.0,380.0,0.0
16635,35.0,72.0,0.0
16636,155.0,541.0,0.0
16637,192.0,291.0,0.0
16638,71.0,302.0,0.0
16639,216.0,401.0,0.0
16640,140.0,514.0,0.0
16641,77.0,590.0,0.0
16642,141.0,123.0,0.0
16643,95.0,306.0,0.0
16644,199.0,55.0,0.0
16645,143.0,542.0,0.0
16646,249.0,194.0,0.0
16647,188.0,483.0,0.0
16648,216.0,410.0,0.0
16649,132.0,75.0,0.0
16650,120.0,430.0,0.0
16651,50.0,497.0,0.0
16652,177.0,442.0,0.0
16653,180.0,176.0,0.0
16654,207.0,420.0,0.0
16655,228.0,325.0,0.0
16656,190.0,194.0,0.0
16657,176.0,132.0,0.0
16658,225.0,72.0,0.0
16659,258.0,493.0,0.0
16660,133.0,468.0,0.0
16661,231.0,438.0,0.0
16662,96.0,335.0,0.0
16663,254.0,594.0,0.0
16664,226.0,212.0,0.0
16665,25.0,206.0,0.0
16666,186.0,389.0,0.0
16667,101.0,516.0,0.0
16668,156.0,450.0,0.0
16669,4.0,588.0,0.0
16670,202.0,227.0,0.0
16671,52.0,575.0,0.0
16672,150.0,30.0,0.0
16673,116.0,552.0,0.0
16674,228.0,448.0,0.0
16675,154.0,369.0,0.0
16676,191.0,551.0,0.0
16677,26.0,519.0,0.0
16678,144.0,161.0,0.0
16679,256.0,30.0,0.0
16680,59.0,200.0,0.0
16681,15.0,476.0,0.0
16682,217.0,430.0,0.0
16683,254.0,13.0,0.0
16684,150.0,579.0,0.0
16685,38.0,427.0,0.0
16686,43.0,581.0,0.0
16687,261.0,416.0,0.0
16688,61.0,554.0,0.0
16689,242.0,561.0,0.0
16690,66.0,328.0,0.0
16691,98.0,81.0,0.0
16692,261.0,397.0,0.0
16693,91.0,149.0,0.0
16694,214.0,509.0,0.0
16695,24.0,514.0,0.0
16696,146.0,186.0,0.0
16697,168.0,582.0,0.0
16698,237.0,501.0,0.0
16699,140.0,116.0,0.0
16700,6.0,502.0,0.0
16701,110.0,358.0,0.0
16702,44.0,586.0,0.0
16703,86.0,253.0,0.0
16704,41.0,140.0,0.0
16705,176.0,52.0,0.0
16706,233.0,475.0,0.0
16707,157.0,163.0,0.0
16708,255.0,343.0,0.0
16709,38.0,327.0,0.0
16710,263.0,508.0,0.0
16711,89.0,48.0,0.0
16712,39.0,487.0,0.0
16713,92.0,178.0,0.0
16714,97.0,56.0,0.0
16715,121.0,231.0,0.0
16716,230.0,471.0,0.0
16717,192.0,347.0,0.0
16718,162.0,236.0,0.0
16719,35.0,144.0,0.0
16720,93.0,258.0,0.0
16721,119.0,553.0,0.0
16722,179.0,467.0,0.0
16723,196.0,75.0,0.0
16724,213.0,202.0,0.0
16725,43.0,383.0,0.0
16726,32.0,314.0,0.0
16727,23.0,394.0,0.0
16728,54.0,34.0,0.0
16729,147.0,450.0,0.0
16730,198.0,370.0,0.0
16731,210.0,292.0,0.0
16732,69.0,564.0,0.0
16733,247.0,160.0,0.0
16734,266.0,42.0,0.0
16735,136.0,6.0,0.0
16736,151.0,66.0,0.0
16737,88.0,406.0,0.0
16738,131.0,366.0,0.0
16739,116.0,388.0,0.0
16740,198.0,106.0,0.0
16741,107.0,549.0,0.0
16742,241.0,131.0,0.0
16743,68.0,23.0,0.0
16744,62.0,539.0,0.0
16745,219.0,279.0,0.0
16746,1.0,167.0,0.0
16747,46.0,98.0,0.0
16748,128.0,437.0,0.0
16749,105.0,565.0,0.0
16750,93.0,163.0,0.0
16751,159.0,423.0,0.0
16752,233.0,353.0,0.0
16753,124.0,207.0,0.0
16754,166.0,247.0,0.0
16755,180.0,203.0,0.0
16756,228.0,25.0,0.0
16757,91.0,347.0,0.0
16758,174.0,74.0,0.0
16759,227.0,422.0,0.0
16760,33.0,585.0,0.0
16761,2.0,380.0,0.0
16762,32.0,464.0,0.0
16763,141.0,327.0,0.0
16764,109.0,593.0,0.0
16765,53.0,259.0,0.0
16766,77.0,290.0,0.0
16767,178.0,167.0,0.0
16768,187.0,327.0,0.0
16769,164.0,278.0,0.0
16770,145.0,128.0,0.0
16771,234.0,521.0,0.0
16772,215.0,65.0,0.0
16773,144.0,63.0,0.0
16774,186.0,517.0,0.0
16775,156.0,283.0,0.0
16776,129.0,1.0,0.0
16777,221.0,342.0,0.0
16778,220.0,509.0,0.0
16779,161.0,495.0,0.0
16780,185.0,226.0,0.0
16781,175.0,58.0,0.0
16782,35.0,548.0,0.0
16783,9.0,141.0,0.0
16784,134.0,398.0,0.0
16785,220.0,25.0,0.0
16786,61.0,555.0,0.0
16787,151.0,68.0,0.0
16788,137.0,520.0,0.0
16789,42.0,326.0,0.0
16790,71.0,586.0,0.0
16791,194.0,362.0,0.0
16792,98.0,556.0,0.0
16793,235.0,220.0,0.0
16794,198.0,465.0,0.0
16795,243.0,59.0,0.0
16796,44.0,406.0,0.0
16797,24.0,114.0,0.0
16798,197.0,525.0,0.0
16799,262.0,127.0,0.0
16800,146.0,251.0,0.0
16801,95.0,270.0,0.0
16802,7.0,320.0,0.0
16803,244.0,182.0,0.0
16804,106.0,229.0,0.0
16805,189.0,255.0,0.0
16806,98.0,183.0,0.0
16807,217.0,361.0,0.0
16808,207.0,327.0,0.0
16809,60.0,502.0,0.0
16810,48.0,220.0,0.0
16811,147.0,557.0,0.0
16812,159.0,502.0,0.0
16813,253.0,572.0,0.0
16814,211.0,213.0,0.0
16815,197.0,258.0,0.0
16816,46.0,407.0,0.0
16817,181.0,431.0,0.0
16818,51.0,556.0,0.0
16819,111.0,376.0,0.0
16820,27.0,559.0,0.0
16821,27.0,496.0,0.0
16822,11.0,156.0,0.0
16823,243.0,267.0,0.0
16824,104.0,522.0,0.0
16825,260.0,502.0,0.0
16826,191.0,438.0,0.0
16827,130.0,519.0,0.0
16828,128.0,270.0,0.0
16829,226.0,445.0,0.0
16830,243.0,122.0,0.0
16831,191.0,542.0,0.0
16832,185.0,564.0,0.0
16833,41.0,79.0,0.0
16834,107.0,47.0,0.0
16835,50.0,215.0,0.0
16836,126.0,213.0,0.0
16837,35.0,213.0,0.0
16838,14.0,398.0,0.0
16839,254.0,329.0,0.0
16840,6.0,76.0,0.0
16841,156.0,507.0,0.0
16842,115.0,390.0,0.0
16843,103.0,171.0,0.0
16844,189.0,424.0,0.0
16845,117.0,395.0,0.0
16846,188.0,231.0,0.0
16847,236.0,246.0,0.0
16848,141.0,312.0,0.0
16849,132.0,540.0,0.0
16850,116.0,398.0,0.0
16851,66.0,477.0,0.0
16852,86.0,505.0,0.0
16853,219.0,560.0,0.0
16854,112.0,486.0,0.0
16855,75.0,526.0,0.0
16856,203.0,313.0,0.0
16857,55.0,223.0,0.0
16858,23.0,28.0,0.0
16859,164.0,254.0,0.0
16860,86.0,528.0,0.0
16861,264.0,461.0,0.0
16862,27.0,180.0,0.0
16863,221.0,338.0,0.0
16864,26.0,453.0,0.0
16865,236.0,265.0,0.0
16866,129.0,545.0,0.0
16867,184.0,326.0,0.0
16868,148.0,564.0,0.0
16869,234.0,376.0,0.0
16870,114.0,149.0,0.0
16871,181.0,177.0,0.0
16872,53.0,143.0,0.0
16873,192.0,198.0,0.0
16874,212.0,79.0,0.0
16875,97.0,366.0,0.0
16876,14.0,425.0,0.0
16877,188.0,273.0,0.0
16878,184.0,547.0,0.0
16879,137.0,544.0,0.0
16880,200.0,596.0,0.0
16881,10.0,57.0,0.0
16882,167.0,26.0,0.0
16883,197.0,574.0,0.0
16884,83.0,396.0,0.0
16885,167.0,265.0,0.0
16886,156.0,28.0,0.0
16887,191.0,471.0,0.0
16888,12.0,129.0,0.0
16889,12.0,237.0,0.0
16890,137.0,480.0,0.0
16891,204.0,122.0,0.0
16892,104.0,528.0,0.0
16893,191.0,243.0,0.0
16894,102.0,528.0,0.0
16895,233.0,540.0,0.0
16896,238.0,523.0,0.0
16897,87.0,25.0,0.0
16898,5.0,163.0,0.0
16899,7.0,7.0,0.0
16900,125.0,51.0,0.0
16901,256.0,276.0,0.0
16902,171.0,13.0,0.0
16903,149.0,505.0,0.0
16904,107.0,55.0,0.0
16905,51.0,131.0,0.0
16906,21.0,158.0,0.0
16907,27.0,381.0,0.0
16908,80.0,187.0,0.0
16909,173.0,355.0,0.0
16910,115.0,533.0,0.0
16911,83.0,562.0,0.0
16912,55.0,367.0,0.0
16913,79.0,440.0,0.0
16914,267.0,350.0,0.0
16915,27.0,80.0,0.0
16916,199.0,542.0,0.0
16917,219.0,302.0,0.0
16918,140.0,181.0,0.0
16919,97.0,130.0,0.0
16920,40.0,18.0,0.0
16921,219.0,54.0,0.0
16922,13.0,296.0,0.0
16923,249.0,96.0,0.0
16924,241.0,450.0,0.0
16925,62.0,22.0,0.0
16926,109.0,198.0,0.0
16927,143.0,514.0,0.0
16928,147.0,563.0,0.0
16929,178.0,487.0,0.0
16930,182.0,403.0,0.0
16931,74.0,413.0,0.0
16932,154.0,33.0,0.0
16933,83.0,302.0,0.0
16934,268.0,206.0,0.0
16935,129.0,417.0,0.0
16936,249.0,509.0,0.0
16937,106.0,31.0,0.0
16938,42.0,61.0,0.0
16939,258.0,370.0,0.0
16940,131.0,520.0,0.0
16941,163.0,268.0,0.0
16942,110.0,347.0,0.0
16943,188.0,311.0,0.0
16944,42.0,283.0,0.0
16945,131.0,393.0,0.0
16946,172.0,485.0,0.0
16947,185.0,314.0,0.0
16948,148.0,250.0,0.0
16949,80.0,490.0,0.0
16950,173.0,56.0,0.0
16951,234.0,428.0,0.0
16952,220.0,573.0,0.0
16953,146.0,132.0,0.0
16954,199.0,202.0,0.0
16955,23.0,514.0,0.0
16956,160.0,467.0,0.0
16957,58.0,205.0,0.0
16958,50.0,28.0,0.0
16959,116.0,195.0,0.0
16960,107.0,191.0,0.0
16961,128.0,405.0,0.0
16962,62.0,294.0,0.0
16963,216.0,525.0,0.0
16964,192.0,163.0,0.0
16965,65.0,207.0,0.0
16966,36.0,498.0,0.0
16967,21.0,164.0,0.0
16968,246.0,32.0,0.0
16969,0.0,122.0,0.0
16970,73.0,107.0,0.0
16971,51.0,508.0,0.0
16972,105.0,17.0,0.0
16973,19.0,37.0,0.0
16974,267.0,483.0,0.0
16975,26.0,412.0,0.0
16976,184.0,191.0,0.0
16977,6.0,159.0,0.0
16978,131.0,428.0,0.0
16979,56.0,251.0,0.0
16980,266.0,23.0,0.0
16981,74.0,565.0,0.0
16982,187.0,249.0,0.0
16983,187.0,63.0,0.0
16984,121.0,383.0,0.0
16985,94.0,157.0,0.0
16986,257.0,106.0,0.0
16987,67.0,590.0,0.0
16988,234.0,490.0,0.0
16989,20.0,304.0,0.0
16990,240.0,78.0,0.0
16991,6.0,389.0,0.0
16992,185.0,582.0,0.0
16993,63.0,400.0,0.0
16994,180.0,519.0,0.0
16995,158.0,184.0,0.0
16996,91.0,474.0,0.0
16997,255.0,182.0,0.0
16998,264.0,389.0,0.0
16999,150.0,176.0,0.0
17000,167.0,395.0,0.0
17001,187.0,47.0,0.0
17002,229.0,383.0,0.0
17003,94.0,539.0,0.0
17004,133.0,248.0,0.0
17005,8.0,6.0,0.0
17006,195.0,35.0,0.0
17007,174.0,255.0,0.0
17008,34.0,167.0,0.0
17009,267.0,69.0,0.0
17010,158.0,441.0,0.0
17011,144.0,163.0,0.0
17012,1.0,116.0,0.0
17013,175.0,212.0,0.0
17014,106.0,433.0,0.0
17015,186.0,477.0,0.0
17016,115.0,578.0,0.0
17017,134.0,455.0,0.0
17018,16.0,520.0,0.0
17019,8.0,583.0,0.0
17020,177.0,271.0,0.0
17021,220.0,474.0,0.0
17022,71.0,437.0,0.0
17023,24.0,524.0,0.0
17024,202.0,287.0,0.0
17025,134.0,13.0,0.0
17026,196.0,30.0,0.0
17027,208.0,455.0,0.0
17028,236.0,104.0,0.0
17029,1.0,353.0,0.0
17030,46.0,90.0,0.0
17031,116.0,506.0,0.0
17032,240.0,240.0,0.0
17033,29.0,465.0,0.0
17034,260.0,328.0,0.0
17035,172.0,78.0,0.0
17036,149.0,410.0,0.0
17037,146.0,508.0,0.0
17038,14.0,335.0,0.0
17039,88.0,101.0,0.0
17040,129.0,9.0,0.0
17041,44.0,292.0,0.0
17042,4.0,341.0,0.0
17043,123.0,140.0,0.0
17044,210.0,76.0,0.0
17045,250.0,206.0,0.0
17046,223.0,517.0,0.0
17047,120.0,79.0,0.0
17048,124.0,275.0,0.0
17049,105.0,346.0,0.0
17050,79.0,268.0,0.0
17051,198.0,151.0,0.0
17052,256.0,51.0,0.0
17053,94.0,374.0,0.0
17054,187.0,549.0,0.0
17055,127.0,263.0,0.0
17056,204.0,276.0,0.0
17057,76.0,281.0,0.0
17058,60.0,419.0,0.0
17059,235.0,588.0,0.0
17060,45.0,28.0,0.0
17061,260.0,54.0,0.0
17062,233.0,254.0,0.0
17063,194.0,305.0,0.0
17064,196.0,210.0,0.0
17065,25.0,316.0,0.0
17066,77.0,286.0,0.0
17067,24.0,377.0,0.0
17068,251.0,429.0,0.0
17069,263.0,252.0,0.0
17070,193.0,597.0,0.0
17071,34.0,71.0,0.0
17072,246.0,51.0,0.0
17073,196.0,223.0,0.0
17074,37.0,445.0,0.0
17075,214.0,220.0,0.0
17076,207.0,595.0,0.0
17077,103.0,281.0,0.0
17078,41.0,93.0,0.0
17079,73.0,394.0,0.0
17080,69.0,46.0,0.0
17081,112.0,358.0,0.0
17082,35.0,106.0,0.0
17083,53.0,569.0,0.0
17084,193.0,247.0,0.0
17085,115.0,28.0,0.0
17086,80.0,574.0,0.0
17087,186.0,342.0,0.0
17088,242.0,332.0,0.0
17089,75.0,508.0,0.0
17090,206.0,181.0,0.0
17091,172.0,583.0,0.0
17092,232.0,225.0,0.0
17093,46.0,484.0,0.0
17094,245.0,85.0,0.0
17095,163.0,555.0,0.0
17096,24.0,142.0,0.0
17097,157.0,435.0,0.0
17098,14.0,521.0,0.0
17099,133.0,302.0,0.0
17100,21.0,150.0,0.0
17101,237.0,357.0,0.0
17102,97.0,208.0,0.0
17103,209.0,347.0,0.0
17104,222.0,586.0,0.0
17105,131.0,254.0,0.0
17106,183.0,353.0,0.0
17107,159.0,135.0,0.0
17108,121.0,413.0,0.0
17109,45.0,451.0,0.0
17110,19.0,480.0,0.0
17111,206.0,55.0,0.0
17112,138.0,341.0,0.0
17113,94.0,499.0,0.0
17114,71.0,532.0,0.0
17115,136.0,455.0,0.0
17116,207.0,493.0,0.0
17117,234.0,498.0,0.0
17118,25.0,380.0,0.0
17119,82.0,444.0,0.0
17120,79.0,529.0,0.0
17121,133.0,98.0,0.0
17122,66.0,279.0,0.0
17123,74.0,128.0,0.0
17124,12.0,155.0,0.0
17125,36.0,110.0,0.0
17126,205.0,162.0,0.0
17127,197.0,2.0,0.0
17128,237.0,390.0,0.0
17129,32.0,208.0,0.0
17130,12.0,379.0,0.0
17131,186.0,521.0,0.0
17132,260.0,20.0,0.0
17133,151.0,137.0,0.0
17134,124.0,49.0,0.0
17135,196.0,593.0,0.0
17136,52.0,176.0,0.0
17137,146.0,283.0,0.0
17138,129.0,170.0,0.0
17139,179.0,91.0,0.0
17140,133.0,474.0,0.0
17141,83.0,153.0,0.0
17142,244.0,40.0,0.0
17143,201.0,254.0,0.0
17144,127.0,135.0,0.0
17145,133.0,403.0,0.0
17146,111.0,143.0,0.0
17147,245.0,147.0,0.0
17148,119.0,21.0,0.0
17149,262.0,464.0,0.0
17150,241.0,476.0,0.0
17151,252.0,218.0,0.0
17152,247.0,557.0,0.0
17153,248.0,251.0,0.0
17154,4.0,381.0,0.0
17155,139.0,492.0,0.0
17156,0.0,19.0,0.0
17157,100.0,449.0,0.0
17158,161.0,113.0,0.0
17159,55.0,593.0,0.0
17160,97.0,163.0,0.0
17161,176.0,535.0,0.0
17162,128.0,167.0,0.0
17163,206.0,215.0,0.0
17164,107.0,525.0,0.0
17165,37.0,230.0,0.0
17166,261.0,509.0,0.0
17167,43.0,176.0,0.0
17168,53.0,578.0,0.0
17169,74.0,589.0,0.0
17170,141.0,190.0,0.0
17171,59.0,519.0,0.0
17172,195.0,242.0,0.0
17173,169.0,591.0,0.0
17174,30.0,467.0,0.0
17175,152.0,246.0,0.0
17176,24.0,551.0,0.0
17177,192.0,51.0,0.0
17178,59.0,330.0,0.0
17179,193.0,76.0,0.0
17180,194.0,574.0,0.0
17181,179.0,349.0,0.0
17182,132.0,57.0,0.0
17183,133.0,525.0,0.0
17184,55.0,291.0,0.0
17185,263.0,425.0,0.0
17186,141.0,39.0,0.0
17187,128.0,277.0,0.0
17188,46.0,344.0,0.0
17189,137.0,52.0,0.0
17190,154.0,11.0,0.0
17191,27.0,274.0,0.0
17192,70.0,369.0,0.0
17193,104.0,210.0,0.0
17194,83.0,210.0,0.0
17195,141.0,53.0,0.0
17196,91.0,165.0,0.0
17197,53.0,379.0,0.0
17198,238.0,137.0,0.0
17199,226.0,168.0,0.0
17200,234.0,77.0,0.0
17201,1.0,438.0,0.0
17202,164.0,347.0,0.0
17203,8.0,442.0,0.0
17204,60.0,377.0,0.0
17205,214.0,362.0,0.0
17206,12.0,412.0,0.0
17207,257.0,235.0,0.0
17208,115.0,22.0,0.0
17209,148.0,512.0,0.0
17210,215.0,313.0,0.0
17211,37.0,201.0,0.0
17212,174.0,394.0,0.0
17213,59.0,535.0,0.0
17214,242.0,309.0,0.0
17215,75.0,451.0,0.0
17216,35.0,386.0,0.0
17217,204.0,596.0,0.0
17218,75.0,65.0,0.0
17219,8.0,215.0,0.0
17220,39.0,542.0,0.0
17221,41.0,233.0,0.0
17222,155.0,174.0,0.0
17223,72.0,396.0,0.0
17224,212.0,98.0,0.0
17225,185.0,224.0,0.0
17226,52.0,574.0,0.0
17227,131.0,482.0,0.0
17228,102.0,323.0,0.0
17229,260.0,541.0,0.0
17230,163.0,395.0,0.0
17231,23.0,204.0,0.0
17232,139.0,66.0,0.0
17233,116.0,431.0,0.0
17234,151.0,233.0,0.0
17235,3.0,469.0,0.0
17236,193.0,144.0,0.0
17237,15.0,193.0,0.0
17238,102.0,157.0,0.0
17239,26.0,413.0,0.0
17240,46.0,0.0,0.0
17241,74.0,170.0,0.0
17242,16.0,141.0,0.0
17243,199.0,123.0,0.0
17244,220.0,279.0,0.0
17245,179.0,259.0,0.0
17246,7.0,564.0,0.0
17247,247.0,339.0,0.0
17248,239.0,584.0,0.0
17249,12.0,555.0,0.0
17250,49.0,277.0,0.0
17251,183.0,579.0,0.0
17252,192.0,470.0,0.0
17253,239.0,477.0,0.0
17254,83.0,498.0,0.0
17255,125.0,103.0,0.0
17256,9.0,336.0,0.0
17257,248.0,229.0,0.0
17258,71.0,383.0,0.0
17259,92.0,242.0,0.0
17260,87.0,280.0,0.0
17261,237.0,169.0,0.0
17262,181.0,203.0,0.0
17263,234.0,541.0,0.0
17264,235.0,360.0,0.0
17265,39.0,169.0,0.0
17266,185.0,583.0,0.0
17267,96.0,263.0,0.0
17268,86.0,543.0,0.0
17269,264.0,112.0,0.0
17270,61.0,305.0,0.0
17271,16.0,3.0,0.0
17272,155.0,563.0,0.0
17273,23.0,412.0,0.0
17274,114.0,7.0,0.0
17275,151.0,399.0,0.0
17276,71.0,306.0,0.0
17277,131.0,330.0,0.0
17278,154.0,50.0,0.0
17279,177.0,27.0,0.0
17280,59.0,172.0,0.0
17281,87.0,309.0,0.0
17282,222.0,300.0,0.0
17283,5.0,227.0,0.0
17284,120.0,486.0,0.0
17285,69.0,398.0,0.0
17286,44.0,584.0,0.0
17287,48.0,539.0,0.0
17288,47.0,41.0,0.0
17289,181.0,370.0,0.0
17290,174.0,224.0,0.0
17291,44.0,44.0,0.0
17292,112.0,445.0,0.0
17293,162.0,421.0,0.0
17294,266.0,449.0,0.0
17295,267.0,303.0,0.0
17296,138.0,397.0,0.0
17297,257.0,344.0,0.0
17298,152.0,374.0,0.0
17299,30.0,409.0,0.0
17300,226.0,140.0,0.0
17301,74.0,60.0,0.0
17302,35.0,281.0,0.0
17303,52.0,332.0,0.0
17304,75.0,480.0,0.0
17305,241.0,114.0,0.0
17306,16.0,451.0,0.0
17307,21.0,565.0,0.0
17308,201.0,276.0,0.0
17309,33.0,109.0,0.0
17310,142.0,438.0,0.0
17311,30.0,410.0,0.0
17312,220.0,264.0,0.0
17313,184.0,581.0,0.0
17314,214.0,373.0,0.0
17315,211.0,248.0,0.0
17316,175.0,207.0,0.0
17317,211.0,80.0,0.0
17318,115.0,358.0,0.0
17319,239.0,391.0,0.0
17320,215.0,123.0,0.0
17321,242.0,571.0,0.0
17322,160.0,45.0,0.0
17323,262.0,261.0,0.0
17324,208.0,242.0,0.0
17325,119.0,9.0,0.0
17326,248.0,454.0,0.0
17327,256.0,483.0,0.0
17328,131.0,174.0,0.0
17329,244.0,428.0,0.0
17330,70.0,575.0,0.0
17331,172.0,238.0,0.0
17332,136.0,358.0,0.0
17333,178.0,539.0,0.0
17334,122.0,37.0,0.0
17335,26.0,261.0,0.0
17336,170.0,596.0,0.0
17337,98.0,185.0,0.0
17338,237.0,520.0,0.0
17339,209.0,124.0,0.0
17340,215.0,44.0,0.0
17341,260.0,96.0,0.0
17342,159.0,566.0,0.0
17343,130.0,315.0,0.0
17344,176.0,105.0,0.0
17345,72.0,575.0,0.0
17346,201.0,30.0,0.0
17347,192.0,282.0,0.0
17348,244.0,147.0,0.0
17349,125.0,295.0,0.0
17350,103.0,275.0,0.0
17351,15.0,424.0,0.0
17352,86.0,281.0,0.0
17353,50.0,461.0,0.0
17354,260.0,251.0,0.0
17355,192.0,360.0,0.0
17356,263.0,71.0,0.0
17357,119.0,384.0,0.0
17358,266.0,311.0,0.0
17359,174.0,22.0,0.0
17360,147.0,63.0,0.0
17361,117.0,151.0,0.0
17362,101.0,385.0,0.0
17363,114.0,535.0,0.0
17364,1.0,179.0,0.0
17365,127.0,516.0,0.0
17366,45.0,562.0,0.0
17367,6.0,434.0,0.0
17368,45.0,209.0,0.0
17369,257.0,16.0,0.0
17370,14.0,187.0,0.0
17371,267.0,43.0,0.0
17372,103.0,247.0,0.0
17373,260.0,577.0,0.0
17374,187.0,555.0,0.0
17375,121.0,401.0,0.0
17376,240.0,70.0,0.0
17377,109.0,93.0,0.0
17378,42.0,399.0,0.0
17379,121.0,332.0,0.0
17380,67.0,280.0,0.0
17381,91.0,512.0,0.0
17382,199.0,98.0,0.0
17383,28.0,315.0,0.0
17384,232.0,543.0,0.0
17385,250.0,185.0,0.0
17386,205.0,219.0,0.0
17387,167.0,499.0,0.0
17388,129.0,183.0,0.0
17389,60.0,224.0,0.0
17390,188.0,65.0,0.0
17391,265.0,498.0,0.0
17392,128.0,301.0,0.0
17393,48.0,211.0,0.0
17394,197.0,505.0,0.0
17395,237.0,589.0,0.0
17396,206.0,540.0,0.0
17397,138.0,377.0,0.0
17398,157.0,594.0,0.0
17399,72.0,295.0,0.0
17400,168.0,221.0,0.0
17401,30.0,307.0,0.0
17402,127.0,461.0,0.0
17403,216.0,95.0,0.0
17404,249.0,140.0,0.0
17405,112.0,502.0,0.0
17406,234.0,446.0,0.0
17407,107.0,493.0,0.0
17408,20.0,472.0,0.0
17409,98.0,573.0,0.0
17410,44.0,123.0,0.0
17411,200.0,5.0,0.0
17412,245.0,76.0,0.0
17413,12.0,27.0,0.0
17414,4.0,470.0,0.0
17415,210.0,592.0,0.0
17416,267.0,548.0,0.0
17417,247.0,410.0,0.0
17418,193.0,148.0,0.0
17419,179.0,14.0,0.0
17420,194.0,595.0,0.0
17421,196.0,201.0,0.0
17422,13.0,142.0,0.0
17423,256.0,291.0,0.0
17424,163.0,105.0,0.0
17425,175.0,104.0,0.0
17426,21.0,484.0,0.0
17427,62.0,315.0,0.0
17428,131.0,348.0,0.0
17429,92.0,418.0,0.0
17430,217.0,342.0,0.0
17431,113.0,376.0,0.0
17432,120.0,228.0,0.0
17433,235.0,129.0,0.0
17434,68.0,389.0,0.0
17435,200.0,426.0,0.0
17436,219.0,338.0,0.0
17437,231.0,471.0,0.0
17438,163.0,224.0,0.0
17439,204.0,200.0,0.0
17440,163.0,292.0,0.0
17441,159.0,251.0,0.0
17442,243.0,175.0,0.0
17443,51.0,324.0,0.0
17444,200.0,580.0,0.0
17445,252.0,365.0,0.0
17446,17.0,317.0,0.0
17447,35.0,223.0,0.0
17448,124.0,436.0,0.0
17449,187.0,210.0,0.0
17450,162.0,427.0,0.0
17451,77.0,577.0,0.0
17452,132.0,542.0,0.0
17453,232.0,212.0,0.0
17454,123.0,571.0,0.0
17455,268.0,189.0,0.0
17456,164.0,338.0,0.0
17457,117.0,545.0,0.0
17458,163.0,245.0,0.0
17459,154.0,309.0,0.0
17460,64.0,473.0,0.0
17461,235.0,204.0,0.0
17462,92.0,284.0,0.0
17463,118.0,304.0,0.0
17464,14.0,311.0,0.0
17465,96.0,140.0,0.0
17466,182.0,166.0,0.0
17467,28.0,565.0,0.0
17468,129.0,98.0,0.0
17469,96.0,55.0,0.0
17470,94.0,227.0,0.0
17471,264.0,48.0,0.0
17472,42.0,152.0,0.0
17473,166.0,486.0,0.0
17474,163.0,575.0,0.0
17475,144.0,360.0,0.0
17476,242.0,548.0,0.0
17477,22.0,588.0,0.0
17478,3.0,565.0,0.0
17479,260.0,203.0,0.0
17480,34.0,32.0,0.0
17481,112.0,501.0,0.0
17482,106.0,502.0,0.0
17483,31.0,596.0,0.0
17484,235.0,435.0,0.0
17485,127.0,529.0,0.0
17486,125.0,216.0,0.0
17487,218.0,214.0,0.0
17488,100.0,402.0,0.0
17489,24.0,476.0,0.0
17490,20.0,314.0,0.0
17491,208.0,48.0,0.0
17492,248.0,176.0,0.0
17493,4.0,508.0,0.0
17494,52.0,552.0,0.0
17495,118.0,246.0,0.0
17496,54.0,163.0,0.0
17497,157.0,160.0,0.0
17498,54.0,358.0,0.0
17499,102.0,309.0,0.0
17500,257.0,370.0,0.0
17501,224.0,554.0,0.0
17502,167.0,345.0,0.0
17503,182.0,509.0,0.0
17504,213.0,568.0,0.0
17505,100.0,433.0,0.0
17506,65.0,400.0,0.0
17507,262.0,249.0,0.0
17508,29.0,166.0,0.0
17509,93.0,435.0,0.0
17510,208.0,6.0,0.0
17511,234.0,62.0,0.0
17512,37.0,16.0,0.0
17513,229.0,583.0,0.0
17514,99.0,514.0,0.0
17515,126.0,508.0,0.0
17516,28.0,561.0,0.0
17517,52.0,246.0,0.0
17518,163.0,34.0,0.0
17519,116.0,314.0,0.0
17520,99.0,488.0,0.0
17521,137.0,98.0,0.0
17522,11.0,243.0,0.0
17523,240.0,279.0,0.0
17524,198.0,279.0,0.0
17525,165.0,588.0,0.0
17526,47.0,486.0,0.0
17527,29.0,207.0,0.0
17528,221.0,27.0,0.0
17529,236.0,416.0,0.0
17530,112.0,273.0,0.0
17531,188.0,365.0,0.0
17532,181.0,410.0,0.0
17533,136.0,139.0,0.0
17534,122.0,53.0,0.0
17535,254.0,51.0,0.0
17536,140.0,545.0,0.0
17537,62.0,543.0,0.0
17538,32.0,254.0,0.0
17539,5.0,581.0,0.0
17540,79.0,209.0,0.0
17541,252.0,54.0,0.0
17542,166.0,271.0,0.0
17543,177.0,528.0,0.0
17544,235.0,339.0,0.0
17545,137.0,585.0,0.0
17546,175.0,520.0,0.0
17547,42.0,581.0,0.0
17548,240.0,183.0,0.0
17549,220.0,48.0,0.0
17550,22.0,242.0,0.0
17551,207.0,496.0,0.0
17552,85.0,593.0,0.0
17553,157.0,170.0,0.0
17554,253.0,382.0,0.0
17555,109.0,161.0,0.0
17556,179.0,543.0,0.0
17557,85.0,380.0,0.0
17558,37.0,521.0,0.0
17559,75.0,474.0,0.0
17560,29.0,569.0,0.0
17561,132.0,532.0,0.0
17562,101.0,227.0,0.0
17563,154.0,391.0,0.0
17564,251.0,273.0,0.0
17565,139.0,87.0,0.0
17566,265.0,197.0,0.0
17567,15.0,278.0,0.0
17568,121.0,61.0,0.0
17569,198.0,86.0,0.0
17570,256.0,15.0,0.0
17571,266.0,356.0,0.0
17572,184.0,102.0,0.0
17573,179.0,361.0,0.0
17574,141.0,121.0,0.0
17575,57.0,324.0,0.0
17576,183.0,149.0,0.0
17577,206.0,103.0,0.0
17578,32.0,25.0,0.0
17579,206.0,208.0,0.0
17580,149.0,231.0,0.0
17581,168.0,2.0,0.0
17582,249.0,486.0,0.0
17583,238.0,105.0,0.0
17584,252.0,488.0,0.0
17585,73.0,553.0,0.0
17586,214.0,170.0,0.0
17587,0.0,78.0,0.0
17588,137.0,143.0,0.0
17589,219.0,400.0,0.0
17590,65.0,172.0,0.0
17591,165.0,368.0,0.0
17592,217.0,192.0,0.0
17593,249.0,308.0,0.0
17594,155.0,542.0,0.0
17595,76.0,364.0,0.0
17596,233.0,98.0,0.0
17597,148.0,341.0,0.0
17598,232.0,13.0,0.0
17599,253.0,299.0,0.0
17600,37.0,128.0,0.0
17601,45.0,96.0,0.0
17602,118.0,368.0,0.0
17603,267.0,428.0,0.0
17604,170.0,542.0,0.0
17605,145.0,112.0,0.0
17606,53.0,286.0,0.0
17607,114.0,180.0,0.0
17608,184.0,1.0,0.0
17609,266.0,137.0,0.0
17610,166.0,509.0,0.0
17611,169.0,318.0,0.0
17612,144.0,181.0,0.0
17613,217.0,94.0,0.0
17614,177.0,589.0,0.0
17615,203.0,458.0,0.0
17616,141.0,198.0,0.0
17617,197.0,141.0,0.0
17618,243.0,254.0,0.0
17619,170.0,272.0,0.0
17620,254.0,279.0,0.0
17621,135.0,509.0,0.0
17622,263.0,372.0,0.0
17623,257.0,581.0,0.0
17624,151.0,357.0,0.0
17625,33.0,245.0,0.0
17626,215.0,224.0,0.0
17627,127.0,423.0,0.0
17628,21.0,339.0,0.0
17629,22.0,354.0,0.0
17630,152.0,580.0,0.0
17631,42.0,271.0,0.0
17632,121.0,8.0,0.0
17633,73.0,536.0,0.0
17634,108.0,320.0,0.0
17635,105.0,328.0,0.0
17636,222.0,85.0,0.0
17637,124.0,114.0,0.0
17638,63.0,449.0,0.0
17639,167.0,487.0,0.0
17640,82.0,71.0,0.0
17641,136.0,146.0,0.0
17642,266.0,512.0,0.0
17643,243.0,125.0,0.0
17644,162.0,194.0,0.0
17645,197.0,447.0,0.0
17646,260.0,294.0,0.0
17647,139.0,26.0,0.0
17648,162.0,30.0,0.0
17649,250.0,13.0,0.0
17650,36.0,566.0,0.0
17651,165.0,464.0,0.0
17652,224.0,476.0,0.0
17653,0.0,17.0,0.0
17654,139.0,326.0,0.0
17655,254.0,45.0,0.0
17656,243.0,41.0,0.0
17657,88.0,577.0,0.0
17658,88.0,298.0,0.0
17659,99.0,324.0,0.0
17660,14.0,140.0,0.0
17661,263.0,520.0,0.0
17662,264.0,341.0,0.0
17663,69.0,209.0,0.0
17664,70.0,232.0,0.0
17665,204.0,468.0,0.0
17666,1.0,528.0,0.0
17667,76.0,46.0,0.0
17668,23.0,438.0,0.0
17669,207.0,19.0,0.0
17670,156.0,484.0,0.0
17671,16.0,207.0,0.0
17672,68.0,438.0,0.0
17673,6.0,505.0,0.0
17674,156.0,437.0,0.0
17675,133.0,50.0,0.0
17676,195.0,559.0,0.0
17677,115.0,167.0,0.0
17678,104.0,395.0,0.0
17679,208.0,328.0,0.0
17680,179.0,85.0,0.0
17681,37.0,267.0,0.0
17682,168.0,60.0,0.0
17683,166.0,93.0,0.0
17684,12.0,419.0,0.0
17685,75.0,424.0,0.0
17686,211.0,7.0,0.0
17687,258.0,339.0,0.0
17688,27.0,254.0,0.0
17689,184.0,172.0,0.0
17690,253.0,434.0,0.0
17691,103.0,187.0,0.0
17692,237.0,299.0,0.0
17693,25.0,51.0,0.0
17694,70.0,61.0,0.0
17695,167.0,264.0,0.0
17696,99.0,461.0,0.0
17697,84.0,204.0,0.0
17698,140.0,513.0,0.0
17699,190.0,282.0,0.0
17700,93.0,7.0,0.0
17701,31.0,39.0,0.0
17702,127.0,220.0,0.0
17703,31.0,207.0,0.0
17704,48.0,364.0,0.0
17705,90.0,566.0,0.0
17706,155.0,221.0,0.0
17707,8.0,539.0,0.0
17708,27.0,139.0,0.0
17709,183.0,468.0,0.0
17710,154.0,385.0,0.0
17711,82.0,573.0,0.0
17712,237.0,286.0,0.0
17713,122.0,466.0,0.0
17714,257.0,470.0,0.0
17715,36.0,96.0,0.0
17716,251.0,451.0,0.0
17717,148.0,421.0,0.0
17718,31.0,553.0,0.0
17719,61.0,120.0,0.0
17720,16.0,251.0,0.0
17721,59.0,66.0,0.0
17722,198.0,239.0,0.0
17723,245.0,133.0,0.0
17724,114.0,355.0,0.0
17725,13.0,303.0,0.0
17726,134.0,479.0,0.0
17727,116.0,448.0,0.0
17728,189.0,552.0,0.0
17729,107.0,294.0,0.0
17730,171.0,221.0,0.0
17731,254.0,580.0,0.0
17732,77.0,114.0,0.0
17733,207.0,340.0,0.0
17734,8.0,538.0,0.0
17735,126.0,541.0,0.0
17736,190.0,488.0,0.0
17737,107.0,552.0,0.0
17738,111.0,387.0,0.0
17739,105.0,458.0,0.0
17740,75.0,563.0,0.0
17741,113.0,1.0,0.0
17742,83.0,262.0,0.0
17743,85.0,464.0,0.0
17744,87.0,534.0,0.0
17745,100.0,365.0,0.0
17746,259.0,8.0,0.0
17747,0.0,210.0,0.0
17748,57.0,78.0,0.0
17749,165.0,42.0,0.0
17750,179.0,141.0,0.0
17751,79.0,389.0,0.0
17752,160.0,151.0,0.0
17753,260.0,306.0,0.0
17754,178.0,259.0,0.0
17755,3.0,495.0,0.0
17756,112.0,412.0,0.0
17757,168.0,592.0,0.0
17758,159.0,524.0,0.0
17759,204.0,523.0,0.0
17760,109.0,378.0,0.0
17761,108.0,40.0,0.0
17762,168.0,468.0,0.0
17763,75.0,128.0,0.0
17764,67.0,539.0,0.0
17765,54.0,55.0,0.0
17766,191.0,32.0,0.0
17767,254.0,532.0,0.0
17768,108.0,490.0,0.0
17769,129.0,458.0,0.0
17770,162.0,262.0,0.0
17771,216.0,524.0,0.0
17772,166.0,526.0,0.0
17773,228.0,164.0,0.0
17774,65.0,331.0,0.0
17775,3.0,581.0,0.0
17776,124.0,543.0,0.0
17777,241.0,491.0,0.0
17778,107.0,151.0,0.0
17779,186.0,242.0,0.0
17780,110.0,520.0,0.0
17781,237.0,275.0,0.0
17782,35.0,298.0,0.0
17783,93.0,411.0,0.0
17784,175.0,553.0,0.0
17785,175.0,127.0,0.0
17786,85.0,550.0,0.0
17787,196.0,338.0,0.0
17788,255.0,520.0,0.0
17789,151.0,241.0,0.0
17790,6.0,22.0,0.0
17791,86.0,193.0,0.0
17792,247.0,0.0,0.0
17793,221.0,30.0,0.0
17794,70.0,133.0,0.0
17795,267.0,118.0,0.0
17796,136.0,296.0,0.0
17797,121.0,116.0,0.0
17798,67.0,250.0,0.0
17799,35.0,526.0,0.0
17800,142.0,504.0,0.0
17801,96.0,369.0,0.0
17802,161.0,587.0,0.0
17803,225.0,201.0,0.0
17804,265.0,422.0,0.0
17805,38.0,336.0,0.0
17806,166.0,350.0,0.0
17807,18.0,465.0,0.0
17808,213.0,113.0,0.0
17809,20.0,30.0,0.0
17810,150.0,566.0,0.0
17811,155.0,372.0,0.0
17812,240.0,515.0,0.0
17813,36.0,530.0,0.0
17814,102.0,444.0,0.0
17815,265.0,47.0,0.0
17816,226.0,98.0,0.0
17817,47.0,101.0,0.0
17818,160.0,579.0,0.0
17819,82.0,540.0,0.0
17820,139.0,258.0,0.0
17821,21.0,338.0,0.0
17822,188.0,306.0,0.0
17823,239.0,371.0,0.0
17824,227.0,337.0,0.0
17825,70.0,46.0,0.0
17826,25.0,272.0,0.0
17827,251.0,445.0,0.0
17828,226.0,421.0,0.0
17829,245.0,340.0,0.0
17830,78.0,445.0,0.0
17831,253.0,317.0,0.0
17832,260.0,433.0,0.0
17833,231.0,468.0,0.0
17834,154.0,238.0,0.0
17835,204.0,65.0,0.0
17836,253.0,507.0,0.0
17837,161.0,468.0,0.0
17838,246.0,366.0,0.0
17839,259.0,516.0,0.0
17840,216.0,581.0,0.0
17841,26.0,432.0,0.0
17842,7.0,29.0,0.0
17843,224.0,372.0,0.0
17844,47.0,485.0,0.0
17845,53.0,73.0,0.0
17846,61.0,116.0,0.0
17847,206.0,179.0,0.0
17848,126.0,514.0,0.0
17849,197.0,488.0,0.0
17850,243.0,595.0,0.0
17851,257.0,178.0,0.0
17852,127.0,345.0,0.0
17853,155.0,504.0,0.0
17854,41.0,408.0,0.0
17855,0.0,492.0,0.0
17856,32.0,341.0,0.0
17857,245.0,539.0,0.0
17858,70.0,580.0,0.0
17859,36.0,442.0,0.0
17860,257.0,98.0,0.0
17861,23.0,297.0,0.0
17862,215.0,554.0,0.0
17863,66.0,571.0,0.0
17864,149.0,45.0,0.0
17865,251.0,582.0,0.0
17866,22.0,369.0,0.0
17867,164.0,508.0,0.0
17868,36.0,320.0,0.0
17869,268.0,112.0,0.0
17870,126.0,553.0,0.0
17871,212.0,142.0,0.0
17872,255.0,155.0,0.0
17873,7.0,291.0,0.0
17874,190.0,404.0,0.0
17875,58.0,479.0,0.0
17876,102.0,526.0,0.0
17877,205.0,215.0,0.0
17878,17.0,177.0,0.0
17879,202.0,222.0,0.0
17880,134.0,96.0,0.0
17881,196.0,33.0,0.0
17882,70.0,306.0,0.0
17883,228.0,218.0,0.0
17884,158.0,575.0,0.0
17885,260.0,169.0,0.0
17886,105.0,369.0,0.0
17887,242.0,292.0,0.0
17888,115.0,461.0,0.0
17889,118.0,268.0,0.0
17890,127.0,459.0,0.0
17891,71.0,309.0,0.0
17892,120.0,259.0,0.0
17893,217.0,275.0,0.0
17894,163.0,291.0,0.0
17895,258.0,593.0,0.0
17896,251.0,135.0,0.0
17897,116.0,318.0,0.0
17898,141.0,388.0,0.0
17899,67.0,330.0,0.0
17900,197.0,503.0,0.0
17901,219.0,426.0,0.0
17902,109.0,341.0,0.0
17903,52.0,428.0,0.0
17904,223.0,234.0,0.0
17905,143.0,303.0,0.0
17906,4.0,241.0,0.0
17907,181.0,339.0,0.0
17908,192.0,459.0,0.0
17909,189.0,256.0,0.0
17910,268.0,569.0,0.0
17911,173.0,423.0,0.0
17912,47.0,105.0,0.0
17913,257.0,220.0,0.0
17914,121.0,230.0,0.0
17915,199.0,329.0,0.0
17916,267.0,298.0,0.0
17917,170.0,181.0,0.0
17918,22.0,423.0,0.0
17919,212.0,442.0,0.0
17920,132.0,585.0,0.0
17921,139.0,266.0,0.0
17922,20.0,96.0,0.0
17923,241.0,128.0,0.0
17924,251.0,227.0,0.0
17925,225.0,199.0,0.0
17926,27.0,127.0,0.0
17927,142.0,160.0,0.0
17928,80.0,250.0,0.0
17929,242.0,329.0,0.0
17930,50.0,313.0,0.0
17931,168.0,271.0,0.0
17932,25.0,287.0,0.0
17933,196.0,426.0,0.0
17934,162.0,222.0,0.0
17935,69.0,282.0,0.0
17936,75.0,432.0,0.0
17937,154.0,46.0,0.0
17938,140.0,548.0,0.0
17939,24.0,333.0,0.0
17940,196.0,444.0,0.0
17941,139.0,137.0,0.0
17942,136.0,238.0,0.0
17943,46.0,1.0,0.0
17944,142.0,487.0,0.0
17945,33.0,126.0,0.0
17946,205.0,297.0,0.0
17947,229.0,344.0,0.0
17948,137.0,168.0,0.0
17949,103.0,322.0,0.0
17950,48.0,323.0,0.0
17951,24.0,405.0,0.0
17952,141.0,319.0,0.0
17953,208.0,16.0,0.0
17954,110.0,55.0,0.0
17955,84.0,466.0,0.0
17956,222.0,92.0,0.0
17957,106.0,424.0,0.0
17958,92.0,485.0,0.0
17959,228.0,152.0,0.0
17960,214.0,109.0,0.0
17961,20.0,372.0,0.0
17962,41.0,512.0,0.0
17963,100.0,543.0,0.0
17964,140.0,487.0,0.0
17965,213.0,57.0,0.0
17966,63.0,153.0,0.0
17967,245.0,492.0,0.0
17968,41.0,48.0,0.0
17969,37.0,117.0,0.0
17970,159.0,457.0,0.0
17971,243.0,576.0,0.0
17972,258.0,512.0,0.0
17973,110.0,377.0,0.0
17974,26.0,233.0,0.0
17975,74.0,266.0,0.0
17976,259.0,562.0,0.0
17977,136.0,159.0,0.0
17978,103.0,299.0,0.0
17979,122.0,594.0,0.0
17980,246.0,325.0,0.0
17981,194.0,220.0,0.0
17982,243.0,215.0,0.0
17983,70.0,419.0,0.0
17984,98.0,528.0,0.0
17985,65.0,481.0,0.0
17986,150.0,230.0,0.0
17987,55.0,241.0,0.0
17988,59.0,234.0,0.0
17989,74.0,421.0,0.0
17990,27.0,142.0,0.0
17991,252.0,277.0,0.0
17992,176.0,310.0,0.0
17993,150.0,496.0,0.0
17994,135.0,34.0,0.0
17995,140.0,85.0,0.0
17996,179.0,438.0,0.0
17997,69.0,446.0,0.0
17998,217.0,67.0,0.0
17999,112.0,449.0,0.0
18000,121.0,584.0,0.0
18001,231.0,263.0,0.0
18002,2.0,177.0,0.0
18003,232.0,581.0,0.0
18004,201.0,468.0,0.0
18005,194.0,135.0,0.0
18006,46.0,262.0,0.0
18007,99.0,362.0,0.0
18008,215.0,396.0,0.0
18009,21.0,496.0,0.0
18010,222.0,425.0,0.0
18011,264.0,13.0,0.0
18012,233.0,220.0,0.0
18013,30.0,15.0,0.0
18014,48.0,55.0,0.0
18015,38.0,394.0,0.0
18016,227.0,232.0,0.0
18017,178.0,306.0,0.0
18018,35.0,293.0,0.0
18019,12.0,234.0,0.0
18020,73.0,305.0,0.0
18021,145.0,147.0,0.0
18022,21.0,10.0,0.0
18023,262.0,544.0,0.0
18024,184.0,396.0,0.0
18025,133.0,544.0,0.0
18026,100.0,83.0,0.0
18027,216.0,379.0,0.0
18028,189.0,472.0,0.0
18029,152.0,357.0,0.0
18030,106.0,570.0,0.0
18031,88.0,341.0,0.0
18032,216.0,351.0,0.0
18033,243.0,569.0,0.0
18034,260.0,508.0,0.0
18035,54.0,69.0,0.0
18036,48.0,289.0,0.0
18037,204.0,257.0,0.0
18038,29.0,436.0,0.0
18039,169.0,185.0,0.0
18040,268.0,331.0,0.0
18041,255.0,134.0,0.0
18042,5.0,0.0,0.0
18043,28.0,375.0,0.0
18044,153.0,443.0,0.0
18045,245.0,177.0,0.0
18046,201.0,448.0,0.0
18047,15.0,477.0,0.0
18048,20.0,39.0,0.0
18049,63.0,318.0,0.0
18050,219.0,353.0,0.0
18051,260.0,215.0,0.0
18052,153.0,261.0,0.0
18053,222.0,467.0,0.0
18054,134.0,190.0,0.0
18055,170.0,52.0,0.0
18056,34.0,454.0,0.0
18057,268.0,72.0,0.0
18058,124.0,60.0,0.0
18059,116.0,559.0,0.0
18060,237.0,592.0,0.0
18061,89.0,56.0,0.0
18062,113.0,26.0,0.0
18063,113.0,458.0,0.0
18064,79.0,118.0,0.0
18065,33.0,374.0,0.0
18066,234.0,245.0,0.0
18067,151.0,327.0,0.0
18068,139.0,449.0,0.0
18069,172.0,457.0,0.0
18070,41.0,151.0,0.0
18071,209.0,406.0,0.0
18072,165.0,158.0,0.0
18073,209.0,200.0,0.0
18074,41.0,183.0,0.0
18075,133.0,101.0,0.0
18076,18.0,83.0,0.0
18077,0.0,532.0,0.0
18078,108.0,394.0,0.0
18079,124.0,408.0,0.0
18080,105.0,214.0,0.0
18081,15.0,489.0,0.0
18082,155.0,518.0,0.0
18083,227.0,155.0,0.0
18084,40.0,202.0,0.0
18085,25.0,282.0,0.0
18086,247.0,412.0,0.0
18087,126.0,496.0,0.0
18088,67.0,439.0,0.0
18089,123.0,422.0,0.0
18090,76.0,159.0,0.0
18091,156.0,526.0,0.0
18092,163.0,513.0,0.0
18093,112.0,86.0,0.0
18094,147.0,596.0,0.0
18095,163.0,95.0,0.0
18096,210.0,262.0,0.0
18097,177.0,274.0,0.0
18098,66.0,332.0,0.0
18099,112.0,354.0,0.0
18100,72.0,586.0,0.0
18101,141.0,250.0,0.0
18102,226.0,242.0,0.0
18103,196.0,563.0,0.0
18104,41.0,428.0,0.0
18105,36.0,142.0,0.0
18106,33.0,584.0,0.0
18107,166.0,541.0,0.0
18108,33.0,489.0,0.0
18109,118.0,580.0,0.0
18110,91.0,503.0,0.0
18111,58.0,466.0,0.0
18112,86.0,142.0,0.0
18113,187.0,383.0,0.0
18114,176.0,591.0,0.0
18115,88.0,26.0,0.0
18116,215.0,244.0,0.0
18117,208.0,381.0,0.0
18118,158.0,358.0,0.0
18119,179.0,22.0,0.0
18120,132.0,441.0,0.0
18121,2.0,75.0,0.0
18122,76.0,529.0,0.0
18123,34.0,40.0,0.0
18124,77.0,350.0,0.0
18125,153.0,292.0,0.0
18126,69.0,484.0,0.0
18127,221.0,383.0,0.0
18128,39.0,121.0,0.0
18129,167.0,131.0,0.0
18130,114.0,25.0,0.0
18131,250.0,593.0,0.0
18132,14.0,87.0,0.0
18133,32.0,146.0,0.0
18134,24.0,585.0,0.0
18135,168.0,373.0,0.0
18136,254.0,210.0,0.0
18137,143.0,309.0,0.0
18138,10.0,338.0,0.0
18139,68.0,188.0,0.0
18140,122.0,490.0,0.0
18141,5.0,268.0,0.0
18142,6.0,71.0,0.0
18143,155.0,457.0,0.0
18144,63.0,136.0,0.0
18145,15.0,416.0,0.0
18146,45.0,501.0,0.0
18147,22.0,73.0,0.0
18148,35.0,438.0,0.0
18149,47.0,560.0,0.0
18150,171.0,419.0,0.0
18151,130.0,469.0,0.0
18152,173.0,596.0,0.0
18153,107.0,185.0,0.0
18154,111.0,134.0,0.0
18155,238.0,384.0,0.0
18156,132.0,361.0,0.0
18157,161.0,186.0,0.0
18158,107.0,478.0,0.0
18159,53.0,508.0,0.0
18160,227.0,453.0,0.0
18161,162.0,574.0,0.0
18162,139.0,177.0,0.0
18163,201.0,514.0,0.0
18164,86.0,285.0,0.0
18165,156.0,183.0,0.0
18166,208.0,552.0,0.0
18167,55.0,205.0,0.0
18168,111.0,565.0,0.0
18169,131.0,12.0,0.0
18170,161.0,2.0,0.0
18171,221.0,387.0,0.0
18172,68.0,420.0,0.0
18173,90.0,165.0,0.0
18174,189.0,93.0,0.0
18175,206.0,446.0,0.0
18176,30.0,258.0,0.0
18177,23.0,62.0,0.0
18178,24.0,545.0,0.0
18179,146.0,545.0,0.0
18180,262.0,551.0,0.0
18181,39.0,327.0,0.0
18182,233.0,473.0,0.0
18183,13.0,503.0,0.0
18184,114.0,363.0,0.0
18185,213.0,30.0,0.0
18186,139.0,101.0,0.0
18187,25.0,409.0,0.0
18188,21.0,428.0,0.0
18189,203.0,322.0,0.0
18190,86.0,427.0,0.0
18191,179.0,240.0,0.0
18192,22.0,394.0,0.0
18193,133.0,333.0,0.0
18194,193.0,567.0,0.0
18195,234.0,63.0,0.0
18196,16.0,562.0,0.0
18197,149.0,511.0,0.0
18198,190.0,334.0,0.0
18199,229.0,8.0,0.0
18200,181.0,467.0,0.0
18201,106.0,437.0,0.0
18202,215.0,40.0,0.0
18203,213.0,468.0,0.0
18204,192.0,359.0,0.0
18205,22.0,498.0,0.0
18206,120.0,316.0,0.0
18207,109.0,6.0,0.0
18208,245.0,291.0,0.0
18209,113.0,307.0,0.0
18210,72.0,421.0,0.0
18211,141.0,79.0,0.0
18212,37.0,266.0,0.0
18213,127.0,56.0,0.0
18214,160.0,436.0,0.0
18215,138.0,384.0,0.0
18216,9.0,557.0,0.0
18217,95.0,422.0,0.0
18218,130.0,566.0,0.0
18219,23.0,524.0,0.0
18220,192.0,383.0,0.0
18221,77.0,60.0,0.0
18222,246.0,15.0,0.0
18223,189.0,520.0,0.0
18224,251.0,240.0,0.0
18225,46.0,402.0,0.0
18226,179.0,151.0,0.0
18227,87.0,124.0,0.0
18228,227.0,494.0,0.0
18229,15.0,480.0,0.0
18230,144.0,69.0,0.0
18231,34.0,401.0,0.0
18232,78.0,293.0,0.0
18233,90.0,48.0,0.0
18234,146.0,159.0,0.0
18235,222.0,509.0,0.0
18236,0.0,82.0,0.0
18237,113.0,120.0,0.0
18238,4.0,192.0,0.0
18239,226.0,241.0,0.0
18240,126.0,453.0,0.0
18241,213.0,410.0,0.0
18242,248.0,487.0,0.0
18243,108.0,199.0,0.0
18244,74.0,475.0,0.0
18245,105.0,190.0,0.0
18246,106.0,477.0,0.0
18247,162.0,127.0,0.0
18248,144.0,320.0,0.0
18249,132.0,516.0,0.0
18250,128.0,35.0,0.0
18251,17.0,569.0,0.0
18252,60.0,200.0,0.0
18253,199.0,513.0,0.0
18254,136.0,505.0,0.0
18255,59.0,204.0,0.0
18256,153.0,129.0,0.0
18257,91.0,239.0,0.0
18258,2.0,73.0,0.0
18259,43.0,219.0,0.0
18260,24.0,482.0,0.0
18261,215.0,140.0,0.0
18262,245.0,42.0,0.0
18263,123.0,432.0,0.0
18264,252.0,100.0,0.0
18265,33.0,320.0,0.0
18266,45.0,298.0,0.0
18267,243.0,515.0,0.0
18268,136.0,155.0,0.0
18269,114.0,339.0,0.0
18270,34.0,517.0,0.0
18271,137.0,211.0,0.0
18272,54.0,501.0,0.0
18273,96.0,556.0,0.0
18274,97.0,154.0,0.0
18275,67.0,465.0,0.0
18276,107.0,472.0,0.0
18277,66.0,488.0,0.0
18278,90.0,586.0,0.0
18279,50.0,204.0,0.0
18280,91.0,436.0,0.0
18281,168.0,423.0,0.0
18282,170.0,18.0,0.0
18283,180.0,125.0,0.0
18284,158.0,31.0,0.0
18285,171.0,22.0,0.0
18286,194.0,533.0,0.0
18287,133.0,214.0,0.0
18288,46.0,261.0,0.0
18289,172.0,269.0,0.0
18290,58.0,583.0,0.0
18291,43.0,122.0,0.0
18292,239.0,290.0,0.0
18293,73.0,462.0,0.0
18294,251.0,120.0,0.0
18295,114.0,510.0,0.0
18296,230.0,96.0,0.0
18297,19.0,25.0,0.0
18298,65.0,417.0,0.0
18299,169.0,230.0,0.0
18300,157.0,124.0,0.0
18301,120.0,188.0,0.0
18302,60.0,352.0,0.0
18303,122.0,547.0,0.0
18304,209.0,573.0,0.0
18305,190.0,169.0,0.0
18306,192.0,75.0,0.0
18307,30.0,383.0,0.0
18308,53.0,441.0,0.0
18309,227.0,399.0,0.0
18310,177.0,310.0,0.0
18311,251.0,487.0,0.0
18312,92.0,519.0,0.0
18313,164.0,105.0,0.0
18314,29.0,255.0,0.0
18315,171.0,581.0,0.0
18316,192.0,351.0,0.0
18317,4.0,361.0,0.0
18318,170.0,442.0,0.0
18319,207.0,87.0,0.0
18320,236.0,458.0,0.0
18321,221.0,143.0,0.0
18322,139.0,126.0,0.0
18323,198.0,290.0,0.0
18324,206.0,481.0,0.0
18325,80.0,15.0,0.0
18326,37.0,588.0,0.0
18327,43.0,475.0,0.0
18328,166.0,547.0,0.0
18329,115.0,341.0,0.0
18330,4.0,477.0,0.0
18331,174.0,69.0,0.0
18332,68.0,240.0,0.0
18333,177.0,525.0,0.0
18334,22.0,184.0,0.0
18335,120.0,115.0,0.0
18336,118.0,134.0,0.0
18337,249.0,367.0,0.0
18338,66.0,570.0,0.0
18339,109.0,196.0,0.0
18340,179.0,285.0,0.0
18341,24.0,183.0,0.0
18342,115.0,495.0,0.0
18343,242.0,140.0,0.0
18344,187.0,595.0,0.0
18345,246.0,74.0,0.0
18346,63.0,88.0,0.0
18347,37.0,397.0,0.0
18348,227.0,333.0,0.0
18349,160.0,23.0,0.0
18350,207.0,446.0,0.0
18351,250.0,586.0,0.0
18352,211.0,508.0,0.0
18353,128.0,388.0,0.0
18354,221.0,425.0,0.0
18355,156.0,141.0,0.0
18356,156.0,443.0,0.0
18357,232.0,154.0,0.0
18358,140.0,425.0,0.0
18359,18.0,264.0,0.0
18360,31.0,224.0,0.0
18361,81.0,539.0,0.0
18362,253.0,185.0,0.0
18363,44.0,473.0,0.0
18364,164.0,203.0,0.0
18365,73.0,123.0,0.0
18366,38.0,191.0,0.0
18367,213.0,132.0,0.0
18368,192.0,552.0,0.0
18369,143.0,484.0,0.0
18370,222.0,88.0,0.0
18371,144.0,103.0,0.0
18372,69.0,409.0,0.0
18373,142.0,343.0,0.0
18374,95.0,415.0,0.0
18375,131.0,89.0,0.0
18376,1.0,175.0,0.0
18377,11.0,374.0,0.0
18378,254.0,288.0,0.0
18379,70.0,545.0,0.0
18380,191.0,299.0,0.0
18381,251.0,431.0,0.0
18382,187.0,148.0,0.0
18383,81.0,248.0,0.0
18384,72.0,325.0,0.0
18385,188.0,144.0,0.0
18386,152.0,427.0,0.0
18387,2.0,357.0,0.0
18388,2.0,465.0,0.0
18389,162.0,267.0,0.0
18390,251.0,197.0,0.0
18391,167.0,17.0,0.0
18392,107.0,561.0,0.0
18393,46.0,419.0,0.0
18394,71.0,168.0,0.0
18395,43.0,558.0,0.0
18396,133.0,551.0,0.0
18397,180.0,25.0,0.0
18398,1.0,502.0,0.0
18399,100.0,57.0,0.0
18400,208.0,361.0,0.0
18401,97.0,392.0,0.0
18402,78.0,240.0,0.0
18403,182.0,556.0,0.0
18404,68.0,419.0,0.0
18405,34.0,208.0,0.0
18406,67.0,180.0,0.0
18407,19.0,302.0,0.0
18408,89.0,245.0,0.0
18409,235.0,107.0,0.0
18410,188.0,402.0,0.0
18411,188.0,208.0,0.0
18412,242.0,164.0,0.0
18413,191.0,216.0,0.0
18414,219.0,491.0,0.0
18415,132.0,90.0,0.0
18416,235.0,257.0,0.0
18417,177.0,33.0,0.0
18418,263.0,290.0,0.0
18419,267.0,341.0,0.0
18420,229.0,60.0,0.0
18421,116.0,258.0,0.0
18422,236.0,447.0,0.0
18423,4.0,478.0,0.0
18424,246.0,361.0,0.0
18425,42.0,429.0,0.0
18426,63.0,163.0,0.0
18427,233.0,55.0,0.0
18428,26.0,591.0,0.0
18429,9.0,417.0,0.0
18430,144.0,437.0,0.0
18431,80.0,83.0,0.0
18432,105.0,456.0,0.0
18433,47.0,151.0,0.0
18434,75.0,303.0,0.0
18435,143.0,139.0,0.0
18436,14.0,14.0,0.0
18437,238.0,155.0,0.0
18438,193.0,509.0,0.0
18439,31.0,328.0,0.0
18440,18.0,36.0,0.0
18441,89.0,268.0,0.0
18442,230.0,33.0,0.0
18443,139.0,226.0,0.0
18444,156.0,71.0,0.0
18445,221.0,374.0,0.0
18446,46.0,173.0,0.0
18447,62.0,231.0,0.0
18448,107.0,352.0,0.0
18449,177.0,224.0,0.0
18450,19.0,91.0,0.0
18451,181.0,452.0,0.0
18452,253.0,6.0,0.0
18453,206.0,435.0,0.0
18454,182.0,560.0,0.0
18455,104.0,597.0,0.0
18456,134.0,31.0,0.0
18457,170.0,537.0,0.0
18458,128.0,444.0,0.0
18459,198.0,7.0,0.0
18460,118.0,89.0,0.0
18461,117.0,268.0,0.0
18462,145.0,215.0,0.0
18463,108.0,442.0,0.0
18464,24.0,194.0,0.0
18465,30.0,356.0,0.0
18466,146.0,86.0,0.0
18467,36.0,287.0,0.0
18468,167.0,569.0,0.0
18469,96.0,318.0,0.0
18470,12.0,263.0,0.0
18471,75.0,511.0,0.0
18472,106.0,0.0,0.0
18473,192.0,447.0,0.0
18474,79.0,426.0,0.0
18475,30.0,203.0,0.0
18476,251.0,440.0,0.0
18477,69.0,11.0,0.0
18478,232.0,368.0,0.0
18479,4.0,215.0,0.0
18480,261.0,384.0,0.0
18481,40.0,346.0,0.0
18482,48.0,418.0,0.0
18483,253.0,457.0,0.0
18484,120.0,324.0,0.0
18485,261.0,197.0,0.0
18486,144.0,111.0,0.0
18487,114.0,110.0,0.0
18488,92.0,72.0,0.0
18489,50.0,134.0,0.0
18490,21.0,525.0,0.0
18491,54.0,5.0,0.0
18492,175.0,94.0,0.0
18493,249.0,237.0,0.0
18494,50.0,357.0,0.0
18495,21.0,351.0,0.0
18496,53.0,487.0,0.0
18497,261.0,573.0,0.0
18498,106.0,573.0,0.0
18499,257.0,495.0,0.0
18500,194.0,257.0,0.0
18501,263.0,350.0,0.0
18502,14.0,426.0,0.0
18503,115.0,272.0,0.0
18504,243.0,519.0,0.0
18505,129.0,352.0,0.0
18506,117.0,101.0,0.0
18507,243.0,213.0,0.0
18508,154.0,580.0,0.0
18509,143.0,41.0,0.0
18510,77.0,213.0,0.0
18511,116.0,109.0,0.0
18512,34.0,46.0,0.0
18513,57.0,486.0,0.0
18514,238.0,140.0,0.0
18515,118.0,325.0,0.0
18516,213.0,486.0,0.0
18517,86.0,135.0,0.0
18518,4.0,149.0,0.0
18519,144.0,290.0,0.0
18520,203.0,271.0,0.0
18521,128.0,557.0,0.0
18522,268.0,440.0,0.0
18523,83.0,98.0,0.0
18524,98.0,157.0,0.0
18525,208.0,495.0,0.0
18526,196.0,582.0,0.0
18527,92.0,105.0,0.0
18528,70.0,590.0,0.0
18529,200.0,482.0,0.0
18530,51.0,590.0,0.0
18531,151.0,79.0,0.0
18532,114.0,507.0,0.0
18533,95.0,272.0,0.0
18534,231.0,445.0,0.0
18535,248.0,134.0,0.0
18536,158.0,470.0,0.0
18537,212.0,581.0,0.0
18538,247.0,322.0,0.0
18539,57.0,161.0,0.0
18540,155.0,549.0,0.0
18541,13.0,76.0,0.0
18542,69.0,410.0,0.0
18543,267.0,511.0,0.0
18544,45.0,448.0,0.0
18545,101.0,198.0,0.0
18546,115.0,58.0,0.0
18547,97.0,273.0,0.0
18548,79.0,369.0,0.0
18549,105.0,281.0,0.0
18550,248.0,327.0,0.0
18551,36.0,88.0,0.0
18552,161.0,289.0,0.0
18553,176.0,34.0,0.0
18554,97.0,435.0,0.0
18555,29.0,245.0,0.0
18556,138.0,299.0,0.0
18557,96.0,399.0,0.0
18558,118.0,347.0,0.0
18559,31.0,149.0,0.0
18560,221.0,432.0,0.0
18561,254.0,588.0,0.0
18562,116.0,255.0,0.0
18563,48.0,531.0,0.0
18564,126.0,575.0,0.0
18565,133.0,279.0,0.0
18566,12.0,40.0,0.0
18567,194.0,469.0,0.0
18568,18.0,478.0,0.0
18569,224.0,144.0,0.0
18570,147.0,244.0,0.0
18571,16.0,148.0,0.0
18572,6.0,486.0,0.0
18573,226.0,131.0,0.0
18574,18.0,63.0,0.0
18575,57.0,542.0,0.0
18576,266.0,30.0,0.0
18577,161.0,239.0,0.0
18578,184.0,135.0,0.0
18579,124.0,362.0,0.0
18580,15.0,137.0,0.0
18581,97.0,210.0,0.0
18582,122.0,507.0,0.0
18583,204.0,135.0,0.0
18584,42.0,449.0,0.0
18585,107.0,274.0,0.0
18586,187.0,257.0,0.0
18587,91.0,442.0,0.0
18588,162.0,555.0,0.0
18589,169.0,68.0,0.0
18590,76.0,514.0,0.0
18591,4.0,358.0,0.0
18592,201.0,460.0,0.0
18593,114.0,183.0,0.0
18594,16.0,389.0,0.0
18595,6.0,475.0,0.0
18596,40.0,550.0,0.0
18597,111.0,1.0,0.0
18598,57.0,561.0,0.0
18599,229.0,221.0,0.0
18600,187.0,223.0,0.0
18601,38.0,73.0,0.0
18602,172.0,140.0,0.0
18603,135.0,137.0,0.0
18604,255.0,487.0,0.0
18605,128.0,334.0,0.0
18606,71.0,299.0,0.0
18607,264.0,180.0,0.0
18608,19.0,124.0,0.0
18609,3.0,349.0,0.0
18610,121.0,353.0,0.0
18611,267.0,287.0,0.0
18612,252.0,447.0,0.0
18613,76.0,540.0,0.0
18614,31.0,499.0,0.0
18615,24.0,450.0,0.0
18616,181.0,559.0,0.0
18617,149.0,27.0,0.0
18618,228.0,328.0,0.0
18619,52.0,38.0,0.0
18620,92.0,517.0,0.0
18621,73.0,296.0,0.0
18622,223.0,71.0,0.0
18623,132.0,163.0,0.0
18624,198.0,493.0,0.0
18625,42.0,93.0,0.0
18626,122.0,558.0,0.0
18627,228.0,432.0,0.0
18628,34.0,552.0,0.0
18629,215.0,171.0,0.0
18630,70.0,299.0,0.0
18631,123.0,300.0,0.0
18632,20.0,292.0,0.0
18633,251.0,281.0,0.0
18634,1.0,413.0,0.0
18635,187.0,586.0,0.0
18636,24.0,269.0,0.0
18637,229.0,463.0,0.0
18638,73.0,244.0,0.0
18639,51.0,5.0,0.0
18640,133.0,545.0,0.0
18641,72.0,174.0,0.0
18642,3.0,351.0,0.0
18643,177.0,83.0,0.0
18644,75.0,1.0,0.0
18645,210.0,315.0,0.0
18646,246.0,563.0,0.0
18647,80.0,322.0,0.0
18648,257.0,53.0,0.0
18649,44.0,155.0,0.0
18650,228.0,19.0,0.0
18651,18.0,122.0,0.0
18652,33.0,310.0,0.0
18653,184.0,111.0,0.0
18654,243.0,52.0,0.0
18655,148.0,573.0,0.0
18656,153.0,497.0,0.0
18657,128.0,583.0,0.0
18658,72.0,384.0,0.0
18659,255.0,528.0,0.0
18660,18.0,521.0,0.0
18661,100.0,496.0,0.0
18662,187.0,543.0,0.0
18663,41.0,186.0,0.0
18664,114.0,86.0,0.0
18665,205.0,282.0,0.0
18666,43.0,279.0,0.0
18667,37.0,169.0,0.0
18668,34.0,403.0,0.0
18669,161.0,364.0,0.0
18670,135.0,77.0,0.0
18671,96.0,430.0,0.0
18672,20.0,463.0,0.0
18673,110.0,30.0,0.0
18674,50.0,368.0,0.0
18675,27.0,425.0,0.0
18676,101.0,542.0,0.0
18677,136.0,33.0,0.0
18678,180.0,161.0,0.0
18679,197.0,271.0,0.0
18680,111.0,46.0,0.0
18681,15.0,596.0,0.0
18682,94.0,15.0,0.0
18683,209.0,405.0,0.0
18684,107.0,410.0,0.0
18685,206.0,75.0,0.0
18686,3.0,217.0,0.0
18687,261.0,354.0,0.0
18688,164.0,421.0,0.0
18689,154.0,31.0,0.0
18690,266.0,98.0,0.0
18691,111.0,37.0,0.0
18692,22.0,413.0,0.0
18693,122.0,183.0,0.0
18694,60.0,468.0,0.0
18695,110.0,538.0,0.0
18696,246.0,18.0,0.0
18697,244.0,380.0,0.0
18698,0.0,54.0,0.0
18699,1.0,572.0,0.0
18700,59.0,35.0,0.0
18701,127.0,228.0,0.0
18702,242.0,289.0,0.0
18703,234.0,108.0,0.0
18704,51.0,470.0,0.0
18705,1.0,457.0,0.0
18706,144.0,299.0,0.0
18707,261.0,214.0,0.0
18708,161.0,258.0,0.0
18709,246.0,142.0,0.0
18710,173.0,316.0,0.0
18711,119.0,397.0,0.0
18712,52.0,240.0,0.0
18713,18.0,70.0,0.0
18714,151.0,340.0,0.0
18715,245.0,129.0,0.0
18716,12.0,370.0,0.0
18717,110.0,378.0,0.0
18718,178.0,93.0,0.0
18719,197.0,428.0,0.0
18720,246.0,42.0,0.0
18721,7.0,454.0,0.0
18722,247.0,493.0,0.0
18723,32.0,281.0,0.0
18724,204.0,7.0,0.0
18725,17.0,14.0,0.0
18726,22.0,572.0,0.0
18727,32.0,377.0,0.0
18728,167.0,386.0,0.0
18729,190.0,26.0,0.0
18730,124.0,444.0,0.0
18731,205.0,504.0,0.0
18732,189.0,220.0,0.0
18733,43.0,443.0,0.0
18734,51.0,582.0,0.0
18735,181.0,411.0,0.0
18736,218.0,344.0,0.0
18737,106.0,545.0,0.0
18738,118.0,453.0,0.0
18739,62.0,91.0,0.0
18740,228.0,110.0,0.0
18741,177.0,526.0,0.0
18742,106.0,200.0,0.0
18743,100.0,435.0,0.0
18744,22.0,414.0,0.0
18745,208.0,227.0,0.0
18746,203.0,214.0,0.0
18747,181.0,106.0,0.0
18748,96.0,23.0,0.0
18749,113.0,16.0,0.0
18750,100.0,462.0,0.0
18751,257.0,7.0,0.0
18752,107.0,343.0,0.0
18753,126.0,106.0,0.0
18754,153.0,151.0,0.0
18755,246.0,292.0,0.0
18756,91.0,482.0,0.0
18757,128.0,545.0,0.0
18758,203.0,596.0,0.0
18759,240.0,151.0,0.0
18760,48.0,358.0,0.0
18761,10.0,533.0,0.0
18762,62.0,404.0,0.0
18763,255.0,129.0,0.0
18764,9.0,49.0,0.0
18765,159.0,186.0,0.0
18766,63.0,550.0,0.0
18767,84.0,116.0,0.0
18768,149.0,193.0,0.0
18769,97.0,68.0,0.0
18770,163.0,590.0,0.0
18771,10.0,572.0,0.0
18772,142.0,261.0,0.0
18773,202.0,263.0,0.0
18774,255.0,354.0,0.0
18775,143.0,315.0,0.0
18776,62.0,412.0,0.0
18777,72.0,321.0,0.0
18778,145.0,68.0,0.0
18779,207.0,105.0,0.0
18780,10.0,528.0,0.0
18781,12.0,143.0,0.0
18782,71.0,51.0,0.0
18783,183.0,224.0,0.0
18784,75.0,492.0,0.0
18785,73.0,522.0,0.0
18786,86.0,229.0,0.0
18787,72.0,293.0,0.0
18788,111.0,410.0,0.0
18789,118.0,461.0,0.0
18790,70.0,465.0,0.0
18791,42.0,563.0,0.0
18792,135.0,449.0,0.0
18793,237.0,421.0,0.0
18794,208.0,26.0,0.0
18795,155.0,134.0,0.0
18796,173.0,397.0,0.0
18797,195.0,479.0,0.0
18798,43.0,224.0,0.0
18799,247.0,291.0,0.0
18800,37.0,29.0,0.0
18801,258.0,25.0,0.0
18802,255.0,165.0,0.0
18803,160.0,17.0,0.0
18804,197.0,571.0,0.0
18805,203.0,237.0,0.0
18806,139.0,431.0,0.0
18807,117.0,595.0,0.0
18808,243.0,281.0,0.0
18809,222.0,427.0,0.0
18810,241.0,480.0,0.0
18811,21.0,287.0,0.0
18812,231.0,396.0,0.0
18813,114.0,305.0,0.0
18814,245.0,394.0,0.0
18815,40.0,354.0,0.0
18816,108.0,568.0,0.0
18817,168.0,575.0,0.0
18818,43.0,545.0,0.0
18819,127.0,229.0,0.0
18820,142.0,560.0,0.0
18821,15.0,418.0,0.0
18822,10.0,17.0,0.0
18823,151.0,284.0,0.0
18824,120.0,98.0,0.0
18825,99.0,4.0,0.0
18826,153.0,364.0,0.0
18827,228.0,256.0,0.0
18828,222.0,279.0,0.0
18829,18.0,393.0,0.0
18830,48.0,263.0,0.0
18831,206.0,304.0,0.0
18832,84.0,501.0,0.0
18833,246.0,266.0,0.0
18834,252.0,572.0,0.0
18835,240.0,387.0,0.0
18836,29.0,589.0,0.0
18837,266.0,83.0,0.0
18838,125.0,117.0,0.0
18839,169.0,455.0,0.0
18840,217.0,264.0,0.0
18841,192.0,168.0,0.0
18842,8.0,319.0,0.0
18843,68.0,492.0,0.0
18844,110.0,136.0,0.0
18845,99.0,282.0,0.0
18846,214.0,470.0,0.0
18847,241.0,338.0,0.0
18848,139.0,353.0,0.0
18849,121.0,421.0,0.0
18850,217.0,517.0,0.0
18851,15.0,575.0,0.0
18852,35.0,400.0,0.0
18853,49.0,528.0,0.0
18854,149.0,188.0,0.0
18855,230.0,439.0,0.0
18856,47.0,225.0,0.0
18857,238.0,440.0,0.0
18858,205.0,205.0,0.0
18859,262.0,315.0,0.0
18860,12.0,309.0,0.0
18861,120.0,496.0,0.0
18862,58.0,571.0,0.0
18863,121.0,462.0,0.0
18864,256.0,569.0,0.0
18865,7.0,276.0,0.0
18866,177.0,275.0,0.0
18867,213.0,376.0,0.0
18868,8.0,124.0,0.0
18869,258.0,234.0,0.0
18870,78.0,351.0,0.0
18871,73.0,167.0,0.0
18872,49.0,473.0,0.0
18873,212.0,372.0,0.0
18874,157.0,156.0,0.0
18875,108.0,334.0,0.0
18876,222.0,9.0,0.0
18877,115.0,15.0,0.0
18878,191.0,334.0,0.0
18879,220.0,547.0,0.0
18880,183.0,505.0,0.0
18881,188.0,571.0,0.0
18882,196.0,134.0,0.0
18883,247.0,62.0,0.0
18884,216.0,384.0,0.0
18885,167.0,422.0,0.0
18886,25.0,490.0,0.0
18887,227.0,11.0,0.0
18888,23.0,532.0,0.0
18889,71.0,124.0,0.0
18890,72.0,196.0,0.0
18891,173.0,548.0,0.0
18892,180.0,510.0,0.0
18893,266.0,331.0,0.0
18894,25.0,425.0,0.0
18895,243.0,511.0,0.0
18896,253.0,158.0,0.0
18897,183.0,381.0,0.0
18898,237.0,496.0,0.0
18899,7.0,237.0,0.0
18900,148.0,515.0,0.0
18901,74.0,373.0,0.0
18902,125.0,184.0,0.0
18903,235.0,596.0,0.0
18904,250.0,321.0,0.0
18905,23.0,44.0,0.0
18906,63.0,377.0,0.0
18907,21.0,234.0,0.0
18908,249.0,458.0,0.0
18909,238.0,174.0,0.0
18910,162.0,23.0,0.0
18911,156.0,161.0,0.0
18912,45.0,105.0,0.0
18913,182.0,250.0,0.0
18914,148.0,476.0,0.0
18915,142.0,557.0,0.0
18916,62.0,4.0,0.0
18917,23.0,443.0,0.0
18918,2.0,424.0,0.0
18919,242.0,268.0,0.0
18920,32.0,21.0,0.0
18921,244.0,2.0,0.0
18922,28.0,69.0,0.0
18923,22.0,483.0,0.0
18924,112.0,328.0,0.0
18925,130.0,541.0,0.0
18926,84.0,279.0,0.0
18927,78.0,144.0,0.0
18928,244.0,306.0,0.0
18929,87.0,314.0,0.0
18930,130.0,486.0,0.0
18931,232.0,205.0,0.0
18932,103.0,365.0,0.0
18933,138.0,140.0,0.0
18934,21.0,576.0,0.0
18935,111.0,125.0,0.0
18936,118.0,569.0,0.0
18937,149.0,419.0,0.0
18938,124.0,184.0,0.0
18939,116.0,159.0,0.0
18940,59.0,149.0,0.0
18941,202.0,476.0,0.0
18942,88.0,501.0,0.0
18943,161.0,444.0,0.0
18944,255.0,512.0,0.0
18945,208.0,528.0,0.0
18946,266.0,243.0,0.0
18947,90.0,68.0,0.0
18948,232.0,231.0,0.0
18949,179.0,164.0,0.0
18950,29.0,430.0,0.0
18951,32.0,168.0,0.0
18952,230.0,180.0,0.0
18953,148.0,492.0,0.0
18954,125.0,344.0,0.0
18955,94.0,491.0,0.0
18956,198.0,246.0,0.0
18957,236.0,202.0,0.0
18958,23.0,511.0,0.0
18959,60.0,322.0,0.0
18960,249.0,238.0,0.0
18961,21.0,296.0,0.0
18962,34.0,64.0,0.0
18963,143.0,557.0,0.0
18964,107.0,340.0,0.0
18965,134.0,290.0,0.0
18966,46.0,327.0,0.0
18967,169.0,16.0,0.0
18968,168.0,223.0,0.0
18969,2.0,535.0,0.0
18970,174.0,175.0,0.0
18971,184.0,567.0,0.0
18972,167.0,25.0,0.0
18973,112.0,503.0,0.0
18974,207.0,367.0,0.0
18975,250.0,527.0,0.0
18976,134.0,211.0,0.0
18977,208.0,57.0,0.0
18978,260.0,462.0,0.0
18979,153.0,359.0,0.0
18980,170.0,320.0,0.0
18981,124.0,508.0,0.0
18982,90.0,23.0,0.0
18983,19.0,418.0,0.0
18984,199.0,221.0,0.0
18985,30.0,327.0,0.0
18986,50.0,140.0,0.0
18987,12.0,328.0,0.0
18988,0.0,195.0,0.0
18989,41.0,226.0,0.0
18990,206.0,324.0,0.0
18991,222.0,594.0,0.0
18992,165.0,26.0,0.0
18993,244.0,244.0,0.0
18994,72.0,264.0,0.0
18995,2.0,525.0,0.0
18996,127.0,471.0,0.0
18997,27.0,7.0,0.0
18998,55.0,161.0,0.0
18999,168.0,402.0,0.0
19000,82.0,90.0,0.0
19001,76.0,539.0,0.0
19002,169.0,54.0,0.0
19003,125.0,19.0,0.0
19004,89.0,591.0,0.0
19005,243.0,273.0,0.0
19006,2.0,81.0,0.0
19007,236.0,540.0,0.0
19008,14.0,557.0,0.0
19009,151.0,83.0,0.0
19010,53.0,408.0,0.0
19011,25.0,273.0,0.0
19012,39.0,302.0,0.0
19013,162.0,6.0,0.0
19014,242.0,550.0,0.0
19015,55.0,275.0,0.0
19016,186.0,45.0,0.0
19017,258.0,161.0,0.0
19018,32.0,463.0,0.0
19019,143.0,202.0,0.0
19020,175.0,47.0,0.0
19021,259.0,497.0,0.0
19022,159.0,395.0,0.0
19023,183.0,565.0,0.0
19024,124.0,348.0,0.0
19025,208.0,230.0,0.0
19026,259.0,421.0,0.0
19027,255.0,332.0,0.0
19028,223.0,46.0,0.0
19029,200.0,78.0,0.0
19030,182.0,355.0,0.0
19031,71.0,469.0,0.0
19032,186.0,584.0,0.0
19033,16.0,570.0,0.0
19034,144.0,519.0,0.0
19035,233.0,4.0,0.0
19036,72.0,189.0,0.0
19037,239.0,500.0,0.0
19038,180.0,394.0,0.0
19039,42.0,259.0,0.0
19040,62.0,237.0,0.0
19041,244.0,390.0,0.0
19042,248.0,110.0,0.0
19043,112.0,230.0,0.0
19044,212.0,287.0,0.0
19045,252.0,162.0,0.0
19046,56.0,48.0,0.0
19047,21.0,273.0,0.0
19048,45.0,252.0,0.0
19049,237.0,396.0,0.0
19050,119.0,332.0,0.0
19051,187.0,288.0,0.0
19052,19.0,266.0,0.0
19053,194.0,117.0,0.0
19054,210.0,542.0,0.0
19055,39.0,541.0,0.0
19056,213.0,31.0,0.0
19057,120.0,331.0,0.0
19058,41.0,112.0,0.0
19059,266.0,436.0,0.0
19060,191.0,572.0,0.0
19061,44.0,466.0,0.0
19062,242.0,142.0,0.0
19063,80.0,370.0,0.0
19064,188.0,350.0,0.0
19065,143.0,269.0,0.0
19066,230.0,463.0,0.0
19067,59.0,415.0,0.0
19068,88.0,492.0,0.0
19069,40.0,237.0,0.0
19070,172.0,395.0,0.0
19071,136.0,512.0,0.0
19072,59.0,271.0,0.0
19073,69.0,137.0,0.0
19074,71.0,535.0,0.0
19075,168.0,481.0,0.0
19076,247.0,450.0,0.0
19077,3.0,470.0,0.0
19078,206.0,347.0,0.0
19079,20.0,23.0,0.0
19080,5.0,355.0,0.0
19081,29.0,551.0,0.0
19082,41.0,72.0,0.0
19083,255.0,424.0,0.0
19084,238.0,163.0,0.0
19085,99.0,382.0,0.0
19086,119.0,545.0,0.0
19087,29.0,406.0,0.0
19088,201.0,358.0,0.0
19089,256.0,266.0,0.0
19090,267.0,294.0,0.0
19091,112.0,194.0,0.0
19092,135.0,130.0,0.0
19093,17.0,63.0,0.0
19094,70.0,559.0,0.0
19095,18.0,359.0,0.0
19096,212.0,359.0,0.0
19097,257.0,28.0,0.0
19098,195.0,198.0,0.0
19099,0.0,115.0,0.0
19100,116.0,183.0,0.0
19101,48.0,56.0,0.0
19102,164.0,115.0,0.0
19103,213.0,381.0,0.0
19104,33.0,420.0,0.0
19105,146.0,470.0,0.0
19106,238.0,12.0,0.0
19107,228.0,144.0,0.0
19108,33.0,137.0,0.0
19109,160.0,251.0,0.0
19110,141.0,429.0,0.0
19111,81.0,34.0,0.0
19112,61.0,148.0,0.0
19113,64.0,142.0,0.0
19114,37.0,288.0,0.0
19115,30.0,363.0,0.0
19116,62.0,513.0,0.0
19117,145.0,542.0,0.0
19118,84.0,486.0,0.0
19119,148.0,107.0,0.0
19120,221.0,163.0,0.0
19121,180.0,311.0,0.0
19122,201.0,45.0,0.0
19123,265.0,416.0,0.0
19124,196.0,156.0,0.0
19125,182.0,209.0,0.0
19126,212.0,190.0,0.0
19127,144.0,341.0,0.0
19128,125.0,441.0,0.0
19129,88.0,42.0,0.0
19130,186.0,417.0,0.0
19131,22.0,187.0,0.0
19132,122.0,16.0,0.0
19133,13.0,139.0,0.0
19134,137.0,580.0,0.0
19135,132.0,151.0,0.0
19136,236.0,583.0,0.0
19137,3.0,493.0,0.0
19138,174.0,554.0,0.0
19139,209.0,590.0,0.0
19140,165.0,186.0,0.0
19141,148.0,298.0,0.0
19142,52.0,426.0,0.0
19143,4.0,566.0,0.0
19144,24.0,553.0,0.0
19145,150.0,528.0,0.0
19146,21.0,577.0,0.0
19147,101.0,528.0,0.0
19148,130.0,571.0,0.0
19149,220.0,574.0,0.0
19150,99.0,444.0,0.0
19151,196.0,389.0,0.0
19152,12.0,235.0,0.0
19153,251.0,25.0,0.0
19154,60.0,8.0,0.0
19155,70.0,227.0,0.0
19156,176.0,278.0,0.0
19157,95.0,406.0,0.0
19158,174.0,518.0,0.0
19159,180.0,429.0,0.0
19160,80.0,158.0,0.0
19161,47.0,119.0,0.0
19162,182.0,402.0,0.0
19163,194.0,252.0,0.0
19164,137.0,456.0,0.0
19165,126.0,19.0,0.0
19166,5.0,390.0,0.0
19167,29.0,66.0,0.0
19168,241.0,60.0,0.0
19169,245.0,575.0,0.0
19170,233.0,342.0,0.0
19171,150.0,527.0,0.0
19172,43.0,376.0,0.0
19173,9.0,402.0,0.0
19174,6.0,289.0,0.0
19175,123.0,544.0,0.0
19176,27.0,407.0,0.0
19177,226.0,57.0,0.0
19178,110.0,461.0,0.0
19179,89.0,508.0,0.0
19180,39.0,339.0,0.0
19181,210.0,381.0,0.0
19182,200.0,309.0,0.0
19183,3.0,491.0,0.0
19184,111.0,328.0,0.0
19185,114.0,159.0,0.0
19186,196.0,130.0,0.0
19187,215.0,440.0,0.0
19188,46.0,414.0,0.0
19189,30.0,484.0,0.0
19190,196.0,200.0,0.0
19191,263.0,30.0,0.0
19192,164.0,259.0,0.0
19193,67.0,487.0,0.0
19194,140.0,239.0,0.0
19195,20.0,258.0,0.0
19196,186.0,134.0,0.0
19197,37.0,5.0,0.0
19198,221.0,576.0,0.0
19199,122.0,134.0,0.0
19200,222.0,482.0,0.0
19201,94.0,80.0,0.0
19202,178.0,278.0,0.0
19203,13.0,171.0,0.0
19204,60.0,432.0,0.0
19205,219.0,24.0,0.0
19206,76.0,81.0,0.0
19207,109.0,530.0,0.0
19208,34.0,399.0,0.0
19209,236.0,313.0,0.0
19210,0.0,130.0,0.0
19211,27.0,158.0,0.0
19212,116.0,582.0,0.0
19213,124.0,200.0,0.0
19214,1.0,467.0,0.0
19215,230.0,472.0,0.0
19216,127.0,212.0,0.0
19217,130.0,363.0,0.0
19218,161.0,312.0,0.0
19219,231.0,70.0,0.0
19220,201.0,363.0,0.0
19221,38.0,550.0,0.0
19222,15.0,206.0,0.0
19223,188.0,261.0,0.0
19224,217.0,182.0,0.0
19225,246.0,370.0,0.0
19226,52.0,364.0,0.0
19227,31.0,258.0,0.0
19228,166.0,534.0,0.0
19229,180.0,505.0,0.0
19230,209.0,16.0,0.0
19231,159.0,442.0,0.0
19232,101.0,154.0,0.0
19233,179.0,26.0,0.0
19234,155.0,9.0,0.0
19235,256.0,292.0,0.0
19236,70.0,132.0,0.0
19237,179.0,41.0,0.0
19238,254.0,7.0,0.0
19239,41.0,470.0,0.0
19240,236.0,479.0,0.0
19241,168.0,355.0,0.0
19242,156.0,342.0,0.0
19243,218.0,459.0,0.0
19244,102.0,549.0,0.0
19245,214.0,418.0,0.0
19246,92.0,408.0,0.0
19247,129.0,546.0,0.0
19248,168.0,301.0,0.0
19249,104.0,564.0,0.0
19250,171.0,62.0,0.0
19251,10.0,491.0,0.0
19252,12.0,26.0,0.0
19253,126.0,582.0,0.0
19254,26.0,184.0,0.0
19255,261.0,596.0,0.0
19256,50.0,596.0,0.0
19257,143.0,337.0,0.0
19258,14.0,544.0,0.0
19259,36.0,351.0,0.0
19260,72.0,285.0,0.0
19261,230.0,278.0,0.0
19262,213.0,212.0,0.0
19263,47.0,357.0,0.0
19264,267.0,312.0,0.0
19265,143.0,409.0,0.0
19266,204.0,218.0,0.0
19267,229.0,369.0,0.0
19268,148.0,349.0,0.0
19269,186.0,273.0,0.0
19270,163.0,314.0,0.0
19271,134.0,543.0,0.0
19272,149.0,286.0,0.0
19273,167.0,301.0,0.0
19274,32.0,474.0,0.0
19275,170.0,518.0,0.0
19276,137.0,375.0,0.0
19277,164.0,491.0,0.0
19278,43.0,524.0,0.0
19279,250.0,402.0,0.0
19280,189.0,445.0,0.0
19281,264.0,491.0,0.0
19282,22.0,456.0,0.0
19283,165.0,335.0,0.0
19284,70.0,381.0,0.0
19285,226.0,480.0,0.0
19286,141.0,359.0,0.0
19287,250.0,123.0,0.0
19288,41.0,69.0,0.0
19289,180.0,559.0,0.0
19290,69.0,41.0,0.0
19291,24.0,73.0,0.0
19292,116.0,297.0,0.0
19293,242.0,435.0,0.0
19294,87.0,87.0,0.0
19295,131.0,502.0,0.0
19296,127.0,574.0,0.0
19297,243.0,367.0,0.0
19298,104.0,520.0,0.0
19299,264.0,542.0,0.0
19300,45.0,264.0,0.0
19301,87.0,139.0,0.0
19302,217.0,377.0,0.0
19303,101.0,252.0,0.0
19304,135.0,477.0,0.0
19305,6.0,155.0,0.0
19306,218.0,268.0,0.0
19307,137.0,174.0,0.0
19308,85.0,205.0,0.0
19309,81.0,80.0,0.0
19310,170.0,589.0,0.0
19311,236.0,433.0,0.0
19312,138.0,526.0,0.0
19313,119.0,27.0,0.0
19314,29.0,326.0,0.0
19315,26.0,309.0,0.0
19316,237.0,350.0,0.0
19317,245.0,208.0,0.0
19318,200.0,562.0,0.0
19319,68.0,294.0,0.0
19320,68.0,517.0,0.0
19321,223.0,264.0,0.0
19322,54.0,403.0,0.0
19323,44.0,67.0,0.0
19324,110.0,300.0,0.0
19325,194.0,221.0,0.0
19326,73.0,150.0,0.0
19327,181.0,322.0,0.0
19328,268.0,205.0,0.0
19329,204.0,145.0,0.0
19330,110.0,423.0,0.0
19331,142.0,384.0,0.0
19332,205.0,195.0,0.0
19333,153.0,552.0,0.0
19334,236.0,106.0,0.0
19335,19.0,336.0,0.0
19336,45.0,541.0,0.0
19337,178.0,554.0,0.0
19338,165.0,441.0,0.0
19339,159.0,443.0,0.0
19340,223.0,540.0,0.0
19341,160.0,205.0,0.0
19342,139.0,387.0,0.0
19343,218.0,154.0,0.0
19344,264.0,248.0,0.0
19345,150.0,200.0,0.0
19346,6.0,350.0,0.0
19347,78.0,87.0,0.0
19348,226.0,130.0,0.0
19349,103.0,203.0,0.0
19350,147.0,347.0,0.0
19351,128.0,478.0,0.0
19352,219.0,275.0,0.0
19353,207.0,568.0,0.0
19354,129.0,13.0,0.0
19355,169.0,578.0,0.0
19356,95.0,433.0,0.0
19357,75.0,293.0,0.0
19358,111.0,340.0,0.0
19359,249.0,116.0,0.0
19360,172.0,394.0,0.0
19361,250.0,54.0,0.0
19362,3.0,440.0,0.0
19363,135.0,554.0,0.0
19364,29.0,393.0,0.0
19365,134.0,402.0,0.0
19366,32.0,275.0,0.0
19367,17.0,25.0,0.0
19368,121.0,423.0,0.0
19369,50.0,39.0,0.0
19370,264.0,531.0,0.0
19371,123.0,213.0,0.0
19372,238.0,22.0,0.0
19373,214.0,379.0,0.0
19374,38.0,293.0,0.0
19375,33.0,495.0,0.0
19376,128.0,581.0,0.0
19377,253.0,39.0,0.0
19378,159.0,73.0,0.0
19379,134.0,197.0,0.0
19380,65.0,540.0,0.0
19381,106.0,468.0,0.0
19382,29.0,333.0,0.0
19383,28.0,566.0,0.0
19384,72.0,390.0,0.0
19385,162.0,319.0,0.0
19386,86.0,182.0,0.0
19387,39.0,462.0,0.0
19388,127.0,454.0,0.0
19389,15.0,442.0,0.0
19390,119.0,501.0,0.0
19391,26.0,580.0,0.0
19392,144.0,373.0,0.0
19393,136.0,565.0,0.0
19394,21.0,190.0,0.0
19395,29.0,15.0,0.0
19396,152.0,485.0,0.0
19397,109.0,433.0,0.0
19398,257.0,464.0,0.0
19399,248.0,224.0,0.0
19400,244.0,449.0,0.0
19401,115.0,391.0,0.0
19402,212.0,364.0,0.0
19403,129.0,589.0,0.0
19404,200.0,389.0,0.0
19405,246.0,143.0,0.0
19406,247.0,35.0,0.0
19407,11.0,48.0,0.0
19408,92.0,275.0,0.0
19409,24.0,63.0,0.0
19410,97.0,158.0,0.0
19411,214.0,348.0,0.0
19412,28.0,556.0,0.0
19413,247.0,475.0,0.0
19414,112.0,413.0,0.0
19415,158.0,309.0,0.0
19416,112.0,166.0,0.0
19417,37.0,408.0,0.0
19418,164.0,553.0,0.0
19419,152.0,166.0,0.0
19420,63.0,171.0,0.0
19421,19.0,403.0,0.0
19422,62.0,533.0,0.0
19423,228.0,268.0,0.0
19424,1.0,433.0,0.0
19425,202.0,426.0,0.0
19426,106.0,106.0,0.0
19427,9.0,490.0,0.0
19428,4.0,535.0,0.0
19429,231.0,578.0,0.0
19430,217.0,558.0,0.0
19431,35.0,323.0,0.0
19432,252.0,519.0,0.0
19433,263.0,418.0,0.0
19434,266.0,530.0,0.0
19435,10.0,144.0,0.0
19436,15.0,364.0,0.0
19437,128.0,99.0,0.0
19438,112.0,248.0,0.0
19439,142.0,193.0,0.0
19440,88.0,349.0,0.0
19441,208.0,232.0,0.0
19442,42.0,127.0,0.0
19443,81.0,513.0,0.0
19444,101.0,104.0,0.0
19445,255.0,115.0,0.0
19446,196.0,26.0,0.0
19447,217.0,572.0,0.0
19448,29.0,41.0,0.0
19449,192.0,476.0,0.0
19450,205.0,207.0,0.0
19451,195.0,366.0,0.0
19452,178.0,53.0,0.0
19453,79.0,144.0,0.0
19454,38.0,63.0,0.0
19455,196.0,109.0,0.0
19456,127.0,113.0,0.0
19457,19.0,270.0,0.0
19458,95.0,200.0,0.0
19459,200.0,260.0,0.0
19460,114.0,469.0,0.0
19461,264.0,545.0,0.0
19462,222.0,317.0,0.0
19463,72.0,553.0,0.0
19464,207.0,482.0,0.0
19465,42.0,8.0,0.0
19466,243.0,34.0,0.0
19467,99.0,268.0,0.0
19468,94.0,553.0,0.0
19469,221.0,341.0,0.0
19470,26.0,534.0,0.0
19471,46.0,492.0,0.0
19472,128.0,564.0,0.0
19473,76.0,451.0,0.0
19474,159.0,272.0,0.0
19475,68.0,370.0,0.0
19476,94.0,134.0,0.0
19477,73.0,280.0,0.0
19478,71.0,239.0,0.0
19479,25.0,431.0,0.0
19480,135.0,144.0,0.0
19481,1.0,320.0,0.0
19482,268.0,576.0,0.0
19483,50.0,232.0,0.0
19484,251.0,49.0,0.0
19485,199.0,388.0,0.0
19486,246.0,237.0,0.0
19487,191.0,437.0,0.0
19488,135.0,303.0,0.0
19489,182.0,161.0,0.0
19490,144.0,509.0,0.0
19491,58.0,154.0,0.0
19492,254.0,252.0,0.0
19493,149.0,149.0,0.0
19494,49.0,169.0,0.0
19495,15.0,510.0,0.0
19496,194.0,435.0,0.0
19497,116.0,249.0,0.0
19498,110.0,124.0,0.0
19499,153.0,514.0,0.0
19500,9.0,168.0,0.0
19501,125.0,86.0,0.0
19502,188.0,81.0,0.0
19503,45.0,221.0,0.0
19504,177.0,553.0,0.0
19505,213.0,569.0,0.0
19506,264.0,209.0,0.0
19507,101.0,570.0,0.0
19508,85.0,329.0,0.0
19509,214.0,161.0,0.0
19510,146.0,446.0,0.0
19511,28.0,13.0,0.0
19512,62.0,68.0,0.0
19513,57.0,405.0,0.0
19514,221.0,11.0,0.0
19515,252.0,435.0,0.0
19516,178.0,316.0,0.0
19517,69.0,131.0,0.0
19518,102.0,469.0,0.0
19519,248.0,82.0,0.0
19520,161.0,84.0,0.0
19521,95.0,280.0,0.0
19522,133.0,332.0,0.0
19523,198.0,366.0,0.0
19524,10.0,494.0,0.0
19525,167.0,549.0,0.0
19526,78.0,367.0,0.0
19527,167.0,212.0,0.0
19528,177.0,470.0,0.0
19529,266.0,527.0,0.0
19530,137.0,267.0,0.0
19531,243.0,391.0,0.0
19532,150.0,96.0,0.0
19533,239.0,287.0,0.0
19534,208.0,550.0,0.0
19535,89.0,263.0,0.0
19536,39.0,128.0,0.0
19537,1.0,112.0,0.0
19538,241.0,36.0,0.0
19539,236.0,333.0,0.0
19540,167.0,522.0,0.0
19541,10.0,559.0,0.0
19542,169.0,187.0,0.0
19543,30.0,282.0,0.0
19544,225.0,140.0,0.0
19545,212.0,306.0,0.0
19546,72.0,322.0,0.0
19547,231.0,157.0,0.0
19548,99.0,292.0,0.0
19549,188.0,427.0,0.0
19550,15.0,292.0,0.0
19551,240.0,220.0,0.0
19552,54.0,142.0,0.0
19553,163.0,241.0,0.0
19554,46.0,403.0,0.0
19555,68.0,336.0,0.0
19556,21.0,64.0,0.0
19557,85.0,530.0,0.0
19558,221.0,332.0,0.0
19559,227.0,49.0,0.0
19560,92.0,81.0,0.0
19561,139.0,84.0,0.0
19562,28.0,483.0,0.0
19563,48.0,408.0,0.0
19564,139.0,530.0,0.0
19565,226.0,546.0,0.0
19566,111.0,380.0,0.0
19567,222.0,443.0,0.0
19568,48.0,18.0,0.0
19569,189.0,393.0,0.0
19570,134.0,102.0,0.0
19571,210.0,55.0,0.0
19572,202.0,338.0,0.0
19573,245.0,317.0,0.0
19574,118.0,379.0,0.0
19575,167.0,431.0,0.0
19576,71.0,363.0,0.0
19577,267.0,423.0,0.0
19578,65.0,154.0,0.0
19579,25.0,577.0,0.0
19580,99.0,468.0,0.0
19581,35.0,109.0,0.0
19582,121.0,570.0,0.0
19583,27.0,470.0,0.0
19584,72.0,419.0,0.0
19585,130.0,64.0,0.0
19586,188.0,326.0,0.0
19587,168.0,21.0,0.0
19588,185.0,502.0,0.0
19589,183.0,124.0,0.0
19590,125.0,400.0,0.0
19591,90.0,15.0,0.0
19592,24.0,191.0,0.0
19593,65.0,453.0,0.0
19594,80.0,25.0,0.0
19595,2.0,399.0,0.0
19596,95.0,205.0,0.0
19597,156.0,483.0,0.0
19598,26.0,253.0,0.0
19599,267.0,248.0,0.0
19600,263.0,85.0,0.0
19601,158.0,317.0,0.0
19602,233.0,526.0,0.0
19603,98.0,160.0,0.0
19604,3.0,276.0,0.0
19605,231.0,413.0,0.0
19606,64.0,34.0,0.0
19607,217.0,437.0,0.0
19608,22.0,509.0,0.0
19609,264.0,115.0,0.0
19610,210.0,331.0,0.0
19611,151.0,517.0,0.0
19612,236.0,81.0,0.0
19613,114.0,178.0,0.0
19614,159.0,235.0,0.0
19615,259.0,113.0,0.0
19616,268.0,411.0,0.0
19617,259.0,342.0,0.0
19618,147.0,458.0,0.0
19619,5.0,222.0,0.0
19620,114.0,139.0,0.0
19621,172.0,288.0,0.0
19622,85.0,539.0,0.0
19623,33.0,368.0,0.0
19624,142.0,152.0,0.0
19625,266.0,382.0,0.0
19626,82.0,241.0,0.0
19627,53.0,550.0,0.0
19628,243.0,31.0,0.0
19629,180.0,185.0,0.0
19630,128.0,314.0,0.0
19631,247.0,374.0,0.0
19632,143.0,547.0,0.0
19633,223.0,375.0,0.0
19634,85.0,350.0,0.0
19635,242.0,93.0,0.0
19636,32.0,354.0,0.0
19637,215.0,519.0,0.0
19638,66.0,66.0,0.0
19639,213.0,517.0,0.0
19640,154.0,21.0,0.0
19641,176.0,521.0,0.0
19642,184.0,151.0,0.0
19643,209.0,501.0,0.0
19644,254.0,296.0,0.0
19645,158.0,296.0,0.0
19646,25.0,478.0,0.0
19647,237.0,449.0,0.0
19648,0.0,578.0,0.0
19649,77.0,172.0,0.0
19650,54.0,202.0,0.0
19651,221.0,352.0,0.0
19652,125.0,24.0,0.0
19653,175.0,415.0,0.0
19654,105.0,467.0,0.0
19655,79.0,320.0,0.0
19656,169.0,115.0,0.0
19657,85.0,392.0,0.0
19658,114.0,592.0,0.0
19659,208.0,174.0,0.0
19660,112.0,271.0,0.0
19661,233.0,555.0,0.0
19662,241.0,523.0,0.0
19663,77.0,37.0,0.0
19664,245.0,235.0,0.0
19665,14.0,438.0,0.0
19666,151.0,338.0,0.0
19667,131.0,102.0,0.0
19668,121.0,554.0,0.0
19669,167.0,484.0,0.0
19670,249.0,382.0,0.0
19671,124.0,21.0,0.0
19672,195.0,568.0,0.0
19673,123.0,492.0,0.0
19674,203.0,230.0,0.0
19675,223.0,553.0,0.0
19676,9.0,208.0,0.0
19677,12.0,33.0,0.0
19678,147.0,137.0,0.0
19679,185.0,241.0,0.0
19680,154.0,421.0,0.0
19681,102.0,331.0,0.0
19682,22.0,212.0,0.0
19683,59.0,441.0,0.0
19684,78.0,455.0,0.0
19685,96.0,592.0,0.0
19686,249.0,72.0,0.0
19687,17.0,128.0,0.0
19688,144.0,334.0,0.0
19689,30.0,161.0,0.0
19690,25.0,25.0,0.0
19691,238.0,300.0,0.0
19692,225.0,146.0,0.0
19693,51.0,65.0,0.0
19694,16.0,295.0,0.0
19695,120.0,504.0,0.0
19696,56.0,462.0,0.0
19697,177.0,65.0,0.0
19698,250.0,367.0,0.0
19699,220.0,493.0,0.0
19700,182.0,206.0,0.0
19701,257.0,583.0,0.0
19702,265.0,279.0,0.0
19703,227.0,545.0,0.0
19704,57.0,345.0,0.0
19705,45.0,184.0,0.0
19706,191.0,576.0,0.0
19707,4.0,462.0,0.0
19708,215.0,212.0,0.0
19709,193.0,407.0,0.0
19710,143.0,490.0,0.0
19711,176.0,338.0,0.0
19712,177.0,521.0,0.0
19713,57.0,563.0,0.0
19714,224.0,31.0,0.0
19715,169.0,587.0,0.0
19716,162.0,369.0,0.0
19717,217.0,73.0,0.0
19718,235.0,488.0,0.0
19719,5.0,465.0,0.0
19720,90.0,564.0,0.0
19721,260.0,13.0,0.0
19722,247.0,38.0,0.0
19723,148.0,172.0,0.0
19724,72.0,485.0,0.0
19725,49.0,191.0,0.0
19726,139.0,557.0,0.0
19727,116.0,397.0,0.0
19728,90.0,106.0,0.0
19729,145.0,552.0,0.0
19730,148.0,413.0,0.0
19731,43.0,498.0,0.0
19732,65.0,131.0,0.0
19733,4.0,441.0,0.0
19734,77.0,299.0,0.0
19735,157.0,472.0,0.0
19736,172.0,341.0,0.0
19737,189.0,484.0,0.0
19738,109.0,560.0,0.0
19739,44.0,352.0,0.0
19740,201.0,248.0,0.0
19741,132.0,78.0,0.0
19742,74.0,458.0,0.0
19743,265.0,488.0,0.0
19744,35.0,132.0,0.0
19745,219.0,230.0,0.0
19746,30.0,58.0,0.0
19747,77.0,91.0,0.0
19748,218.0,534.0,0.0
19749,248.0,537.0,0.0
19750,4.0,261.0,0.0
19751,268.0,213.0,0.0
19752,230.0,545.0,0.0
19753,160.0,127.0,0.0
19754,159.0,68.0,0.0
19755,218.0,510.0,0.0
19756,89.0,579.0,0.0
19757,199.0,460.0,0.0
19758,169.0,595.0,0.0
19759,141.0,467.0,0.0
19760,245.0,431.0,0.0
19761,1.0,289.0,0.0
19762,154.0,223.0,0.0
19763,110.0,338.0,0.0
19764,3.0,330.0,0.0
19765,223.0,557.0,0.0
19766,52.0,578.0,0.0
19767,134.0,201.0,0.0
19768,214.0,293.0,0.0
19769,73.0,211.0,0.0
19770,160.0,571.0,0.0
19771,180.0,191.0,0.0
19772,151.0,129.0,0.0
19773,121.0,294.0,0.0
19774,203.0,183.0,0.0
19775,133.0,215.0,0.0
19776,49.0,519.0,0.0
19777,216.0,523.0,0.0
19778,263.0,163.0,0.0
19779,8.0,217.0,0.0
19780,23.0,77.0,0.0
19781,221.0,497.0,0.0
19782,134.0,322.0,0.0
19783,22.0,562.0,0.0
19784,42.0,594.0,0.0
19785,226.0,526.0,0.0
19786,153.0,191.0,0.0
19787,27.0,448.0,0.0
19788,110.0,371.0,0.0
19789,254.0,200.0,0.0
19790,134.0,198.0,0.0
19791,61.0,366.0,0.0
19792,24.0,342.0,0.0
19793,168.0,80.0,0.0
19794,22.0,496.0,0.0
19795,205.0,357.0,0.0
19796,244.0,204.0,0.0
19797,198.0,559.0,0.0
19798,13.0,430.0,0.0
19799,69.0,528.0,0.0
19800,47.0,411.0,0.0
19801,252.0,374.0,0.0
19802,133.0,465.0,0.0
19803,120.0,406.0,0.0
19804,237.0,162.0,0.0
19805,212.0,96.0,0.0
19806,46.0,136.0,0.0
19807,64.0,329.0,0.0
19808,69.0,47.0,0.0
19809,72.0,320.0,0.0
19810,240.0,96.0,0.0
19811,126.0,255.0,0.0
19812,138.0,535.0,0.0
19813,171.0,589.0,0.0
19814,212.0,119.0,0.0
19815,147.0,167.0,0.0
19816,238.0,308.0,0.0
19817,70.0,414.0,0.0
19818,230.0,357.0,0.0
19819,155.0,107.0,0.0
19820,131.0,512.0,0.0
19821,40.0,144.0,0.0
19822,138.0,190.0,0.0
19823,131.0,55.0,0.0
19824,32.0,337.0,0.0
19825,144.0,234.0,0.0
19826,155.0,390.0,0.0
19827,215.0,29.0,0.0
19828,5.0,301.0,0.0
19829,123.0,351.0,0.0
19830,38.0,462.0,0.0
19831,18.0,534.0,0.0
19832,191.0,574.0,0.0
19833,138.0,176.0,0.0
19834,45.0,548.0,0.0
19835,89.0,215.0,0.0
19836,110.0,394.0,0.0
19837,215.0,211.0,0.0
19838,246.0,57.0,0.0
19839,36.0,343.0,0.0
19840,26.0,72.0,0.0
19841,174.0,254.0,0.0
19842,164.0,142.0,0.0
19843,17.0,248.0,0.0
19844,251.0,592.0,0.0
19845,252.0,30.0,0.0
19846,115.0,429.0,0.0
19847,179.0,521.0,0.0
19848,44.0,415.0,0.0
19849,62.0,376.0,0.0
19850,94.0,456.0,0.0
19851,219.0,559.0,0.0
19852,95.0,324.0,0.0
19853,95.0,10.0,0.0
19854,63.0,106.0,0.0
19855,31.0,215.0,0.0
19856,215.0,372.0,0.0
19857,58.0,396.0,0.0
19858,16.0,298.0,0.0
19859,154.0,529.0,0.0
19860,207.0,18.0,0.0
19861,5.0,27.0,0.0
19862,146.0,351.0,0.0
19863,180.0,504.0,0.0
19864,265.0,457.0,0.0
19865,157.0,247.0,0.0
19866,31.0,77.0,0.0
19867,221.0,9.0,0.0
19868,51.0,28.0,0.0
19869,125.0,432.0,0.0
19870,201.0,80.0,0.0
19871,185.0,482.0,0.0
19872,123.0,266.0,0.0
19873,145.0,296.0,0.0
19874,166.0,258.0,0.0
19875,78.0,297.0,0.0
19876,194.0,543.0,0.0
19877,212.0,255.0,0.0
19878,12.0,284.0,0.0
19879,38.0,547.0,0.0
19880,219.0,254.0,0.0
19881,98.0,264.0,0.0
19882,85.0,384.0,0.0
19883,91.0,336.0,0.0
19884,96.0,235.0,0.0
19885,153.0,337.0,0.0
19886,76.0,98.0,0.0
19887,5.0,505.0,0.0
19888,190.0,263.0,0.0
19889,223.0,113.0,0.0
19890,93.0,210.0,0.0
19891,202.0,26.0,0.0
19892,228.0,346.0,0.0
19893,64.0,482.0,0.0
19894,103.0,338.0,0.0
19895,15.0,565.0,0.0
19896,196.0,185.0,0.0
19897,136.0,545.0,0.0
19898,189.0,588.0,0.0
19899,168.0,299.0,0.0
19900,93.0,290.0,0.0
19901,229.0,132.0,0.0
19902,195.0,464.0,0.0
19903,143.0,505.0,0.0
19904,92.0,200.0,0.0
19905,184.0,451.0,0.0
19906,192.0,429.0,0.0
19907,234.0,133.0,0.0
19908,154.0,422.0,0.0
19909,194.0,447.0,0.0
19910,58.0,202.0,0.0
19911,64.0,509.0,0.0
19912,14.0,442.0,0.0
19913,264.0,45.0,0.0
19914,159.0,69.0,0.0
19915,225.0,133.0,0.0
19916,80.0,139.0,0.0
19917,177.0,348.0,0.0
19918,170.0,551.0,0.0
19919,79.0,437.0,0.0
19920,244.0,119.0,0.0
19921,62.0,149.0,0.0
19922,51.0,157.0,0.0
19923,174.0,2.0,0.0
19924,84.0,546.0,0.0
19925,100.0,30.0,0.0
19926,183.0,387.0,0.0
19927,88.0,79.0,0.0
19928,184.0,392.0,0.0
19929,52.0,166.0,0.0
19930,8.0,392.0,0.0
19931,135.0,593.0,0.0
19932,47.0,376.0,0.0
19933,156.0,6.0,0.0
19934,175.0,524.0,0.0
19935,125.0,239.0,0.0
19936,224.0,121.0,0.0
19937,199.0,2.0,0.0
19938,44.0,579.0,0.0
19939,46.0,12.0,0.0
19940,162.0,583.0,0.0
19941,65.0,96.0,0.0
19942,115.0,252.0,0.0
19943,268.0,166.0,0.0
19944,195.0,109.0,0.0
19945,21.0,378.0,0.0
19946,141.0,376.0,0.0
19947,99.0,200.0,0.0
19948,222.0,576.0,0.0
19949,2.0,72.0,0.0
19950,111.0,300.0,0.0
19951,68.0,519.0,0.0
19952,164.0,315.0,0.0
19953,146.0,44.0,0.0
19954,256.0,71.0,0.0
19955,77.0,326.0,0.0
19956,129.0,270.0,0.0
19957,259.0,329.0,0.0
19958,15.0,313.0,0.0
19959,203.0,254.0,0.0
19960,171.0,347.0,0.0
19961,173.0,117.0,0.0
19962,1.0,500.0,0.0
19963,164.0,548.0,0.0
19964,116.0,335.0,0.0
19965,254.0,480.0,0.0
19966,13.0,526.0,0.0
19967,35.0,545.0,0.0
19968,258.0,71.0,0.0
19969,228.0,236.0,0.0
19970,125.0,182.0,0.0
19971,142.0,70.0,0.0
19972,199.0,250.0,0.0
19973,105.0,228.0,0.0
19974,142.0,357.0,0.0
19975,124.0,123.0,0.0
19976,184.0,517.0,0.0
19977,181.0,76.0,0.0
19978,92.0,132.0,0.0
19979,44.0,36.0,0.0
19980,177.0,130.0,0.0
19981,216.0,242.0,0.0
19982,237.0,329.0,0.0
19983,173.0,65.0,0.0
19984,172.0,108.0,0.0
19985,183.0,21.0,0.0
19986,102.0,14.0,0.0
19987,18.0,39.0,0.0
19988,211.0,303.0,0.0
19989,247.0,55.0,0.0
19990,145.0,560.0,0.0
19991,249.0,444.0,0.0
19992,265.0,219.0,0.0
19993,186.0,508.0,0.0
19994,64.0,584.0,0.0
19995,261.0,475.0,0.0
19996,193.0,432.0,0.0
19997,125.0,180.0,0.0
19998,113.0,161.0,0.0
19999,185.0,144.0,0.0
20000,102.0,516.0,0.0
20001,121.0,437.0,0.0
20002,99.0,584.0,0.0
20003,60.0,587.0,0.0
20004,113.0,220.0,0.0
20005,75.0,52.0,0.0
20006,34.0,263.0,0.0
20007,246.0,340.0,0.0
20008,171.0,523.0,0.0
20009,96.0,237.0,0.0
20010,113.0,188.0,0.0
20011,243.0,142.0,0.0
20012,146.0,289.0,0.0
20013,11.0,248.0,0.0
20014,172.0,455.0,0.0
20015,251.0,376.0,0.0
20016,215.0,58.0,0.0
20017,67.0,160.0,0.0
20018,150.0,472.0,0.0
20019,3.0,216.0,0.0
20020,232.0,336.0,0.0
20021,69.0,523.0,0.0
20022,109.0,14.0,0.0
20023,176.0,138.0,0.0
20024,110.0,444.0,0.0
20025,217.0,568.0,0.0
20026,172.0,242.0,0.0
20027,130.0,83.0,0.0
20028,55.0,288.0,0.0
20029,113.0,138.0,0.0
20030,166.0,463.0,0.0
20031,172.0,502.0,0.0
20032,0.0,272.0,0.0
20033,167.0,308.0,0.0
20034,181.0,309.0,0.0
20035,121.0,434.0,0.0
20036,218.0,369.0,0.0
20037,115.0,137.0,0.0
20038,13.0,388.0,0.0
20039,170.0,197.0,0.0
20040,41.0,237.0,0.0
20041,161.0,368.0,0.0
20042,125.0,361.0,0.0
20043,134.0,456.0,0.0
20044,166.0,55.0,0.0
20045,65.0,389.0,0.0
20046,111.0,414.0,0.0
20047,254.0,338.0,0.0
20048,264.0,421.0,0.0
20049,211.0,193.0,0.0
20050,250.0,501.0,0.0
20051,250.0,264.0,0.0
20052,252.0,16.0,0.0
20053,95.0,333.0,0.0
20054,55.0,490.0,0.0
20055,9.0,107.0,0.0
20056,62.0,584.0,0.0
20057,181.0,124.0,0.0
20058,246.0,533.0,0.0
20059,225.0,138.0,0.0
20060,217.0,389.0,0.0
20061,134.0,193.0,0.0
20062,186.0,56.0,0.0
20063,34.0,327.0,0.0
20064,35.0,34.0,0.0
20065,196.0,172.0,0.0
20066,121.0,44.0,0.0
20067,68.0,314.0,0.0
20068,150.0,166.0,0.0
20069,231.0,48.0,0.0
20070,249.0,590.0,0.0
20071,13.0,273.0,0.0
20072,181.0,44.0,0.0
20073,218.0,292.0,0.0
20074,64.0,79.0,0.0
20075,77.0,263.0,0.0
20076,232.0,449.0,0.0
20077,99.0,254.0,0.0
20078,79.0,593.0,0.0
20079,111.0,224.0,0.0
20080,121.0,364.0,0.0
20081,104.0,0.0,0.0
20082,190.0,565.0,0.0
20083,179.0,239.0,0.0
20084,262.0,295.0,0.0
20085,151.0,411.0,0.0
20086,204.0,142.0,0.0
20087,77.0,100.0,0.0
20088,122.0,36.0,0.0
20089,245.0,515.0,0.0
20090,216.0,136.0,0.0
20091,201.0,581.0,0.0
20092,181.0,155.0,0.0
20093,125.0,396.0,0.0
20094,85.0,518.0,0.0
20095,159.0,248.0,0.0
20096,172.0,11.0,0.0
20097,123.0,355.0,0.0
20098,8.0,533.0,0.0
20099,27.0,109.0,0.0
20100,168.0,141.0,0.0
20101,13.0,176.0,0.0
20102,18.0,207.0,0.0
20103,200.0,541.0,0.0
20104,151.0,188.0,0.0
20105,206.0,193.0,0.0
20106,51.0,42.0,0.0
20107,173.0,51.0,0.0
20108,86.0,187.0,0.0
20109,49.0,527.0,0.0
20110,20.0,173.0,0.0
20111,93.0,412.0,0.0
20112,33.0,380.0,0.0
20113,204.0,533.0,0.0
20114,33.0,521.0,0.0
20115,239.0,135.0,0.0
20116,189.0,334.0,0.0
20117,102.0,15.0,0.0
20118,235.0,145.0,0.0
20119,251.0,417.0,0.0
20120,38.0,51.0,0.0
20121,77.0,84.0,0.0
20122,194.0,424.0,0.0
20123,117.0,575.0,0.0
20124,227.0,393.0,0.0
20125,6.0,261.0,0.0
20126,258.0,316.0,0.0
20127,158.0,364.0,0.0
20128,107.0,411.0,0.0
20129,175.0,465.0,0.0
20130,266.0,316.0,0.0
20131,29.0,157.0,0.0
20132,23.0,123.0,0.0
20133,197.0,115.0,0.0
20134,25.0,535.0,0.0
20135,30.0,351.0,0.0
20136,32.0,38.0,0.0
20137,59.0,513.0,0.0
20138,21.0,79.0,0.0
20139,57.0,108.0,0.0
20140,143.0,427.0,0.0
20141,222.0,32.0,0.0
20142,266.0,582.0,0.0
20143,179.0,404.0,0.0
20144,247.0,416.0,0.0
20145,189.0,406.0,0.0
20146,194.0,548.0,0.0
20147,96.0,558.0,0.0
20148,50.0,593.0,0.0
20149,11.0,228.0,0.0
20150,103.0,395.0,0.0
20151,135.0,402.0,0.0
20152,148.0,410.0,0.0
20153,54.0,559.0,0.0
20154,40.0,340.0,0.0
20155,235.0,123.0,0.0
20156,111.0,261.0,0.0
20157,219.0,348.0,0.0
20158,159.0,286.0,0.0
20159,185.0,15.0,0.0
20160,21.0,475.0,0.0
20161,78.0,427.0,0.0
20162,210.0,224.0,0.0
20163,101.0,167.0,0.0
20164,177.0,368.0,0.0
20165,238.0,206.0,0.0
20166,177.0,140.0,0.0
20167,255.0,180.0,0.0
20168,165.0,329.0,0.0
20169,9.0,163.0,0.0
20170,163.0,456.0,0.0
20171,47.0,518.0,0.0
20172,137.0,38.0,0.0
20173,62.0,500.0,0.0
20174,94.0,478.0,0.0
20175,32.0,344.0,0.0
20176,59.0,328.0,0.0
20177,123.0,299.0,0.0
20178,174.0,170.0,0.0
20179,188.0,368.0,0.0
20180,252.0,83.0,0.0
20181,120.0,189.0,0.0
20182,23.0,86.0,0.0
20183,108.0,215.0,0.0
20184,144.0,563.0,0.0
20185,205.0,403.0,0.0
20186,92.0,541.0,0.0
20187,220.0,481.0,0.0
20188,196.0,259.0,0.0
20189,136.0,207.0,0.0
20190,2.0,422.0,0.0
20191,170.0,327.0,0.0
20192,156.0,401.0,0.0
20193,239.0,270.0,0.0
20194,184.0,502.0,0.0
20195,223.0,224.0,0.0
20196,93.0,112.0,0.0
20197,30.0,315.0,0.0
20198,121.0,152.0,0.0
20199,67.0,217.0,0.0
20200,164.0,359.0,0.0
20201,54.0,9.0,0.0
20202,25.0,430.0,0.0
20203,84.0,183.0,0.0
20204,237.0,542.0,0.0
20205,18.0,450.0,0.0
20206,193.0,326.0,0.0
20207,76.0,421.0,0.0
20208,184.0,329.0,0.0
20209,195.0,158.0,0.0
20210,120.0,164.0,0.0
20211,161.0,324.0,0.0
20212,37.0,206.0,0.0
20213,152.0,476.0,0.0
20214,83.0,531.0,0.0
20215,129.0,486.0,0.0
20216,257.0,239.0,0.0
20217,156.0,405.0,0.0
20218,235.0,197.0,0.0
20219,92.0,64.0,0.0
20220,231.0,325.0,0.0
20221,189.0,524.0,0.0
20222,208.0,166.0,0.0
20223,106.0,235.0,0.0
20224,66.0,566.0,0.0
20225,228.0,535.0,0.0
20226,134.0,279.0,0.0
20227,138.0,414.0,0.0
20228,65.0,431.0,0.0
20229,133.0,427.0,0.0
20230,225.0,12.0,0.0
20231,236.0,592.0,0.0
20232,229.0,373.0,0.0
20233,58.0,460.0,0.0
20234,87.0,24.0,0.0
20235,237.0,485.0,0.0
20236,167.0,317.0,0.0
20237,211.0,376.0,0.0
20238,18.0,594.0,0.0
20239,213.0,478.0,0.0
20240,85.0,559.0,0.0
20241,144.0,455.0,0.0
20242,253.0,124.0,0.0
20243,142.0,158.0,0.0
20244,160.0,299.0,0.0
20245,170.0,145.0,0.0
20246,76.0,318.0,0.0
20247,107.0,356.0,0.0
20248,60.0,482.0,0.0
20249,105.0,95.0,0.0
20250,96.0,463.0,0.0
20251,64.0,227.0,0.0
20252,206.0,67.0,0.0
20253,127.0,171.0,0.0
20254,72.0,261.0,0.0
20255,176.0,527.0,0.0
20256,47.0,230.0,0.0
20257,7.0,377.0,0.0
20258,131.0,23.0,0.0
20259,206.0,380.0,0.0
20260,92.0,320.0,0.0
20261,41.0,585.0,0.0
20262,223.0,331.0,0.0
20263,107.0,324.0,0.0
20264,100.0,392.0,0.0
20265,2.0,492.0,0.0
20266,81.0,494.0,0.0
20267,104.0,202.0,0.0
20268,1.0,117.0,0.0
20269,177.0,540.0,0.0
20270,212.0,182.0,0.0
20271,255.0,5.0,0.0
20272,20.0,127.0,0.0
20273,249.0,142.0,0.0
20274,235.0,17.0,0.0
20275,263.0,527.0,0.0
20276,137.0,346.0,0.0
20277,85.0,213.0,0.0
20278,69.0,457.0,0.0
20279,79.0,162.0,0.0
20280,64.0,300.0,0.0
20281,221.0,262.0,0.0
20282,47.0,365.0,0.0
20283,76.0,296.0,0.0
20284,152.0,119.0,0.0
20285,90.0,555.0,0.0
20286,152.0,303.0,0.0
20287,94.0,535.0,0.0
20288,136.0,200.0,0.0
20289,53.0,59.0,0.0
20290,28.0,192.0,0.0
20291,56.0,297.0,0.0
20292,61.0,61.0,0.0
20293,42.0,469.0,0.0
20294,80.0,426.0,0.0
20295,72.0,580.0,0.0
20296,37.0,407.0,0.0
20297,102.0,550.0,0.0
20298,180.0,535.0,0.0
20299,80.0,596.0,0.0
20300,203.0,353.0,0.0
20301,251.0,548.0,0.0
20302,43.0,569.0,0.0
20303,217.0,567.0,0.0
20304,227.0,550.0,0.0
20305,160.0,174.0,0.0
20306,116.0,282.0,0.0
20307,231.0,291.0,0.0
20308,254.0,6.0,0.0
20309,260.0,510.0,0.0
20310,170.0,167.0,0.0
20311,22.0,231.0,0.0
20312,197.0,82.0,0.0
20313,171.0,124.0,0.0
20314,155.0,397.0,0.0
20315,120.0,381.0,0.0
20316,22.0,338.0,0.0
20317,205.0,401.0,0.0
20318,260.0,14.0,0.0
20319,41.0,370.0,0.0
20320,7.0,177.0,0.0
20321,179.0,159.0,0.0
20322,153.0,567.0,0.0
20323,83.0,301.0,0.0
20324,211.0,283.0,0.0
20325,240.0,32.0,0.0
20326,166.0,159.0,0.0
20327,70.0,95.0,0.0
20328,26.0,269.0,0.0
20329,29.0,137.0,0.0
20330,167.0,449.0,0.0
20331,187.0,582.0,0.0
20332,221.0,533.0,0.0
20333,219.0,276.0,0.0
20334,135.0,44.0,0.0
20335,164.0,540.0,0.0
20336,262.0,44.0,0.0
20337,203.0,515.0,0.0
20338,227.0,421.0,0.0
20339,124.0,218.0,0.0
20340,37.0,43.0,0.0
20341,151.0,217.0,0.0
20342,234.0,483.0,0.0
20343,87.0,121.0,0.0
20344,52.0,267.0,0.0
20345,111.0,578.0,0.0
20346,246.0,432.0,0.0
20347,115.0,337.0,0.0
20348,14.0,185.0,0.0
20349,22.0,13.0,0.0
20350,127.0,410.0,0.0
20351,26.0,596.0,0.0
20352,143.0,574.0,0.0
20353,97.0,386.0,0.0
20354,251.0,266.0,0.0
20355,217.0,503.0,0.0
20356,184.0,95.0,0.0
20357,214.0,439.0,0.0
20358,108.0,200.0,0.0
20359,165.0,488.0,0.0
20360,181.0,174.0,0.0
20361,190.0,279.0,0.0
20362,14.0,83.0,0.0
20363,120.0,472.0,0.0
20364,52.0,443.0,0.0
20365,260.0,2.0,0.0
20366,115.0,517.0,0.0
20367,63.0,37.0,0.0
20368,58.0,55.0,0.0
20369,207.0,505.0,0.0
20370,195.0,244.0,0.0
20371,211.0,423.0,0.0
20372,151.0,342.0,0.0
20373,0.0,35.0,0.0
20374,59.0,523.0,0.0
20375,35.0,366.0,0.0
20376,121.0,326.0,0.0
20377,250.0,573.0,0.0
20378,9.0,326.0,0.0
20379,75.0,349.0,0.0
20380,129.0,110.0,0.0
20381,240.0,550.0,0.0
20382,203.0,265.0,0.0
20383,240.0,303.0,0.0
20384,213.0,541.0,0.0
20385,233.0,237.0,0.0
20386,45.0,520.0,0.0
20387,225.0,331.0,0.0
20388,122.0,517.0,0.0
20389,132.0,24.0,0.0
20390,246.0,311.0,0.0
20391,129.0,536.0,0.0
20392,208.0,247.0,0.0
20393,59.0,333.0,0.0
20394,85.0,548.0,0.0
20395,212.0,169.0,0.0
20396,19.0,40.0,0.0
20397,268.0,56.0,0.0
20398,169.0,34.0,0.0
20399,112.0,459.0,0.0
20400,65.0,34.0,0.0
20401,211.0,549.0,0.0
20402,180.0,353.0,0.0
20403,182.0,392.0,0.0
20404,204.0,355.0,0.0
20405,116.0,380.0,0.0
20406,40.0,554.0,0.0
20407,171.0,95.0,0.0
20408,253.0,480.0,0.0
20409,131.0,538.0,0.0
20410,20.0,490.0,0.0
20411,140.0,286.0,0.0
20412,258.0,375.0,0.0
20413,89.0,512.0,0.0
20414,19.0,192.0,0.0
20415,181.0,65.0,0.0
20416,155.0,192.0,0.0
20417,142.0,463.0,0.0
20418,123.0,30.0,0.0
20419,62.0,162.0,0.0
20420,230.0,402.0,0.0
20421,178.0,586.0,0.0
20422,216.0,466.0,0.0
20423,28.0,82.0,0.0
20424,130.0,449.0,0.0
20425,83.0,411.0,0.0
20426,201.0,5.0,0.0
20427,24.0,229.0,0.0
20428,257.0,265.0,0.0
20429,219.0,140.0,0.0
20430,35.0,274.0,0.0
20431,258.0,521.0,0.0
20432,47.0,347.0,0.0
20433,229.0,288.0,0.0
20434,2.0,576.0,0.0
20435,62.0,589.0,0.0
20436,156.0,153.0,0.0
20437,4.0,16.0,0.0
20438,78.0,472.0,0.0
20439,67.0,468.0,0.0
20440,194.0,86.0,0.0
20441,152.0,439.0,0.0
20442,51.0,246.0,0.0
20443,189.0,295.0,0.0
20444,130.0,589.0,0.0
20445,52.0,263.0,0.0
20446,206.0,60.0,0.0
20447,26.0,0.0,0.0
20448,82.0,466.0,0.0
20449,8.0,109.0,0.0
20450,43.0,151.0,0.0
20451,116.0,197.0,0.0
20452,196.0,538.0,0.0
20453,261.0,117.0,0.0
20454,221.0,248.0,0.0
20455,51.0,581.0,0.0
20456,232.0,582.0,0.0
20457,71.0,325.0,0.0
20458,83.0,489.0,0.0
20459,141.0,481.0,0.0
20460,95.0,400.0,0.0
20461,8.0,256.0,0.0
20462,215.0,499.0,0.0
20463,21.0,34.0,0.0
20464,99.0,211.0,0.0
20465,124.0,162.0,0.0
20466,211.0,497.0,0.0
20467,81.0,318.0,0.0
20468,23.0,195.0,0.0
20469,97.0,211.0,0.0
20470,262.0,409.0,0.0
20471,162.0,541.0,0.0
20472,111.0,335.0,0.0
20473,202.0,386.0,0.0
20474,96.0,422.0,0.0
20475,21.0,406.0,0.0
20476,62.0,94.0,0.0
20477,207.0,195.0,0.0
20478,88.0,417.0,0.0
20479,13.0,434.0,0.0
20480,47.0,339.0,0.0
20481,80.0,152.0,0.0
20482,126.0,376.0,0.0
20483,189.0,444.0,0.0
20484,240.0,523.0,0.0
20485,225.0,591.0,0.0
20486,109.0,358.0,0.0
20487,201.0,111.0,0.0
20488,35.0,112.0,0.0
20489,104.0,63.0,0.0
20490,14.0,473.0,0.0
20491,224.0,35.0,0.0
20492,167.0,454.0,0.0
20493,258.0,564.0,0.0
20494,197.0,13.0,0.0
20495,100.0,76.0,0.0
20496,68.0,435.0,0.0
20497,104.0,6.0,0.0
20498,93.0,401.0,0.0
20499,137.0,210.0,0.0
20500,118.0,277.0,0.0
20501,160.0,527.0,0.0
20502,179.0,154.0,0.0
20503,236.0,510.0,0.0
20504,246.0,516.0,0.0
20505,123.0,488.0,0.0
20506,122.0,187.0,0.0
20507,36.0,198.0,0.0
20508,30.0,42.0,0.0
20509,153.0,183.0,0.0
20510,32.0,586.0,0.0
20511,137.0,91.0,0.0
20512,19.0,299.0,0.0
20513,206.0,397.0,0.0
20514,237.0,244.0,0.0
20515,167.0,123.0,0.0
20516,54.0,80.0,0.0
20517,51.0,309.0,0.0
20518,171.0,113.0,0.0
20519,179.0,547.0,0.0
20520,176.0,549.0,0.0
20521,54.0,179.0,0.0
20522,134.0,280.0,0.0
20523,145.0,539.0,0.0
20524,123.0,438.0,0.0
20525,268.0,458.0,0.0
20526,132.0,305.0,0.0
20527,37.0,564.0,0.0
20528,87.0,184.0,0.0
20529,242.0,132.0,0.0
20530,7.0,535.0,0.0
20531,250.0,301.0,0.0
20532,86.0,549.0,0.0
20533,87.0,132.0,0.0
20534,104.0,431.0,0.0
20535,194.0,32.0,0.0
20536,217.0,123.0,0.0
20537,34.0,376.0,0.0
20538,9.0,378.0,0.0
20539,96.0,299.0,0.0
20540,15.0,222.0,0.0
20541,251.0,245.0,0.0
20542,36.0,43.0,0.0
20543,185.0,432.0,0.0
20544,176.0,26.0,0.0
20545,111.0,164.0,0.0
20546,210.0,443.0,0.0
20547,54.0,218.0,0.0
20548,66.0,462.0,0.0
20549,30.0,80.0,0.0
20550,161.0,93.0,0.0
20551,142.0,373.0,0.0
20552,197.0,298.0,0.0
20553,6.0,513.0,0.0
20554,6.0,503.0,0.0
20555,105.0,33.0,0.0
20556,146.0,320.0,0.0
20557,258.0,505.0,0.0
20558,107.0,276.0,0.0
20559,63.0,164.0,0.0
20560,30.0,111.0,0.0
20561,2.0,467.0,0.0
20562,256.0,299.0,0.0
20563,111.0,548.0,0.0
20564,108.0,266.0,0.0
20565,112.0,490.0,0.0
20566,123.0,7.0,0.0
20567,226.0,181.0,0.0
20568,185.0,110.0,0.0
20569,23.0,59.0,0.0
20570,94.0,557.0,0.0
20571,65.0,291.0,0.0
20572,23.0,69.0,0.0
20573,224.0,49.0,0.0
20574,211.0,21.0,0.0
20575,233.0,67.0,0.0
20576,168.0,516.0,0.0
20577,216.0,480.0,0.0
20578,247.0,91.0,0.0
20579,76.0,271.0,0.0
20580,89.0,175.0,0.0
20581,76.0,25.0,0.0
20582,260.0,297.0,0.0
20583,210.0,547.0,0.0
20584,227.0,410.0,0.0
20585,17.0,98.0,0.0
20586,103.0,466.0,0.0
20587,97.0,464.0,0.0
20588,233.0,332.0,0.0
20589,263.0,287.0,0.0
20590,144.0,393.0,0.0
20591,160.0,536.0,0.0
20592,102.0,393.0,0.0
20593,88.0,178.0,0.0
20594,91.0,284.0,0.0
20595,113.0,563.0,0.0
20596,181.0,590.0,0.0
20597,259.0,238.0,0.0
20598,132.0,408.0,0.0
20599,219.0,250.0,0.0
20600,30.0,468.0,0.0
20601,39.0,442.0,0.0
20602,118.0,162.0,0.0
20603,206.0,262.0,0.0
20604,222.0,593.0,0.0
20605,261.0,522.0,0.0
20606,97.0,380.0,0.0
20607,180.0,529.0,0.0
20608,122.0,76.0,0.0
20609,44.0,412.0,0.0
20610,89.0,274.0,0.0
20611,45.0,167.0,0.0
20612,150.0,402.0,0.0
20613,137.0,472.0,0.0
20614,75.0,421.0,0.0
20615,102.0,237.0,0.0
20616,258.0,518.0,0.0
20617,212.0,59.0,0.0
20618,10.0,347.0,0.0
20619,141.0,384.0,0.0
20620,138.0,581.0,0.0
20621,186.0,38.0,0.0
20622,100.0,74.0,0.0
20623,79.0,500.0,0.0
20624,240.0,16.0,0.0
20625,39.0,340.0,0.0
20626,138.0,108.0,0.0
20627,0.0,149.0,0.0
20628,261.0,451.0,0.0
20629,245.0,553.0,0.0
20630,129.0,542.0,0.0
20631,39.0,470.0,0.0
20632,44.0,193.0,0.0
20633,98.0,489.0,0.0
20634,135.0,422.0,0.0
20635,170.0,176.0,0.0
20636,192.0,155.0,0.0
20637,204.0,456.0,0.0
20638,187.0,584.0,0.0
20639,72.0,562.0,0.0
20640,66.0,582.0,0.0
20641,111.0,190.0,0.0
20642,8.0,519.0,0.0
20643,132.0,524.0,0.0
20644,253.0,300.0,0.0
20645,44.0,585.0,0.0
20646,40.0,83.0,0.0
20647,86.0,347.0,0.0
20648,144.0,44.0,0.0
20649,70.0,483.0,0.0
20650,242.0,269.0,0.0
20651,146.0,236.0,0.0
20652,240.0,316.0,0.0
20653,134.0,156.0,0.0
20654,7.0,87.0,0.0
20655,109.0,499.0,0.0
20656,160.0,438.0,0.0
20657,225.0,260.0,0.0
20658,157.0,490.0,0.0
20659,26.0,560.0,0.0
20660,232.0,290.0,0.0
20661,75.0,375.0,0.0
20662,168.0,201.0,0.0
20663,218.0,454.0,0.0
20664,254.0,453.0,0.0
20665,153.0,574.0,0.0
20666,146.0,570.0,0.0
20667,26.0,424.0,0.0
20668,60.0,64.0,0.0
20669,268.0,218.0,0.0
20670,244.0,188.0,0.0
20671,204.0,271.0,0.0
20672,179.0,329.0,0.0
20673,167.0,327.0,0.0
20674,7.0,205.0,0.0
20675,118.0,96.0,0.0
20676,142.0,37.0,0.0
20677,109.0,477.0,0.0
20678,17.0,331.0,0.0
20679,57.0,585.0,0.0
20680,125.0,91.0,0.0
20681,218.0,128.0,0.0
20682,1.0,183.0,0.0
20683,241.0,187.0,0.0
20684,145.0,432.0,0.0
20685,156.0,448.0,0.0
20686,136.0,106.0,0.0
20687,153.0,543.0,0.0
20688,211.0,370.0,0.0
20689,44.0,327.0,0.0
20690,152.0,287.0,0.0
20691,18.0,383.0,0.0
20692,217.0,449.0,0.0
20693,95.0,294.0,0.0
20694,85.0,361.0,0.0
20695,230.0,3.0,0.0
20696,259.0,228.0,0.0
20697,123.0,142.0,0.0
20698,244.0,206.0,0.0
20699,49.0,500.0,0.0
20700,64.0,324.0,0.0
20701,119.0,487.0,0.0
20702,260.0,264.0,0.0
20703,261.0,495.0,0.0
20704,87.0,472.0,0.0
20705,216.0,362.0,0.0
20706,85.0,456.0,0.0
20707,171.0,580.0,0.0
20708,187.0,239.0,0.0
20709,99.0,299.0,0.0
20710,209.0,579.0,0.0
20711,31.0,364.0,0.0
20712,123.0,65.0,0.0
20713,235.0,302.0,0.0
20714,87.0,560.0,0.0
20715,163.0,30.0,0.0
20716,219.0,547.0,0.0
20717,231.0,53.0,0.0
20718,6.0,560.0,0.0
20719,167.0,208.0,0.0
20720,153.0,176.0,0.0
20721,187.0,465.0,0.0
20722,238.0,210.0,0.0
20723,103.0,229.0,0.0
20724,181.0,198.0,0.0
20725,155.0,69.0,0.0
20726,252.0,397.0,0.0
20727,195.0,249.0,0.0
20728,4.0,463.0,0.0
20729,212.0,425.0,0.0
20730,10.0,41.0,0.0
20731,247.0,553.0,0.0
20732,246.0,238.0,0.0
20733,128.0,29.0,0.0
20734,188.0,8.0,0.0
20735,15.0,441.0,0.0
20736,260.0,33.0,0.0
20737,126.0,319.0,0.0
20738,130.0,528.0,0.0
20739,189.0,160.0,0.0
20740,224.0,185.0,0.0
20741,15.0,538.0,0.0
20742,77.0,534.0,0.0
20743,49.0,320.0,0.0
20744,190.0,17.0,0.0
20745,211.0,102.0,0.0
20746,239.0,457.0,0.0
20747,70.0,370.0,0.0
20748,251.0,552.0,0.0
20749,66.0,170.0,0.0
20750,38.0,555.0,0.0
20751,102.0,560.0,0.0
20752,242.0,5.0,0.0
20753,78.0,533.0,0.0
20754,187.0,325.0,0.0
20755,130.0,396.0,0.0
20756,221.0,286.0,0.0
20757,76.0,552.0,0.0
20758,110.0,360.0,0.0
20759,190.0,432.0,0.0
20760,139.0,565.0,0.0
20761,163.0,352.0,0.0
20762,142.0,97.0,0.0
20763,134.0,26.0,0.0
20764,109.0,464.0,0.0
20765,21.0,458.0,0.0
20766,187.0,152.0,0.0
20767,256.0,553.0,0.0
20768,137.0,86.0,0.0
20769,138.0,504.0,0.0
20770,223.0,28.0,0.0
20771,57.0,249.0,0.0
20772,25.0,275.0,0.0
20773,138.0,64.0,0.0
20774,183.0,446.0,0.0
20775,59.0,197.0,0.0
20776,25.0,97.0,0.0
20777,185.0,347.0,0.0
20778,163.0,431.0,0.0
20779,105.0,271.0,0.0
20780,120.0,46.0,0.0
20781,137.0,83.0,0.0
20782,23.0,346.0,0.0
20783,106.0,215.0,0.0
20784,8.0,110.0,0.0
20785,90.0,387.0,0.0
20786,14.0,89.0,0.0
20787,9.0,101.0,0.0
20788,25.0,406.0,0.0
20789,132.0,579.0,0.0
20790,74.0,406.0,0.0
20791,232.0,492.0,0.0
20792,156.0,323.0,0.0
20793,106.0,53.0,0.0
20794,216.0,458.0,0.0
20795,152.0,483.0,0.0
20796,220.0,317.0,0.0
20797,260.0,516.0,0.0
20798,36.0,179.0,0.0
20799,213.0,152.0,0.0
20800,144.0,106.0,0.0
20801,158.0,106.0,0.0
20802,32.0,596.0,0.0
20803,189.0,239.0,0.0
20804,162.0,56.0,0.0
20805,239.0,99.0,0.0
20806,90.0,128.0,0.0
20807,118.0,340.0,0.0
20808,238.0,446.0,0.0
20809,92.0,97.0,0.0
20810,252.0,229.0,0.0
20811,224.0,305.0,0.0
20812,240.0,61.0,0.0
20813,240.0,572.0,0.0
20814,66.0,447.0,0.0
20815,21.0,263.0,0.0
20816,140.0,180.0,0.0
20817,187.0,416.0,0.0
20818,13.0,186.0,0.0
20819,68.0,518.0,0.0
20820,31.0,96.0,0.0
20821,92.0,339.0,0.0
20822,139.0,343.0,0.0
20823,100.0,4.0,0.0
20824,85.0,174.0,0.0
20825,222.0,110.0,0.0
20826,27.0,545.0,0.0
20827,186.0,464.0,0.0
20828,241.0,95.0,0.0
20829,166.0,163.0,0.0
20830,182.0,262.0,0.0
20831,93.0,178.0,0.0
20832,240.0,470.0,0.0
20833,207.0,4.0,0.0
20834,23.0,458.0,0.0
20835,167.0,276.0,0.0
20836,49.0,259.0,0.0
20837,17.0,591.0,0.0
20838,80.0,128.0,0.0
20839,255.0,556.0,0.0
20840,85.0,210.0,0.0
20841,151.0,523.0,0.0
20842,42.0,455.0,0.0
20843,197.0,27.0,0.0
20844,213.0,567.0,0.0
20845,122.0,372.0,0.0
20846,156.0,160.0,0.0
20847,146.0,403.0,0.0
20848,235.0,114.0,0.0
20849,139.0,79.0,0.0
20850,175.0,150.0,0.0
20851,189.0,442.0,0.0
20852,189.0,402.0,0.0
20853,21.0,369.0,0.0
20854,68.0,19.0,0.0
20855,134.0,432.0,0.0
20856,268.0,107.0,0.0
20857,147.0,456.0,0.0
20858,112.0,156.0,0.0
20859,32.0,6.0,0.0
20860,80.0,98.0,0.0
20861,235.0,211.0,0.0
20862,177.0,46.0,0.0
20863,120.0,78.0,0.0
20864,203.0,537.0,0.0
20865,103.0,486.0,0.0
20866,5.0,405.0,0.0
20867,152.0,456.0,0.0
20868,87.0,318.0,0.0
20869,14.0,581.0,0.0
20870,106.0,417.0,0.0
20871,161.0,120.0,0.0
20872,238.0,409.0,0.0
20873,141.0,393.0,0.0
20874,118.0,237.0,0.0
20875,245.0,37.0,0.0
20876,153.0,246.0,0.0
20877,254.0,373.0,0.0
20878,188.0,22.0,0.0
20879,77.0,369.0,0.0
20880,81.0,164.0,0.0
20881,191.0,141.0,0.0
20882,61.0,553.0,0.0
20883,0.0,256.0,0.0
20884,79.0,54.0,0.0
20885,220.0,249.0,0.0
20886,145.0,324.0,0.0
20887,86.0,171.0,0.0
20888,140.0,118.0,0.0
20889,223.0,465.0,0.0
20890,266.0,323.0,0.0
20891,83.0,199.0,0.0
20892,150.0,141.0,0.0
20893,126.0,485.0,0.0
20894,130.0,19.0,0.0
20895,54.0,232.0,0.0
20896,19.0,7.0,0.0
20897,137.0,370.0,0.0
20898,216.0,503.0,0.0
20899,109.0,320.0,0.0
20900,190.0,36.0,0.0
20901,209.0,198.0,0.0
20902,242.0,376.0,0.0
20903,42.0,73.0,0.0
20904,210.0,364.0,0.0
20905,133.0,295.0,0.0
20906,164.0,442.0,0.0
20907,131.0,592.0,0.0
20908,55.0,330.0,0.0
20909,265.0,157.0,0.0
20910,115.0,293.0,0.0
20911,47.0,597.0,0.0
20912,18.0,446.0,0.0
20913,148.0,152.0,0.0
20914,89.0,551.0,0.0
20915,23.0,397.0,0.0
20916,192.0,241.0,0.0
20917,247.0,571.0,0.0
20918,40.0,510.0,0.0
20919,180.0,286.0,0.0
20920,124.0,65.0,0.0
20921,31.0,321.0,0.0
20922,166.0,487.0,0.0
20923,87.0,178.0,0.0
20924,93.0,114.0,0.0
20925,168.0,131.0,0.0
20926,183.0,347.0,0.0
20927,1.0,515.0,0.0
20928,229.0,87.0,0.0
20929,243.0,22.0,0.0
20930,201.0,283.0,0.0
20931,169.0,583.0,0.0
20932,176.0,327.0,0.0
20933,95.0,381.0,0.0
20934,263.0,2.0,0.0
20935,120.0,462.0,0.0
20936,120.0,463.0,0.0
20937,170.0,224.0,0.0
20938,27.0,236.0,0.0
20939,23.0,48.0,0.0
20940,183.0,492.0,0.0
20941,225.0,53.0,0.0
20942,188.0,15.0,0.0
20943,189.0,236.0,0.0
20944,220.0,486.0,0.0
20945,99.0,536.0,0.0
20946,4.0,37.0,0.0
20947,78.0,403.0,0.0
20948,249.0,57.0,0.0
20949,171.0,99.0,0.0
20950,14.0,584.0,0.0
20951,23.0,564.0,0.0
20952,63.0,130.0,0.0
20953,50.0,190.0,0.0
20954,87.0,68.0,0.0
20955,220.0,448.0,0.0
20956,184.0,234.0,0.0
20957,159.0,529.0,0.0
20958,230.0,42.0,0.0
20959,63.0,111.0,0.0
20960,58.0,254.0,0.0
20961,107.0,256.0,0.0
20962,103.0,207.0,0.0
20963,39.0,304.0,0.0
20964,113.0,181.0,0.0
20965,264.0,518.0,0.0
20966,52.0,118.0,0.0
20967,204.0,487.0,0.0
20968,163.0,97.0,0.0
20969,241.0,509.0,0.0
20970,48.0,159.0,0.0
20971,214.0,578.0,0.0
20972,54.0,266.0,0.0
20973,264.0,118.0,0.0
20974,205.0,431.0,0.0
20975,28.0,242.0,0.0
20976,74.0,547.0,0.0
20977,177.0,265.0,0.0
20978,20.0,125.0,0.0
20979,97.0,279.0,0.0
20980,124.0,528.0,0.0
20981,68.0,269.0,0.0
20982,164.0,587.0,0.0
20983,43.0,184.0,0.0
20984,125.0,187.0,0.0
20985,176.0,234.0,0.0
20986,38.0,195.0,0.0
20987,40.0,175.0,0.0
20988,199.0,163.0,0.0
20989,140.0,102.0,0.0
20990,22.0,348.0,0.0
20991,205.0,136.0,0.0
20992,44.0,502.0,0.0
20993,227.0,74.0,0.0
20994,184.0,536.0,0.0
20995,242.0,576.0,0.0
20996,86.0,535.0,0.0
20997,29.0,535.0,0.0
20998,135.0,260.0,0.0
20999,41.0,418.0,0.0
21000,49.0,540.0,0.0
21001,214.0,374.0,0.0
21002,112.0,137.0,0.0
21003,127.0,23.0,0.0
21004,195.0,157.0,0.0
21005,248.0,277.0,0.0
21006,260.0,114.0,0.0
21007,198.0,447.0,0.0
21008,124.0,132.0,0.0
21009,255.0,58.0,0.0
21010,268.0,389.0,0.0
21011,166.0,552.0,0.0
21012,91.0,394.0,0.0
21013,179.0,198.0,0.0
21014,197.0,508.0,0.0
21015,138.0,423.0,0.0
21016,212.0,481.0,0.0
21017,130.0,333.0,0.0
21018,247.0,87.0,0.0
21019,20.0,364.0,0.0
21020,216.0,358.0,0.0
21021,138.0,3.0,0.0
21022,84.0,244.0,0.0
21023,174.0,117.0,0.0
21024,177.0,45.0,0.0
21025,194.0,335.0,0.0
21026,184.0,592.0,0.0
21027,110.0,578.0,0.0
21028,18.0,206.0,0.0
21029,222.0,251.0,0.0
21030,153.0,340.0,0.0
21031,236.0,500.0,0.0
21032,231.0,244.0,0.0
21033,48.0,529.0,0.0
21034,23.0,179.0,0.0
21035,236.0,559.0,0.0
21036,115.0,359.0,0.0
21037,193.0,120.0,0.0
21038,249.0,331.0,0.0
21039,26.0,193.0,0.0
21040,40.0,479.0,0.0
21041,55.0,45.0,0.0
21042,74.0,53.0,0.0
21043,167.0,101.0,0.0
21044,64.0,306.0,0.0
21045,30.0,173.0,0.0
21046,40.0,556.0,0.0
21047,79.0,335.0,0.0
21048,69.0,296.0,0.0
21049,240.0,428.0,0.0
21050,170.0,228.0,0.0
21051,9.0,286.0,0.0
21052,260.0,75.0,0.0
21053,139.0,67.0,0.0
21054,104.0,565.0,0.0
21055,209.0,24.0,0.0
21056,122.0,102.0,0.0
21057,251.0,463.0,0.0
21058,212.0,216.0,0.0
21059,84.0,3.0,0.0
21060,54.0,111.0,0.0
21061,24.0,57.0,0.0
21062,38.0,143.0,0.0
21063,42.0,25.0,0.0
21064,7.0,445.0,0.0
21065,49.0,549.0,0.0
21066,84.0,26.0,0.0
21067,181.0,270.0,0.0
21068,91.0,313.0,0.0
21069,69.0,477.0,0.0
21070,221.0,118.0,0.0
21071,254.0,240.0,0.0
21072,177.0,466.0,0.0
21073,65.0,349.0,0.0
21074,54.0,269.0,0.0
21075,95.0,553.0,0.0
21076,170.0,263.0,0.0
21077,29.0,160.0,0.0
21078,146.0,319.0,0.0
21079,4.0,541.0,0.0
21080,240.0,383.0,0.0
21081,168.0,318.0,0.0
21082,50.0,233.0,0.0
21083,18.0,228.0,0.0
21084,80.0,121.0,0.0
21085,146.0,210.0,0.0
21086,33.0,324.0,0.0
21087,95.0,525.0,0.0
21088,122.0,557.0,0.0
21089,182.0,200.0,0.0
21090,6.0,430.0,0.0
21091,57.0,227.0,0.0
21092,245.0,150.0,0.0
21093,82.0,462.0,0.0
21094,198.0,555.0,0.0
21095,124.0,299.0,0.0
21096,17.0,542.0,0.0
21097,91.0,490.0,0.0
21098,211.0,136.0,0.0
21099,122.0,433.0,0.0
21100,15.0,341.0,0.0
21101,103.0,14.0,0.0
21102,23.0,561.0,0.0
21103,160.0,440.0,0.0
21104,76.0,411.0,0.0
21105,160.0,434.0,0.0
21106,145.0,67.0,0.0
21107,253.0,31.0,0.0
21108,170.0,401.0,0.0
21109,129.0,184.0,0.0
21110,240.0,367.0,0.0
21111,236.0,154.0,0.0
21112,168.0,590.0,0.0
21113,98.0,194.0,0.0
21114,250.0,338.0,0.0
21115,262.0,527.0,0.0
21116,68.0,273.0,0.0
21117,66.0,511.0,0.0
21118,208.0,193.0,0.0
21119,222.0,367.0,0.0
21120,65.0,578.0,0.0
21121,92.0,162.0,0.0
21122,37.0,277.0,0.0
21123,97.0,303.0,0.0
21124,85.0,516.0,0.0
21125,151.0,216.0,0.0
21126,69.0,391.0,0.0
21127,53.0,155.0,0.0
21128,86.0,108.0,0.0
21129,254.0,412.0,0.0
21130,187.0,590.0,0.0
21131,262.0,507.0,0.0
21132,253.0,215.0,0.0
21133,163.0,529.0,0.0
21134,27.0,133.0,0.0
21135,3.0,511.0,0.0
21136,39.0,560.0,0.0
21137,3.0,318.0,0.0
21138,38.0,582.0,0.0
21139,151.0,289.0,0.0
21140,63.0,11.0,0.0
21141,190.0,57.0,0.0
21142,74.0,90.0,0.0
21143,34.0,129.0,0.0
21144,147.0,349.0,0.0
21145,15.0,224.0,0.0
21146,111.0,139.0,0.0
21147,38.0,236.0,0.0
21148,267.0,491.0,0.0
21149,226.0,287.0,0.0
21150,161.0,453.0,0.0
21151,230.0,588.0,0.0
21152,66.0,165.0,0.0
21153,240.0,587.0,0.0
21154,256.0,244.0,0.0
21155,263.0,199.0,0.0
21156,209.0,574.0,0.0
21157,119.0,242.0,0.0
21158,19.0,544.0,0.0
21159,201.0,482.0,0.0
21160,125.0,165.0,0.0
21161,126.0,449.0,0.0
21162,61.0,345.0,0.0
21163,115.0,114.0,0.0
21164,26.0,458.0,0.0
21165,266.0,515.0,0.0
21166,243.0,527.0,0.0
21167,178.0,177.0,0.0
21168,35.0,375.0,0.0
21169,28.0,50.0,0.0
21170,215.0,139.0,0.0
21171,188.0,248.0,0.0
21172,215.0,569.0,0.0
21173,115.0,488.0,0.0
21174,155.0,311.0,0.0
21175,267.0,114.0,0.0
21176,54.0,122.0,0.0
21177,173.0,465.0,0.0
21178,164.0,52.0,0.0
21179,161.0,182.0,0.0
21180,255.0,415.0,0.0
21181,228.0,228.0,0.0
21182,3.0,373.0,0.0
21183,104.0,144.0,0.0
21184,76.0,128.0,0.0
21185,187.0,587.0,0.0
21186,206.0,571.0,0.0
21187,209.0,338.0,0.0
21188,124.0,269.0,0.0
21189,199.0,344.0,0.0
21190,12.0,99.0,0.0
21191,143.0,235.0,0.0
21192,190.0,172.0,0.0
21193,144.0,328.0,0.0
21194,110.0,470.0,0.0
21195,66.0,96.0,0.0
21196,62.0,587.0,0.0
21197,80.0,597.0,0.0
21198,216.0,428.0,0.0
21199,175.0,219.0,0.0
21200,72.0,284.0,0.0
21201,2.0,46.0,0.0
21202,181.0,425.0,0.0
21203,186.0,552.0,0.0
21204,208.0,178.0,0.0
21205,189.0,144.0,0.0
21206,231.0,469.0,0.0
21207,63.0,188.0,0.0
21208,161.0,400.0,0.0
21209,110.0,160.0,0.0
21210,144.0,298.0,0.0
21211,13.0,319.0,0.0
21212,66.0,322.0,0.0
21213,264.0,385.0,0.0
21214,33.0,199.0,0.0
21215,39.0,479.0,0.0
21216,28.0,325.0,0.0
21217,15.0,403.0,0.0
21218,265.0,67.0,0.0
21219,22.0,224.0,0.0
21220,42.0,514.0,0.0
21221,235.0,540.0,0.0
21222,11.0,526.0,0.0
21223,12.0,560.0,0.0
21224,236.0,460.0,0.0
21225,107.0,293.0,0.0
21226,215.0,42.0,0.0
21227,195.0,503.0,0.0
21228,233.0,106.0,0.0
21229,99.0,360.0,0.0
21230,98.0,17.0,0.0
21231,245.0,236.0,0.0
21232,211.0,74.0,0.0
21233,22.0,70.0,0.0
21234,51.0,507.0,0.0
21235,187.0,175.0,0.0
21236,114.0,455.0,0.0
21237,39.0,210.0,0.0
21238,61.0,244.0,0.0
21239,146.0,569.0,0.0
21240,193.0,36.0,0.0
21241,51.0,592.0,0.0
21242,120.0,90.0,0.0
21243,236.0,473.0,0.0
21244,60.0,459.0,0.0
21245,147.0,0.0,0.0
21246,126.0,208.0,0.0
21247,217.0,211.0,0.0
21248,170.0,335.0,0.0
21249,95.0,550.0,0.0
21250,189.0,341.0,0.0
21251,18.0,256.0,0.0
21252,232.0,357.0,0.0
21253,180.0,514.0,0.0
21254,46.0,567.0,0.0
21255,107.0,339.0,0.0
21256,193.0,490.0,0.0
21257,32.0,435.0,0.0
21258,80.0,348.0,0.0
21259,146.0,524.0,0.0
21260,135.0,565.0,0.0
21261,57.0,111.0,0.0
21262,228.0,479.0,0.0
21263,251.0,260.0,0.0
21264,80.0,136.0,0.0
21265,38.0,151.0,0.0
21266,136.0,560.0,0.0
21267,16.0,537.0,0.0
21268,106.0,145.0,0.0
21269,146.0,274.0,0.0
21270,21.0,27.0,0.0
21271,76.0,531.0,0.0
21272,108.0,257.0,0.0
21273,70.0,249.0,0.0
21274,126.0,76.0,0.0
21275,194.0,14.0,0.0
21276,73.0,131.0,0.0
21277,42.0,56.0,0.0
21278,161.0,293.0,0.0
21279,65.0,450.0,0.0
21280,96.0,371.0,0.0
21281,207.0,255.0,0.0
21282,143.0,462.0,0.0
21283,48.0,231.0,0.0
21284,187.0,291.0,0.0
21285,190.0,379.0,0.0
21286,216.0,19.0,0.0
21287,162.0,440.0,0.0
21288,73.0,147.0,0.0
21289,134.0,320.0,0.0
21290,36.0,14.0,0.0
21291,238.0,432.0,0.0
21292,249.0,321.0,0.0
21293,133.0,11.0,0.0
21294,170.0,305.0,0.0
21295,80.0,481.0,0.0
21296,105.0,372.0,0.0
21297,26.0,418.0,0.0
21298,14.0,182.0,0.0
21299,127.0,519.0,0.0
21300,33.0,118.0,0.0
21301,151.0,292.0,0.0
21302,36.0,126.0,0.0
21303,245.0,203.0,0.0
21304,173.0,145.0,0.0
21305,38.0,554.0,0.0
21306,2.0,52.0,0.0
21307,109.0,529.0,0.0
21308,258.0,362.0,0.0
21309,116.0,527.0,0.0
21310,55.0,55.0,0.0
21311,126.0,264.0,0.0
21312,244.0,66.0,0.0
21313,68.0,97.0,0.0
21314,255.0,142.0,0.0
21315,189.0,158.0,0.0
21316,95.0,330.0,0.0
21317,50.0,123.0,0.0
21318,19.0,214.0,0.0
21319,64.0,282.0,0.0
21320,65.0,362.0,0.0
21321,201.0,268.0,0.0
21322,26.0,376.0,0.0
21323,15.0,501.0,0.0
21324,177.0,202.0,0.0
21325,44.0,522.0,0.0
21326,148.0,74.0,0.0
21327,53.0,57.0,0.0
21328,43.0,351.0,0.0
21329,39.0,219.0,0.0
21330,240.0,509.0,0.0
21331,116.0,155.0,0.0
21332,209.0,276.0,0.0
21333,245.0,522.0,0.0
21334,235.0,395.0,0.0
21335,230.0,121.0,0.0
21336,70.0,154.0,0.0
21337,107.0,514.0,0.0
21338,50.0,55.0,0.0
21339,146.0,408.0,0.0
21340,170.0,57.0,0.0
21341,250.0,506.0,0.0
21342,88.0,374.0,0.0
21343,242.0,212.0,0.0
21344,168.0,417.0,0.0
21345,68.0,293.0,0.0
21346,117.0,246.0,0.0
21347,207.0,395.0,0.0
21348,77.0,191.0,0.0
21349,210.0,371.0,0.0
21350,205.0,132.0,0.0
21351,62.0,374.0,0.0
21352,246.0,164.0,0.0
21353,69.0,313.0,0.0
21354,205.0,494.0,0.0
21355,218.0,557.0,0.0
21356,84.0,162.0,0.0
21357,32.0,0.0,0.0
21358,81.0,583.0,0.0
21359,72.0,398.0,0.0
21360,97.0,181.0,0.0
21361,218.0,213.0,0.0
21362,179.0,250.0,0.0
21363,21.0,323.0,0.0
21364,122.0,174.0,0.0
21365,238.0,398.0,0.0
21366,0.0,37.0,0.0
21367,42.0,234.0,0.0
21368,196.0,228.0,0.0
21369,193.0,44.0,0.0
21370,98.0,506.0,0.0
21371,31.0,559.0,0.0
21372,156.0,68.0,0.0
21373,171.0,162.0,0.0
21374,58.0,294.0,0.0
21375,60.0,171.0,0.0
21376,30.0,561.0,0.0
21377,209.0,99.0,0.0
21378,240.0,301.0,0.0
21379,97.0,160.0,0.0
21380,241.0,123.0,0.0
21381,66.0,433.0,0.0
21382,8.0,345.0,0.0
21383,56.0,321.0,0.0
21384,73.0,47.0,0.0
21385,76.0,262.0,0.0
21386,23.0,33.0,0.0
21387,4.0,512.0,0.0
21388,156.0,43.0,0.0
21389,185.0,320.0,0.0
21390,194.0,593.0,0.0
21391,28.0,189.0,0.0
21392,232.0,312.0,0.0
21393,111.0,302.0,0.0
21394,43.0,83.0,0.0
21395,20.0,443.0,0.0
21396,21.0,216.0,0.0
21397,159.0,56.0,0.0
21398,74.0,364.0,0.0
21399,204.0,558.0,0.0
21400,194.0,141.0,0.0
21401,203.0,419.0,0.0
21402,169.0,299.0,0.0
21403,206.0,486.0,0.0
21404,15.0,159.0,0.0
21405,161.0,1.0,0.0
21406,108.0,353.0,0.0
21407,49.0,147.0,0.0
21408,30.0,559.0,0.0
21409,97.0,581.0,0.0
21410,151.0,345.0,0.0
21411,28.0,236.0,0.0
21412,225.0,6.0,0.0
21413,87.0,568.0,0.0
21414,12.0,477.0,0.0
21415,202.0,149.0,0.0
21416,185.0,233.0,0.0
21417,187.0,572.0,0.0
21418,187.0,326.0,0.0
21419,70.0,278.0,0.0
21420,30.0,487.0,0.0
21421,173.0,356.0,0.0
21422,233.0,198.0,0.0
21423,23.0,238.0,0.0
21424,198.0,567.0,0.0
21425,228.0,97.0,0.0
21426,115.0,439.0,0.0
21427,266.0,499.0,0.0
21428,251.0,295.0,0.0
21429,54.0,359.0,0.0
21430,137.0,415.0,0.0
21431,267.0,137.0,0.0
21432,35.0,342.0,0.0
21433,0.0,163.0,0.0
21434,116.0,589.0,0.0
21435,171.0,386.0,0.0
21436,54.0,58.0,0.0
21437,84.0,437.0,0.0
21438,154.0,585.0,0.0
21439,122.0,394.0,0.0
21440,259.0,488.0,0.0
21441,4.0,528.0,0.0
21442,47.0,250.0,0.0
21443,179.0,173.0,0.0
21444,21.0,205.0,0.0
21445,121.0,263.0,0.0
21446,92.0,504.0,0.0
21447,164.0,487.0,0.0
21448,154.0,241.0,0.0
21449,24.0,289.0,0.0
21450,227.0,79.0,0.0
21451,38.0,468.0,0.0
21452,165.0,172.0,0.0
21453,116.0,417.0,0.0
21454,53.0,211.0,0.0
21455,41.0,516.0,0.0
21456,68.0,104.0,0.0
21457,199.0,149.0,0.0
21458,61.0,422.0,0.0
21459,69.0,503.0,0.0
21460,38.0,360.0,0.0
21461,143.0,331.0,0.0
21462,162.0,500.0,0.0
21463,165.0,64.0,0.0
21464,153.0,507.0,0.0
21465,18.0,387.0,0.0
21466,104.0,99.0,0.0
21467,174.0,389.0,0.0
21468,267.0,596.0,0.0
21469,99.0,121.0,0.0
21470,176.0,300.0,0.0
21471,190.0,324.0,0.0
21472,265.0,403.0,0.0
21473,268.0,159.0,0.0
21474,57.0,320.0,0.0
21475,198.0,323.0,0.0
21476,205.0,591.0,0.0
21477,206.0,170.0,0.0
21478,127.0,361.0,0.0
21479,103.0,33.0,0.0
21480,256.0,361.0,0.0
21481,97.0,298.0,0.0
21482,230.0,24.0,0.0
21483,50.0,167.0,0.0
21484,153.0,49.0,0.0
21485,210.0,106.0,0.0
21486,200.0,110.0,0.0
21487,93.0,84.0,0.0
21488,16.0,189.0,0.0
21489,265.0,383.0,0.0
21490,174.0,327.0,0.0
21491,96.0,485.0,0.0
21492,235.0,487.0,0.0
21493,256.0,177.0,0.0
21494,163.0,173.0,0.0
21495,133.0,552.0,0.0
21496,66.0,451.0,0.0
21497,17.0,88.0,0.0
21498,228.0,361.0,0.0
21499,83.0,99.0,0.0
21500,39.0,320.0,0.0
21501,171.0,259.0,0.0
21502,74.0,465.0,0.0
21503,25.0,269.0,0.0
21504,11.0,201.0,0.0
21505,50.0,168.0,0.0
21506,148.0,266.0,0.0
21507,129.0,76.0,0.0
21508,59.0,293.0,0.0
21509,191.0,473.0,0.0
21510,101.0,436.0,0.0
21511,237.0,469.0,0.0
21512,239.0,324.0,0.0
21513,227.0,3.0,0.0
21514,107.0,4.0,0.0
21515,244.0,550.0,0.0
21516,13.0,18.0,0.0
21517,87.0,119.0,0.0
21518,238.0,344.0,0.0
21519,56.0,153.0,0.0
21520,259.0,505.0,0.0
21521,194.0,165.0,0.0
21522,258.0,540.0,0.0
21523,104.0,86.0,0.0
21524,193.0,542.0,0.0
21525,224.0,335.0,0.0
21526,240.0,524.0,0.0
21527,261.0,580.0,0.0
21528,167.0,446.0,0.0
21529,97.0,26.0,0.0
21530,184.0,119.0,0.0
21531,68.0,447.0,0.0
21532,59.0,432.0,0.0
21533,192.0,152.0,0.0
21534,124.0,203.0,0.0
21535,66.0,194.0,0.0
21536,62.0,170.0,0.0
21537,68.0,402.0,0.0
21538,173.0,333.0,0.0
21539,134.0,4.0,0.0
21540,228.0,428.0,0.0
21541,10.0,594.0,0.0
21542,235.0,287.0,0.0
21543,41.0,324.0,0.0
21544,179.0,63.0,0.0
21545,110.0,533.0,0.0
21546,49.0,420.0,0.0
21547,258.0,335.0,0.0
21548,44.0,195.0,0.0
21549,260.0,142.0,0.0
21550,20.0,235.0,0.0
21551,208.0,411.0,0.0
21552,113.0,347.0,0.0
21553,229.0,30.0,0.0
21554,186.0,121.0,0.0
21555,184.0,585.0,0.0
21556,97.0,359.0,0.0
21557,131.0,205.0,0.0
21558,216.0,347.0,0.0
21559,203.0,315.0,0.0
21560,209.0,14.0,0.0
21561,7.0,14.0,0.0
21562,173.0,539.0,0.0
21563,196.0,153.0,0.0
21564,265.0,32.0,0.0
21565,181.0,366.0,0.0
21566,166.0,275.0,0.0
21567,111.0,390.0,0.0
21568,243.0,263.0,0.0
21569,140.0,568.0,0.0
21570,268.0,316.0,0.0
21571,177.0,562.0,0.0
21572,50.0,266.0,0.0
21573,218.0,483.0,0.0
21574,19.0,464.0,0.0
21575,154.0,289.0,0.0
21576,178.0,285.0,0.0
21577,168.0,163.0,0.0
21578,211.0,24.0,0.0
21579,154.0,233.0,0.0
21580,73.0,102.0,0.0
21581,250.0,329.0,0.0
21582,206.0,351.0,0.0
21583,77.0,301.0,0.0
21584,67.0,559.0,0.0
21585,59.0,292.0,0.0
21586,14.0,228.0,0.0
21587,40.0,51.0,0.0
21588,105.0,534.0,0.0
21589,242.0,572.0,0.0
21590,92.0,36.0,0.0
21591,124.0,72.0,0.0
21592,107.0,120.0,0.0
21593,27.0,96.0,0.0
21594,11.0,342.0,0.0
21595,154.0,81.0,0.0
21596,26.0,267.0,0.0
21597,199.0,338.0,0.0
21598,154.0,114.0,0.0
21599,257.0,356.0,0.0
21600,196.0,504.0,0.0
21601,117.0,169.0,0.0
21602,143.0,169.0,0.0
21603,257.0,230.0,0.0
21604,187.0,370.0,0.0
21605,249.0,412.0,0.0
21606,258.0,255.0,0.0
21607,63.0,516.0,0.0
21608,175.0,437.0,0.0
21609,217.0,52.0,0.0
21610,95.0,60.0,0.0
21611,113.0,192.0,0.0
21612,83.0,507.0,0.0
21613,197.0,360.0,0.0
21614,227.0,224.0,0.0
21615,204.0,209.0,0.0
21616,136.0,273.0,0.0
21617,243.0,432.0,0.0
21618,159.0,553.0,0.0
21619,80.0,220.0,0.0
21620,192.0,127.0,0.0
21621,247.0,398.0,0.0
21622,85.0,53.0,0.0
21623,24.0,415.0,0.0
21624,21.0,102.0,0.0
21625,16.0,198.0,0.0
21626,25.0,153.0,0.0
21627,177.0,455.0,0.0
21628,70.0,105.0,0.0
21629,110.0,261.0,0.0
21630,169.0,323.0,0.0
21631,115.0,592.0,0.0
21632,231.0,576.0,0.0
21633,254.0,235.0,0.0
21634,193.0,447.0,0.0
21635,149.0,448.0,0.0
21636,103.0,156.0,0.0
21637,190.0,489.0,0.0
21638,76.0,518.0,0.0
21639,24.0,279.0,0.0
21640,79.0,581.0,0.0
21641,243.0,94.0,0.0
21642,34.0,464.0,0.0
21643,110.0,312.0,0.0
21644,125.0,574.0,0.0
21645,99.0,355.0,0.0
21646,132.0,272.0,0.0
21647,213.0,412.0,0.0
21648,49.0,397.0,0.0
21649,209.0,471.0,0.0
21650,1.0,520.0,0.0
21651,237.0,407.0,0.0
21652,224.0,410.0,0.0
21653,66.0,302.0,0.0
21654,136.0,61.0,0.0
21655,244.0,167.0,0.0
21656,8.0,541.0,0.0
21657,244.0,215.0,0.0
21658,86.0,580.0,0.0
21659,10.0,414.0,0.0
21660,79.0,406.0,0.0
21661,197.0,532.0,0.0
21662,20.0,358.0,0.0
21663,219.0,374.0,0.0
21664,102.0,197.0,0.0
21665,48.0,564.0,0.0
21666,174.0,229.0,0.0
21667,31.0,271.0,0.0
21668,143.0,444.0,0.0
21669,163.0,152.0,0.0
21670,231.0,477.0,0.0
21671,240.0,324.0,0.0
21672,106.0,483.0,0.0
21673,142.0,274.0,0.0
21674,44.0,540.0,0.0
21675,257.0,352.0,0.0
21676,191.0,592.0,0.0
21677,170.0,99.0,0.0
21678,0.0,414.0,0.0
21679,106.0,3.0,0.0
21680,107.0,501.0,0.0
21681,208.0,282.0,0.0
21682,14.0,303.0,0.0
21683,116.0,468.0,0.0
21684,219.0,253.0,0.0
21685,230.0,571.0,0.0
21686,209.0,339.0,0.0
21687,227.0,415.0,0.0
21688,103.0,483.0,0.0
21689,36.0,119.0,0.0
21690,81.0,475.0,0.0
21691,40.0,437.0,0.0
21692,5.0,524.0,0.0
21693,150.0,244.0,0.0
21694,47.0,220.0,0.0
21695,76.0,311.0,0.0
21696,252.0,114.0,0.0
21697,209.0,126.0,0.0
21698,79.0,396.0,0.0
21699,205.0,45.0,0.0
21700,244.0,116.0,0.0
21701,112.0,329.0,0.0
21702,242.0,511.0,0.0
21703,151.0,266.0,0.0
21704,27.0,387.0,0.0
21705,55.0,35.0,0.0
21706,195.0,571.0,0.0
21707,50.0,403.0,0.0
21708,113.0,550.0,0.0
21709,10.0,579.0,0.0
21710,156.0,118.0,0.0
21711,78.0,585.0,0.0
21712,134.0,252.0,0.0
21713,111.0,169.0,0.0
21714,80.0,512.0,0.0
21715,227.0,243.0,0.0
21716,36.0,422.0,0.0
21717,192.0,479.0,0.0
21718,7.0,526.0,0.0
21719,222.0,382.0,0.0
21720,227.0,504.0,0.0
21721,95.0,73.0,0.0
21722,69.0,322.0,0.0
21723,54.0,467.0,0.0
21724,242.0,192.0,0.0
21725,54.0,287.0,0.0
21726,121.0,215.0,0.0
21727,206.0,183.0,0.0
21728,116.0,425.0,0.0
21729,265.0,360.0,0.0
21730,8.0,310.0,0.0
21731,104.0,548.0,0.0
21732,6.0,354.0,0.0
21733,110.0,234.0,0.0
21734,166.0,46.0,0.0
21735,213.0,324.0,0.0
21736,199.0,586.0,0.0
21737,118.0,235.0,0.0
21738,59.0,316.0,0.0
21739,247.0,249.0,0.0
21740,49.0,41.0,0.0
21741,165.0,340.0,0.0
21742,226.0,345.0,0.0
21743,7.0,395.0,0.0
21744,24.0,299.0,0.0
21745,253.0,459.0,0.0
21746,127.0,329.0,0.0
21747,154.0,596.0,0.0
21748,186.0,143.0,0.0
21749,77.0,354.0,0.0
21750,61.0,160.0,0.0
21751,154.0,574.0,0.0
21752,66.0,336.0,0.0
21753,228.0,132.0,0.0
21754,147.0,174.0,0.0
21755,249.0,558.0,0.0
21756,152.0,66.0,0.0
21757,59.0,80.0,0.0
21758,125.0,203.0,0.0
21759,206.0,508.0,0.0
21760,152.0,547.0,0.0
21761,183.0,369.0,0.0
21762,41.0,54.0,0.0
21763,23.0,591.0,0.0
21764,251.0,264.0,0.0
21765,61.0,355.0,0.0
21766,160.0,116.0,0.0
21767,129.0,477.0,0.0
21768,53.0,469.0,0.0
21769,207.0,361.0,0.0
21770,65.0,566.0,0.0
21771,57.0,301.0,0.0
21772,33.0,430.0,0.0
21773,87.0,586.0,0.0
21774,163.0,506.0,0.0
21775,15.0,587.0,0.0
21776,223.0,402.0,0.0
21777,228.0,329.0,0.0
21778,138.0,230.0,0.0
21779,167.0,115.0,0.0
21780,66.0,255.0,0.0
21781,261.0,43.0,0.0
21782,247.0,77.0,0.0
21783,264.0,320.0,0.0
21784,82.0,290.0,0.0
21785,233.0,96.0,0.0
21786,265.0,303.0,0.0
21787,251.0,572.0,0.0
21788,150.0,439.0,0.0
21789,109.0,120.0,0.0
21790,244.0,123.0,0.0
21791,99.0,51.0,0.0
21792,188.0,491.0,0.0
21793,168.0,34.0,0.0
21794,70.0,418.0,0.0
21795,70.0,541.0,0.0
21796,260.0,50.0,0.0
21797,121.0,49.0,0.0
21798,149.0,209.0,0.0
21799,263.0,81.0,0.0
21800,22.0,392.0,0.0
21801,124.0,372.0,0.0
21802,56.0,280.0,0.0
21803,165.0,569.0,0.0
21804,147.0,362.0,0.0
21805,238.0,419.0,0.0
21806,229.0,596.0,0.0
21807,183.0,80.0,0.0
21808,15.0,579.0,0.0
21809,232.0,557.0,0.0
21810,170.0,222.0,0.0
21811,115.0,258.0,0.0
21812,257.0,393.0,0.0
21813,191.0,530.0,0.0
21814,66.0,590.0,0.0
21815,154.0,589.0,0.0
21816,72.0,138.0,0.0
21817,133.0,413.0,0.0
21818,3.0,482.0,0.0
21819,118.0,255.0,0.0
21820,45.0,484.0,0.0
21821,17.0,267.0,0.0
21822,263.0,112.0,0.0
21823,249.0,414.0,0.0
21824,71.0,140.0,0.0
21825,220.0,446.0,0.0
21826,233.0,75.0,0.0
21827,30.0,72.0,0.0
21828,237.0,134.0,0.0
21829,189.0,249.0,0.0
21830,173.0,157.0,0.0
21831,227.0,263.0,0.0
21832,234.0,28.0,0.0
21833,68.0,391.0,0.0
21834,90.0,191.0,0.0
21835,252.0,14.0,0.0
21836,57.0,427.0,0.0
21837,125.0,456.0,0.0
21838,153.0,339.0,0.0
21839,224.0,414.0,0.0
21840,256.0,211.0,0.0
21841,146.0,498.0,0.0
21842,84.0,547.0,0.0
21843,69.0,542.0,0.0
21844,173.0,476.0,0.0
21845,67.0,560.0,0.0
21846,28.0,58.0,0.0
21847,136.0,536.0,0.0
21848,31.0,173.0,0.0
21849,229.0,403.0,0.0
21850,221.0,161.0,0.0
21851,105.0,407.0,0.0
21852,265.0,188.0,0.0
21853,41.0,490.0,0.0
21854,159.0,449.0,0.0
21855,177.0,473.0,0.0
21856,26.0,302.0,0.0
21857,52.0,286.0,0.0
21858,263.0,228.0,0.0
21859,134.0,8.0,0.0
21860,204.0,482.0,0.0
21861,90.0,192.0,0.0
21862,139.0,575.0,0.0
21863,162.0,108.0,0.0
21864,43.0,409.0,0.0
21865,159.0,229.0,0.0
21866,184.0,428.0,0.0
21867,9.0,589.0,0.0
21868,11.0,189.0,0.0
21869,153.0,379.0,0.0
21870,92.0,88.0,0.0
21871,66.0,61.0,0.0
21872,26.0,34.0,0.0
21873,212.0,342.0,0.0
21874,237.0,503.0,0.0
21875,247.0,272.0,0.0
21876,7.0,589.0,0.0
21877,29.0,279.0,0.0
21878,168.0,394.0,0.0
21879,140.0,428.0,0.0
21880,158.0,178.0,0.0
21881,184.0,205.0,0.0
21882,99.0,192.0,0.0
21883,49.0,584.0,0.0
21884,17.0,328.0,0.0
21885,232.0,494.0,0.0
21886,145.0,486.0,0.0
21887,202.0,507.0,0.0
21888,187.0,140.0,0.0
21889,191.0,108.0,0.0
21890,110.0,275.0,0.0
21891,103.0,20.0,0.0
21892,121.0,67.0,0.0
21893,37.0,353.0,0.0
21894,121.0,476.0,0.0
21895,23.0,373.0,0.0
21896,211.0,363.0,0.0
21897,94.0,78.0,0.0
21898,143.0,397.0,0.0
21899,200.0,405.0,0.0
21900,225.0,1.0,0.0
21901,240.0,357.0,0.0
21902,58.0,10.0,0.0
21903,250.0,224.0,0.0
21904,90.0,380.0,0.0
21905,89.0,30.0,0.0
21906,20.0,49.0,0.0
21907,93.0,533.0,0.0
21908,188.0,580.0,0.0
21909,17.0,500.0,0.0
21910,95.0,308.0,0.0
21911,187.0,345.0,0.0
21912,88.0,327.0,0.0
21913,12.0,556.0,0.0
21914,59.0,304.0,0.0
21915,18.0,319.0,0.0
21916,53.0,221.0,0.0
21917,8.0,450.0,0.0
21918,45.0,421.0,0.0
21919,240.0,212.0,0.0
21920,180.0,401.0,0.0
21921,235.0,327.0,0.0
21922,125.0,339.0,0.0
21923,210.0,487.0,0.0
21924,197.0,375.0,0.0
21925,103.0,232.0,0.0
21926,164.0,101.0,0.0
21927,69.0,584.0,0.0
21928,87.0,531.0,0.0
21929,159.0,223.0,0.0
21930,58.0,283.0,0.0
21931,174.0,414.0,0.0
21932,99.0,85.0,0.0
21933,83.0,297.0,0.0
21934,57.0,545.0,0.0
21935,202.0,91.0,0.0
21936,79.0,503.0,0.0
21937,229.0,528.0,0.0
21938,92.0,224.0,0.0
21939,129.0,518.0,0.0
21940,60.0,575.0,0.0
21941,68.0,203.0,0.0
21942,116.0,588.0,0.0
21943,5.0,65.0,0.0
21944,142.0,429.0,0.0
21945,32.0,192.0,0.0
21946,106.0,170.0,0.0
21947,68.0,357.0,0.0
21948,113.0,280.0,0.0
21949,183.0,543.0,0.0
21950,79.0,196.0,0.0
21951,229.0,451.0,0.0
21952,267.0,490.0,0.0
21953,179.0,542.0,0.0
21954,26.0,74.0,0.0
21955,57.0,43.0,0.0
21956,251.0,340.0,0.0
21957,58.0,278.0,0.0
21958,136.0,132.0,0.0
21959,110.0,91.0,0.0
21960,126.0,571.0,0.0
21961,5.0,490.0,0.0
21962,53.0,373.0,0.0
21963,180.0,174.0,0.0
21964,154.0,49.0,0.0
21965,162.0,352.0,0.0
21966,210.0,18.0,0.0
21967,246.0,419.0,0.0
21968,256.0,120.0,0.0
21969,62.0,468.0,0.0
21970,63.0,487.0,0.0
21971,158.0,297.0,0.0
21972,198.0,111.0,0.0
21973,124.0,257.0,0.0
21974,151.0,167.0,0.0
21975,38.0,199.0,0.0
21976,16.0,411.0,0.0
21977,197.0,411.0,0.0
21978,108.0,449.0,0.0
21979,13.0,24.0,0.0
21980,188.0,593.0,0.0
21981,78.0,508.0,0.0
21982,126.0,184.0,0.0
21983,167.0,344.0,0.0
21984,210.0,348.0,0.0
21985,148.0,487.0,0.0
21986,13.0,316.0,0.0
21987,47.0,381.0,0.0
21988,187.0,237.0,0.0
21989,62.0,212.0,0.0
21990,244.0,87.0,0.0
21991,159.0,329.0,0.0
21992,250.0,34.0,0.0
21993,234.0,177.0,0.0
21994,0.0,201.0,0.0
21995,158.0,544.0,0.0
21996,27.0,115.0,0.0
21997,117.0,472.0,0.0
21998,41.0,81.0,0.0
21999,49.0,499.0,0.0
22000,18.0,595.0,0.0
22001,212.0,72.0,0.0
22002,202.0,324.0,0.0
22003,156.0,311.0,0.0
22004,158.0,435.0,0.0
22005,264.0,549.0,0.0
22006,179.0,586.0,0.0
22007,146.0,322.0,0.0
22008,234.0,299.0,0.0
22009,168.0,554.0,0.0
22010,206.0,27.0,0.0
22011,20.0,313.0,0.0
22012,130.0,509.0,0.0
22013,229.0,178.0,0.0
22014,2.0,178.0,0.0
22015,237.0,118.0,0.0
22016,20.0,286.0,0.0
22017,22.0,460.0,0.0
22018,268.0,519.0,0.0
22019,1.0,119.0,0.0
22020,4.0,360.0,0.0
22021,207.0,359.0,0.0
22022,243.0,116.0,0.0
22023,134.0,592.0,0.0
22024,3.0,476.0,0.0
22025,173.0,344.0,0.0
22026,59.0,527.0,0.0
22027,82.0,446.0,0.0
22028,117.0,360.0,0.0
22029,170.0,59.0,0.0
22030,203.0,150.0,0.0
22031,85.0,230.0,0.0
22032,142.0,446.0,0.0
22033,236.0,27.0,0.0
22034,222.0,325.0,0.0
22035,129.0,296.0,0.0
22036,156.0,551.0,0.0
22037,154.0,65.0,0.0
22038,238.0,423.0,0.0
22039,96.0,344.0,0.0
22040,21.0,433.0,0.0
22041,245.0,233.0,0.0
22042,107.0,435.0,0.0
22043,17.0,296.0,0.0
22044,72.0,289.0,0.0
22045,187.0,284.0,0.0
22046,36.0,218.0,0.0
22047,12.0,157.0,0.0
22048,263.0,220.0,0.0
22049,121.0,581.0,0.0
22050,98.0,62.0,0.0
22051,60.0,392.0,0.0
22052,144.0,145.0,0.0
22053,35.0,164.0,0.0
22054,8.0,470.0,0.0
22055,74.0,149.0,0.0
22056,2.0,391.0,0.0
22057,146.0,160.0,0.0
22058,124.0,13.0,0.0
22059,108.0,32.0,0.0
22060,236.0,394.0,0.0
22061,42.0,62.0,0.0
22062,193.0,439.0,0.0
22063,97.0,336.0,0.0
22064,108.0,493.0,0.0
22065,96.0,99.0,0.0
22066,135.0,539.0,0.0
22067,66.0,181.0,0.0
22068,228.0,453.0,0.0
22069,78.0,390.0,0.0
22070,148.0,496.0,0.0
22071,37.0,519.0,0.0
22072,35.0,28.0,0.0
22073,18.0,586.0,0.0
22074,182.0,244.0,0.0
22075,268.0,571.0,0.0
22076,244.0,596.0,0.0
22077,24.0,547.0,0.0
22078,243.0,436.0,0.0
22079,216.0,443.0,0.0
22080,109.0,501.0,0.0
22081,189.0,170.0,0.0
22082,260.0,91.0,0.0
22083,76.0,494.0,0.0
22084,135.0,218.0,0.0
22085,253.0,234.0,0.0
22086,96.0,131.0,0.0
22087,225.0,350.0,0.0
22088,36.0,76.0,0.0
22089,33.0,174.0,0.0
22090,30.0,386.0,0.0
22091,240.0,118.0,0.0
22092,99.0,143.0,0.0
22093,251.0,583.0,0.0
22094,145.0,298.0,0.0
22095,49.0,80.0,0.0
22096,200.0,57.0,0.0
22097,86.0,165.0,0.0
22098,124.0,221.0,0.0
22099,179.0,371.0,0.0
22100,63.0,237.0,0.0
22101,64.0,208.0,0.0
22102,136.0,80.0,0.0
22103,123.0,506.0,0.0
22104,172.0,37.0,0.0
22105,139.0,563.0,0.0
22106,188.0,535.0,0.0
22107,69.0,7.0,0.0
22108,138.0,519.0,0.0
22109,173.0,303.0,0.0
22110,58.0,296.0,0.0
22111,256.0,286.0,0.0
22112,162.0,466.0,0.0
22113,123.0,293.0,0.0
22114,24.0,252.0,0.0
22115,233.0,471.0,0.0
22116,138.0,536.0,0.0
22117,2.0,293.0,0.0
22118,107.0,44.0,0.0
22119,154.0,127.0,0.0
22120,240.0,56.0,0.0
22121,67.0,24.0,0.0
22122,38.0,489.0,0.0
22123,28.0,313.0,0.0
22124,92.0,286.0,0.0
22125,60.0,158.0,0.0
22126,85.0,294.0,0.0
22127,138.0,132.0,0.0
22128,247.0,382.0,0.0
22129,30.0,314.0,0.0
22130,93.0,427.0,0.0
22131,195.0,309.0,0.0
22132,125.0,562.0,0.0
22133,167.0,102.0,0.0
22134,176.0,580.0,0.0
22135,84.0,188.0,0.0
22136,178.0,502.0,0.0
22137,235.0,581.0,0.0
22138,124.0,68.0,0.0
22139,204.0,495.0,0.0
22140,232.0,415.0,0.0
22141,240.0,339.0,0.0
22142,229.0,562.0,0.0
22143,43.0,395.0,0.0
22144,211.0,37.0,0.0
22145,155.0,75.0,0.0
22146,223.0,358.0,0.0
22147,227.0,211.0,0.0
22148,201.0,226.0,0.0
22149,204.0,505.0,0.0
22150,63.0,75.0,0.0
22151,256.0,68.0,0.0
22152,35.0,360.0,0.0
22153,240.0,148.0,0.0
22154,94.0,419.0,0.0
22155,94.0,39.0,0.0
22156,152.0,404.0,0.0
22157,76.0,313.0,0.0
22158,167.0,361.0,0.0
22159,31.0,476.0,0.0
22160,245.0,251.0,0.0
22161,123.0,461.0,0.0
22162,230.0,239.0,0.0
22163,174.0,359.0,0.0
22164,51.0,364.0,0.0
22165,171.0,502.0,0.0
22166,63.0,4.0,0.0
22167,161.0,44.0,0.0
22168,156.0,432.0,0.0
22169,267.0,27.0,0.0
22170,107.0,160.0,0.0
22171,115.0,502.0,0.0
22172,1.0,460.0,0.0
22173,48.0,405.0,0.0
22174,111.0,579.0,0.0
22175,196.0,84.0,0.0
22176,156.0,578.0,0.0
22177,1.0,151.0,0.0
22178,128.0,424.0,0.0
22179,71.0,296.0,0.0
22180,67.0,455.0,0.0
22181,238.0,529.0,0.0
22182,47.0,472.0,0.0
22183,101.0,454.0,0.0
22184,261.0,74.0,0.0
22185,240.0,422.0,0.0
22186,264.0,219.0,0.0
22187,189.0,358.0,0.0
22188,42.0,75.0,0.0
22189,225.0,286.0,0.0
22190,166.0,363.0,0.0
22191,171.0,491.0,0.0
22192,261.0,279.0,0.0
22193,237.0,246.0,0.0
22194,174.0,555.0,0.0
22195,154.0,329.0,0.0
22196,76.0,360.0,0.0
22197,188.0,469.0,0.0
22198,161.0,336.0,0.0
22199,50.0,419.0,0.0
22200,7.0,240.0,0.0
22201,141.0,165.0,0.0
22202,1.0,497.0,0.0
22203,89.0,447.0,0.0
22204,90.0,180.0,0.0
22205,26.0,425.0,0.0
22206,84.0,338.0,0.0
22207,197.0,150.0,0.0
22208,229.0,390.0,0.0
22209,108.0,336.0,0.0
22210,40.0,14.0,0.0
22211,258.0,290.0,0.0
22212,215.0,205.0,0.0
22213,18.0,192.0,0.0
22214,151.0,128.0,0.0
22215,173.0,495.0,0.0
22216,164.0,464.0,0.0
22217,216.0,377.0,0.0
22218,260.0,150.0,0.0
22219,35.0,48.0,0.0
22220,263.0,13.0,0.0
22221,5.0,88.0,0.0
22222,37.0,504.0,0.0
22223,69.0,144.0,0.0
22224,226.0,515.0,0.0
22225,114.0,432.0,0.0
22226,106.0,448.0,0.0
22227,261.0,410.0,0.0
22228,24.0,370.0,0.0
22229,163.0,171.0,0.0
22230,90.0,250.0,0.0
22231,156.0,233.0,0.0
22232,187.0,323.0,0.0
22233,115.0,85.0,0.0
22234,78.0,396.0,0.0
22235,137.0,30.0,0.0
22236,176.0,453.0,0.0
22237,216.0,208.0,0.0
22238,66.0,312.0,0.0
22239,230.0,513.0,0.0
22240,199.0,545.0,0.0
22241,20.0,302.0,0.0
22242,68.0,372.0,0.0
22243,107.0,386.0,0.0
22244,32.0,404.0,0.0
22245,161.0,5.0,0.0
22246,122.0,579.0,0.0
22247,158.0,414.0,0.0
22248,47.0,366.0,0.0
22249,230.0,486.0,0.0
22250,140.0,67.0,0.0
22251,260.0,259.0,0.0
22252,172.0,595.0,0.0
22253,189.0,29.0,0.0
22254,25.0,253.0,0.0
22255,10.0,85.0,0.0
22256,172.0,77.0,0.0
22257,5.0,112.0,0.0
22258,228.0,206.0,0.0
22259,96.0,497.0,0.0
22260,225.0,13.0,0.0
22261,197.0,509.0,0.0
22262,59.0,300.0,0.0
22263,150.0,52.0,0.0
22264,172.0,215.0,0.0
22265,193.0,84.0,0.0
22266,35.0,337.0,0.0
22267,69.0,414.0,0.0
22268,237.0,385.0,0.0
22269,23.0,237.0,0.0
22270,206.0,510.0,0.0
22271,256.0,27.0,0.0
22272,23.0,84.0,0.0
22273,119.0,505.0,0.0
22274,199.0,548.0,0.0
22275,101.0,504.0,0.0
22276,132.0,566.0,0.0
22277,26.0,475.0,0.0
22278,35.0,192.0,0.0
22279,202.0,434.0,0.0
22280,71.0,373.0,0.0
22281,93.0,571.0,0.0
22282,76.0,449.0,0.0
22283,200.0,94.0,0.0
22284,236.0,161.0,0.0
22285,38.0,112.0,0.0
22286,252.0,199.0,0.0
22287,242.0,365.0,0.0
22288,58.0,326.0,0.0
22289,184.0,145.0,0.0
22290,76.0,322.0,0.0
22291,180.0,578.0,0.0
22292,41.0,296.0,0.0
22293,232.0,439.0,0.0
22294,142.0,183.0,0.0
22295,204.0,535.0,0.0
22296,221.0,512.0,0.0
22297,115.0,158.0,0.0
22298,161.0,19.0,0.0
22299,51.0,335.0,0.0
22300,184.0,126.0,0.0
22301,206.0,318.0,0.0
22302,142.0,430.0,0.0
22303,255.0,538.0,0.0
22304,257.0,472.0,0.0
22305,42.0,553.0,0.0
22306,219.0,282.0,0.0
22307,76.0,39.0,0.0
22308,116.0,464.0,0.0
22309,150.0,249.0,0.0
22310,233.0,494.0,0.0
22311,12.0,593.0,0.0
22312,95.0,351.0,0.0
22313,84.0,301.0,0.0
22314,217.0,589.0,0.0
22315,118.0,90.0,0.0
22316,55.0,12.0,0.0
22317,19.0,319.0,0.0
22318,95.0,573.0,0.0
22319,236.0,584.0,0.0
22320,267.0,351.0,0.0
22321,189.0,427.0,0.0
22322,47.0,542.0,0.0
22323,211.0,527.0,0.0
22324,84.0,331.0,0.0
22325,33.0,216.0,0.0
22326,32.0,330.0,0.0
22327,83.0,431.0,0.0
22328,131.0,56.0,0.0
22329,187.0,338.0,0.0
22330,38.0,407.0,0.0
22331,102.0,446.0,0.0
22332,219.0,575.0,0.0
22333,90.0,480.0,0.0
22334,200.0,92.0,0.0
22335,256.0,239.0,0.0
22336,72.0,532.0,0.0
22337,182.0,205.0,0.0
22338,76.0,92.0,0.0
22339,15.0,254.0,0.0
22340,260.0,220.0,0.0
22341,262.0,505.0,0.0
22342,101.0,496.0,0.0
22343,119.0,101.0,0.0
22344,142.0,589.0,0.0
22345,238.0,275.0,0.0
22346,49.0,279.0,0.0
22347,260.0,118.0,0.0
22348,50.0,572.0,0.0
22349,243.0,220.0,0.0
22350,21.0,5.0,0.0
22351,89.0,96.0,0.0
22352,15.0,452.0,0.0
22353,183.0,386.0,0.0
22354,259.0,503.0,0.0
22355,262.0,361.0,0.0
22356,268.0,356.0,0.0
22357,76.0,283.0,0.0
22358,106.0,115.0,0.0
22359,197.0,155.0,0.0
22360,172.0,190.0,0.0
22361,146.0,97.0,0.0
22362,256.0,592.0,0.0
22363,179.0,366.0,0.0
22364,71.0,59.0,0.0
22365,10.0,518.0,0.0
22366,96.0,357.0,0.0
22367,120.0,222.0,0.0
22368,11.0,537.0,0.0
22369,35.0,209.0,0.0
22370,73.0,219.0,0.0
22371,27.0,358.0,0.0
22372,24.0,417.0,0.0
22373,120.0,163.0,0.0
22374,56.0,101.0,0.0
22375,262.0,350.0,0.0
22376,225.0,88.0,0.0
22377,114.0,167.0,0.0
22378,201.0,550.0,0.0
22379,173.0,448.0,0.0
22380,46.0,258.0,0.0
22381,198.0,359.0,0.0
22382,173.0,250.0,0.0
22383,40.0,531.0,0.0
22384,2.0,570.0,0.0
22385,104.0,170.0,0.0
22386,166.0,134.0,0.0
22387,187.0,90.0,0.0
22388,238.0,522.0,0.0
22389,118.0,113.0,0.0
22390,170.0,268.0,0.0
22391,264.0,220.0,0.0
22392,110.0,176.0,0.0
22393,73.0,104.0,0.0
22394,180.0,85.0,0.0
22395,55.0,292.0,0.0
22396,11.0,416.0,0.0
22397,52.0,102.0,0.0
22398,115.0,546.0,0.0
22399,61.0,83.0,0.0
22400,14.0,284.0,0.0
22401,198.0,324.0,0.0
22402,156.0,229.0,0.0
22403,7.0,164.0,0.0
22404,16.0,552.0,0.0
22405,145.0,142.0,0.0
22406,95.0,91.0,0.0
22407,118.0,531.0,0.0
22408,49.0,318.0,0.0
22409,218.0,225.0,0.0
22410,155.0,576.0,0.0
22411,157.0,451.0,0.0
22412,114.0,358.0,0.0
22413,242.0,280.0,0.0
22414,170.0,346.0,0.0
22415,108.0,483.0,0.0
22416,60.0,451.0,0.0
22417,19.0,385.0,0.0
22418,205.0,288.0,0.0
22419,52.0,512.0,0.0
22420,46.0,281.0,0.0
22421,40.0,37.0,0.0
22422,103.0,589.0,0.0
22423,94.0,48.0,0.0
22424,73.0,18.0,0.0
22425,199.0,59.0,0.0
22426,201.0,590.0,0.0
22427,238.0,527.0,0.0
22428,173.0,477.0,0.0
22429,34.0,331.0,0.0
22430,99.0,218.0,0.0
22431,213.0,512.0,0.0
22432,73.0,242.0,0.0
22433,254.0,570.0,0.0
22434,130.0,56.0,0.0
22435,163.0,522.0,0.0
22436,27.0,384.0,0.0
22437,47.0,245.0,0.0
22438,197.0,278.0,0.0
22439,40.0,180.0,0.0
22440,53.0,465.0,0.0
22441,4.0,317.0,0.0
22442,24.0,531.0,0.0
22443,169.0,422.0,0.0
22444,159.0,32.0,0.0
22445,138.0,119.0,0.0
22446,130.0,525.0,0.0
22447,209.0,421.0,0.0
22448,249.0,440.0,0.0
22449,220.0,329.0,0.0
22450,140.0,574.0,0.0
22451,119.0,143.0,0.0
22452,18.0,516.0,0.0
22453,115.0,51.0,0.0
22454,229.0,205.0,0.0
22455,81.0,140.0,0.0
22456,107.0,346.0,0.0
22457,0.0,282.0,0.0
22458,158.0,340.0,0.0
22459,39.0,489.0,0.0
22460,214.0,318.0,0.0
22461,143.0,204.0,0.0
22462,256.0,350.0,0.0
22463,113.0,457.0,0.0
22464,155.0,277.0,0.0
22465,74.0,553.0,0.0
22466,214.0,583.0,0.0
22467,7.0,350.0,0.0
22468,220.0,242.0,0.0
22469,95.0,480.0,0.0
22470,192.0,202.0,0.0
22471,41.0,132.0,0.0
22472,179.0,271.0,0.0
22473,74.0,65.0,0.0
22474,201.0,596.0,0.0
22475,38.0,380.0,0.0
22476,243.0,47.0,0.0
22477,41.0,290.0,0.0
22478,21.0,437.0,0.0
22479,244.0,225.0,0.0
22480,172.0,328.0,0.0
22481,103.0,212.0,0.0
22482,92.0,34.0,0.0
22483,87.0,577.0,0.0
22484,246.0,139.0,0.0
22485,66.0,310.0,0.0
22486,121.0,129.0,0.0
22487,77.0,357.0,0.0
22488,119.0,445.0,0.0
22489,60.0,114.0,0.0
22490,107.0,497.0,0.0
22491,149.0,191.0,0.0
22492,73.0,454.0,0.0
22493,191.0,163.0,0.0
22494,250.0,386.0,0.0
22495,260.0,31.0,0.0
22496,76.0,226.0,0.0
22497,125.0,563.0,0.0
22498,10.0,258.0,0.0
22499,171.0,352.0,0.0
22500,159.0,428.0,0.0
22501,210.0,578.0,0.0
22502,6.0,576.0,0.0
22503,238.0,56.0,0.0
22504,125.0,379.0,0.0
22505,124.0,432.0,0.0
22506,162.0,53.0,0.0
22507,110.0,103.0,0.0
22508,15.0,309.0,0.0
22509,59.0,150.0,0.0
22510,206.0,321.0,0.0
22511,263.0,327.0,0.0
22512,160.0,332.0,0.0
22513,119.0,42.0,0.0
22514,258.0,268.0,0.0
22515,163.0,72.0,0.0
22516,54.0,259.0,0.0
22517,71.0,209.0,0.0
22518,175.0,561.0,0.0
22519,5.0,297.0,0.0
22520,260.0,580.0,0.0
22521,96.0,198.0,0.0
22522,190.0,125.0,0.0
22523,8.0,525.0,0.0
22524,219.0,107.0,0.0
22525,167.0,590.0,0.0
22526,166.0,62.0,0.0
22527,200.0,358.0,0.0
22528,246.0,48.0,0.0
22529,154.0,404.0,0.0
22530,191.0,434.0,0.0
22531,95.0,479.0,0.0
22532,58.0,420.0,0.0
22533,41.0,119.0,0.0
22534,201.0,171.0,0.0
22535,238.0,581.0,0.0
22536,241.0,588.0,0.0
22537,194.0,294.0,0.0
22538,190.0,569.0,0.0
22539,245.0,262.0,0.0
22540,128.0,466.0,0.0
22541,69.0,80.0,0.0
22542,258.0,382.0,0.0
22543,247.0,513.0,0.0
22544,145.0,487.0,0.0
22545,261.0,512.0,0.0
22546,152.0,226.0,0.0
22547,252.0,312.0,0.0
22548,25.0,22.0,0.0
22549,258.0,433.0,0.0
22550,201.0,270.0,0.0
22551,58.0,221.0,0.0
22552,54.0,366.0,0.0
22553,31.0,579.0,0.0
22554,225.0,108.0,0.0
22555,210.0,376.0,0.0
22556,33.0,265.0,0.0
22557,184.0,123.0,0.0
22558,150.0,222.0,0.0
22559,16.0,174.0,0.0
22560,67.0,348.0,0.0
22561,136.0,15.0,0.0
22562,117.0,573.0,0.0
22563,253.0,101.0,0.0
22564,19.0,530.0,0.0
22565,116.0,0.0,0.0
22566,129.0,560.0,0.0
22567,3.0,477.0,0.0
22568,85.0,455.0,0.0
22569,260.0,319.0,0.0
22570,243.0,229.0,0.0
22571,28.0,426.0,0.0
22572,220.0,59.0,0.0
22573,179.0,62.0,0.0
22574,67.0,293.0,0.0
22575,246.0,466.0,0.0
22576,182.0,438.0,0.0
22577,93.0,430.0,0.0
22578,130.0,72.0,0.0
22579,74.0,592.0,0.0
22580,200.0,504.0,0.0
22581,263.0,575.0,0.0
22582,220.0,441.0,0.0
22583,29.0,36.0,0.0
22584,13.0,92.0,0.0
22585,150.0,13.0,0.0
22586,123.0,450.0,0.0
22587,201.0,160.0,0.0
22588,241.0,193.0,0.0
22589,41.0,257.0,0.0
22590,48.0,240.0,0.0
22591,29.0,483.0,0.0
22592,104.0,396.0,0.0
22593,205.0,571.0,0.0
22594,60.0,558.0,0.0
22595,33.0,382.0,0.0
22596,74.0,174.0,0.0
22597,132.0,553.0,0.0
22598,114.0,457.0,0.0
22599,246.0,468.0,0.0
22600,150.0,195.0,0.0
22601,90.0,364.0,0.0
22602,137.0,458.0,0.0
22603,265.0,384.0,0.0
22604,248.0,519.0,0.0
22605,18.0,184.0,0.0
22606,111.0,453.0,0.0
22607,227.0,414.0,0.0
22608,38.0,348.0,0.0
22609,261.0,513.0,0.0
22610,37.0,178.0,0.0
22611,56.0,232.0,0.0
22612,186.0,530.0,0.0
22613,254.0,396.0,0.0
22614,113.0,15.0,0.0
22615,173.0,579.0,0.0
22616,3.0,504.0,0.0
22617,246.0,19.0,0.0
22618,46.0,127.0,0.0
22619,96.0,540.0,0.0
22620,129.0,514.0,0.0
22621,137.0,0.0,0.0
22622,163.0,158.0,0.0
22623,33.0,237.0,0.0
22624,155.0,3.0,0.0
22625,93.0,30.0,0.0
22626,241.0,207.0,0.0
22627,97.0,285.0,0.0
22628,47.0,288.0,0.0
22629,231.0,417.0,0.0
22630,199.0,53.0,0.0
22631,209.0,424.0,0.0
22632,72.0,531.0,0.0
22633,25.0,561.0,0.0
22634,18.0,52.0,0.0
22635,94.0,253.0,0.0
22636,195.0,285.0,0.0
22637,19.0,139.0,0.0
22638,92.0,412.0,0.0
22639,178.0,75.0,0.0
22640,160.0,15.0,0.0
22641,35.0,596.0,0.0
22642,67.0,183.0,0.0
22643,85.0,66.0,0.0
22644,242.0,448.0,0.0
22645,4.0,570.0,0.0
22646,111.0,105.0,0.0
22647,11.0,584.0,0.0
22648,52.0,211.0,0.0
22649,107.0,208.0,0.0
22650,0.0,206.0,0.0
22651,159.0,517.0,0.0
22652,123.0,589.0,0.0
22653,135.0,37.0,0.0
22654,50.0,15.0,0.0
22655,163.0,98.0,0.0
22656,80.0,52.0,0.0
22657,156.0,297.0,0.0
22658,189.0,488.0,0.0
22659,36.0,100.0,0.0
22660,251.0,50.0,0.0
22661,192.0,454.0,0.0
22662,175.0,358.0,0.0
22663,64.0,592.0,0.0
22664,55.0,542.0,0.0
22665,250.0,360.0,0.0
22666,8.0,32.0,0.0
22667,138.0,185.0,0.0
22668,179.0,69.0,0.0
22669,1.0,382.0,0.0
22670,209.0,309.0,0.0
22671,39.0,252.0,0.0
22672,235.0,349.0,0.0
22673,202.0,357.0,0.0
22674,84.0,13.0,0.0
22675,106.0,132.0,0.0
22676,239.0,107.0,0.0
22677,154.0,288.0,0.0
22678,244.0,138.0,0.0
22679,62.0,201.0,0.0
22680,48.0,73.0,0.0
22681,3.0,65.0,0.0
22682,36.0,500.0,0.0
22683,231.0,583.0,0.0
22684,184.0,121.0,0.0
22685,262.0,379.0,0.0
22686,69.0,412.0,0.0
22687,146.0,416.0,0.0
22688,140.0,543.0,0.0
22689,109.0,458.0,0.0
22690,247.0,528.0,0.0
22691,216.0,325.0,0.0
22692,223.0,577.0,0.0
22693,256.0,365.0,0.0
22694,195.0,101.0,0.0
22695,96.0,590.0,0.0
22696,6.0,207.0,0.0
22697,132.0,297.0,0.0
22698,167.0,263.0,0.0
22699,25.0,184.0,0.0
22700,25.0,487.0,0.0
22701,139.0,254.0,0.0
22702,52.0,593.0,0.0
22703,179.0,347.0,0.0
22704,120.0,62.0,0.0
22705,206.0,102.0,0.0
22706,94.0,94.0,0.0
22707,198.0,102.0,0.0
22708,259.0,300.0,0.0
22709,241.0,571.0,0.0
22710,184.0,105.0,0.0
22711,167.0,503.0,0.0
22712,55.0,114.0,0.0
22713,104.0,375.0,0.0
22714,131.0,429.0,0.0
22715,261.0,555.0,0.0
22716,146.0,471.0,0.0
22717,213.0,83.0,0.0
22718,179.0,266.0,0.0
22719,229.0,349.0,0.0
22720,88.0,489.0,0.0
22721,217.0,213.0,0.0
22722,45.0,571.0,0.0
22723,83.0,165.0,0.0
22724,30.0,242.0,0.0
22725,65.0,502.0,0.0
22726,150.0,209.0,0.0
22727,80.0,265.0,0.0
22728,193.0,396.0,0.0
22729,121.0,402.0,0.0
22730,88.0,575.0,0.0
22731,220.0,200.0,0.0
22732,27.0,187.0,0.0
22733,136.0,564.0,0.0
22734,243.0,443.0,0.0
22735,74.0,568.0,0.0
22736,193.0,380.0,0.0
22737,58.0,76.0,0.0
22738,244.0,385.0,0.0
22739,176.0,590.0,0.0
22740,50.0,24.0,0.0
22741,247.0,463.0,0.0
22742,161.0,205.0,0.0
22743,68.0,32.0,0.0
22744,146.0,285.0,0.0
22745,162.0,474.0,0.0
22746,188.0,207.0,0.0
22747,56.0,446.0,0.0
22748,46.0,323.0,0.0
22749,82.0,253.0,0.0
22750,156.0,503.0,0.0
22751,43.0,456.0,0.0
22752,118.0,179.0,0.0
22753,94.0,82.0,0.0
22754,140.0,580.0,0.0
22755,256.0,300.0,0.0
22756,266.0,351.0,0.0
22757,53.0,46.0,0.0
22758,230.0,360.0,0.0
22759,170.0,502.0,0.0
22760,235.0,217.0,0.0
22761,7.0,534.0,0.0
22762,248.0,357.0,0.0
22763,13.0,254.0,0.0
22764,143.0,281.0,0.0
22765,23.0,330.0,0.0
22766,55.0,68.0,0.0
22767,171.0,430.0,0.0
22768,22.0,71.0,0.0
22769,96.0,236.0,0.0
22770,112.0,528.0,0.0
22771,57.0,414.0,0.0
22772,163.0,306.0,0.0
22773,161.0,149.0,0.0
22774,146.0,293.0,0.0
22775,240.0,431.0,0.0
22776,124.0,46.0,0.0
22777,157.0,575.0,0.0
22778,195.0,71.0,0.0
22779,160.0,561.0,0.0
22780,63.0,27.0,0.0
22781,94.0,345.0,0.0
22782,55.0,457.0,0.0
22783,124.0,147.0,0.0
22784,258.0,27.0,0.0
22785,255.0,494.0,0.0
22786,234.0,96.0,0.0
22787,210.0,129.0,0.0
22788,135.0,495.0,0.0
22789,21.0,357.0,0.0
22790,67.0,109.0,0.0
22791,220.0,492.0,0.0
22792,250.0,575.0,0.0
22793,218.0,586.0,0.0
22794,73.0,58.0,0.0
22795,78.0,71.0,0.0
22796,79.0,240.0,0.0
22797,221.0,296.0,0.0
22798,18.0,129.0,0.0
22799,223.0,52.0,0.0
22800,89.0,513.0,0.0
22801,121.0,275.0,0.0
22802,197.0,196.0,0.0
22803,98.0,291.0,0.0
22804,127.0,341.0,0.0
22805,65.0,249.0,0.0
22806,3.0,517.0,0.0
22807,201.0,476.0,0.0
22808,188.0,113.0,0.0
22809,236.0,359.0,0.0
22810,83.0,296.0,0.0
22811,237.0,425.0,0.0
22812,239.0,182.0,0.0
22813,94.0,538.0,0.0
22814,178.0,34.0,0.0
22815,70.0,270.0,0.0
22816,137.0,209.0,0.0
22817,171.0,0.0,0.0
22818,268.0,318.0,0.0
22819,101.0,484.0,0.0
22820,92.0,496.0,0.0
22821,181.0,541.0,0.0
22822,23.0,508.0,0.0
22823,225.0,535.0,0.0
22824,243.0,406.0,0.0
22825,187.0,118.0,0.0
22826,204.0,416.0,0.0
22827,259.0,192.0,0.0
22828,31.0,597.0,0.0
22829,256.0,87.0,0.0
22830,130.0,278.0,0.0
22831,75.0,30.0,0.0
22832,182.0,19.0,0.0
22833,193.0,578.0,0.0
22834,34.0,332.0,0.0
22835,33.0,280.0,0.0
22836,164.0,460.0,0.0
22837,190.0,310.0,0.0
22838,167.0,365.0,0.0
22839,160.0,500.0,0.0
22840,215.0,454.0,0.0
22841,106.0,319.0,0.0
22842,12.0,221.0,0.0
22843,240.0,581.0,0.0
22844,166.0,367.0,0.0
22845,79.0,192.0,0.0
22846,248.0,309.0,0.0
22847,226.0,563.0,0.0
22848,148.0,193.0,0.0
22849,37.0,176.0,0.0
22850,142.0,220.0,0.0
22851,155.0,360.0,0.0
22852,92.0,173.0,0.0
22853,136.0,590.0,0.0
22854,170.0,481.0,0.0
22855,118.0,456.0,0.0
22856,253.0,253.0,0.0
22857,111.0,597.0,0.0
22858,66.0,386.0,0.0
22859,150.0,519.0,0.0
22860,50.0,60.0,0.0
22861,77.0,387.0,0.0
22862,207.0,107.0,0.0
22863,144.0,29.0,0.0
22864,169.0,554.0,0.0
22865,229.0,490.0,0.0
22866,246.0,383.0,0.0
22867,119.0,365.0,0.0
22868,43.0,465.0,0.0
22869,261.0,542.0,0.0
22870,265.0,262.0,0.0
22871,164.0,72.0,0.0
22872,57.0,388.0,0.0
22873,125.0,156.0,0.0
22874,99.0,535.0,0.0
22875,247.0,328.0,0.0
22876,103.0,580.0,0.0
22877,91.0,44.0,0.0
22878,253.0,414.0,0.0
22879,124.0,329.0,0.0
22880,103.0,243.0,0.0
22881,39.0,301.0,0.0
22882,73.0,520.0,0.0
22883,72.0,496.0,0.0
22884,194.0,25.0,0.0
22885,222.0,18.0,0.0
22886,183.0,232.0,0.0
22887,212.0,212.0,0.0
22888,162.0,22.0,0.0
22889,208.0,436.0,0.0
22890,157.0,467.0,0.0
22891,152.0,165.0,0.0
22892,120.0,191.0,0.0
22893,112.0,212.0,0.0
22894,156.0,172.0,0.0
22895,236.0,445.0,0.0
22896,100.0,247.0,0.0
22897,18.0,167.0,0.0
22898,43.0,99.0,0.0
22899,102.0,315.0,0.0
22900,211.0,160.0,0.0
22901,125.0,262.0,0.0
22902,72.0,162.0,0.0
22903,87.0,251.0,0.0
22904,8.0,451.0,0.0
22905,133.0,159.0,0.0
22906,29.0,527.0,0.0
22907,170.0,229.0,0.0
22908,104.0,302.0,0.0
22909,184.0,69.0,0.0
22910,84.0,388.0,0.0
22911,5.0,110.0,0.0
22912,110.0,535.0,0.0
22913,11.0,194.0,0.0
22914,63.0,281.0,0.0
22915,262.0,380.0,0.0
22916,45.0,230.0,0.0
22917,230.0,454.0,0.0
22918,136.0,594.0,0.0
22919,96.0,359.0,0.0
22920,123.0,446.0,0.0
22921,216.0,461.0,0.0
22922,145.0,501.0,0.0
22923,189.0,296.0,0.0
22924,205.0,85.0,0.0
22925,256.0,123.0,0.0
22926,0.0,321.0,0.0
22927,234.0,506.0,0.0
22928,2.0,333.0,0.0
22929,223.0,274.0,0.0
22930,95.0,34.0,0.0
22931,201.0,289.0,0.0
22932,150.0,120.0,0.0
22933,221.0,459.0,0.0
22934,13.0,458.0,0.0
22935,72.0,116.0,0.0
22936,221.0,439.0,0.0
22937,82.0,336.0,0.0
22938,181.0,310.0,0.0
22939,62.0,307.0,0.0
22940,47.0,470.0,0.0
22941,144.0,239.0,0.0
22942,153.0,327.0,0.0
22943,172.0,409.0,0.0
22944,70.0,362.0,0.0
22945,181.0,131.0,0.0
22946,251.0,304.0,0.0
22947,10.0,401.0,0.0
22948,8.0,562.0,0.0
22949,35.0,393.0,0.0
22950,199.0,375.0,0.0
22951,240.0,267.0,0.0
22952,44.0,62.0,0.0
22953,228.0,0.0,0.0
22954,133.0,303.0,0.0
22955,104.0,198.0,0.0
22956,112.0,200.0,0.0
22957,131.0,271.0,0.0
22958,214.0,82.0,0.0
22959,43.0,513.0,0.0
22960,139.0,489.0,0.0
22961,162.0,144.0,0.0
22962,188.0,495.0,0.0
22963,260.0,179.0,0.0
22964,100.0,278.0,0.0
22965,180.0,42.0,0.0
22966,84.0,438.0,0.0
22967,2.0,166.0,0.0
22968,67.0,594.0,0.0
22969,129.0,123.0,0.0
22970,100.0,391.0,0.0
22971,123.0,139.0,0.0
22972,116.0,342.0,0.0
22973,243.0,36.0,0.0
22974,139.0,94.0,0.0
22975,191.0,449.0,0.0
22976,59.0,467.0,0.0
22977,74.0,469.0,0.0
22978,136.0,575.0,0.0
22979,263.0,248.0,0.0
22980,196.0,506.0,0.0
22981,146.0,556.0,0.0
22982,235.0,38.0,0.0
22983,78.0,463.0,0.0
22984,215.0,108.0,0.0
22985,21.0,448.0,0.0
22986,109.0,209.0,0.0
22987,104.0,87.0,0.0
22988,138.0,520.0,0.0
22989,12.0,562.0,0.0
22990,61.0,486.0,0.0
22991,72.0,57.0,0.0
22992,235.0,413.0,0.0
22993,223.0,171.0,0.0
22994,164.0,368.0,0.0
22995,133.0,449.0,0.0
22996,83.0,482.0,0.0
22997,257.0,34.0,0.0
22998,241.0,51.0,0.0
22999,187.0,266.0,0.0
23000,217.0,358.0,0.0
23001,135.0,299.0,0.0
23002,190.0,466.0,0.0
23003,109.0,46.0,0.0
23004,132.0,307.0,0.0
23005,242.0,575.0,0.0
23006,247.0,369.0,0.0
23007,135.0,240.0,0.0
23008,176.0,380.0,0.0
23009,241.0,88.0,0.0
23010,16.0,581.0,0.0
23011,261.0,437.0,0.0
23012,35.0,494.0,0.0
23013,17.0,325.0,0.0
23014,218.0,513.0,0.0
23015,98.0,242.0,0.0
23016,174.0,500.0,0.0
23017,135.0,139.0,0.0
23018,260.0,559.0,0.0
23019,6.0,60.0,0.0
23020,69.0,271.0,0.0
23021,66.0,394.0,0.0
23022,240.0,531.0,0.0
23023,106.0,64.0,0.0
23024,70.0,581.0,0.0
23025,108.0,486.0,0.0
23026,208.0,434.0,0.0
23027,243.0,16.0,0.0
23028,140.0,58.0,0.0
23029,0.0,221.0,0.0
23030,78.0,307.0,0.0
23031,15.0,28.0,0.0
23032,201.0,115.0,0.0
23033,160.0,415.0,0.0
23034,258.0,538.0,0.0
23035,12.0,149.0,0.0
23036,132.0,150.0,0.0
23037,5.0,542.0,0.0
23038,14.0,371.0,0.0
23039,260.0,210.0,0.0
23040,51.0,420.0,0.0
23041,88.0,120.0,0.0
23042,240.0,306.0,0.0
23043,57.0,339.0,0.0
23044,233.0,28.0,0.0
23045,215.0,427.0,0.0
23046,221.0,57.0,0.0
23047,84.0,536.0,0.0
23048,1.0,366.0,0.0
23049,234.0,130.0,0.0
23050,265.0,248.0,0.0
23051,139.0,460.0,0.0
23052,100.0,453.0,0.0
23053,83.0,206.0,0.0
23054,42.0,118.0,0.0
23055,57.0,326.0,0.0
23056,265.0,297.0,0.0
23057,240.0,474.0,0.0
23058,240.0,201.0,0.0
23059,52.0,467.0,0.0
23060,203.0,568.0,0.0
23061,21.0,137.0,0.0
23062,152.0,233.0,0.0
23063,85.0,142.0,0.0
23064,228.0,348.0,0.0
23065,235.0,346.0,0.0
23066,122.0,477.0,0.0
23067,238.0,158.0,0.0
23068,107.0,20.0,0.0
23069,128.0,90.0,0.0
23070,147.0,566.0,0.0
23071,98.0,406.0,0.0
23072,51.0,26.0,0.0
23073,205.0,394.0,0.0
23074,111.0,124.0,0.0
23075,184.0,554.0,0.0
23076,221.0,85.0,0.0
23077,221.0,303.0,0.0
23078,111.0,317.0,0.0
23079,98.0,461.0,0.0
23080,238.0,192.0,0.0
23081,181.0,493.0,0.0
23082,252.0,133.0,0.0
23083,0.0,447.0,0.0
23084,100.0,588.0,0.0
23085,109.0,484.0,0.0
23086,212.0,85.0,0.0
23087,122.0,91.0,0.0
23088,15.0,560.0,0.0
23089,31.0,510.0,0.0
23090,92.0,136.0,0.0
23091,42.0,496.0,0.0
23092,69.0,465.0,0.0
23093,124.0,90.0,0.0
23094,268.0,307.0,0.0
23095,104.0,366.0,0.0
23096,144.0,581.0,0.0
23097,122.0,252.0,0.0
23098,90.0,334.0,0.0
23099,18.0,208.0,0.0
23100,54.0,574.0,0.0
23101,190.0,434.0,0.0
23102,4.0,446.0,0.0
23103,76.0,197.0,0.0
23104,100.0,155.0,0.0
23105,106.0,13.0,0.0
23106,96.0,577.0,0.0
23107,111.0,51.0,0.0
23108,43.0,531.0,0.0
23109,113.0,522.0,0.0
23110,197.0,303.0,0.0
23111,133.0,473.0,0.0
23112,122.0,319.0,0.0
23113,44.0,595.0,0.0
23114,91.0,236.0,0.0
23115,128.0,579.0,0.0
23116,10.0,231.0,0.0
23117,3.0,452.0,0.0
23118,191.0,429.0,0.0
23119,266.0,81.0,0.0
23120,227.0,17.0,0.0
23121,116.0,586.0,0.0
23122,51.0,536.0,0.0
23123,115.0,376.0,0.0
23124,112.0,596.0,0.0
23125,244.0,396.0,0.0
23126,213.0,407.0,0.0
23127,21.0,232.0,0.0
23128,155.0,209.0,0.0
23129,94.0,514.0,0.0
23130,241.0,359.0,0.0
23131,124.0,183.0,0.0
23132,215.0,457.0,0.0
23133,38.0,252.0,0.0
23134,27.0,328.0,0.0
23135,20.0,81.0,0.0
23136,175.0,510.0,0.0
23137,143.0,134.0,0.0
23138,42.0,124.0,0.0
23139,152.0,496.0,0.0
23140,97.0,249.0,0.0
23141,137.0,161.0,0.0
23142,205.0,493.0,0.0
23143,123.0,239.0,0.0
23144,228.0,491.0,0.0
23145,264.0,418.0,0.0
23146,98.0,393.0,0.0
23147,133.0,520.0,0.0
23148,12.0,202.0,0.0
23149,148.0,486.0,0.0
23150,232.0,545.0,0.0
23151,198.0,568.0,0.0
23152,174.0,65.0,0.0
23153,75.0,447.0,0.0
23154,74.0,541.0,0.0
23155,6.0,112.0,0.0
23156,36.0,382.0,0.0
23157,210.0,131.0,0.0
23158,167.0,216.0,0.0
23159,139.0,298.0,0.0
23160,29.0,343.0,0.0
23161,135.0,203.0,0.0
23162,137.0,222.0,0.0
23163,89.0,468.0,0.0
23164,14.0,266.0,0.0
23165,91.0,400.0,0.0
23166,35.0,7.0,0.0
23167,164.0,393.0,0.0
23168,133.0,366.0,0.0
23169,99.0,257.0,0.0
23170,113.0,41.0,0.0
23171,5.0,9.0,0.0
23172,182.0,66.0,0.0
23173,70.0,417.0,0.0
23174,158.0,149.0,0.0
23175,123.0,528.0,0.0
23176,46.0,190.0,0.0
23177,258.0,457.0,0.0
23178,129.0,15.0,0.0
23179,172.0,431.0,0.0
23180,102.0,517.0,0.0
23181,141.0,441.0,0.0
23182,222.0,337.0,0.0
23183,74.0,225.0,0.0
23184,113.0,253.0,0.0
23185,83.0,556.0,0.0
23186,173.0,305.0,0.0
23187,96.0,349.0,0.0
23188,181.0,116.0,0.0
23189,83.0,503.0,0.0
23190,126.0,440.0,0.0
23191,114.0,250.0,0.0
23192,220.0,290.0,0.0
23193,267.0,39.0,0.0
23194,91.0,307.0,0.0
23195,212.0,447.0,0.0
23196,95.0,129.0,0.0
23197,260.0,567.0,0.0
23198,154.0,312.0,0.0
23199,220.0,212.0,0.0
23200,173.0,325.0,0.0
23201,231.0,294.0,0.0
23202,138.0,255.0,0.0
23203,198.0,371.0,0.0
23204,56.0,550.0,0.0
23205,148.0,466.0,0.0
23206,196.0,137.0,0.0
23207,48.0,582.0,0.0
23208,199.0,428.0,0.0
23209,6.0,592.0,0.0
23210,178.0,350.0,0.0
23211,38.0,525.0,0.0
23212,188.0,566.0,0.0
23213,37.0,417.0,0.0
23214,107.0,150.0,0.0
23215,106.0,305.0,0.0
23216,43.0,26.0,0.0
23217,265.0,462.0,0.0
23218,15.0,304.0,0.0
23219,172.0,549.0,0.0
23220,127.0,370.0,0.0
23221,36.0,128.0,0.0
23222,125.0,245.0,0.0
23223,95.0,44.0,0.0
23224,264.0,291.0,0.0
23225,181.0,24.0,0.0
23226,83.0,360.0,0.0
23227,169.0,107.0,0.0
23228,23.0,338.0,0.0
23229,114.0,557.0,0.0
23230,53.0,592.0,0.0
23231,264.0,334.0,0.0
23232,174.0,219.0,0.0
23233,109.0,166.0,0.0
23234,62.0,119.0,0.0
23235,191.0,183.0,0.0
23236,157.0,438.0,0.0
23237,70.0,462.0,0.0
23238,211.0,408.0,0.0
23239,130.0,199.0,0.0
23240,27.0,444.0,0.0
23241,240.0,135.0,0.0
23242,96.0,566.0,0.0
23243,152.0,321.0,0.0
23244,92.0,280.0,0.0
23245,200.0,166.0,0.0
23246,163.0,349.0,0.0
23247,238.0,355.0,0.0
23248,134.0,465.0,0.0
23249,113.0,490.0,0.0
23250,56.0,182.0,0.0
23251,36.0,105.0,0.0
23252,66.0,523.0,0.0
23253,10.0,150.0,0.0
23254,48.0,278.0,0.0
23255,262.0,276.0,0.0
23256,29.0,510.0,0.0
23257,39.0,42.0,0.0
23258,268.0,535.0,0.0
23259,2.0,386.0,0.0
23260,18.0,22.0,0.0
23261,231.0,299.0,0.0
23262,102.0,362.0,0.0
23263,25.0,178.0,0.0
23264,169.0,347.0,0.0
23265,205.0,125.0,0.0
23266,70.0,48.0,0.0
23267,168.0,212.0,0.0
23268,40.0,117.0,0.0
23269,216.0,592.0,0.0
23270,22.0,565.0,0.0
23271,103.0,528.0,0.0
23272,205.0,565.0,0.0
23273,24.0,508.0,0.0
23274,262.0,541.0,0.0
23275,3.0,126.0,0.0
23276,204.0,571.0,0.0
23277,73.0,336.0,0.0
23278,58.0,522.0,0.0
23279,225.0,382.0,0.0
23280,258.0,242.0,0.0
23281,44.0,296.0,0.0
23282,43.0,371.0,0.0
23283,65.0,31.0,0.0
23284,215.0,237.0,0.0
23285,187.0,479.0,0.0
23286,36.0,217.0,0.0
23287,140.0,551.0,0.0
23288,145.0,306.0,0.0
23289,66.0,199.0,0.0
23290,209.0,17.0,0.0
23291,87.0,520.0,0.0
23292,160.0,480.0,0.0
23293,235.0,192.0,0.0
23294,143.0,238.0,0.0
23295,204.0,300.0,0.0
23296,143.0,115.0,0.0
23297,255.0,1.0,0.0
23298,201.0,526.0,0.0
23299,167.0,489.0,0.0
23300,263.0,295.0,0.0
23301,89.0,260.0,0.0
23302,26.0,562.0,0.0
23303,119.0,201.0,0.0
23304,5.0,445.0,0.0
23305,140.0,8.0,0.0
23306,165.0,232.0,0.0
23307,40.0,205.0,0.0
23308,219.0,521.0,0.0
23309,29.0,83.0,0.0
23310,42.0,499.0,0.0
23311,99.0,136.0,0.0
23312,51.0,277.0,0.0
23313,192.0,582.0,0.0
23314,217.0,479.0,0.0
23315,99.0,518.0,0.0
23316,59.0,284.0,0.0
23317,195.0,24.0,0.0
23318,153.0,302.0,0.0
23319,181.0,197.0,0.0
23320,18.0,427.0,0.0
23321,193.0,577.0,0.0
23322,91.0,578.0,0.0
23323,101.0,157.0,0.0
23324,62.0,440.0,0.0
23325,90.0,548.0,0.0
23326,207.0,309.0,0.0
23327,214.0,110.0,0.0
23328,259.0,506.0,0.0
23329,154.0,194.0,0.0
23330,165.0,210.0,0.0
23331,55.0,339.0,0.0
23332,82.0,547.0,0.0
23333,230.0,552.0,0.0
23334,252.0,493.0,0.0
23335,218.0,329.0,0.0
23336,6.0,91.0,0.0
23337,67.0,29.0,0.0
23338,36.0,568.0,0.0
23339,107.0,456.0,0.0
23340,92.0,532.0,0.0
23341,252.0,523.0,0.0
23342,240.0,290.0,0.0
23343,49.0,570.0,0.0
23344,113.0,290.0,0.0
23345,232.0,273.0,0.0
23346,222.0,201.0,0.0
23347,247.0,344.0,0.0
23348,268.0,537.0,0.0
23349,168.0,18.0,0.0
23350,229.0,495.0,0.0
23351,245.0,294.0,0.0
23352,34.0,158.0,0.0
23353,32.0,359.0,0.0
23354,240.0,168.0,0.0
23355,97.0,133.0,0.0
23356,165.0,389.0,0.0
23357,42.0,463.0,0.0
23358,44.0,43.0,0.0
23359,128.0,577.0,0.0
23360,134.0,178.0,0.0
23361,112.0,391.0,0.0
23362,123.0,202.0,0.0
23363,82.0,335.0,0.0
23364,230.0,566.0,0.0
23365,164.0,75.0,0.0
23366,120.0,394.0,0.0
23367,233.0,576.0,0.0
23368,122.0,150.0,0.0
23369,257.0,156.0,0.0
23370,31.0,534.0,0.0
23371,211.0,316.0,0.0
23372,255.0,469.0,0.0
23373,174.0,210.0,0.0
23374,177.0,193.0,0.0
23375,258.0,579.0,0.0
23376,222.0,466.0,0.0
23377,166.0,335.0,0.0
23378,78.0,450.0,0.0
23379,151.0,85.0,0.0
23380,197.0,326.0,0.0
23381,186.0,168.0,0.0
23382,61.0,290.0,0.0
23383,180.0,343.0,0.0
23384,134.0,349.0,0.0
23385,230.0,9.0,0.0
23386,132.0,508.0,0.0
23387,219.0,412.0,0.0
23388,165.0,216.0,0.0
23389,152.0,477.0,0.0
23390,154.0,53.0,0.0
23391,18.0,203.0,0.0
23392,251.0,122.0,0.0
23393,15.0,34.0,0.0
23394,1.0,311.0,0.0
23395,4.0,292.0,0.0
23396,218.0,131.0,0.0
23397,257.0,531.0,0.0
23398,234.0,153.0,0.0
23399,171.0,79.0,0.0
23400,84.0,30.0,0.0
23401,173.0,347.0,0.0
23402,55.0,46.0,0.0
23403,6.0,436.0,0.0
23404,88.0,179.0,0.0
23405,161.0,586.0,0.0
23406,170.0,536.0,0.0
23407,194.0,319.0,0.0
23408,153.0,25.0,0.0
23409,54.0,572.0,0.0
23410,192.0,287.0,0.0
23411,12.0,558.0,0.0
23412,158.0,87.0,0.0
23413,150.0,345.0,0.0
23414,117.0,45.0,0.0
23415,131.0,361.0,0.0
23416,106.0,308.0,0.0
23417,99.0,407.0,0.0
23418,52.0,290.0,0.0
23419,79.0,543.0,0.0
23420,3.0,322.0,0.0
23421,254.0,579.0,0.0
23422,127.0,155.0,0.0
23423,95.0,343.0,0.0
23424,179.0,202.0,0.0
23425,195.0,530.0,0.0
23426,71.0,83.0,0.0
23427,127.0,4.0,0.0
23428,35.0,247.0,0.0
23429,5.0,345.0,0.0
23430,145.0,402.0,0.0
23431,110.0,376.0,0.0
23432,195.0,376.0,0.0
23433,42.0,279.0,0.0
23434,218.0,16.0,0.0
23435,42.0,338.0,0.0
23436,16.0,327.0,0.0
23437,171.0,155.0,0.0
23438,112.0,99.0,0.0
23439,50.0,530.0,0.0
23440,137.0,294.0,0.0
23441,120.0,220.0,0.0
23442,182.0,430.0,0.0
23443,52.0,236.0,0.0
23444,215.0,358.0,0.0
23445,2.0,0.0,0.0
23446,215.0,339.0,0.0
23447,213.0,186.0,0.0
23448,72.0,359.0,0.0
23449,23.0,383.0,0.0
23450,154.0,169.0,0.0
23451,42.0,222.0,0.0
23452,50.0,294.0,0.0
23453,77.0,204.0,0.0
23454,253.0,531.0,0.0
23455,264.0,232.0,0.0
23456,48.0,246.0,0.0
23457,76.0,97.0,0.0
23458,54.0,568.0,0.0
23459,250.0,312.0,0.0
23460,57.0,265.0,0.0
23461,34.0,305.0,0.0
23462,195.0,336.0,0.0
23463,237.0,447.0,0.0
23464,103.0,45.0,0.0
23465,70.0,92.0,0.0
23466,188.0,347.0,0.0
23467,200.0,141.0,0.0
23468,255.0,559.0,0.0
23469,36.0,381.0,0.0
23470,226.0,82.0,0.0
23471,161.0,159.0,0.0
23472,89.0,269.0,0.0
23473,177.0,67.0,0.0
23474,184.0,575.0,0.0
23475,17.0,581.0,0.0
23476,17.0,456.0,0.0
23477,220.0,71.0,0.0
23478,206.0,387.0,0.0
23479,188.0,509.0,0.0
23480,258.0,422.0,0.0
23481,155.0,526.0,0.0
23482,222.0,533.0,0.0
23483,154.0,136.0,0.0
23484,236.0,113.0,0.0
23485,11.0,547.0,0.0
23486,210.0,526.0,0.0
23487,121.0,497.0,0.0
23488,111.0,417.0,0.0
23489,3.0,259.0,0.0
23490,23.0,482.0,0.0
23491,33.0,505.0,0.0
23492,71.0,482.0,0.0
23493,237.0,140.0,0.0
23494,253.0,515.0,0.0
23495,173.0,121.0,0.0
23496,217.0,341.0,0.0
23497,134.0,265.0,0.0
23498,165.0,470.0,0.0
23499,262.0,323.0,0.0
23500,72.0,410.0,0.0
23501,194.0,519.0,0.0
23502,198.0,510.0,0.0
23503,111.0,504.0,0.0
23504,32.0,90.0,0.0
23505,93.0,468.0,0.0
23506,112.0,560.0,0.0
23507,229.0,236.0,0.0
23508,251.0,570.0,0.0
23509,50.0,466.0,0.0
23510,62.0,449.0,0.0
23511,193.0,204.0,0.0
23512,112.0,285.0,0.0
23513,169.0,503.0,0.0
23514,133.0,328.0,0.0
23515,166.0,23.0,0.0
23516,220.0,113.0,0.0
23517,194.0,190.0,0.0
23518,160.0,510.0,0.0
23519,250.0,554.0,0.0
23520,41.0,494.0,0.0
23521,151.0,290.0,0.0
23522,257.0,99.0,0.0
23523,175.0,562.0,0.0
23524,133.0,463.0,0.0
23525,45.0,232.0,0.0
23526,116.0,494.0,0.0
23527,42.0,50.0,0.0
23528,140.0,553.0,0.0
23529,268.0,553.0,0.0
23530,177.0,247.0,0.0
23531,257.0,338.0,0.0
23532,206.0,413.0,0.0
23533,171.0,452.0,0.0
23534,80.0,342.0,0.0
23535,3.0,223.0,0.0
23536,36.0,333.0,0.0
23537,79.0,537.0,0.0
23538,132.0,324.0,0.0
23539,225.0,413.0,0.0
23540,24.0,501.0,0.0
23541,125.0,61.0,0.0
23542,168.0,525.0,0.0
23543,132.0,40.0,0.0
23544,48.0,120.0,0.0
23545,228.0,210.0,0.0
23546,224.0,37.0,0.0
23547,41.0,397.0,0.0
23548,127.0,479.0,0.0
23549,35.0,161.0,0.0
23550,178.0,383.0,0.0
23551,231.0,104.0,0.0
23552,44.0,2.0,0.0
23553,60.0,436.0,0.0
23554,107.0,349.0,0.0
23555,110.0,146.0,0.0
23556,50.0,260.0,0.0
23557,75.0,437.0,0.0
23558,213.0,29.0,0.0
23559,126.0,56.0,0.0
23560,234.0,457.0,0.0
23561,87.0,386.0,0.0
23562,191.0,12.0,0.0
23563,193.0,424.0,0.0
23564,190.0,0.0,0.0
23565,83.0,229.0,0.0
23566,238.0,152.0,0.0
23567,1.0,199.0,0.0
23568,126.0,284.0,0.0
23569,27.0,92.0,0.0
23570,182.0,139.0,0.0
23571,179.0,577.0,0.0
23572,129.0,256.0,0.0
23573,167.0,368.0,0.0
23574,132.0,169.0,0.0
23575,17.0,508.0,0.0
23576,163.0,436.0,0.0
23577,172.0,247.0,0.0
23578,225.0,375.0,0.0
23579,115.0,328.0,0.0
23580,34.0,22.0,0.0
23581,128.0,558.0,0.0
23582,95.0,23.0,0.0
23583,225.0,440.0,0.0
23584,238.0,106.0,0.0
23585,13.0,583.0,0.0
23586,166.0,351.0,0.0
23587,260.0,45.0,0.0
23588,101.0,394.0,0.0
23589,261.0,516.0,0.0
23590,209.0,22.0,0.0
23591,229.0,441.0,0.0
23592,36.0,439.0,0.0
23593,170.0,425.0,0.0
23594,265.0,521.0,0.0
23595,157.0,582.0,0.0
23596,25.0,120.0,0.0
23597,6.0,203.0,0.0
23598,151.0,332.0,0.0
23599,253.0,34.0,0.0
23600,16.0,416.0,0.0
23601,221.0,229.0,0.0
23602,208.0,339.0,0.0
23603,222.0,27.0,0.0
23604,268.0,183.0,0.0
23605,257.0,557.0,0.0
23606,173.0,79.0,0.0
23607,221.0,561.0,0.0
23608,51.0,350.0,0.0
23609,239.0,259.0,0.0
23610,99.0,21.0,0.0
23611,241.0,322.0,0.0
23612,181.0,568.0,0.0
23613,56.0,394.0,0.0
23614,171.0,428.0,0.0
23615,239.0,449.0,0.0
23616,53.0,249.0,0.0
23617,125.0,558.0,0.0
23618,87.0,264.0,0.0
23619,186.0,132.0,0.0
23620,221.0,149.0,0.0
23621,78.0,301.0,0.0
23622,235.0,120.0,0.0
23623,103.0,142.0,0.0
23624,190.0,554.0,0.0
23625,195.0,181.0,0.0
23626,67.0,568.0,0.0
23627,33.0,292.0,0.0
23628,241.0,200.0,0.0
23629,39.0,418.0,0.0
23630,231.0,36.0,0.0
23631,32.0,399.0,0.0
23632,9.0,110.0,0.0
23633,45.0,242.0,0.0
23634,246.0,110.0,0.0
23635,242.0,490.0,0.0
23636,192.0,44.0,0.0
23637,126.0,347.0,0.0
23638,120.0,535.0,0.0
23639,234.0,166.0,0.0
23640,78.0,420.0,0.0
23641,182.0,112.0,0.0
23642,74.0,161.0,0.0
23643,263.0,210.0,0.0
23644,171.0,353.0,0.0
23645,56.0,587.0,0.0
23646,9.0,9.0,0.0
23647,90.0,573.0,0.0
23648,117.0,576.0,0.0
23649,85.0,536.0,0.0
23650,6.0,459.0,0.0
23651,207.0,151.0,0.0
23652,60.0,516.0,0.0
23653,64.0,580.0,0.0
23654,36.0,194.0,0.0
23655,164.0,407.0,0.0
23656,159.0,320.0,0.0
23657,5.0,484.0,0.0
23658,160.0,462.0,0.0
23659,203.0,325.0,0.0
23660,253.0,100.0,0.0
23661,243.0,106.0,0.0
23662,40.0,67.0,0.0
23663,37.0,307.0,0.0
23664,33.0,396.0,0.0
23665,128.0,449.0,0.0
23666,50.0,339.0,0.0
23667,142.0,282.0,0.0
23668,41.0,168.0,0.0
23669,162.0,458.0,0.0
23670,258.0,57.0,0.0
23671,128.0,543.0,0.0
23672,53.0,45.0,0.0
23673,99.0,261.0,0.0
23674,76.0,277.0,0.0
23675,141.0,195.0,0.0
23676,87.0,353.0,0.0
23677,237.0,236.0,0.0
23678,155.0,338.0,0.0
23679,102.0,278.0,0.0
23680,157.0,243.0,0.0
23681,188.0,353.0,0.0
23682,173.0,328.0,0.0
23683,212.0,539.0,0.0
23684,205.0,8.0,0.0
23685,105.0,574.0,0.0
23686,115.0,425.0,0.0
23687,204.0,114.0,0.0
23688,47.0,9.0,0.0
23689,128.0,177.0,0.0
23690,184.0,458.0,0.0
23691,49.0,64.0,0.0
23692,124.0,5.0,0.0
23693,86.0,559.0,0.0
23694,113.0,361.0,0.0
23695,198.0,75.0,0.0
23696,66.0,58.0,0.0
23697,195.0,102.0,0.0
23698,192.0,262.0,0.0
23699,34.0,411.0,0.0
23700,232.0,433.0,0.0
23701,48.0,53.0,0.0
23702,236.0,73.0,0.0
23703,243.0,11.0,0.0
23704,229.0,370.0,0.0
23705,69.0,459.0,0.0
23706,4.0,137.0,0.0
23707,102.0,519.0,0.0
23708,266.0,571.0,0.0
23709,77.0,466.0,0.0
23710,141.0,349.0,0.0
23711,104.0,377.0,0.0
23712,260.0,84.0,0.0
23713,11.0,523.0,0.0
23714,197.0,317.0,0.0
23715,43.0,340.0,0.0
23716,11.0,101.0,0.0
23717,251.0,323.0,0.0
23718,268.0,77.0,0.0
23719,227.0,320.0,0.0
23720,213.0,78.0,0.0
23721,212.0,163.0,0.0
23722,25.0,389.0,0.0
23723,266.0,358.0,0.0
23724,7.0,471.0,0.0
23725,197.0,436.0,0.0
23726,85.0,558.0,0.0
23727,131.0,197.0,0.0
23728,192.0,531.0,0.0
23729,99.0,183.0,0.0
23730,42.0,89.0,0.0
23731,250.0,524.0,0.0
23732,198.0,161.0,0.0
23733,259.0,88.0,0.0
23734,23.0,102.0,0.0
23735,159.0,25.0,0.0
23736,246.0,154.0,0.0
23737,166.0,43.0,0.0
23738,90.0,365.0,0.0
23739,168.0,14.0,0.0
23740,105.0,475.0,0.0
23741,110.0,595.0,0.0
23742,48.0,184.0,0.0
23743,98.0,392.0,0.0
23744,101.0,201.0,0.0
23745,133.0,432.0,0.0
23746,65.0,257.0,0.0
23747,215.0,310.0,0.0
23748,98.0,408.0,0.0
23749,108.0,591.0,0.0
23750,175.0,69.0,0.0
23751,182.0,370.0,0.0
23752,110.0,197.0,0.0
23753,225.0,250.0,0.0
23754,113.0,412.0,0.0
23755,203.0,456.0,0.0
23756,250.0,415.0,0.0
23757,198.0,212.0,0.0
23758,192.0,210.0,0.0
23759,222.0,439.0,0.0
23760,75.0,472.0,0.0
23761,82.0,200.0,0.0
23762,147.0,90.0,0.0
23763,92.0,87.0,0.0
23764,234.0,139.0,0.0
23765,156.0,11.0,0.0
23766,241.0,516.0,0.0
23767,19.0,405.0,0.0
23768,9.0,442.0,0.0
23769,14.0,351.0,0.0
23770,61.0,399.0,0.0
23771,206.0,243.0,0.0
23772,180.0,23.0,0.0
23773,158.0,539.0,0.0
23774,138.0,560.0,0.0
23775,116.0,275.0,0.0
23776,69.0,223.0,0.0
23777,240.0,554.0,0.0
23778,47.0,545.0,0.0
23779,202.0,563.0,0.0
23780,117.0,558.0,0.0
23781,197.0,126.0,0.0
23782,26.0,459.0,0.0
23783,188.0,411.0,0.0
23784,58.0,178.0,0.0
23785,169.0,476.0,0.0
23786,142.0,561.0,0.0
23787,17.0,13.0,0.0
23788,232.0,224.0,0.0
23789,9.0,229.0,0.0
23790,72.0,473.0,0.0
23791,225.0,102.0,0.0
23792,201.0,443.0,0.0
23793,37.0,36.0,0.0
23794,53.0,548.0,0.0
23795,68.0,408.0,0.0
23796,167.0,95.0,0.0
23797,109.0,549.0,0.0
23798,80.0,587.0,0.0
23799,193.0,417.0,0.0
23800,162.0,521.0,0.0
23801,12.0,387.0,0.0
23802,94.0,579.0,0.0
23803,129.0,389.0,0.0
23804,218.0,293.0,0.0
23805,241.0,217.0,0.0
23806,177.0,188.0,0.0
23807,122.0,417.0,0.0
23808,213.0,463.0,0.0
23809,67.0,384.0,0.0
23810,127.0,330.0,0.0
23811,91.0,280.0,0.0
23812,216.0,569.0,0.0
23813,50.0,166.0,0.0
23814,68.0,329.0,0.0
23815,117.0,63.0,0.0
23816,110.0,591.0,0.0
23817,163.0,162.0,0.0
23818,258.0,220.0,0.0
23819,28.0,552.0,0.0
23820,196.0,16.0,0.0
23821,71.0,450.0,0.0
23822,112.0,144.0,0.0
23823,188.0,551.0,0.0
23824,159.0,339.0,0.0
23825,237.0,82.0,0.0
23826,11.0,10.0,0.0
23827,118.0,72.0,0.0
23828,179.0,245.0,0.0
23829,243.0,334.0,0.0
23830,71.0,454.0,0.0
23831,131.0,505.0,0.0
23832,103.0,237.0,0.0
23833,115.0,370.0,0.0
23834,194.0,293.0,0.0
23835,66.0,305.0,0.0
23836,108.0,564.0,0.0
23837,41.0,474.0,0.0
23838,9.0,136.0,0.0
23839,36.0,575.0,0.0
23840,240.0,519.0,0.0
23841,161.0,556.0,0.0
23842,111.0,235.0,0.0
23843,176.0,461.0,0.0
23844,59.0,371.0,0.0
23845,230.0,335.0,0.0
23846,212.0,83.0,0.0
23847,4.0,427.0,0.0
23848,118.0,508.0,0.0
23849,112.0,294.0,0.0
23850,87.0,310.0,0.0
23851,203.0,593.0,0.0
23852,266.0,534.0,0.0
23853,229.0,161.0,0.0
23854,93.0,81.0,0.0
23855,74.0,562.0,0.0
23856,248.0,464.0,0.0
23857,237.0,569.0,0.0
23858,115.0,179.0,0.0
23859,55.0,183.0,0.0
23860,31.0,121.0,0.0
23861,256.0,371.0,0.0
23862,191.0,266.0,0.0
23863,214.0,257.0,0.0
23864,146.0,219.0,0.0
23865,29.0,23.0,0.0
23866,30.0,385.0,0.0
23867,170.0,15.0,0.0
23868,241.0,53.0,0.0
23869,152.0,15.0,0.0
23870,125.0,438.0,0.0
23871,114.0,208.0,0.0
23872,179.0,560.0,0.0
23873,9.0,567.0,0.0
23874,153.0,133.0,0.0
23875,261.0,256.0,0.0
23876,256.0,52.0,0.0
23877,211.0,579.0,0.0
23878,96.0,376.0,0.0
23879,152.0,145.0,0.0
23880,77.0,331.0,0.0
23881,127.0,473.0,0.0
23882,130.0,5.0,0.0
23883,266.0,557.0,0.0
23884,258.0,426.0,0.0
23885,205.0,544.0,0.0
23886,158.0,417.0,0.0
23887,49.0,251.0,0.0
23888,1.0,419.0,0.0
23889,49.0,516.0,0.0
23890,202.0,341.0,0.0
23891,224.0,324.0,0.0
23892,19.0,577.0,0.0
23893,256.0,201.0,0.0
23894,65.0,595.0,0.0
23895,185.0,510.0,0.0
23896,256.0,213.0,0.0
23897,183.0,360.0,0.0
23898,215.0,433.0,0.0
23899,113.0,8.0,0.0
23900,20.0,298.0,0.0
23901,26.0,155.0,0.0
23902,1.0,480.0,0.0
23903,186.0,128.0,0.0
23904,182.0,151.0,0.0
23905,81.0,271.0,0.0
23906,212.0,576.0,0.0
23907,225.0,116.0,0.0
23908,246.0,30.0,0.0
23909,210.0,238.0,0.0
23910,92.0,585.0,0.0
23911,141.0,450.0,0.0
23912,113.0,312.0,0.0
23913,223.0,417.0,0.0
23914,6.0,141.0,0.0
23915,125.0,94.0,0.0
23916,191.0,75.0,0.0
23917,131.0,167.0,0.0
23918,69.0,428.0,0.0
23919,258.0,556.0,0.0
23920,215.0,36.0,0.0
23921,202.0,558.0,0.0
23922,42.0,30.0,0.0
23923,129.0,553.0,0.0
23924,51.0,148.0,0.0
23925,137.0,238.0,0.0
23926,23.0,202.0,0.0
23927,252.0,84.0,0.0
23928,229.0,300.0,0.0
23929,231.0,281.0,0.0
23930,135.0,334.0,0.0
23931,170.0,338.0,0.0
23932,214.0,338.0,0.0
23933,45.0,526.0,0.0
23934,173.0,9.0,0.0
23935,45.0,565.0,0.0
23936,259.0,194.0,0.0
23937,88.0,552.0,0.0
23938,49.0,486.0,0.0
23939,219.0,511.0,0.0
23940,175.0,235.0,0.0
23941,81.0,82.0,0.0
23942,108.0,67.0,0.0
23943,231.0,92.0,0.0
23944,122.0,572.0,0.0
23945,213.0,532.0,0.0
23946,8.0,130.0,0.0
23947,210.0,344.0,0.0
23948,167.0,322.0,0.0
23949,127.0,0.0,0.0
23950,230.0,172.0,0.0
23951,43.0,461.0,0.0
23952,18.0,366.0,0.0
23953,6.0,388.0,0.0
23954,98.0,73.0,0.0
23955,69.0,79.0,0.0
23956,106.0,556.0,0.0
23957,268.0,254.0,0.0
23958,70.0,288.0,0.0
23959,97.0,21.0,0.0
23960,220.0,506.0,0.0
23961,216.0,161.0,0.0
23962,35.0,116.0,0.0
23963,137.0,358.0,0.0
23964,29.0,257.0,0.0
23965,143.0,418.0,0.0
23966,25.0,438.0,0.0
23967,90.0,60.0,0.0
23968,13.0,406.0,0.0
23969,0.0,98.0,0.0
23970,96.0,537.0,0.0
23971,80.0,585.0,0.0
23972,267.0,467.0,0.0
23973,192.0,243.0,0.0
23974,92.0,332.0,0.0
23975,166.0,8.0,0.0
23976,127.0,325.0,0.0
23977,86.0,537.0,0.0
23978,179.0,255.0,0.0
23979,99.0,69.0,0.0
23980,30.0,399.0,0.0
23981,231.0,489.0,0.0
23982,69.0,194.0,0.0
23983,110.0,353.0,0.0
23984,192.0,587.0,0.0
23985,177.0,549.0,0.0
23986,205.0,511.0,0.0
23987,80.0,313.0,0.0
23988,37.0,406.0,0.0
23989,111.0,450.0,0.0
23990,27.0,211.0,0.0
23991,25.0,563.0,0.0
23992,120.0,41.0,0.0
23993,52.0,264.0,0.0
23994,119.0,142.0,0.0
23995,243.0,540.0,0.0
23996,136.0,21.0,0.0
23997,85.0,218.0,0.0
23998,175.0,65.0,0.0
23999,43.0,515.0,0.0
24000,115.0,552.0,0.0
24001,73.0,284.0,0.0
24002,218.0,43.0,0.0
24003,8.0,559.0,0.0
24004,94.0,288.0,0.0
24005,29.0,566.0,0.0
24006,11.0,443.0,0.0
24007,232.0,243.0,0.0
24008,122.0,576.0,0.0
24009,164.0,379.0,0.0
24010,32.0,209.0,0.0
24011,176.0,82.0,0.0
24012,144.0,186.0,0.0
24013,235.0,490.0,0.0
24014,53.0,433.0,0.0
24015,3.0,257.0,0.0
24016,186.0,580.0,0.0
24017,175.0,63.0,0.0
24018,142.0,91.0,0.0
24019,11.0,179.0,0.0
24020,21.0,487.0,0.0
24021,265.0,137.0,0.0
24022,18.0,27.0,0.0
24023,39.0,147.0,0.0
24024,6.0,212.0,0.0
24025,229.0,228.0,0.0
24026,114.0,57.0,0.0
24027,68.0,536.0,0.0
24028,125.0,547.0,0.0
24029,243.0,44.0,0.0
24030,159.0,454.0,0.0
24031,181.0,259.0,0.0
24032,171.0,403.0,0.0
24033,187.0,427.0,0.0
24034,34.0,320.0,0.0
24035,207.0,489.0,0.0
24036,41.0,236.0,0.0
24037,141.0,479.0,0.0
24038,142.0,90.0,0.0
24039,146.0,538.0,0.0
24040,140.0,244.0,0.0
24041,59.0,537.0,0.0
24042,139.0,265.0,0.0
24043,266.0,552.0,0.0
24044,143.0,511.0,0.0
24045,190.0,438.0,0.0
24046,52.0,256.0,0.0
24047,261.0,428.0,0.0
24048,262.0,298.0,0.0
24049,21.0,182.0,0.0
24050,64.0,481.0,0.0
24051,204.0,230.0,0.0
24052,153.0,248.0,0.0
24053,259.0,136.0,0.0
24054,233.0,382.0,0.0
24055,214.0,540.0,0.0
24056,265.0,363.0,0.0
24057,35.0,18.0,0.0
24058,18.0,12.0,0.0
24059,41.0,560.0,0.0
24060,101.0,453.0,0.0
24061,24.0,226.0,0.0
24062,225.0,421.0,0.0
24063,264.0,73.0,0.0
24064,219.0,476.0,0.0
24065,161.0,523.0,0.0
24066,139.0,375.0,0.0
24067,132.0,345.0,0.0
24068,20.0,252.0,0.0
24069,159.0,105.0,0.0
24070,121.0,88.0,0.0
24071,212.0,53.0,0.0
24072,53.0,295.0,0.0
24073,98.0,346.0,0.0
24074,114.0,383.0,0.0
24075,229.0,519.0,0.0
24076,86.0,399.0,0.0
24077,92.0,116.0,0.0
24078,158.0,57.0,0.0
24079,163.0,27.0,0.0
24080,12.0,289.0,0.0
24081,82.0,75.0,0.0
24082,40.0,307.0,0.0
24083,63.0,503.0,0.0
24084,26.0,298.0,0.0
24085,218.0,135.0,0.0
24086,93.0,120.0,0.0
24087,51.0,425.0,0.0
24088,81.0,449.0,0.0
24089,110.0,157.0,0.0
24090,44.0,414.0,0.0
24091,142.0,106.0,0.0
24092,183.0,356.0,0.0
24093,166.0,233.0,0.0
24094,61.0,301.0,0.0
24095,27.0,462.0,0.0
24096,84.0,453.0,0.0
24097,261.0,314.0,0.0
24098,9.0,121.0,0.0
24099,89.0,49.0,0.0
24100,159.0,564.0,0.0
24101,126.0,338.0,0.0
24102,249.0,284.0,0.0
24103,118.0,73.0,0.0
24104,257.0,354.0,0.0
24105,204.0,98.0,0.0
24106,188.0,18.0,0.0
24107,195.0,99.0,0.0
24108,177.0,254.0,0.0
24109,89.0,76.0,0.0
24110,42.0,369.0,0.0
24111,38.0,435.0,0.0
24112,218.0,432.0,0.0
24113,221.0,275.0,0.0
24114,29.0,512.0,0.0
24115,113.0,537.0,0.0
24116,170.0,136.0,0.0
24117,200.0,513.0,0.0
24118,22.0,92.0,0.0
24119,18.0,158.0,0.0
24120,246.0,422.0,0.0
24121,210.0,577.0,0.0
24122,188.0,577.0,0.0
24123,219.0,166.0,0.0
24124,266.0,122.0,0.0
24125,45.0,297.0,0.0
24126,248.0,484.0,0.0
24127,203.0,407.0,0.0
24128,267.0,145.0,0.0
24129,233.0,24.0,0.0
24130,194.0,65.0,0.0
24131,56.0,318.0,0.0
24132,34.0,0.0,0.0
24133,24.0,475.0,0.0
24134,241.0,369.0,0.0
24135,214.0,457.0,0.0
24136,29.0,205.0,0.0
24137,205.0,61.0,0.0
24138,268.0,423.0,0.0
24139,96.0,362.0,0.0
24140,172.0,494.0,0.0
24141,27.0,135.0,0.0
24142,101.0,71.0,0.0
24143,73.0,494.0,0.0
24144,237.0,559.0,0.0
24145,88.0,82.0,0.0
24146,173.0,156.0,0.0
24147,134.0,506.0,0.0
24148,169.0,517.0,0.0
24149,176.0,459.0,0.0
24150,260.0,163.0,0.0
24151,213.0,128.0,0.0
24152,198.0,436.0,0.0
24153,38.0,406.0,0.0
24154,98.0,529.0,0.0
24155,24.0,447.0,0.0
24156,131.0,137.0,0.0
24157,205.0,520.0,0.0
24158,194.0,80.0,0.0
24159,113.0,418.0,0.0
24160,222.0,77.0,0.0
24161,50.0,376.0,0.0
24162,9.0,513.0,0.0
24163,89.0,531.0,0.0
24164,207.0,576.0,0.0
24165,85.0,260.0,0.0
24166,191.0,465.0,0.0
24167,211.0,544.0,0.0
24168,15.0,69.0,0.0
24169,75.0,448.0,0.0
24170,265.0,307.0,0.0
24171,51.0,554.0,0.0
24172,175.0,90.0,0.0
24173,125.0,476.0,0.0
24174,134.0,203.0,0.0
24175,1.0,547.0,0.0
24176,156.0,189.0,0.0
24177,265.0,98.0,0.0
24178,204.0,577.0,0.0
24179,21.0,83.0,0.0
24180,151.0,82.0,0.0
24181,43.0,5.0,0.0
24182,211.0,379.0,0.0
24183,90.0,202.0,0.0
24184,228.0,363.0,0.0
24185,136.0,391.0,0.0
24186,44.0,357.0,0.0
24187,227.0,149.0,0.0
24188,9.0,583.0,0.0
24189,134.0,91.0,0.0
24190,43.0,567.0,0.0
24191,132.0,124.0,0.0
24192,215.0,541.0,0.0
24193,78.0,267.0,0.0
24194,75.0,207.0,0.0
24195,221.0,22.0,0.0
24196,138.0,174.0,0.0
24197,95.0,165.0,0.0
24198,182.0,450.0,0.0
24199,109.0,283.0,0.0
24200,256.0,46.0,0.0
24201,129.0,315.0,0.0
24202,29.0,357.0,0.0
24203,214.0,539.0,0.0
24204,139.0,128.0,0.0
24205,11.0,551.0,0.0
24206,72.0,515.0,0.0
24207,268.0,61.0,0.0
24208,112.0,494.0,0.0
24209,1.0,536.0,0.0
24210,74.0,164.0,0.0
24211,18.0,260.0,0.0
24212,171.0,542.0,0.0
24213,119.0,380.0,0.0
24214,231.0,568.0,0.0
24215,228.0,88.0,0.0
24216,83.0,528.0,0.0
24217,222.0,502.0,0.0
24218,153.0,479.0,0.0
24219,239.0,144.0,0.0
24220,167.0,326.0,0.0
24221,89.0,360.0,0.0
24222,4.0,60.0,0.0
24223,206.0,421.0,0.0
24224,185.0,567.0,0.0
24225,70.0,94.0,0.0
24226,130.0,401.0,0.0
24227,241.0,420.0,0.0
24228,189.0,508.0,0.0
24229,136.0,333.0,0.0
24230,206.0,56.0,0.0
24231,148.0,171.0,0.0
24232,36.0,324.0,0.0
24233,159.0,276.0,0.0
24234,216.0,366.0,0.0
24235,139.0,317.0,0.0
24236,218.0,191.0,0.0
24237,252.0,270.0,0.0
24238,56.0,590.0,0.0
24239,33.0,96.0,0.0
24240,107.0,483.0,0.0
24241,14.0,404.0,0.0
24242,257.0,582.0,0.0
24243,12.0,138.0,0.0
24244,176.0,61.0,0.0
24245,53.0,306.0,0.0
24246,210.0,154.0,0.0
24247,108.0,589.0,0.0
24248,254.0,32.0,0.0
24249,48.0,238.0,0.0
24250,75.0,13.0,0.0
24251,178.0,442.0,0.0
24252,102.0,284.0,0.0
24253,194.0,87.0,0.0
24254,190.0,9.0,0.0
24255,0.0,534.0,0.0
24256,238.0,515.0,0.0
24257,152.0,542.0,0.0
24258,229.0,589.0,0.0
24259,136.0,203.0,0.0
24260,129.0,140.0,0.0
24261,16.0,530.0,0.0
24262,193.0,397.0,0.0
24263,160.0,367.0,0.0
24264,15.0,571.0,0.0
24265,261.0,161.0,0.0
24266,138.0,564.0,0.0
24267,136.0,484.0,0.0
24268,22.0,1.0,0.0
24269,191.0,179.0,0.0
24270,132.0,208.0,0.0
24271,130.0,132.0,0.0
24272,201.0,8.0,0.0
24273,60.0,86.0,0.0
24274,262.0,511.0,0.0
24275,184.0,586.0,0.0
24276,208.0,326.0,0.0
24277,96.0,324.0,0.0
24278,244.0,281.0,0.0
24279,12.0,85.0,0.0
24280,57.0,551.0,0.0
24281,54.0,503.0,0.0
24282,96.0,407.0,0.0
24283,227.0,474.0,0.0
24284,111.0,55.0,0.0
24285,174.0,491.0,0.0
24286,137.0,233.0,0.0
24287,122.0,207.0,0.0
24288,219.0,200.0,0.0
24289,112.0,415.0,0.0
24290,247.0,59.0,0.0
24291,251.0,420.0,0.0
24292,140.0,254.0,0.0
24293,58.0,195.0,0.0
24294,227.0,340.0,0.0
24295,77.0,540.0,0.0
24296,266.0,162.0,0.0
24297,208.0,391.0,0.0
24298,180.0,35.0,0.0
24299,107.0,88.0,0.0
24300,103.0,65.0,0.0
24301,176.0,515.0,0.0
24302,125.0,552.0,0.0
24303,247.0,485.0,0.0
24304,58.0,483.0,0.0
24305,84.0,112.0,0.0
24306,56.0,524.0,0.0
24307,38.0,487.0,0.0
24308,194.0,309.0,0.0
24309,210.0,464.0,0.0
24310,201.0,180.0,0.0
24311,38.0,375.0,0.0
24312,141.0,449.0,0.0
24313,128.0,513.0,0.0
24314,29.0,500.0,0.0
24315,56.0,568.0,0.0
24316,254.0,43.0,0.0
24317,132.0,480.0,0.0
24318,196.0,318.0,0.0
24319,91.0,154.0,0.0
24320,223.0,455.0,0.0
24321,247.0,508.0,0.0
24322,12.0,436.0,0.0
24323,245.0,318.0,0.0
24324,232.0,99.0,0.0
24325,116.0,225.0,0.0
24326,212.0,12.0,0.0
24327,31.0,521.0,0.0
24328,45.0,271.0,0.0
24329,57.0,451.0,0.0
24330,119.0,63.0,0.0
24331,207.0,245.0,0.0
24332,122.0,215.0,0.0
24333,19.0,576.0,0.0
24334,197.0,396.0,0.0
24335,176.0,113.0,0.0
24336,107.0,16.0,0.0
24337,57.0,151.0,0.0
24338,222.0,116.0,0.0
24339,172.0,553.0,0.0
24340,265.0,162.0,0.0
24341,155.0,145.0,0.0
24342,222.0,362.0,0.0
24343,156.0,296.0,0.0
24344,265.0,202.0,0.0
24345,10.0,45.0,0.0
24346,76.0,382.0,0.0
24347,253.0,206.0,0.0
24348,113.0,263.0,0.0
24349,137.0,225.0,0.0
24350,16.0,592.0,0.0
24351,231.0,159.0,0.0
24352,195.0,347.0,0.0
24353,144.0,243.0,0.0
24354,245.0,93.0,0.0
24355,229.0,360.0,0.0
24356,172.0,292.0,0.0
24357,205.0,177.0,0.0
24358,198.0,369.0,0.0
24359,46.0,384.0,0.0
24360,63.0,475.0,0.0
24361,30.0,353.0,0.0
24362,57.0,197.0,0.0
24363,32.0,386.0,0.0
24364,195.0,165.0,0.0
24365,60.0,507.0,0.0
24366,72.0,393.0,0.0
24367,218.0,258.0,0.0
24368,185.0,433.0,0.0
24369,13.0,431.0,0.0
24370,37.0,303.0,0.0
24371,128.0,476.0,0.0
24372,198.0,65.0,0.0
24373,202.0,487.0,0.0
24374,38.0,560.0,0.0
24375,123.0,217.0,0.0
24376,3.0,533.0,0.0
24377,200.0,448.0,0.0
24378,23.0,39.0,0.0
24379,62.0,272.0,0.0
24380,208.0,357.0,0.0
24381,77.0,511.0,0.0
24382,172.0,232.0,0.0
24383,152.0,291.0,0.0
24384,180.0,126.0,0.0
24385,171.0,565.0,0.0
24386,79.0,231.0,0.0
24387,143.0,328.0,0.0
24388,11.0,212.0,0.0
24389,236.0,13.0,0.0
24390,242.0,466.0,0.0
24391,111.0,284.0,0.0
24392,232.0,499.0,0.0
24393,90.0,482.0,0.0
24394,118.0,350.0,0.0
24395,59.0,507.0,0.0
24396,151.0,42.0,0.0
24397,36.0,7.0,0.0
24398,9.0,520.0,0.0
24399,155.0,275.0,0.0
24400,240.0,365.0,0.0
24401,11.0,278.0,0.0
24402,0.0,186.0,0.0
24403,152.0,576.0,0.0
24404,87.0,332.0,0.0
24405,249.0,182.0,0.0
24406,178.0,564.0,0.0
24407,146.0,291.0,0.0
24408,39.0,412.0,0.0
24409,91.0,420.0,0.0
24410,74.0,301.0,0.0
24411,70.0,470.0,0.0
24412,259.0,475.0,0.0
24413,71.0,99.0,0.0
24414,216.0,111.0,0.0
24415,47.0,528.0,0.0
24416,230.0,540.0,0.0
24417,235.0,278.0,0.0
24418,206.0,264.0,0.0
24419,97.0,2.0,0.0
24420,18.0,144.0,0.0
24421,10.0,202.0,0.0
24422,198.0,49.0,0.0
24423,92.0,15.0,0.0
24424,165.0,483.0,0.0
24425,189.0,154.0,0.0
24426,235.0,299.0,0.0
24427,57.0,534.0,0.0
24428,163.0,495.0,0.0
24429,46.0,556.0,0.0
24430,120.0,153.0,0.0
24431,20.0,508.0,0.0
24432,157.0,452.0,0.0
24433,122.0,386.0,0.0
24434,39.0,457.0,0.0
24435,128.0,228.0,0.0
24436,196.0,527.0,0.0
24437,163.0,567.0,0.0
24438,207.0,479.0,0.0
24439,106.0,194.0,0.0
24440,175.0,296.0,0.0
24441,250.0,407.0,0.0
24442,249.0,219.0,0.0
24443,129.0,535.0,0.0
24444,98.0,7.0,0.0
24445,24.0,301.0,0.0
24446,67.0,334.0,0.0
24447,134.0,433.0,0.0
24448,121.0,9.0,0.0
24449,126.0,428.0,0.0
24450,77.0,227.0,0.0
24451,5.0,262.0,0.0
24452,111.0,572.0,0.0
24453,205.0,275.0,0.0
24454,151.0,250.0,0.0
24455,229.0,176.0,0.0
24456,213.0,306.0,0.0
24457,75.0,193.0,0.0
24458,40.0,274.0,0.0
24459,86.0,454.0,0.0
24460,204.0,389.0,0.0
24461,226.0,482.0,0.0
24462,26.0,506.0,0.0
24463,177.0,149.0,0.0
24464,94.0,360.0,0.0
24465,238.0,147.0,0.0
24466,180.0,403.0,0.0
24467,184.0,548.0,0.0
24468,38.0,177.0,0.0
24469,56.0,105.0,0.0
24470,34.0,486.0,0.0
24471,17.0,4.0,0.0
24472,142.0,140.0,0.0
24473,187.0,83.0,0.0
24474,155.0,213.0,0.0
24475,58.0,77.0,0.0
24476,144.0,516.0,0.0
24477,24.0,359.0,0.0
24478,190.0,582.0,0.0
24479,43.0,514.0,0.0
24480,213.0,300.0,0.0
24481,221.0,67.0,0.0
24482,123.0,576.0,0.0
24483,145.0,166.0,0.0
24484,9.0,214.0,0.0
24485,30.0,359.0,0.0
24486,226.0,310.0,0.0
24487,207.0,34.0,0.0
24488,243.0,312.0,0.0
24489,62.0,511.0,0.0
24490,141.0,456.0,0.0
24491,136.0,362.0,0.0
24492,125.0,507.0,0.0
24493,184.0,484.0,0.0
24494,17.0,263.0,0.0
24495,236.0,448.0,0.0
24496,256.0,516.0,0.0
24497,231.0,165.0,0.0
24498,8.0,439.0,0.0
24499,9.0,225.0,0.0
24500,33.0,403.0,0.0
24501,108.0,525.0,0.0
24502,136.0,515.0,0.0
24503,239.0,70.0,0.0
24504,63.0,539.0,0.0
24505,166.0,536.0,0.0
24506,21.0,65.0,0.0
24507,132.0,85.0,0.0
24508,102.0,137.0,0.0
24509,111.0,374.0,0.0
24510,107.0,523.0,0.0
24511,107.0,192.0,0.0
24512,145.0,348.0,0.0
24513,228.0,131.0,0.0
24514,39.0,440.0,0.0
24515,114.0,317.0,0.0
24516,8.0,139.0,0.0
24517,139.0,301.0,0.0
24518,11.0,195.0,0.0
24519,253.0,378.0,0.0
24520,151.0,302.0,0.0
24521,31.0,63.0,0.0
24522,221.0,420.0,0.0
24523,1.0,391.0,0.0
24524,67.0,289.0,0.0
24525,36.0,189.0,0.0
24526,36.0,592.0,0.0
24527,214.0,48.0,0.0
24528,9.0,381.0,0.0
24529,140.0,417.0,0.0
24530,48.0,431.0,0.0
24531,162.0,313.0,0.0
24532,113.0,404.0,0.0
24533,95.0,386.0,0.0
24534,260.0,373.0,0.0
24535,146.0,155.0,0.0
24536,51.0,168.0,0.0
24537,157.0,213.0,0.0
24538,106.0,271.0,0.0
24539,21.0,564.0,0.0
24540,142.0,489.0,0.0
24541,139.0,362.0,0.0
24542,247.0,190.0,0.0
24543,181.0,40.0,0.0
24544,25.0,344.0,0.0
24545,197.0,124.0,0.0
24546,113.0,593.0,0.0
24547,125.0,3.0,0.0
24548,188.0,561.0,0.0
24549,151.0,243.0,0.0
24550,194.0,2.0,0.0
24551,56.0,219.0,0.0
24552,196.0,93.0,0.0
24553,85.0,401.0,0.0
24554,197.0,171.0,0.0
24555,80.0,428.0,0.0
24556,72.0,18.0,0.0
24557,249.0,495.0,0.0
24558,18.0,280.0,0.0
24559,124.0,472.0,0.0
24560,52.0,170.0,0.0
24561,115.0,108.0,0.0
24562,29.0,296.0,0.0
24563,48.0,343.0,0.0
24564,171.0,50.0,0.0
24565,73.0,153.0,0.0
24566,181.0,491.0,0.0
24567,131.0,472.0,0.0
24568,212.0,444.0,0.0
24569,259.0,453.0,0.0
24570,156.0,335.0,0.0
24571,233.0,350.0,0.0
24572,248.0,258.0,0.0
24573,133.0,429.0,0.0
24574,131.0,4.0,0.0
24575,12.0,471.0,0.0
24576,88.0,113.0,0.0
24577,176.0,188.0,0.0
24578,97.0,549.0,0.0
24579,102.0,371.0,0.0
24580,236.0,99.0,0.0
24581,57.0,484.0,0.0
24582,153.0,457.0,0.0
24583,21.0,171.0,0.0
24584,208.0,92.0,0.0
24585,196.0,478.0,0.0
24586,27.0,220.0,0.0
24587,244.0,462.0,0.0
24588,209.0,522.0,0.0
24589,239.0,374.0,0.0
24590,20.0,329.0,0.0
24591,124.0,346.0,0.0
24592,101.0,527.0,0.0
24593,46.0,50.0,0.0
24594,142.0,115.0,0.0
24595,114.0,284.0,0.0
24596,217.0,498.0,0.0
24597,47.0,475.0,0.0
24598,68.0,22.0,0.0
24599,254.0,246.0,0.0
24600,3.0,262.0,0.0
24601,34.0,594.0,0.0
24602,49.0,162.0,0.0
24603,32.0,421.0,0.0
24604,33.0,8.0,0.0
24605,171.0,506.0,0.0
24606,258.0,209.0,0.0
24607,31.0,468.0,0.0
24608,211.0,88.0,0.0
24609,26.0,586.0,0.0
24610,94.0,109.0,0.0
24611,32.0,517.0,0.0
24612,131.0,291.0,0.0
24613,159.0,406.0,0.0
24614,204.0,112.0,0.0
24615,28.0,377.0,0.0
24616,6.0,250.0,0.0
24617,81.0,142.0,0.0
24618,64.0,518.0,0.0
24619,170.0,463.0,0.0
24620,118.0,393.0,0.0
24621,150.0,465.0,0.0
24622,168.0,31.0,0.0
24623,101.0,74.0,0.0
24624,206.0,85.0,0.0
24625,15.0,370.0,0.0
24626,2.0,228.0,0.0
24627,169.0,272.0,0.0
24628,31.0,480.0,0.0
24629,125.0,5.0,0.0
24630,216.0,361.0,0.0
24631,251.0,132.0,0.0
24632,186.0,211.0,0.0
24633,172.0,469.0,0.0
24634,53.0,281.0,0.0
24635,95.0,281.0,0.0
24636,202.0,281.0,0.0
24637,82.0,575.0,0.0
24638,52.0,114.0,0.0
24639,4.0,196.0,0.0
24640,225.0,581.0,0.0
24641,52.0,105.0,0.0
24642,250.0,577.0,0.0
24643,190.0,88.0,0.0
24644,79.0,141.0,0.0
24645,41.0,583.0,0.0
24646,47.0,476.0,0.0
24647,242.0,250.0,0.0
24648,55.0,520.0,0.0
24649,173.0,152.0,0.0
24650,42.0,579.0,0.0
24651,220.0,551.0,0.0
24652,142.0,248.0,0.0
24653,69.0,217.0,0.0
24654,240.0,368.0,0.0
24655,82.0,264.0,0.0
24656,204.0,290.0,0.0
24657,187.0,425.0,0.0
24658,268.0,460.0,0.0
24659,62.0,250.0,0.0
24660,52.0,88.0,0.0
24661,33.0,518.0,0.0
24662,72.0,345.0,0.0
24663,89.0,366.0,0.0
24664,76.0,433.0,0.0
24665,268.0,228.0,0.0
24666,179.0,223.0,0.0
24667,124.0,374.0,0.0
24668,122.0,132.0,0.0
24669,225.0,43.0,0.0
24670,262.0,183.0,0.0
24671,16.0,211.0,0.0
24672,213.0,248.0,0.0
24673,217.0,469.0,0.0
24674,188.0,442.0,0.0
24675,197.0,68.0,0.0
24676,173.0,540.0,0.0
24677,98.0,65.0,0.0
24678,151.0,285.0,0.0
24679,6.0,304.0,0.0
24680,60.0,444.0,0.0
24681,115.0,412.0,0.0
24682,217.0,299.0,0.0
24683,23.0,90.0,0.0
24684,85.0,105.0,0.0
24685,30.0,34.0,0.0
24686,43.0,289.0,0.0
24687,33.0,455.0,0.0
24688,126.0,554.0,0.0
24689,208.0,533.0,0.0
24690,211.0,350.0,0.0
24691,215.0,27.0,0.0
24692,65.0,574.0,0.0
24693,240.0,501.0,0.0
24694,61.0,119.0,0.0
24695,108.0,68.0,0.0
24696,251.0,140.0,0.0
24697,244.0,479.0,0.0
24698,222.0,462.0,0.0
24699,13.0,255.0,0.0
24700,210.0,80.0,0.0
24701,225.0,142.0,0.0
24702,267.0,425.0,0.0
24703,12.0,152.0,0.0
24704,98.0,190.0,0.0
24705,106.0,205.0,0.0
24706,191.0,431.0,0.0
24707,28.0,497.0,0.0
24708,151.0,127.0,0.0
24709,100.0,212.0,0.0
24710,63.0,509.0,0.0
24711,199.0,25.0,0.0
24712,131.0,477.0,0.0
24713,185.0,30.0,0.0
24714,215.0,503.0,0.0
24715,131.0,473.0,0.0
24716,197.0,405.0,0.0
24717,119.0,235.0,0.0
24718,139.0,121.0,0.0
24719,245.0,392.0,0.0
24720,213.0,313.0,0.0
24721,27.0,394.0,0.0
24722,143.0,468.0,0.0
24723,4.0,307.0,0.0
24724,94.0,595.0,0.0
24725,115.0,29.0,0.0
24726,8.0,87.0,0.0
24727,80.0,320.0,0.0
24728,201.0,483.0,0.0
24729,52.0,127.0,0.0
24730,86.0,536.0,0.0
24731,222.0,290.0,0.0
24732,57.0,68.0,0.0
24733,42.0,319.0,0.0
24734,200.0,197.0,0.0
24735,75.0,87.0,0.0
24736,214.0,422.0,0.0
24737,118.0,28.0,0.0
24738,69.0,105.0,0.0
24739,188.0,82.0,0.0
24740,252.0,469.0,0.0
24741,76.0,190.0,0.0
24742,163.0,501.0,0.0
24743,204.0,316.0,0.0
24744,230.0,354.0,0.0
24745,45.0,208.0,0.0
24746,268.0,239.0,0.0
24747,199.0,528.0,0.0
24748,42.0,297.0,0.0
24749,137.0,536.0,0.0
24750,198.0,205.0,0.0
24751,172.0,558.0,0.0
24752,214.0,383.0,0.0
24753,236.0,593.0,0.0
24754,121.0,178.0,0.0
24755,123.0,345.0,0.0
24756,266.0,374.0,0.0
24757,238.0,532.0,0.0
24758,236.0,595.0,0.0
24759,27.0,410.0,0.0
24760,31.0,361.0,0.0
24761,240.0,312.0,0.0
24762,88.0,443.0,0.0
24763,33.0,329.0,0.0
24764,80.0,41.0,0.0
24765,264.0,327.0,0.0
24766,5.0,22.0,0.0
24767,246.0,455.0,0.0
24768,33.0,308.0,0.0
24769,134.0,447.0,0.0
24770,167.0,402.0,0.0
24771,169.0,424.0,0.0
24772,94.0,261.0,0.0
24773,3.0,296.0,0.0
24774,259.0,249.0,0.0
24775,226.0,350.0,0.0
24776,153.0,527.0,0.0
24777,70.0,442.0,0.0
24778,69.0,379.0,0.0
24779,26.0,530.0,0.0
24780,209.0,557.0,0.0
24781,265.0,448.0,0.0
24782,222.0,193.0,0.0
24783,245.0,63.0,0.0
24784,244.0,459.0,0.0
24785,104.0,72.0,0.0
24786,266.0,183.0,0.0
24787,29.0,494.0,0.0
24788,77.0,139.0,0.0
24789,237.0,52.0,0.0
24790,5.0,585.0,0.0
24791,209.0,73.0,0.0
24792,72.0,379.0,0.0
24793,266.0,78.0,0.0
24794,57.0,377.0,0.0
24795,262.0,537.0,0.0
24796,120.0,97.0,0.0
24797,0.0,111.0,0.0
24798,261.0,303.0,0.0
24799,123.0,556.0,0.0
24800,97.0,299.0,0.0
24801,36.0,453.0,0.0
24802,119.0,429.0,0.0
24803,260.0,482.0,0.0
24804,91.0,393.0,0.0
24805,50.0,455.0,0.0
24806,128.0,542.0,0.0
24807,133.0,70.0,0.0
24808,193.0,64.0,0.0
24809,190.0,224.0,0.0
24810,188.0,73.0,0.0
24811,97.0,6.0,0.0
24812,138.0,131.0,0.0
24813,60.0,417.0,0.0
24814,11.0,276.0,0.0
24815,26.0,15.0,0.0
24816,230.0,200.0,0.0
24817,3.0,524.0,0.0
24818,81.0,450.0,0.0
24819,128.0,151.0,0.0
24820,86.0,241.0,0.0
24821,242.0,423.0,0.0
24822,78.0,448.0,0.0
24823,122.0,196.0,0.0
24824,113.0,130.0,0.0
24825,170.0,509.0,0.0
24826,76.0,123.0,0.0
24827,127.0,375.0,0.0
24828,237.0,33.0,0.0
24829,198.0,222.0,0.0
24830,211.0,386.0,0.0
24831,71.0,297.0,0.0
24832,73.0,169.0,0.0
24833,43.0,250.0,0.0
24834,239.0,585.0,0.0
24835,240.0,108.0,0.0
24836,69.0,426.0,0.0
24837,190.0,27.0,0.0
24838,19.0,505.0,0.0
24839,194.0,158.0,0.0
24840,259.0,451.0,0.0
24841,25.0,197.0,0.0
24842,13.0,571.0,0.0
24843,152.0,78.0,0.0
24844,221.0,430.0,0.0
24845,11.0,335.0,0.0
24846,96.0,541.0,0.0
24847,6.0,574.0,0.0
24848,19.0,34.0,0.0
24849,197.0,520.0,0.0
24850,153.0,264.0,0.0
24851,101.0,264.0,0.0
24852,56.0,2.0,0.0
24853,210.0,6.0,0.0
24854,52.0,436.0,0.0
24855,13.0,514.0,0.0
24856,160.0,180.0,0.0
24857,24.0,207.0,0.0
24858,191.0,51.0,0.0
24859,41.0,4.0,0.0
24860,208.0,250.0,0.0
24861,49.0,569.0,0.0
24862,186.0,390.0,0.0
24863,40.0,322.0,0.0
24864,80.0,423.0,0.0
24865,35.0,98.0,0.0
24866,218.0,10.0,0.0
24867,219.0,552.0,0.0
24868,138.0,539.0,0.0
24869,242.0,304.0,0.0
24870,72.0,508.0,0.0
24871,217.0,496.0,0.0
24872,250.0,195.0,0.0
24873,3.0,119.0,0.0
24874,28.0,456.0,0.0
24875,46.0,228.0,0.0
24876,154.0,287.0,0.0
24877,256.0,72.0,0.0
24878,229.0,585.0,0.0
24879,196.0,521.0,0.0
24880,180.0,50.0,0.0
24881,171.0,178.0,0.0
24882,48.0,29.0,0.0
24883,250.0,555.0,0.0
24884,205.0,109.0,0.0
24885,131.0,73.0,0.0
24886,94.0,560.0,0.0
24887,243.0,503.0,0.0
24888,43.0,188.0,0.0
24889,103.0,3.0,0.0
24890,112.0,512.0,0.0
24891,178.0,532.0,0.0
24892,220.0,172.0,0.0
24893,229.0,473.0,0.0
24894,41.0,314.0,0.0
24895,161.0,409.0,0.0
24896,112.0,50.0,0.0
24897,6.0,90.0,0.0
24898,230.0,398.0,0.0
24899,90.0,509.0,0.0
24900,69.0,471.0,0.0
24901,15.0,94.0,0.0
24902,201.0,300.0,0.0
24903,233.0,488.0,0.0
24904,59.0,86.0,0.0
24905,114.0,299.0,0.0
24906,186.0,8.0,0.0
24907,33.0,56.0,0.0
24908,160.0,233.0,0.0
24909,141.0,442.0,0.0
24910,251.0,544.0,0.0
24911,217.0,262.0,0.0
24912,230.0,373.0,0.0
24913,50.0,377.0,0.0
24914,140.0,511.0,0.0
24915,109.0,380.0,0.0
24916,47.0,174.0,0.0
24917,54.0,406.0,0.0
24918,165.0,225.0,0.0
24919,181.0,526.0,0.0
24920,36.0,148.0,0.0
24921,3.0,69.0,0.0
24922,27.0,524.0,0.0
24923,22.0,2.0,0.0
24924,57.0,195.0,0.0
24925,24.0,35.0,0.0
24926,145.0,210.0,0.0
24927,25.0,31.0,0.0
24928,40.0,451.0,0.0
24929,173.0,260.0,0.0
24930,5.0,417.0,0.0
24931,250.0,552.0,0.0
24932,150.0,290.0,0.0
24933,62.0,284.0,0.0
24934,173.0,348.0,0.0
24935,174.0,458.0,0.0
24936,225.0,207.0,0.0
24937,63.0,77.0,0.0
24938,20.0,142.0,0.0
24939,26.0,19.0,0.0
24940,205.0,345.0,0.0
24941,128.0,407.0,0.0
24942,98.0,390.0,0.0
24943,265.0,117.0,0.0
24944,19.0,594.0,0.0
24945,239.0,53.0,0.0
24946,116.0,238.0,0.0
24947,69.0,250.0,0.0
24948,53.0,389.0,0.0
24949,146.0,15.0,0.0
24950,267.0,339.0,0.0
24951,108.0,556.0,0.0
24952,77.0,232.0,0.0
24953,78.0,41.0,0.0
24954,163.0,257.0,0.0
24955,159.0,134.0,0.0
24956,24.0,271.0,0.0
24957,16.0,140.0,0.0
24958,127.0,140.0,0.0
24959,196.0,133.0,0.0
24960,22.0,470.0,0.0
24961,177.0,187.0,0.0
24962,171.0,439.0,0.0
24963,243.0,291.0,0.0
24964,135.0,428.0,0.0
24965,220.0,69.0,0.0
24966,264.0,148.0,0.0
24967,115.0,324.0,0.0
24968,95.0,76.0,0.0
24969,120.0,206.0,0.0
24970,248.0,244.0,0.0
24971,109.0,28.0,0.0
24972,23.0,322.0,0.0
24973,23.0,57.0,0.0
24974,208.0,490.0,0.0
24975,34.0,20.0,0.0
24976,50.0,589.0,0.0
24977,9.0,452.0,0.0
24978,26.0,495.0,0.0
24979,247.0,10.0,0.0
24980,118.0,432.0,0.0
24981,257.0,533.0,0.0
24982,89.0,367.0,0.0
24983,82.0,576.0,0.0
24984,55.0,213.0,0.0
24985,184.0,550.0,0.0
24986,6.0,43.0,0.0
24987,29.0,118.0,0.0
24988,189.0,505.0,0.0
24989,3.0,250.0,0.0
24990,186.0,424.0,0.0
24991,55.0,265.0,0.0
24992,239.0,90.0,0.0
24993,69.0,255.0,0.0
24994,98.0,333.0,0.0
24995,192.0,453.0,0.0
24996,112.0,253.0,0.0
24997,153.0,287.0,0.0
24998,35.0,396.0,0.0
24999,250.0,199.0,0.0
25000,0.0,349.0,0.0
25001,118.0,261.0,0.0
25002,70.0,512.0,0.0
25003,244.0,229.0,0.0
25004,159.0,482.0,0.0
25005,104.0,462.0,0.0
25006,44.0,37.0,0.0
25007,138.0,198.0,0.0
25008,98.0,436.0,0.0
25009,3.0,485.0,0.0
25010,108.0,21.0,0.0
25011,39.0,130.0,0.0
25012,140.0,76.0,0.0
25013,185.0,295.0,0.0
25014,187.0,283.0,0.0
25015,234.0,280.0,0.0
25016,94.0,114.0,0.0
25017,126.0,438.0,0.0
25018,52.0,357.0,0.0
25019,173.0,481.0,0.0
25020,3.0,171.0,0.0
25021,226.0,450.0,0.0
25022,87.0,82.0,0.0
25023,217.0,480.0,0.0
25024,75.0,61.0,0.0
25025,11.0,450.0,0.0
25026,124.0,211.0,0.0
25027,237.0,70.0,0.0
25028,98.0,484.0,0.0
25029,211.0,531.0,0.0
25030,12.0,517.0,0.0
25031,79.0,484.0,0.0
25032,262.0,411.0,0.0
25033,165.0,229.0,0.0
25034,138.0,477.0,0.0
25035,120.0,64.0,0.0
25036,6.0,111.0,0.0
25037,234.0,268.0,0.0
25038,47.0,534.0,0.0
25039,51.0,482.0,0.0
25040,139.0,163.0,0.0
25041,233.0,288.0,0.0
25042,233.0,515.0,0.0
25043,193.0,378.0,0.0
25044,172.0,416.0,0.0
25045,16.0,42.0,0.0
25046,209.0,295.0,0.0
25047,188.0,500.0,0.0
25048,235.0,579.0,0.0
25049,153.0,322.0,0.0
25050,11.0,428.0,0.0
25051,241.0,409.0,0.0
25052,212.0,340.0,0.0
25053,169.0,311.0,0.0
25054,227.0,200.0,0.0
25055,86.0,451.0,0.0
25056,220.0,158.0,0.0
25057,102.0,475.0,0.0
25058,163.0,329.0,0.0
25059,230.0,569.0,0.0
25060,171.0,20.0,0.0
25061,103.0,321.0,0.0
25062,242.0,473.0,0.0
25063,34.0,142.0,0.0
25064,202.0,32.0,0.0
25065,192.0,101.0,0.0
25066,153.0,328.0,0.0
25067,142.0,257.0,0.0
25068,262.0,331.0,0.0
25069,231.0,548.0,0.0
25070,191.0,133.0,0.0
25071,192.0,562.0,0.0
25072,111.0,150.0,0.0
25073,181.0,293.0,0.0
25074,154.0,389.0,0.0
25075,250.0,327.0,0.0
25076,126.0,488.0,0.0
25077,21.0,327.0,0.0
25078,16.0,501.0,0.0
25079,234.0,338.0,0.0
25080,264.0,171.0,0.0
25081,135.0,287.0,0.0
25082,122.0,527.0,0.0
25083,245.0,413.0,0.0
25084,132.0,290.0,0.0
25085,10.0,129.0,0.0
25086,246.0,500.0,0.0
25087,174.0,435.0,0.0
25088,256.0,93.0,0.0
25089,141.0,49.0,0.0
25090,15.0,232.0,0.0
25091,27.0,281.0,0.0
25092,254.0,89.0,0.0
25093,222.0,238.0,0.0
25094,158.0,70.0,0.0
25095,242.0,185.0,0.0
25096,10.0,169.0,0.0
25097,53.0,231.0,0.0
25098,100.0,66.0,0.0
25099,144.0,562.0,0.0
25100,190.0,64.0,0.0
25101,68.0,442.0,0.0
25102,40.0,139.0,0.0
25103,66.0,564.0,0.0
25104,191.0,46.0,0.0
25105,47.0,573.0,0.0
25106,151.0,385.0,0.0
25107,218.0,164.0,0.0
25108,112.0,227.0,0.0
25109,115.0,40.0,0.0
25110,26.0,496.0,0.0
25111,59.0,128.0,0.0
25112,90.0,205.0,0.0
25113,243.0,426.0,0.0
25114,169.0,46.0,0.0
25115,236.0,554.0,0.0
25116,212.0,574.0,0.0
25117,126.0,121.0,0.0
25118,96.0,294.0,0.0
25119,239.0,459.0,0.0
25120,111.0,427.0,0.0
25121,70.0,459.0,0.0
25122,214.0,471.0,0.0
25123,176.0,424.0,0.0
25124,43.0,431.0,0.0
25125,23.0,7.0,0.0
25126,248.0,155.0,0.0
25127,148.0,50.0,0.0
25128,88.0,532.0,0.0
25129,267.0,115.0,0.0
25130,22.0,62.0,0.0
25131,172.0,552.0,0.0
25132,82.0,359.0,0.0
25133,266.0,595.0,0.0
25134,131.0,277.0,0.0
25135,254.0,334.0,0.0
25136,9.0,597.0,0.0
25137,5.0,529.0,0.0
25138,190.0,215.0,0.0
25139,57.0,441.0,0.0
25140,103.0,177.0,0.0
25141,258.0,284.0,0.0
25142,140.0,185.0,0.0
25143,76.0,278.0,0.0
25144,132.0,514.0,0.0
25145,251.0,154.0,0.0
25146,50.0,72.0,0.0
25147,116.0,123.0,0.0
25148,115.0,397.0,0.0
25149,228.0,456.0,0.0
25150,97.0,152.0,0.0
25151,53.0,76.0,0.0
25152,266.0,482.0,0.0
25153,24.0,485.0,0.0
25154,35.0,227.0,0.0
25155,252.0,507.0,0.0
25156,241.0,0.0,0.0
25157,79.0,61.0,0.0
25158,195.0,412.0,0.0
25159,46.0,213.0,0.0
25160,100.0,64.0,0.0
25161,80.0,373.0,0.0
25162,27.0,337.0,0.0
25163,242.0,13.0,0.0
25164,220.0,303.0,0.0
25165,176.0,191.0,0.0
25166,216.0,217.0,0.0
25167,52.0,315.0,0.0
25168,237.0,131.0,0.0
25169,57.0,560.0,0.0
25170,126.0,522.0,0.0
25171,159.0,353.0,0.0
25172,136.0,325.0,0.0
25173,98.0,335.0,0.0
25174,204.0,364.0,0.0
25175,172.0,185.0,0.0
25176,166.0,105.0,0.0
25177,9.0,413.0,0.0
25178,238.0,141.0,0.0
25179,19.0,236.0,0.0
25180,96.0,276.0,0.0
25181,220.0,537.0,0.0
25182,51.0,17.0,0.0
25183,263.0,320.0,0.0
25184,85.0,54.0,0.0
25185,8.0,216.0,0.0
25186,45.0,414.0,0.0
25187,162.0,503.0,0.0
25188,199.0,105.0,0.0
25189,207.0,121.0,0.0
25190,257.0,148.0,0.0
25191,109.0,57.0,0.0
25192,132.0,80.0,0.0
25193,71.0,293.0,0.0
25194,245.0,363.0,0.0
25195,154.0,77.0,0.0
25196,42.0,585.0,0.0
25197,55.0,385.0,0.0
25198,249.0,473.0,0.0
25199,39.0,46.0,0.0
25200,127.0,550.0,0.0
25201,43.0,278.0,0.0
25202,194.0,343.0,0.0
25203,131.0,126.0,0.0
25204,27.0,138.0,0.0
25205,179.0,265.0,0.0
25206,113.0,261.0,0.0
25207,156.0,193.0,0.0
25208,98.0,125.0,0.0
25209,142.0,323.0,0.0
25210,68.0,166.0,0.0
25211,236.0,277.0,0.0
25212,120.0,471.0,0.0
25213,150.0,487.0,0.0
25214,38.0,567.0,0.0
25215,30.0,364.0,0.0
25216,179.0,59.0,0.0
25217,120.0,568.0,0.0
25218,210.0,517.0,0.0
25219,211.0,270.0,0.0
25220,241.0,99.0,0.0
25221,21.0,289.0,0.0
25222,163.0,236.0,0.0
25223,27.0,97.0,0.0
25224,72.0,245.0,0.0
25225,259.0,368.0,0.0
25226,154.0,351.0,0.0
25227,124.0,249.0,0.0
25228,100.0,38.0,0.0
25229,111.0,405.0,0.0
25230,127.0,347.0,0.0
25231,25.0,90.0,0.0
25232,38.0,48.0,0.0
25233,189.0,19.0,0.0
25234,211.0,203.0,0.0
25235,226.0,495.0,0.0
25236,94.0,565.0,0.0
25237,199.0,562.0,0.0
25238,121.0,487.0,0.0
25239,156.0,150.0,0.0
25240,122.0,238.0,0.0
25241,263.0,285.0,0.0
25242,190.0,148.0,0.0
25243,268.0,133.0,0.0
25244,2.0,577.0,0.0
25245,24.0,574.0,0.0
25246,156.0,275.0,0.0
25247,110.0,106.0,0.0
25248,40.0,418.0,0.0
25249,141.0,412.0,0.0
25250,147.0,48.0,0.0
25251,223.0,463.0,0.0
25252,192.0,95.0,0.0
25253,112.0,79.0,0.0
25254,193.0,441.0,0.0
25255,68.0,290.0,0.0
25256,32.0,557.0,0.0
25257,36.0,331.0,0.0
25258,228.0,379.0,0.0
25259,108.0,495.0,0.0
25260,224.0,490.0,0.0
25261,212.0,440.0,0.0
25262,213.0,490.0,0.0
25263,137.0,341.0,0.0
25264,104.0,446.0,0.0
25265,24.0,154.0,0.0
25266,72.0,499.0,0.0
25267,151.0,318.0,0.0
25268,76.0,156.0,0.0
25269,75.0,339.0,0.0
25270,222.0,345.0,0.0
25271,80.0,439.0,0.0
25272,28.0,67.0,0.0
25273,170.0,83.0,0.0
25274,76.0,403.0,0.0
25275,258.0,309.0,0.0
25276,186.0,101.0,0.0
25277,111.0,544.0,0.0
25278,249.0,217.0,0.0
25279,131.0,313.0,0.0
25280,231.0,418.0,0.0
25281,24.0,413.0,0.0
25282,143.0,419.0,0.0
25283,250.0,116.0,0.0
25284,67.0,224.0,0.0
25285,257.0,385.0,0.0
25286,76.0,67.0,0.0
25287,253.0,73.0,0.0
25288,162.0,49.0,0.0
25289,241.0,1.0,0.0
25290,200.0,4.0,0.0
25291,209.0,477.0,0.0
25292,82.0,496.0,0.0
25293,144.0,49.0,0.0
25294,17.0,563.0,0.0
25295,146.0,27.0,0.0
25296,139.0,297.0,0.0
25297,15.0,474.0,0.0
25298,69.0,538.0,0.0
25299,239.0,408.0,0.0
25300,247.0,414.0,0.0
25301,180.0,574.0,0.0
25302,99.0,38.0,0.0
25303,184.0,304.0,0.0
25304,247.0,151.0,0.0
25305,224.0,558.0,0.0
25306,204.0,480.0,0.0
25307,241.0,561.0,0.0
25308,227.0,366.0,0.0
25309,69.0,220.0,0.0
25310,196.0,569.0,0.0
25311,40.0,213.0,0.0
25312,140.0,393.0,0.0
25313,35.0,521.0,0.0
25314,39.0,501.0,0.0
25315,110.0,41.0,0.0
25316,149.0,552.0,0.0
25317,185.0,29.0,0.0
25318,102.0,483.0,0.0
25319,110.0,303.0,0.0
25320,207.0,35.0,0.0
25321,177.0,54.0,0.0
25322,166.0,195.0,0.0
25323,0.0,101.0,0.0
25324,11.0,576.0,0.0
25325,75.0,502.0,0.0
25326,215.0,309.0,0.0
25327,210.0,271.0,0.0
25328,263.0,77.0,0.0
25329,183.0,105.0,0.0
25330,22.0,264.0,0.0
25331,38.0,458.0,0.0
25332,91.0,142.0,0.0
25333,133.0,458.0,0.0
25334,144.0,297.0,0.0
25335,228.0,407.0,0.0
25336,188.0,121.0,0.0
25337,220.0,538.0,0.0
25338,113.0,2.0,0.0
25339,102.0,107.0,0.0
25340,266.0,536.0,0.0
25341,22.0,268.0,0.0
25342,166.0,235.0,0.0
25343,143.0,476.0,0.0
25344,98.0,496.0,0.0
25345,42.0,147.0,0.0
25346,239.0,294.0,0.0
25347,162.0,125.0,0.0
25348,161.0,187.0,0.0
25349,183.0,319.0,0.0
25350,9.0,55.0,0.0
25351,257.0,313.0,0.0
25352,96.0,518.0,0.0
25353,198.0,142.0,0.0
25354,167.0,443.0,0.0
25355,174.0,189.0,0.0
25356,211.0,268.0,0.0
25357,165.0,462.0,0.0
25358,29.0,472.0,0.0
25359,211.0,44.0,0.0
25360,86.0,361.0,0.0
25361,98.0,282.0,0.0
25362,231.0,225.0,0.0
25363,196.0,390.0,0.0
25364,54.0,101.0,0.0
25365,21.0,447.0,0.0
25366,141.0,418.0,0.0
25367,3.0,420.0,0.0
25368,5.0,395.0,0.0
25369,184.0,7.0,0.0
25370,263.0,452.0,0.0
25371,176.0,397.0,0.0
25372,17.0,178.0,0.0
25373,96.0,550.0,0.0
25374,41.0,158.0,0.0
25375,53.0,539.0,0.0
25376,263.0,360.0,0.0
25377,171.0,61.0,0.0
25378,179.0,340.0,0.0
25379,106.0,30.0,0.0
25380,151.0,145.0,0.0
25381,143.0,560.0,0.0
25382,185.0,105.0,0.0
25383,160.0,140.0,0.0
25384,243.0,280.0,0.0
25385,61.0,550.0,0.0
25386,120.0,537.0,0.0
25387,126.0,194.0,0.0
25388,268.0,402.0,0.0
25389,27.0,24.0,0.0
25390,166.0,34.0,0.0
25391,231.0,45.0,0.0
25392,77.0,545.0,0.0
25393,37.0,289.0,0.0
25394,111.0,576.0,0.0
25395,9.0,222.0,0.0
25396,241.0,451.0,0.0
25397,80.0,244.0,0.0
25398,79.0,578.0,0.0
25399,267.0,445.0,0.0
25400,45.0,13.0,0.0
25401,31.0,442.0,0.0
25402,62.0,333.0,0.0
25403,117.0,73.0,0.0
25404,234.0,339.0,0.0
25405,204.0,233.0,0.0
25406,132.0,343.0,0.0
25407,231.0,547.0,0.0
25408,186.0,158.0,0.0
25409,58.0,233.0,0.0
25410,252.0,537.0,0.0
25411,33.0,434.0,0.0
25412,152.0,540.0,0.0
25413,62.0,142.0,0.0
25414,128.0,309.0,0.0
25415,214.0,522.0,0.0
25416,172.0,586.0,0.0
25417,164.0,358.0,0.0
25418,68.0,288.0,0.0
25419,35.0,23.0,0.0
25420,71.0,585.0,0.0
25421,106.0,126.0,0.0
25422,252.0,259.0,0.0
25423,20.0,379.0,0.0
25424,162.0,498.0,0.0
25425,238.0,233.0,0.0
25426,241.0,594.0,0.0
25427,53.0,562.0,0.0
25428,116.0,418.0,0.0
25429,166.0,114.0,0.0
25430,33.0,278.0,0.0
25431,101.0,135.0,0.0
25432,30.0,12.0,0.0
25433,201.0,563.0,0.0
25434,66.0,357.0,0.0
25435,199.0,462.0,0.0
25436,151.0,429.0,0.0
25437,204.0,465.0,0.0
25438,95.0,46.0,0.0
25439,170.0,421.0,0.0
25440,233.0,205.0,0.0
25441,73.0,97.0,0.0
25442,23.0,343.0,0.0
25443,205.0,366.0,0.0
25444,56.0,139.0,0.0
25445,113.0,210.0,0.0
25446,73.0,502.0,0.0
25447,236.0,39.0,0.0
25448,101.0,560.0,0.0
25449,30.0,461.0,0.0
25450,39.0,476.0,0.0
25451,66.0,452.0,0.0
25452,72.0,10.0,0.0
25453,208.0,595.0,0.0
25454,217.0,290.0,0.0
25455,247.0,74.0,0.0
25456,162.0,93.0,0.0
25457,204.0,196.0,0.0
25458,268.0,149.0,0.0
25459,239.0,296.0,0.0
25460,258.0,448.0,0.0
25461,100.0,524.0,0.0
25462,157.0,592.0,0.0
25463,242.0,331.0,0.0
25464,242.0,123.0,0.0
25465,43.0,43.0,0.0
25466,181.0,273.0,0.0
25467,48.0,190.0,0.0
25468,67.0,396.0,0.0
25469,222.0,414.0,0.0
25470,211.0,258.0,0.0
25471,105.0,426.0,0.0
25472,154.0,556.0,0.0
25473,156.0,174.0,0.0
25474,246.0,393.0,0.0
25475,226.0,188.0,0.0
25476,178.0,400.0,0.0
25477,87.0,307.0,0.0
25478,85.0,68.0,0.0
25479,171.0,303.0,0.0
25480,192.0,344.0,0.0
25481,149.0,362.0,0.0
25482,247.0,302.0,0.0
25483,134.0,442.0,0.0
25484,197.0,542.0,0.0
25485,237.0,518.0,0.0
25486,255.0,297.0,0.0
25487,97.0,357.0,0.0
25488,115.0,340.0,0.0
25489,204.0,424.0,0.0
25490,236.0,358.0,0.0
25491,56.0,5.0,0.0
25492,213.0,288.0,0.0
25493,40.0,532.0,0.0
25494,24.0,255.0,0.0
25495,180.0,214.0,0.0
25496,25.0,192.0,0.0
25497,236.0,558.0,0.0
25498,14.0,453.0,0.0
25499,81.0,329.0,0.0
25500,218.0,578.0,0.0
25501,82.0,313.0,0.0
25502,26.0,454.0,0.0
25503,136.0,254.0,0.0
25504,172.0,32.0,0.0
25505,35.0,46.0,0.0
25506,146.0,12.0,0.0
25507,200.0,214.0,0.0
25508,121.0,533.0,0.0
25509,169.0,132.0,0.0
25510,56.0,164.0,0.0
25511,266.0,451.0,0.0
25512,220.0,49.0,0.0
25513,160.0,19.0,0.0
25514,232.0,468.0,0.0
25515,207.0,364.0,0.0
25516,180.0,493.0,0.0
25517,73.0,453.0,0.0
25518,154.0,142.0,0.0
25519,259.0,152.0,0.0
25520,261.0,125.0,0.0
25521,80.0,94.0,0.0
25522,128.0,86.0,0.0
25523,186.0,375.0,0.0
25524,7.0,35.0,0.0
25525,92.0,335.0,0.0
25526,77.0,264.0,0.0
25527,141.0,417.0,0.0
25528,237.0,2.0,0.0
25529,153.0,214.0,0.0
25530,131.0,261.0,0.0
25531,163.0,497.0,0.0
25532,118.0,460.0,0.0
25533,86.0,396.0,0.0
25534,168.0,479.0,0.0
25535,261.0,515.0,0.0
25536,126.0,556.0,0.0
25537,157.0,103.0,0.0
25538,246.0,240.0,0.0
25539,113.0,481.0,0.0
25540,240.0,295.0,0.0
25541,0.0,474.0,0.0
25542,238.0,495.0,0.0
25543,163.0,177.0,0.0
25544,153.0,445.0,0.0
25545,2.0,38.0,0.0
25546,67.0,46.0,0.0
25547,5.0,348.0,0.0
25548,81.0,141.0,0.0
25549,77.0,281.0,0.0
25550,242.0,443.0,0.0
25551,11.0,546.0,0.0
25552,55.0,474.0,0.0
25553,97.0,297.0,0.0
25554,56.0,531.0,0.0
25555,157.0,0.0,0.0
25556,138.0,197.0,0.0
25557,123.0,517.0,0.0
25558,198.0,415.0,0.0
25559,76.0,483.0,0.0
25560,203.0,553.0,0.0
25561,65.0,596.0,0.0
25562,42.0,258.0,0.0
25563,132.0,349.0,0.0
25564,19.0,178.0,0.0
25565,50.0,246.0,0.0
25566,170.0,20.0,0.0
25567,124.0,529.0,0.0
25568,70.0,28.0,0.0
25569,252.0,399.0,0.0
25570,222.0,19.0,0.0
25571,97.0,178.0,0.0
25572,261.0,544.0,0.0
25573,101.0,568.0,0.0
25574,202.0,173.0,0.0
25575,46.0,297.0,0.0
25576,125.0,512.0,0.0
25577,142.0,397.0,0.0
25578,123.0,385.0,0.0
25579,174.0,597.0,0.0
25580,245.0,574.0,0.0
25581,26.0,415.0,0.0
25582,259.0,574.0,0.0
25583,135.0,291.0,0.0
25584,176.0,81.0,0.0
25585,168.0,70.0,0.0
25586,186.0,323.0,0.0
25587,30.0,403.0,0.0
25588,116.0,345.0,0.0
25589,119.0,593.0,0.0
25590,26.0,390.0,0.0
25591,73.0,558.0,0.0
25592,139.0,497.0,0.0
25593,140.0,459.0,0.0
25594,80.0,37.0,0.0
25595,181.0,297.0,0.0
25596,192.0,259.0,0.0
25597,266.0,128.0,0.0
25598,155.0,292.0,0.0
25599,254.0,566.0,0.0
25600,122.0,369.0,0.0
25601,162.0,495.0,0.0
25602,91.0,302.0,0.0
25603,130.0,580.0,0.0
25604,107.0,144.0,0.0
25605,216.0,187.0,0.0
25606,239.0,87.0,0.0
25607,166.0,361.0,0.0
25608,110.0,437.0,0.0
25609,75.0,75.0,0.0
25610,226.0,100.0,0.0
25611,240.0,101.0,0.0
25612,55.0,210.0,0.0
25613,35.0,86.0,0.0
25614,112.0,149.0,0.0
25615,252.0,400.0,0.0
25616,235.0,6.0,0.0
25617,213.0,131.0,0.0
25618,15.0,514.0,0.0
25619,34.0,7.0,0.0
25620,256.0,563.0,0.0
25621,199.0,251.0,0.0
25622,148.0,508.0,0.0
25623,49.0,345.0,0.0
25624,105.0,211.0,0.0
25625,191.0,439.0,0.0
25626,125.0,101.0,0.0
25627,212.0,209.0,0.0
25628,207.0,444.0,0.0
25629,20.0,544.0,0.0
25630,33.0,369.0,0.0
25631,78.0,568.0,0.0
25632,258.0,125.0,0.0
25633,214.0,395.0,0.0
25634,14.0,427.0,0.0
25635,267.0,61.0,0.0
25636,176.0,417.0,0.0
25637,67.0,82.0,0.0
25638,89.0,290.0,0.0
25639,122.0,352.0,0.0
25640,79.0,356.0,0.0
25641,154.0,237.0,0.0
25642,109.0,167.0,0.0
25643,194.0,449.0,0.0
25644,46.0,431.0,0.0
25645,250.0,384.0,0.0
25646,136.0,226.0,0.0
25647,42.0,552.0,0.0
25648,117.0,306.0,0.0
25649,126.0,151.0,0.0
25650,50.0,569.0,0.0
25651,42.0,108.0,0.0
25652,111.0,436.0,0.0
25653,137.0,162.0,0.0
25654,70.0,29.0,0.0
25655,39.0,206.0,0.0
25656,5.0,292.0,0.0
25657,29.0,71.0,0.0
25658,212.0,414.0,0.0
25659,48.0,501.0,0.0
25660,57.0,307.0,0.0
25661,24.0,543.0,0.0
25662,184.0,340.0,0.0
25663,133.0,176.0,0.0
25664,179.0,474.0,0.0
25665,264.0,221.0,0.0
25666,35.0,118.0,0.0
25667,132.0,281.0,0.0
25668,168.0,508.0,0.0
25669,106.0,88.0,0.0
25670,268.0,147.0,0.0
25671,230.0,257.0,0.0
25672,127.0,246.0,0.0
25673,171.0,555.0,0.0
25674,167.0,509.0,0.0
25675,197.0,236.0,0.0
25676,29.0,291.0,0.0
25677,17.0,42.0,0.0
25678,59.0,579.0,0.0
25679,226.0,236.0,0.0
25680,250.0,531.0,0.0
25681,164.0,13.0,0.0
25682,185.0,272.0,0.0
25683,93.0,398.0,0.0
25684,129.0,583.0,0.0
25685,192.0,74.0,0.0
25686,178.0,251.0,0.0
25687,244.0,180.0,0.0
25688,75.0,441.0,0.0
25689,201.0,294.0,0.0
25690,261.0,387.0,0.0
25691,97.0,436.0,0.0
25692,98.0,130.0,0.0
25693,200.0,408.0,0.0
25694,216.0,145.0,0.0
25695,144.0,210.0,0.0
25696,107.0,247.0,0.0
25697,183.0,405.0,0.0
25698,250.0,583.0,0.0
25699,99.0,216.0,0.0
25700,54.0,332.0,0.0
25701,72.0,159.0,0.0
25702,139.0,531.0,0.0
25703,162.0,67.0,0.0
25704,208.0,593.0,0.0
25705,119.0,491.0,0.0
25706,132.0,474.0,0.0
25707,35.0,403.0,0.0
25708,122.0,351.0,0.0
25709,173.0,94.0,0.0
25710,154.0,304.0,0.0
25711,183.0,267.0,0.0
25712,126.0,573.0,0.0
25713,41.0,244.0,0.0
25714,124.0,562.0,0.0
25715,185.0,196.0,0.0
25716,15.0,422.0,0.0
25717,126.0,519.0,0.0
25718,115.0,585.0,0.0
25719,185.0,212.0,0.0
25720,23.0,385.0,0.0
25721,109.0,139.0,0.0
25722,17.0,429.0,0.0
25723,229.0,74.0,0.0
25724,248.0,495.0,0.0
25725,142.0,520.0,0.0
25726,187.0,351.0,0.0
25727,214.0,242.0,0.0
25728,194.0,262.0,0.0
25729,176.0,509.0,0.0
25730,138.0,10.0,0.0
25731,247.0,542.0,0.0
25732,42.0,15.0,0.0
25733,186.0,151.0,0.0
25734,105.0,450.0,0.0
25735,120.0,397.0,0.0
25736,266.0,68.0,0.0
25737,62.0,99.0,0.0
25738,0.0,416.0,0.0
25739,166.0,72.0,0.0
25740,59.0,327.0,0.0
25741,57.0,574.0,0.0
25742,230.0,352.0,0.0
25743,115.0,482.0,0.0
25744,261.0,560.0,0.0
25745,105.0,443.0,0.0
25746,148.0,494.0,0.0
25747,161.0,36.0,0.0
25748,36.0,188.0,0.0
25749,210.0,272.0,0.0
25750,241.0,89.0,0.0
25751,69.0,480.0,0.0
25752,251.0,315.0,0.0
25753,78.0,18.0,0.0
25754,72.0,523.0,0.0
25755,181.0,420.0,0.0
25756,96.0,448.0,0.0
25757,196.0,459.0,0.0
25758,124.0,217.0,0.0
25759,238.0,567.0,0.0
25760,134.0,124.0,0.0
25761,12.0,110.0,0.0
25762,249.0,299.0,0.0
25763,48.0,499.0,0.0
25764,66.0,21.0,0.0
25765,139.0,462.0,0.0
25766,206.0,542.0,0.0
25767,116.0,90.0,0.0
25768,238.0,267.0,0.0
25769,109.0,248.0,0.0
25770,255.0,427.0,0.0
25771,237.0,455.0,0.0
25772,232.0,140.0,0.0
25773,92.0,210.0,0.0
25774,230.0,516.0,0.0
25775,157.0,231.0,0.0
25776,93.0,587.0,0.0
25777,237.0,331.0,0.0
25778,5.0,102.0,0.0
25779,64.0,347.0,0.0
25780,211.0,57.0,0.0
25781,10.0,463.0,0.0
25782,197.0,23.0,0.0
25783,35.0,206.0,0.0
25784,202.0,411.0,0.0
25785,247.0,554.0,0.0
25786,125.0,167.0,0.0
25787,63.0,579.0,0.0
25788,55.0,148.0,0.0
25789,127.0,128.0,0.0
25790,191.0,425.0,0.0
25791,185.0,247.0,0.0
25792,13.0,448.0,0.0
25793,266.0,20.0,0.0
25794,216.0,513.0,0.0
25795,206.0,31.0,0.0
25796,95.0,434.0,0.0
25797,102.0,202.0,0.0
25798,145.0,278.0,0.0
25799,242.0,33.0,0.0
25800,115.0,542.0,0.0
25801,2.0,377.0,0.0
25802,105.0,200.0,0.0
25803,149.0,138.0,0.0
25804,156.0,475.0,0.0
25805,145.0,111.0,0.0
25806,42.0,249.0,0.0
25807,155.0,381.0,0.0
25808,183.0,249.0,0.0
25809,70.0,149.0,0.0
25810,169.0,523.0,0.0
25811,34.0,516.0,0.0
25812,263.0,420.0,0.0
25813,139.0,240.0,0.0
25814,92.0,589.0,0.0
25815,149.0,53.0,0.0
25816,69.0,188.0,0.0
25817,4.0,269.0,0.0
25818,74.0,167.0,0.0
25819,86.0,407.0,0.0
25820,33.0,299.0,0.0
25821,239.0,265.0,0.0
25822,231.0,117.0,0.0
25823,33.0,165.0,0.0
25824,210.0,492.0,0.0
25825,197.0,533.0,0.0
25826,253.0,403.0,0.0
25827,167.0,14.0,0.0
25828,247.0,353.0,0.0
25829,156.0,371.0,0.0
25830,128.0,137.0,0.0
25831,85.0,367.0,0.0
25832,230.0,155.0,0.0
25833,59.0,487.0,0.0
25834,233.0,196.0,0.0
25835,66.0,524.0,0.0
25836,250.0,548.0,0.0
25837,27.0,312.0,0.0
25838,40.0,337.0,0.0
25839,70.0,410.0,0.0
25840,209.0,64.0,0.0
25841,133.0,273.0,0.0
25842,194.0,493.0,0.0
25843,231.0,472.0,0.0
25844,19.0,79.0,0.0
25845,107.0,508.0,0.0
25846,191.0,497.0,0.0
25847,186.0,415.0,0.0
25848,219.0,238.0,0.0
25849,178.0,204.0,0.0
25850,113.0,270.0,0.0
25851,190.0,73.0,0.0
25852,192.0,568.0,0.0
25853,215.0,551.0,0.0
25854,233.0,262.0,0.0
25855,50.0,429.0,0.0
25856,135.0,173.0,0.0
25857,20.0,75.0,0.0
25858,193.0,47.0,0.0
25859,137.0,227.0,0.0
25860,17.0,49.0,0.0
25861,98.0,41.0,0.0
25862,125.0,220.0,0.0
25863,131.0,142.0,0.0
25864,235.0,176.0,0.0
25865,216.0,437.0,0.0
25866,174.0,183.0,0.0
25867,42.0,568.0,0.0
25868,198.0,556.0,0.0
25869,202.0,444.0,0.0
25870,127.0,160.0,0.0
25871,11.0,572.0,0.0
25872,47.0,160.0,0.0
25873,80.0,366.0,0.0
25874,190.0,258.0,0.0
25875,32.0,117.0,0.0
25876,260.0,3.0,0.0
25877,184.0,434.0,0.0
25878,83.0,221.0,0.0
25879,229.0,457.0,0.0
25880,106.0,258.0,0.0
25881,36.0,255.0,0.0
25882,86.0,303.0,0.0
25883,131.0,535.0,0.0
25884,108.0,163.0,0.0
25885,80.0,103.0,0.0
25886,182.0,585.0,0.0
25887,264.0,107.0,0.0
25888,90.0,269.0,0.0
25889,62.0,336.0,0.0
25890,250.0,432.0,0.0
25891,263.0,433.0,0.0
25892,190.0,496.0,0.0
25893,215.0,100.0,0.0
25894,225.0,522.0,0.0
25895,202.0,229.0,0.0
25896,121.0,63.0,0.0
25897,232.0,319.0,0.0
25898,211.0,569.0,0.0
25899,216.0,24.0,0.0
25900,79.0,132.0,0.0
25901,261.0,274.0,0.0
25902,32.0,259.0,0.0
25903,171.0,108.0,0.0
25904,15.0,243.0,0.0
25905,213.0,556.0,0.0
25906,123.0,301.0,0.0
25907,10.0,469.0,0.0
25908,203.0,148.0,0.0
25909,257.0,13.0,0.0
25910,123.0,283.0,0.0
25911,36.0,475.0,0.0
25912,52.0,380.0,0.0
25913,216.0,33.0,0.0
25914,6.0,78.0,0.0
25915,207.0,472.0,0.0
25916,82.0,51.0,0.0
25917,238.0,120.0,0.0
25918,187.0,398.0,0.0
25919,106.0,505.0,0.0
25920,76.0,565.0,0.0
25921,142.0,324.0,0.0
25922,57.0,411.0,0.0
25923,147.0,228.0,0.0
25924,138.0,48.0,0.0
25925,80.0,7.0,0.0
25926,246.0,152.0,0.0
25927,76.0,425.0,0.0
25928,24.0,10.0,0.0
25929,162.0,234.0,0.0
25930,133.0,318.0,0.0
25931,176.0,505.0,0.0
25932,45.0,283.0,0.0
25933,11.0,52.0,0.0
25934,77.0,556.0,0.0
25935,181.0,594.0,0.0
25936,114.0,549.0,0.0
25937,187.0,242.0,0.0
25938,23.0,56.0,0.0
25939,170.0,76.0,0.0
25940,146.0,221.0,0.0
25941,22.0,541.0,0.0
25942,203.0,123.0,0.0
25943,266.0,447.0,0.0
25944,151.0,440.0,0.0
25945,13.0,397.0,0.0
25946,56.0,390.0,0.0
25947,178.0,503.0,0.0
25948,65.0,155.0,0.0
25949,94.0,260.0,0.0
25950,127.0,463.0,0.0
25951,242.0,106.0,0.0
25952,27.0,73.0,0.0
25953,53.0,28.0,0.0
25954,240.0,257.0,0.0
25955,243.0,300.0,0.0
25956,245.0,89.0,0.0
25957,252.0,546.0,0.0
25958,6.0,383.0,0.0
25959,61.0,64.0,0.0
25960,239.0,510.0,0.0
25961,124.0,363.0,0.0
25962,174.0,495.0,0.0
25963,2.0,343.0,0.0
25964,58.0,266.0,0.0
25965,77.0,278.0,0.0
25966,96.0,78.0,0.0
25967,5.0,588.0,0.0
25968,216.0,285.0,0.0
25969,100.0,173.0,0.0
25970,135.0,483.0,0.0
25971,146.0,213.0,0.0
25972,26.0,500.0,0.0
25973,32.0,454.0,0.0
25974,70.0,501.0,0.0
25975,112.0,316.0,0.0
25976,164.0,164.0,0.0
25977,241.0,160.0,0.0
25978,41.0,99.0,0.0
25979,93.0,478.0,0.0
25980,156.0,121.0,0.0
25981,105.0,332.0,0.0
25982,65.0,128.0,0.0
25983,60.0,455.0,0.0
25984,219.0,587.0,0.0
25985,64.0,579.0,0.0
25986,66.0,528.0,0.0
25987,198.0,130.0,0.0
25988,61.0,311.0,0.0
25989,46.0,439.0,0.0
25990,58.0,162.0,0.0
25991,204.0,527.0,0.0
25992,262.0,201.0,0.0
25993,214.0,394.0,0.0
25994,132.0,388.0,0.0
25995,68.0,219.0,0.0
25996,227.0,581.0,0.0
25997,48.0,309.0,0.0
25998,125.0,495.0,0.0
25999,265.0,487.0,0.0
26000,84.0,106.0,0.0
26001,36.0,493.0,0.0
26002,137.0,255.0,0.0
26003,236.0,574.0,0.0
26004,36.0,528.0,0.0
26005,58.0,149.0,0.0
26006,158.0,246.0,0.0
26007,96.0,525.0,0.0
26008,118.0,109.0,0.0
26009,245.0,486.0,0.0
26010,23.0,53.0,0.0
26011,255.0,149.0,0.0
26012,150.0,470.0,0.0
26013,87.0,28.0,0.0
26014,41.0,394.0,0.0
26015,170.0,520.0,0.0
26016,24.0,467.0,0.0
26017,202.0,128.0,0.0
26018,204.0,38.0,0.0
26019,226.0,217.0,0.0
26020,76.0,222.0,0.0
26021,39.0,33.0,0.0
26022,164.0,428.0,0.0
26023,230.0,421.0,0.0
26024,1.0,548.0,0.0
26025,121.0,509.0,0.0
26026,104.0,428.0,0.0
26027,178.0,510.0,0.0
26028,212.0,577.0,0.0
26029,69.0,501.0,0.0
26030,255.0,396.0,0.0
26031,251.0,511.0,0.0
26032,24.0,557.0,0.0
26033,31.0,33.0,0.0
26034,176.0,77.0,0.0
26035,50.0,490.0,0.0
26036,71.0,230.0,0.0
26037,161.0,473.0,0.0
26038,21.0,219.0,0.0
26039,240.0,248.0,0.0
26040,250.0,253.0,0.0
26041,173.0,519.0,0.0
26042,66.0,246.0,0.0
26043,22.0,172.0,0.0
26044,107.0,131.0,0.0
26045,252.0,508.0,0.0
26046,48.0,128.0,0.0
26047,152.0,46.0,0.0
26048,2.0,466.0,0.0
26049,264.0,68.0,0.0
26050,14.0,273.0,0.0
26051,12.0,547.0,0.0
26052,225.0,185.0,0.0
26053,259.0,298.0,0.0
26054,89.0,533.0,0.0
26055,196.0,469.0,0.0
26056,158.0,526.0,0.0
26057,246.0,308.0,0.0
26058,245.0,101.0,0.0
26059,146.0,129.0,0.0
26060,13.0,188.0,0.0
26061,190.0,248.0,0.0
26062,162.0,180.0,0.0
26063,87.0,457.0,0.0
26064,167.0,382.0,0.0
26065,105.0,386.0,0.0
26066,260.0,181.0,0.0
26067,255.0,42.0,0.0
26068,205.0,243.0,0.0
26069,187.0,208.0,0.0
26070,44.0,450.0,0.0
26071,237.0,533.0,0.0
26072,231.0,549.0,0.0
26073,77.0,401.0,0.0
26074,245.0,45.0,0.0
26075,85.0,25.0,0.0
26076,209.0,490.0,0.0
26077,80.0,277.0,0.0
26078,63.0,537.0,0.0
26079,8.0,159.0,0.0
26080,113.0,301.0,0.0
26081,174.0,379.0,0.0
26082,26.0,483.0,0.0
26083,112.0,468.0,0.0
26084,162.0,10.0,0.0
26085,159.0,407.0,0.0
26086,23.0,32.0,0.0
26087,27.0,533.0,0.0
26088,253.0,552.0,0.0
26089,62.0,79.0,0.0
26090,210.0,48.0,0.0
26091,265.0,468.0,0.0
26092,190.0,503.0,0.0
26093,73.0,387.0,0.0
26094,220.0,239.0,0.0
26095,146.0,242.0,0.0
26096,81.0,462.0,0.0
26097,73.0,396.0,0.0
26098,54.0,128.0,0.0
26099,184.0,582.0,0.0
26100,141.0,547.0,0.0
26101,201.0,357.0,0.0
26102,135.0,523.0,0.0
26103,21.0,450.0,0.0
26104,240.0,94.0,0.0
26105,61.0,193.0,0.0
26106,146.0,482.0,0.0
26107,241.0,310.0,0.0
26108,264.0,557.0,0.0
26109,121.0,2.0,0.0
26110,6.0,148.0,0.0
26111,154.0,592.0,0.0
26112,54.0,145.0,0.0
26113,55.0,36.0,0.0
26114,29.0,48.0,0.0
26115,250.0,30.0,0.0
26116,123.0,80.0,0.0
26117,14.0,319.0,0.0
26118,200.0,445.0,0.0
26119,153.0,426.0,0.0
26120,141.0,560.0,0.0
26121,56.0,215.0,0.0
26122,0.0,333.0,0.0
26123,85.0,295.0,0.0
26124,75.0,182.0,0.0
26125,220.0,12.0,0.0
26126,240.0,492.0,0.0
26127,218.0,328.0,0.0
26128,23.0,537.0,0.0
26129,68.0,362.0,0.0
26130,92.0,506.0,0.0
26131,111.0,162.0,0.0
26132,105.0,444.0,0.0
26133,98.0,318.0,0.0
26134,221.0,96.0,0.0
26135,177.0,417.0,0.0
26136,2.0,531.0,0.0
26137,239.0,302.0,0.0
26138,148.0,210.0,0.0
26139,59.0,122.0,0.0
26140,137.0,137.0,0.0
26141,95.0,429.0,0.0
26142,34.0,424.0,0.0
26143,136.0,250.0,0.0
26144,161.0,271.0,0.0
26145,218.0,418.0,0.0
26146,125.0,13.0,0.0
26147,196.0,66.0,0.0
26148,113.0,511.0,0.0
26149,110.0,563.0,0.0
26150,136.0,187.0,0.0
26151,234.0,88.0,0.0
26152,70.0,343.0,0.0
26153,172.0,30.0,0.0
26154,115.0,409.0,0.0
26155,247.0,435.0,0.0
26156,116.0,53.0,0.0
26157,251.0,418.0,0.0
26158,46.0,345.0,0.0
26159,222.0,499.0,0.0
26160,243.0,233.0,0.0
26161,116.0,364.0,0.0
26162,233.0,116.0,0.0
26163,248.0,268.0,0.0
26164,154.0,256.0,0.0
26165,37.0,56.0,0.0
26166,178.0,131.0,0.0
26167,97.0,351.0,0.0
26168,38.0,21.0,0.0
26169,259.0,349.0,0.0
26170,154.0,519.0,0.0
26171,31.0,174.0,0.0
26172,147.0,168.0,0.0
26173,32.0,349.0,0.0
26174,106.0,461.0,0.0
26175,152.0,86.0,0.0
26176,148.0,333.0,0.0
26177,39.0,526.0,0.0
26178,189.0,370.0,0.0
26179,220.0,179.0,0.0
26180,43.0,32.0,0.0
26181,47.0,257.0,0.0
26182,164.0,534.0,0.0
26183,158.0,432.0,0.0
26184,32.0,267.0,0.0
26185,154.0,258.0,0.0
26186,31.0,530.0,0.0
26187,196.0,279.0,0.0
26188,57.0,76.0,0.0
26189,4.0,440.0,0.0
26190,246.0,271.0,0.0
26191,55.0,416.0,0.0
26192,172.0,178.0,0.0
26193,255.0,279.0,0.0
26194,164.0,585.0,0.0
26195,163.0,51.0,0.0
26196,27.0,212.0,0.0
26197,206.0,396.0,0.0
26198,55.0,297.0,0.0
26199,267.0,552.0,0.0
26200,20.0,270.0,0.0
26201,64.0,285.0,0.0
26202,72.0,377.0,0.0
26203,91.0,446.0,0.0
26204,198.0,565.0,0.0
26205,39.0,200.0,0.0
26206,46.0,470.0,0.0
26207,253.0,132.0,0.0
26208,263.0,47.0,0.0
26209,242.0,405.0,0.0
26210,78.0,506.0,0.0
26211,108.0,60.0,0.0
26212,28.0,218.0,0.0
26213,43.0,206.0,0.0
26214,258.0,175.0,0.0
26215,23.0,108.0,0.0
26216,98.0,307.0,0.0
26217,156.0,377.0,0.0
26218,262.0,339.0,0.0
26219,71.0,486.0,0.0
26220,59.0,75.0,0.0
26221,82.0,73.0,0.0
26222,121.0,250.0,0.0
26223,38.0,494.0,0.0
26224,15.0,562.0,0.0
26225,23.0,295.0,0.0
26226,37.0,261.0,0.0
26227,176.0,582.0,0.0
26228,157.0,33.0,0.0
26229,4.0,500.0,0.0
26230,136.0,95.0,0.0
26231,260.0,506.0,0.0
26232,137.0,199.0,0.0
26233,118.0,582.0,0.0
26234,193.0,302.0,0.0
26235,75.0,577.0,0.0
26236,35.0,514.0,0.0
26237,179.0,323.0,0.0
26238,167.0,2.0,0.0
26239,202.0,240.0,0.0
26240,217.0,183.0,0.0
26241,46.0,462.0,0.0
26242,47.0,109.0,0.0
26243,16.0,150.0,0.0
26244,31.0,360.0,0.0
26245,256.0,98.0,0.0
26246,245.0,501.0,0.0
26247,90.0,345.0,0.0
26248,63.0,512.0,0.0
26249,197.0,363.0,0.0
26250,146.0,520.0,0.0
26251,151.0,69.0,0.0
26252,81.0,213.0,0.0
26253,45.0,124.0,0.0
26254,120.0,506.0,0.0
26255,187.0,569.0,0.0
26256,78.0,595.0,0.0
26257,196.0,11.0,0.0
26258,18.0,226.0,0.0
26259,112.0,349.0,0.0
26260,100.0,157.0,0.0
26261,230.0,474.0,0.0
26262,30.0,331.0,0.0
26263,27.0,436.0,0.0
26264,138.0,300.0,0.0
26265,167.0,72.0,0.0
26266,152.0,213.0,0.0
26267,73.0,295.0,0.0
26268,70.0,332.0,0.0
26269,174.0,245.0,0.0
26270,203.0,480.0,0.0
26271,265.0,573.0,0.0
26272,219.0,103.0,0.0
26273,257.0,441.0,0.0
26274,211.0,388.0,0.0
26275,118.0,100.0,0.0
26276,2.0,282.0,0.0
26277,183.0,404.0,0.0
26278,245.0,322.0,0.0
26279,232.0,344.0,0.0
26280,199.0,315.0,0.0
26281,32.0,441.0,0.0
26282,44.0,57.0,0.0
26283,208.0,529.0,0.0
26284,3.0,224.0,0.0
26285,131.0,160.0,0.0
26286,150.0,413.0,0.0
26287,258.0,158.0,0.0
26288,26.0,452.0,0.0
26289,153.0,580.0,0.0
26290,246.0,574.0,0.0
26291,133.0,113.0,0.0
26292,0.0,88.0,0.0
26293,115.0,380.0,0.0
26294,129.0,263.0,0.0
26295,239.0,258.0,0.0
26296,239.0,476.0,0.0
26297,251.0,29.0,0.0
26298,111.0,320.0,0.0
26299,118.0,595.0,0.0
26300,148.0,254.0,0.0
26301,64.0,245.0,0.0
26302,175.0,138.0,0.0
26303,246.0,398.0,0.0
26304,91.0,152.0,0.0
26305,55.0,270.0,0.0
26306,72.0,248.0,0.0
26307,31.0,375.0,0.0
26308,176.0,430.0,0.0
26309,261.0,407.0,0.0
26310,225.0,293.0,0.0
26311,71.0,105.0,0.0
26312,236.0,505.0,0.0
26313,95.0,338.0,0.0
26314,203.0,299.0,0.0
26315,178.0,303.0,0.0
26316,156.0,220.0,0.0
26317,123.0,321.0,0.0
26318,14.0,430.0,0.0
26319,210.0,196.0,0.0
26320,268.0,275.0,0.0
26321,133.0,267.0,0.0
26322,96.0,130.0,0.0
26323,152.0,250.0,0.0
26324,232.0,139.0,0.0
26325,35.0,229.0,0.0
26326,171.0,170.0,0.0
26327,35.0,297.0,0.0
26328,197.0,485.0,0.0
26329,265.0,527.0,0.0
26330,137.0,220.0,0.0
26331,211.0,321.0,0.0
26332,172.0,129.0,0.0
26333,210.0,119.0,0.0
26334,112.0,564.0,0.0
26335,82.0,196.0,0.0
26336,206.0,167.0,0.0
26337,198.0,572.0,0.0
26338,146.0,481.0,0.0
26339,181.0,301.0,0.0
26340,30.0,104.0,0.0
26341,101.0,187.0,0.0
26342,217.0,197.0,0.0
26343,143.0,463.0,0.0
26344,214.0,74.0,0.0
26345,258.0,534.0,0.0
26346,192.0,28.0,0.0
26347,187.0,106.0,0.0
26348,261.0,200.0,0.0
26349,100.0,335.0,0.0
26350,216.0,251.0,0.0
26351,236.0,158.0,0.0
26352,251.0,40.0,0.0
26353,253.0,279.0,0.0
26354,94.0,188.0,0.0
26355,103.0,571.0,0.0
26356,220.0,508.0,0.0
26357,201.0,494.0,0.0
26358,205.0,593.0,0.0
26359,125.0,149.0,0.0
26360,100.0,24.0,0.0
26361,237.0,376.0,0.0
26362,201.0,36.0,0.0
26363,239.0,24.0,0.0
26364,249.0,373.0,0.0
26365,101.0,149.0,0.0
26366,191.0,433.0,0.0
26367,265.0,564.0,0.0
26368,42.0,317.0,0.0
26369,158.0,189.0,0.0
26370,47.0,494.0,0.0
26371,150.0,164.0,0.0
26372,32.0,261.0,0.0
26373,117.0,557.0,0.0
26374,119.0,588.0,0.0
26375,141.0,540.0,0.0
26376,251.0,307.0,0.0
26377,171.0,274.0,0.0
26378,22.0,190.0,0.0
26379,161.0,440.0,0.0
26380,268.0,401.0,0.0
26381,141.0,110.0,0.0
26382,169.0,287.0,0.0
26383,231.0,309.0,0.0
26384,266.0,166.0,0.0
26385,202.0,414.0,0.0
26386,138.0,382.0,0.0
26387,237.0,1.0,0.0
26388,53.0,387.0,0.0
26389,236.0,128.0,0.0
26390,41.0,479.0,0.0
26391,125.0,158.0,0.0
26392,165.0,67.0,0.0
26393,33.0,71.0,0.0
26394,205.0,414.0,0.0
26395,47.0,130.0,0.0
26396,159.0,291.0,0.0
26397,119.0,581.0,0.0
26398,172.0,434.0,0.0
26399,5.0,25.0,0.0
26400,172.0,194.0,0.0
26401,219.0,187.0,0.0
26402,93.0,234.0,0.0
26403,92.0,114.0,0.0
26404,40.0,379.0,0.0
26405,243.0,206.0,0.0
26406,200.0,377.0,0.0
26407,50.0,422.0,0.0
26408,109.0,205.0,0.0
26409,250.0,18.0,0.0
26410,165.0,372.0,0.0
26411,224.0,480.0,0.0
26412,207.0,424.0,0.0
26413,256.0,147.0,0.0
26414,206.0,460.0,0.0
26415,4.0,545.0,0.0
26416,213.0,15.0,0.0
26417,198.0,238.0,0.0
26418,75.0,270.0,0.0
26419,84.0,298.0,0.0
26420,265.0,7.0,0.0
26421,112.0,403.0,0.0
26422,91.0,70.0,0.0
26423,14.0,75.0,0.0
26424,74.0,494.0,0.0
26425,161.0,234.0,0.0
26426,88.0,387.0,0.0
26427,133.0,529.0,0.0
26428,100.0,447.0,0.0
26429,165.0,4.0,0.0
26430,169.0,2.0,0.0
26431,113.0,276.0,0.0
26432,259.0,275.0,0.0
26433,179.0,435.0,0.0
26434,91.0,90.0,0.0
26435,0.0,152.0,0.0
26436,252.0,267.0,0.0
26437,19.0,444.0,0.0
26438,136.0,535.0,0.0
26439,193.0,128.0,0.0
26440,150.0,322.0,0.0
26441,176.0,293.0,0.0
26442,90.0,46.0,0.0
26443,196.0,269.0,0.0
26444,75.0,291.0,0.0
26445,266.0,158.0,0.0
26446,114.0,538.0,0.0
26447,249.0,46.0,0.0
26448,18.0,527.0,0.0
26449,143.0,3.0,0.0
26450,94.0,172.0,0.0
26451,3.0,332.0,0.0
26452,194.0,253.0,0.0
26453,260.0,231.0,0.0
26454,25.0,34.0,0.0
26455,23.0,58.0,0.0
26456,190.0,113.0,0.0
26457,156.0,94.0,0.0
26458,253.0,209.0,0.0
26459,66.0,249.0,0.0
26460,95.0,150.0,0.0
26461,110.0,523.0,0.0
26462,132.0,519.0,0.0
26463,96.0,317.0,0.0
26464,66.0,6.0,0.0
26465,246.0,368.0,0.0
26466,62.0,593.0,0.0
26467,15.0,569.0,0.0
26468,159.0,141.0,0.0
26469,204.0,492.0,0.0
26470,43.0,255.0,0.0
26471,33.0,315.0,0.0
26472,203.0,559.0,0.0
26473,57.0,407.0,0.0
26474,128.0,52.0,0.0
26475,76.0,488.0,0.0
26476,198.0,380.0,0.0
26477,20.0,103.0,0.0
26478,59.0,341.0,0.0
26479,127.0,239.0,0.0
26480,29.0,592.0,0.0
26481,13.0,532.0,0.0
26482,47.0,37.0,0.0
26483,152.0,475.0,0.0
26484,31.0,195.0,0.0
26485,102.0,467.0,0.0
26486,97.0,555.0,0.0
26487,247.0,505.0,0.0
26488,262.0,198.0,0.0
26489,79.0,123.0,0.0
26490,15.0,532.0,0.0
26491,195.0,536.0,0.0
26492,215.0,143.0,0.0
26493,93.0,369.0,0.0
26494,148.0,541.0,0.0
26495,239.0,89.0,0.0
26496,85.0,222.0,0.0
26497,133.0,538.0,0.0
26498,176.0,458.0,0.0
26499,121.0,579.0,0.0
26500,110.0,223.0,0.0
26501,88.0,455.0,0.0
26502,75.0,257.0,0.0
26503,217.0,38.0,0.0
26504,73.0,64.0,0.0
26505,93.0,254.0,0.0
26506,242.0,498.0,0.0
26507,254.0,72.0,0.0
26508,214.0,147.0,0.0
26509,58.0,346.0,0.0
26510,158.0,397.0,0.0
26511,50.0,124.0,0.0
26512,39.0,255.0,0.0
26513,204.0,394.0,0.0
26514,217.0,42.0,0.0
26515,221.0,266.0,0.0
26516,191.0,96.0,0.0
26517,152.0,229.0,0.0
26518,128.0,501.0,0.0
26519,194.0,314.0,0.0
26520,257.0,512.0,0.0
26521,234.0,438.0,0.0
26522,105.0,472.0,0.0
26523,135.0,276.0,0.0
26524,204.0,152.0,0.0
26525,122.0,122.0,0.0
26526,127.0,578.0,0.0
26527,233.0,529.0,0.0
26528,28.0,516.0,0.0
26529,75.0,427.0,0.0
26530,120.0,372.0,0.0
26531,235.0,368.0,0.0
26532,65.0,582.0,0.0
26533,197.0,429.0,0.0
26534,193.0,525.0,0.0
26535,22.0,334.0,0.0
26536,61.0,382.0,0.0
26537,143.0,483.0,0.0
26538,13.0,538.0,0.0
26539,233.0,424.0,0.0
26540,205.0,372.0,0.0
26541,196.0,392.0,0.0
26542,10.0,443.0,0.0
26543,6.0,80.0,0.0
26544,6.0,277.0,0.0
26545,212.0,272.0,0.0
26546,198.0,159.0,0.0
26547,37.0,78.0,0.0
26548,24.0,344.0,0.0
26549,150.0,492.0,0.0
26550,220.0,78.0,0.0
26551,97.0,561.0,0.0
26552,212.0,552.0,0.0
26553,26.0,301.0,0.0
26554,123.0,21.0,0.0
26555,61.0,513.0,0.0
26556,36.0,304.0,0.0
26557,13.0,45.0,0.0
26558,224.0,222.0,0.0
26559,176.0,429.0,0.0
26560,16.0,202.0,0.0
26561,12.0,267.0,0.0
26562,104.0,142.0,0.0
26563,70.0,346.0,0.0
26564,260.0,423.0,0.0
26565,262.0,104.0,0.0
26566,140.0,383.0,0.0
26567,34.0,462.0,0.0
26568,165.0,263.0,0.0
26569,109.0,229.0,0.0
26570,138.0,86.0,0.0
26571,196.0,304.0,0.0
26572,74.0,270.0,0.0
26573,220.0,404.0,0.0
26574,84.0,573.0,0.0
26575,265.0,361.0,0.0
26576,252.0,178.0,0.0
26577,205.0,32.0,0.0
26578,37.0,282.0,0.0
26579,117.0,412.0,0.0
26580,109.0,316.0,0.0
26581,222.0,353.0,0.0
26582,62.0,49.0,0.0
26583,195.0,405.0,0.0
26584,199.0,357.0,0.0
26585,261.0,293.0,0.0
26586,260.0,365.0,0.0
26587,23.0,354.0,0.0
26588,248.0,467.0,0.0
26589,109.0,83.0,0.0
26590,28.0,158.0,0.0
26591,114.0,193.0,0.0
26592,118.0,181.0,0.0
26593,129.0,292.0,0.0
26594,112.0,492.0,0.0
26595,179.0,77.0,0.0
26596,233.0,564.0,0.0
26597,267.0,37.0,0.0
26598,264.0,351.0,0.0
26599,221.0,411.0,0.0
26600,187.0,127.0,0.0
26601,77.0,93.0,0.0
26602,226.0,564.0,0.0
26603,253.0,464.0,0.0
26604,158.0,375.0,0.0
26605,149.0,494.0,0.0
26606,169.0,442.0,0.0
26607,2.0,575.0,0.0
26608,60.0,14.0,0.0
26609,29.0,471.0,0.0
26610,181.0,456.0,0.0
26611,143.0,239.0,0.0
26612,74.0,383.0,0.0
26613,244.0,205.0,0.0
26614,64.0,574.0,0.0
26615,242.0,355.0,0.0
26616,152.0,279.0,0.0
26617,48.0,487.0,0.0
26618,228.0,237.0,0.0
26619,58.0,173.0,0.0
26620,137.0,184.0,0.0
26621,49.0,229.0,0.0
26622,62.0,122.0,0.0
26623,14.0,564.0,0.0
26624,251.0,153.0,0.0
26625,263.0,165.0,0.0
26626,128.0,75.0,0.0
26627,115.0,94.0,0.0
26628,120.0,42.0,0.0
26629,13.0,489.0,0.0
26630,75.0,249.0,0.0
26631,221.0,520.0,0.0
26632,258.0,117.0,0.0
26633,141.0,554.0,0.0
26634,124.0,32.0,0.0
26635,61.0,287.0,0.0
26636,198.0,390.0,0.0
26637,113.0,162.0,0.0
26638,135.0,67.0,0.0
26639,67.0,298.0,0.0
26640,114.0,294.0,0.0
26641,182.0,463.0,0.0
26642,213.0,356.0,0.0
26643,193.0,308.0,0.0
26644,235.0,447.0,0.0
26645,9.0,238.0,0.0
26646,7.0,398.0,0.0
26647,16.0,474.0,0.0
26648,205.0,588.0,0.0
26649,67.0,242.0,0.0
26650,214.0,213.0,0.0
26651,134.0,95.0,0.0
26652,175.0,85.0,0.0
26653,81.0,261.0,0.0
26654,217.0,14.0,0.0
26655,95.0,374.0,0.0
26656,39.0,423.0,0.0
26657,195.0,591.0,0.0
26658,33.0,392.0,0.0
26659,115.0,184.0,0.0
26660,62.0,42.0,0.0
26661,58.0,354.0,0.0
26662,249.0,554.0,0.0
26663,209.0,280.0,0.0
26664,110.0,463.0,0.0
26665,169.0,240.0,0.0
26666,220.0,57.0,0.0
26667,220.0,520.0,0.0
26668,205.0,365.0,0.0
26669,24.0,581.0,0.0
26670,182.0,109.0,0.0
26671,105.0,392.0,0.0
26672,49.0,410.0,0.0
26673,67.0,94.0,0.0
26674,188.0,396.0,0.0
26675,132.0,215.0,0.0
26676,205.0,592.0,0.0
26677,81.0,88.0,0.0
26678,6.0,28.0,0.0
26679,115.0,506.0,0.0
26680,86.0,236.0,0.0
26681,40.0,113.0,0.0
26682,149.0,492.0,0.0
26683,115.0,271.0,0.0
26684,222.0,188.0,0.0
26685,242.0,64.0,0.0
26686,92.0,394.0,0.0
26687,84.0,553.0,0.0
26688,254.0,387.0,0.0
26689,73.0,220.0,0.0
26690,90.0,166.0,0.0
26691,70.0,572.0,0.0
26692,108.0,159.0,0.0
26693,127.0,482.0,0.0
26694,0.0,450.0,0.0
26695,41.0,111.0,0.0
26696,133.0,415.0,0.0
26697,215.0,261.0,0.0
26698,176.0,421.0,0.0
26699,91.0,234.0,0.0
26700,183.0,158.0,0.0
26701,141.0,177.0,0.0
26702,19.0,206.0,0.0
26703,13.0,289.0,0.0
26704,118.0,509.0,0.0
26705,106.0,207.0,0.0
26706,92.0,595.0,0.0
26707,45.0,406.0,0.0
26708,144.0,300.0,0.0
26709,193.0,68.0,0.0
26710,263.0,512.0,0.0
26711,61.0,1.0,0.0
26712,60.0,431.0,0.0
26713,219.0,181.0,0.0
26714,135.0,32.0,0.0
26715,252.0,407.0,0.0
26716,33.0,580.0,0.0
26717,63.0,341.0,0.0
26718,54.0,134.0,0.0
26719,15.0,36.0,0.0
26720,191.0,228.0,0.0
26721,190.0,236.0,0.0
26722,8.0,161.0,0.0
26723,215.0,544.0,0.0
26724,220.0,243.0,0.0
26725,186.0,542.0,0.0
26726,113.0,428.0,0.0
26727,15.0,320.0,0.0
26728,131.0,485.0,0.0
26729,210.0,135.0,0.0
26730,152.0,151.0,0.0
26731,45.0,512.0,0.0
26732,249.0,202.0,0.0
26733,102.0,124.0,0.0
26734,87.0,371.0,0.0
26735,62.0,329.0,0.0
26736,174.0,333.0,0.0
26737,174.0,285.0,0.0
26738,66.0,226.0,0.0
26739,57.0,9.0,0.0
26740,196.0,206.0,0.0
26741,123.0,74.0,0.0
26742,122.0,135.0,0.0
26743,236.0,404.0,0.0
26744,79.0,493.0,0.0
26745,206.0,341.0,0.0
26746,254.0,172.0,0.0
26747,162.0,32.0,0.0
26748,18.0,218.0,0.0
26749,115.0,590.0,0.0
26750,176.0,43.0,0.0
26751,127.0,506.0,0.0
26752,173.0,532.0,0.0
26753,43.0,226.0,0.0
26754,190.0,214.0,0.0
26755,163.0,167.0,0.0
26756,231.0,522.0,0.0
26757,240.0,253.0,0.0
26758,236.0,438.0,0.0
26759,99.0,570.0,0.0
26760,154.0,76.0,0.0
26761,106.0,518.0,0.0
26762,126.0,324.0,0.0
26763,104.0,549.0,0.0
26764,66.0,196.0,0.0
26765,253.0,400.0,0.0
26766,172.0,371.0,0.0
26767,20.0,176.0,0.0
26768,162.0,556.0,0.0
26769,259.0,230.0,0.0
26770,176.0,432.0,0.0
26771,210.0,16.0,0.0
26772,27.0,210.0,0.0
26773,203.0,257.0,0.0
26774,263.0,72.0,0.0
26775,225.0,479.0,0.0
26776,57.0,133.0,0.0
26777,0.0,134.0,0.0
26778,264.0,323.0,0.0
26779,111.0,594.0,0.0
26780,56.0,19.0,0.0
26781,70.0,146.0,0.0
26782,217.0,312.0,0.0
26783,245.0,114.0,0.0
26784,93.0,450.0,0.0
26785,125.0,208.0,0.0
26786,137.0,235.0,0.0
26787,80.0,259.0,0.0
26788,203.0,312.0,0.0
26789,105.0,345.0,0.0
26790,195.0,250.0,0.0
26791,3.0,413.0,0.0
26792,226.0,438.0,0.0
26793,119.0,289.0,0.0
26794,253.0,327.0,0.0
26795,28.0,265.0,0.0
26796,184.0,64.0,0.0
26797,71.0,312.0,0.0
26798,3.0,148.0,0.0
26799,135.0,229.0,0.0
26800,44.0,109.0,0.0
26801,188.0,556.0,0.0
26802,187.0,566.0,0.0
26803,210.0,211.0,0.0
26804,42.0,287.0,0.0
26805,18.0,233.0,0.0
26806,99.0,441.0,0.0
26807,147.0,432.0,0.0
26808,193.0,277.0,0.0
26809,158.0,315.0,0.0
26810,114.0,470.0,0.0
26811,88.0,303.0,0.0
26812,56.0,3.0,0.0
26813,267.0,151.0,0.0
26814,176.0,73.0,0.0
26815,215.0,159.0,0.0
26816,34.0,533.0,0.0
26817,64.0,528.0,0.0
26818,113.0,268.0,0.0
26819,205.0,434.0,0.0
26820,18.0,488.0,0.0
26821,6.0,65.0,0.0
26822,24.0,304.0,0.0
26823,84.0,476.0,0.0
26824,18.0,278.0,0.0
26825,136.0,537.0,0.0
26826,143.0,35.0,0.0
26827,237.0,435.0,0.0
26828,265.0,91.0,0.0
26829,84.0,480.0,0.0
26830,78.0,353.0,0.0
26831,250.0,397.0,0.0
26832,248.0,509.0,0.0
26833,206.0,338.0,0.0
26834,246.0,144.0,0.0
26835,76.0,450.0,0.0
26836,65.0,313.0,0.0
26837,185.0,483.0,0.0
26838,71.0,264.0,0.0
26839,231.0,93.0,0.0
26840,217.0,559.0,0.0
26841,233.0,190.0,0.0
26842,189.0,580.0,0.0
26843,35.0,137.0,0.0
26844,117.0,442.0,0.0
26845,263.0,555.0,0.0
26846,133.0,322.0,0.0
26847,199.0,471.0,0.0
26848,21.0,98.0,0.0
26849,166.0,381.0,0.0
26850,237.0,291.0,0.0
26851,101.0,257.0,0.0
26852,80.0,446.0,0.0
26853,232.0,446.0,0.0
26854,258.0,37.0,0.0
26855,20.0,294.0,0.0
26856,26.0,249.0,0.0
26857,236.0,573.0,0.0
26858,88.0,124.0,0.0
26859,94.0,439.0,0.0
26860,173.0,438.0,0.0
26861,39.0,303.0,0.0
26862,251.0,93.0,0.0
26863,179.0,171.0,0.0
26864,246.0,203.0,0.0
26865,253.0,189.0,0.0
26866,22.0,276.0,0.0
26867,93.0,207.0,0.0
26868,120.0,320.0,0.0
26869,146.0,215.0,0.0
26870,210.0,400.0,0.0
26871,94.0,506.0,0.0
26872,185.0,310.0,0.0
26873,35.0,481.0,0.0
26874,71.0,128.0,0.0
26875,74.0,367.0,0.0
26876,201.0,146.0,0.0
26877,239.0,193.0,0.0
26878,40.0,495.0,0.0
26879,61.0,462.0,0.0
26880,267.0,513.0,0.0
26881,204.0,339.0,0.0
26882,238.0,16.0,0.0
26883,237.0,460.0,0.0
26884,4.0,328.0,0.0
26885,189.0,355.0,0.0
26886,56.0,279.0,0.0
26887,20.0,151.0,0.0
26888,156.0,105.0,0.0
26889,196.0,474.0,0.0
26890,251.0,247.0,0.0
26891,38.0,168.0,0.0
26892,199.0,79.0,0.0
26893,219.0,57.0,0.0
26894,142.0,508.0,0.0
26895,238.0,191.0,0.0
26896,99.0,591.0,0.0
26897,2.0,264.0,0.0
26898,132.0,15.0,0.0
26899,99.0,219.0,0.0
26900,60.0,102.0,0.0
26901,5.0,357.0,0.0
26902,259.0,32.0,0.0
26903,8.0,271.0,0.0
26904,7.0,532.0,0.0
26905,14.0,5.0,0.0
26906,198.0,219.0,0.0
26907,88.0,445.0,0.0
26908,62.0,127.0,0.0
26909,46.0,399.0,0.0
26910,213.0,334.0,0.0
26911,114.0,509.0,0.0
26912,53.0,83.0,0.0
26913,88.0,285.0,0.0
26914,9.0,106.0,0.0
26915,89.0,490.0,0.0
26916,203.0,60.0,0.0
26917,81.0,172.0,0.0
26918,175.0,258.0,0.0
26919,216.0,549.0,0.0
26920,27.0,516.0,0.0
26921,92.0,117.0,0.0
26922,17.0,173.0,0.0
26923,257.0,119.0,0.0
26924,9.0,169.0,0.0
26925,137.0,151.0,0.0
26926,258.0,331.0,0.0
26927,72.0,133.0,0.0
26928,61.0,249.0,0.0
26929,176.0,476.0,0.0
26930,163.0,486.0,0.0
26931,243.0,508.0,0.0
26932,113.0,456.0,0.0
26933,15.0,201.0,0.0
26934,186.0,514.0,0.0
26935,100.0,277.0,0.0
26936,185.0,90.0,0.0
26937,65.0,528.0,0.0
26938,84.0,490.0,0.0
26939,194.0,352.0,0.0
26940,51.0,249.0,0.0
26941,210.0,516.0,0.0
26942,126.0,262.0,0.0
26943,128.0,521.0,0.0
26944,265.0,55.0,0.0
26945,60.0,338.0,0.0
26946,266.0,503.0,0.0
26947,146.0,310.0,0.0
26948,209.0,396.0,0.0
26949,0.0,531.0,0.0
26950,242.0,366.0,0.0
26951,24.0,506.0,0.0
26952,73.0,134.0,0.0
26953,222.0,431.0,0.0
26954,36.0,229.0,0.0
26955,56.0,300.0,0.0
26956,135.0,388.0,0.0
26957,97.0,547.0,0.0
26958,37.0,136.0,0.0
26959,197.0,382.0,0.0
26960,80.0,57.0,0.0
26961,42.0,327.0,0.0
26962,247.0,183.0,0.0
26963,128.0,494.0,0.0
26964,45.0,536.0,0.0
26965,144.0,254.0,0.0
26966,254.0,556.0,0.0
26967,78.0,597.0,0.0
26968,179.0,475.0,0.0
26969,118.0,254.0,0.0
26970,143.0,141.0,0.0
26971,112.0,16.0,0.0
26972,114.0,103.0,0.0
26973,267.0,72.0,0.0
26974,203.0,471.0,0.0
26975,108.0,141.0,0.0
26976,93.0,292.0,0.0
26977,65.0,527.0,0.0
26978,34.0,295.0,0.0
26979,224.0,23.0,0.0
26980,10.0,570.0,0.0
26981,227.0,533.0,0.0
26982,154.0,192.0,0.0
26983,137.0,526.0,0.0
26984,33.0,203.0,0.0
26985,266.0,383.0,0.0
26986,71.0,94.0,0.0
26987,261.0,261.0,0.0
26988,267.0,516.0,0.0
26989,179.0,462.0,0.0
26990,220.0,429.0,0.0
26991,102.0,318.0,0.0
26992,127.0,243.0,0.0
26993,174.0,342.0,0.0
26994,80.0,153.0,0.0
26995,155.0,496.0,0.0
26996,249.0,243.0,0.0
26997,158.0,207.0,0.0
26998,98.0,142.0,0.0
26999,88.0,299.0,0.0
27000,201.0,25.0,0.0
27001,8.0,192.0,0.0
27002,183.0,537.0,0.0
27003,24.0,590.0,0.0
27004,257.0,451.0,0.0
27005,149.0,352.0,0.0
27006,179.0,580.0,0.0
27007,205.0,238.0,0.0
27008,75.0,102.0,0.0
27009,106.0,460.0,0.0
27010,187.0,334.0,0.0
27011,187.0,59.0,0.0
27012,189.0,511.0,0.0
27013,236.0,408.0,0.0
27014,220.0,443.0,0.0
27015,154.0,571.0,0.0
27016,84.0,119.0,0.0
27017,165.0,519.0,0.0
27018,66.0,15.0,0.0
27019,31.0,140.0,0.0
27020,144.0,65.0,0.0
27021,63.0,549.0,0.0
27022,54.0,401.0,0.0
27023,170.0,282.0,0.0
27024,17.0,507.0,0.0
27025,215.0,362.0,0.0
27026,54.0,424.0,0.0
27027,134.0,477.0,0.0
27028,30.0,138.0,0.0
27029,125.0,583.0,0.0
27030,96.0,108.0,0.0
27031,239.0,544.0,0.0
27032,259.0,482.0,0.0
27033,48.0,206.0,0.0
27034,171.0,476.0,0.0
27035,229.0,594.0,0.0
27036,257.0,423.0,0.0
27037,186.0,93.0,0.0
27038,34.0,53.0,0.0
27039,3.0,95.0,0.0
27040,234.0,249.0,0.0
27041,127.0,446.0,0.0
27042,156.0,468.0,0.0
27043,206.0,431.0,0.0
27044,181.0,488.0,0.0
27045,20.0,198.0,0.0
27046,61.0,21.0,0.0
27047,216.0,237.0,0.0
27048,45.0,170.0,0.0
27049,24.0,395.0,0.0
27050,174.0,178.0,0.0
27051,175.0,78.0,0.0
27052,247.0,521.0,0.0
27053,105.0,364.0,0.0
27054,101.0,86.0,0.0
27055,125.0,493.0,0.0
27056,267.0,498.0,0.0
27057,259.0,41.0,0.0
27058,202.0,294.0,0.0
27059,84.0,291.0,0.0
27060,88.0,420.0,0.0
27061,123.0,525.0,0.0
27062,90.0,96.0,0.0
27063,191.0,16.0,0.0
27064,39.0,155.0,0.0
27065,189.0,278.0,0.0
27066,185.0,595.0,0.0
27067,54.0,451.0,0.0
27068,116.0,130.0,0.0
27069,201.0,167.0,0.0
27070,174.0,367.0,0.0
27071,258.0,311.0,0.0
27072,183.0,2.0,0.0
27073,254.0,515.0,0.0
27074,106.0,455.0,0.0
27075,240.0,19.0,0.0
27076,177.0,372.0,0.0
27077,33.0,355.0,0.0
27078,205.0,185.0,0.0
27079,251.0,301.0,0.0
27080,33.0,231.0,0.0
27081,230.0,355.0,0.0
27082,133.0,411.0,0.0
27083,255.0,555.0,0.0
27084,196.0,447.0,0.0
27085,147.0,126.0,0.0
27086,227.0,104.0,0.0
27087,209.0,533.0,0.0
27088,259.0,358.0,0.0
27089,227.0,248.0,0.0
27090,1.0,196.0,0.0
27091,98.0,585.0,0.0
27092,208.0,429.0,0.0
27093,55.0,109.0,0.0
27094,123.0,209.0,0.0
27095,158.0,447.0,0.0
27096,256.0,586.0,0.0
27097,108.0,530.0,0.0
27098,73.0,5.0,0.0
27099,230.0,371.0,0.0
27100,236.0,255.0,0.0
27101,258.0,522.0,0.0
27102,125.0,105.0,0.0
27103,248.0,131.0,0.0
27104,112.0,595.0,0.0
27105,124.0,396.0,0.0
27106,166.0,48.0,0.0
27107,102.0,451.0,0.0
27108,260.0,480.0,0.0
27109,141.0,104.0,0.0
27110,31.0,254.0,0.0
27111,66.0,119.0,0.0
27112,58.0,586.0,0.0
27113,137.0,4.0,0.0
27114,198.0,109.0,0.0
27115,89.0,153.0,0.0
27116,120.0,519.0,0.0
27117,156.0,396.0,0.0
27118,115.0,263.0,0.0
27119,187.0,551.0,0.0
27120,255.0,222.0,0.0
27121,71.0,456.0,0.0
27122,67.0,453.0,0.0
27123,265.0,432.0,0.0
27124,35.0,475.0,0.0
27125,246.0,71.0,0.0
27126,196.0,350.0,0.0
27127,205.0,186.0,0.0
27128,264.0,362.0,0.0
27129,153.0,533.0,0.0
27130,173.0,562.0,0.0
27131,96.0,516.0,0.0
27132,209.0,158.0,0.0
27133,224.0,540.0,0.0
27134,63.0,298.0,0.0
27135,60.0,11.0,0.0
27136,226.0,220.0,0.0
27137,54.0,79.0,0.0
27138,107.0,490.0,0.0
27139,14.0,358.0,0.0
27140,146.0,298.0,0.0
27141,138.0,551.0,0.0
27142,96.0,591.0,0.0
27143,246.0,350.0,0.0
27144,137.0,60.0,0.0
27145,8.0,41.0,0.0
27146,0.0,222.0,0.0
27147,139.0,99.0,0.0
27148,170.0,385.0,0.0
27149,88.0,142.0,0.0
27150,103.0,347.0,0.0
27151,96.0,102.0,0.0
27152,218.0,165.0,0.0
27153,73.0,524.0,0.0
27154,13.0,64.0,0.0
27155,243.0,456.0,0.0
27156,213.0,440.0,0.0
27157,35.0,379.0,0.0
27158,120.0,308.0,0.0
27159,196.0,177.0,0.0
27160,62.0,291.0,0.0
27161,89.0,265.0,0.0
27162,117.0,509.0,0.0
27163,92.0,513.0,0.0
27164,17.0,421.0,0.0
27165,85.0,549.0,0.0
27166,227.0,330.0,0.0
27167,182.0,78.0,0.0
27168,40.0,234.0,0.0
27169,131.0,562.0,0.0
27170,35.0,553.0,0.0
27171,170.0,446.0,0.0
27172,107.0,277.0,0.0
27173,196.0,285.0,0.0
27174,267.0,540.0,0.0
27175,249.0,390.0,0.0
27176,154.0,400.0,0.0
27177,44.0,494.0,0.0
27178,141.0,201.0,0.0
27179,96.0,524.0,0.0
27180,128.0,374.0,0.0
27181,196.0,215.0,0.0
27182,189.0,432.0,0.0
27183,48.0,339.0,0.0
27184,159.0,381.0,0.0
27185,241.0,446.0,0.0
27186,246.0,530.0,0.0
27187,159.0,330.0,0.0
27188,86.0,596.0,0.0
27189,0.0,462.0,0.0
27190,113.0,547.0,0.0
27191,244.0,111.0,0.0
27192,231.0,337.0,0.0
27193,69.0,479.0,0.0
27194,135.0,79.0,0.0
27195,224.0,169.0,0.0
27196,135.0,498.0,0.0
27197,130.0,443.0,0.0
27198,267.0,348.0,0.0
27199,208.0,541.0,0.0
27200,192.0,0.0,0.0
27201,45.0,370.0,0.0
27202,203.0,504.0,0.0
27203,144.0,379.0,0.0
27204,66.0,500.0,0.0
27205,43.0,550.0,0.0
27206,44.0,217.0,0.0
27207,171.0,220.0,0.0
27208,238.0,18.0,0.0
27209,195.0,446.0,0.0
27210,8.0,551.0,0.0
27211,119.0,594.0,0.0
27212,207.0,473.0,0.0
27213,58.0,425.0,0.0
27214,164.0,402.0,0.0
27215,212.0,325.0,0.0
27216,50.0,22.0,0.0
27217,254.0,95.0,0.0
27218,0.0,330.0,0.0
27219,185.0,556.0,0.0
27220,116.0,583.0,0.0
27221,218.0,391.0,0.0
27222,174.0,37.0,0.0
27223,83.0,463.0,0.0
27224,264.0,427.0,0.0
27225,229.0,148.0,0.0
27226,42.0,434.0,0.0
27227,9.0,582.0,0.0
27228,128.0,519.0,0.0
27229,109.0,531.0,0.0
27230,145.0,312.0,0.0
27231,61.0,176.0,0.0
27232,267.0,40.0,0.0
27233,233.0,457.0,0.0
27234,181.0,521.0,0.0
27235,26.0,578.0,0.0
27236,188.0,53.0,0.0
27237,26.0,142.0,0.0
27238,110.0,2.0,0.0
27239,71.0,194.0,0.0
27240,68.0,409.0,0.0
27241,18.0,317.0,0.0
27242,15.0,17.0,0.0
27243,148.0,130.0,0.0
27244,204.0,377.0,0.0
27245,23.0,594.0,0.0
27246,255.0,450.0,0.0
27247,237.0,142.0,0.0
27248,160.0,486.0,0.0
27249,188.0,452.0,0.0
27250,240.0,408.0,0.0
27251,144.0,292.0,0.0
27252,9.0,188.0,0.0
27253,154.0,266.0,0.0
27254,243.0,382.0,0.0
27255,62.0,429.0,0.0
27256,22.0,526.0,0.0
27257,234.0,554.0,0.0
27258,109.0,293.0,0.0
27259,84.0,464.0,0.0
27260,200.0,538.0,0.0
27261,198.0,422.0,0.0
27262,231.0,538.0,0.0
27263,201.0,210.0,0.0
27264,136.0,134.0,0.0
27265,133.0,503.0,0.0
27266,45.0,340.0,0.0
27267,257.0,528.0,0.0
27268,33.0,436.0,0.0
27269,139.0,37.0,0.0
27270,210.0,31.0,0.0
27271,58.0,470.0,0.0
27272,210.0,477.0,0.0
27273,195.0,418.0,0.0
27274,268.0,480.0,0.0
27275,261.0,57.0,0.0
27276,24.0,160.0,0.0
27277,64.0,529.0,0.0
27278,14.0,44.0,0.0
27279,89.0,515.0,0.0
27280,239.0,414.0,0.0
27281,118.0,133.0,0.0
27282,10.0,103.0,0.0
27283,140.0,300.0,0.0
27284,179.0,400.0,0.0
27285,155.0,498.0,0.0
27286,214.0,372.0,0.0
27287,93.0,27.0,0.0
27288,12.0,557.0,0.0
27289,178.0,58.0,0.0
27290,127.0,252.0,0.0
27291,243.0,340.0,0.0
27292,126.0,294.0,0.0
27293,87.0,469.0,0.0
27294,24.0,358.0,0.0
27295,211.0,457.0,0.0
27296,22.0,332.0,0.0
27297,202.0,68.0,0.0
27298,10.0,496.0,0.0
27299,117.0,33.0,0.0
27300,92.0,156.0,0.0
27301,88.0,239.0,0.0
27302,91.0,235.0,0.0
27303,83.0,223.0,0.0
27304,105.0,221.0,0.0
27305,256.0,422.0,0.0
27306,153.0,186.0,0.0
27307,192.0,200.0,0.0
27308,242.0,574.0,0.0
27309,181.0,154.0,0.0
27310,128.0,71.0,0.0
27311,207.0,427.0,0.0
27312,266.0,446.0,0.0
27313,212.0,463.0,0.0
27314,0.0,304.0,0.0
27315,13.0,494.0,0.0
27316,41.0,76.0,0.0
27317,109.0,591.0,0.0
27318,58.0,100.0,0.0
27319,14.0,204.0,0.0
27320,94.0,203.0,0.0
27321,56.0,560.0,0.0
27322,230.0,397.0,0.0
27323,43.0,145.0,0.0
27324,265.0,405.0,0.0
27325,248.0,139.0,0.0
27326,226.0,6.0,0.0
27327,200.0,224.0,0.0
27328,241.0,213.0,0.0
27329,48.0,313.0,0.0
27330,51.0,428.0,0.0
27331,228.0,33.0,0.0
27332,174.0,98.0,0.0
27333,243.0,486.0,0.0
27334,106.0,14.0,0.0
27335,129.0,21.0,0.0
27336,211.0,425.0,0.0
27337,218.0,549.0,0.0
27338,24.0,493.0,0.0
27339,206.0,45.0,0.0
27340,267.0,184.0,0.0
27341,240.0,57.0,0.0
27342,2.0,180.0,0.0
27343,146.0,555.0,0.0
27344,97.0,250.0,0.0
27345,189.0,534.0,0.0
27346,180.0,410.0,0.0
27347,57.0,535.0,0.0
27348,137.0,243.0,0.0
27349,210.0,5.0,0.0
27350,245.0,592.0,0.0
27351,120.0,57.0,0.0
27352,21.0,221.0,0.0
27353,218.0,352.0,0.0
27354,192.0,136.0,0.0
27355,207.0,487.0,0.0
27356,67.0,381.0,0.0
27357,101.0,276.0,0.0
27358,253.0,123.0,0.0
27359,204.0,437.0,0.0
27360,210.0,215.0,0.0
27361,238.0,474.0,0.0
27362,9.0,125.0,0.0
27363,71.0,180.0,0.0
27364,249.0,255.0,0.0
27365,250.0,486.0,0.0
27366,259.0,301.0,0.0
27367,166.0,251.0,0.0
27368,27.0,443.0,0.0
27369,143.0,198.0,0.0
27370,89.0,45.0,0.0
27371,136.0,327.0,0.0
27372,224.0,586.0,0.0
27373,221.0,113.0,0.0
27374,225.0,584.0,0.0
27375,68.0,404.0,0.0
27376,163.0,428.0,0.0
27377,185.0,62.0,0.0
27378,177.0,297.0,0.0
27379,88.0,476.0,0.0
27380,54.0,372.0,0.0
27381,127.0,365.0,0.0
27382,27.0,379.0,0.0
27383,176.0,318.0,0.0
27384,38.0,326.0,0.0
27385,51.0,134.0,0.0
27386,124.0,161.0,0.0
27387,238.0,252.0,0.0
27388,57.0,290.0,0.0
27389,256.0,355.0,0.0
27390,40.0,281.0,0.0
27391,164.0,468.0,0.0
27392,46.0,184.0,0.0
27393,45.0,110.0,0.0
27394,64.0,508.0,0.0
27395,80.0,449.0,0.0
27396,112.0,558.0,0.0
27397,254.0,215.0,0.0
27398,128.0,157.0,0.0
27399,197.0,12.0,0.0
27400,256.0,405.0,0.0
27401,251.0,86.0,0.0
27402,48.0,454.0,0.0
27403,119.0,209.0,0.0
27404,176.0,130.0,0.0
27405,38.0,92.0,0.0
27406,142.0,263.0,0.0
27407,197.0,285.0,0.0
27408,141.0,334.0,0.0
27409,6.0,177.0,0.0
27410,241.0,351.0,0.0
27411,23.0,21.0,0.0
27412,185.0,31.0,0.0
27413,134.0,540.0,0.0
27414,202.0,521.0,0.0
27415,77.0,492.0,0.0
27416,52.0,335.0,0.0
27417,8.0,499.0,0.0
27418,140.0,335.0,0.0
27419,250.0,445.0,0.0
27420,239.0,580.0,0.0
27421,166.0,226.0,0.0
27422,264.0,432.0,0.0
27423,241.0,449.0,0.0
27424,3.0,385.0,0.0
27425,174.0,146.0,0.0
27426,205.0,102.0,0.0
27427,110.0,488.0,0.0
27428,133.0,407.0,0.0
27429,164.0,148.0,0.0
27430,74.0,177.0,0.0
27431,211.0,359.0,0.0
27432,61.0,26.0,0.0
27433,267.0,78.0,0.0
27434,36.0,389.0,0.0
27435,155.0,172.0,0.0
27436,104.0,83.0,0.0
27437,148.0,403.0,0.0
27438,182.0,90.0,0.0
27439,183.0,425.0,0.0
27440,28.0,251.0,0.0
27441,41.0,32.0,0.0
27442,140.0,520.0,0.0
27443,196.0,157.0,0.0
27444,106.0,596.0,0.0
27445,143.0,395.0,0.0
27446,163.0,399.0,0.0
27447,129.0,402.0,0.0
27448,249.0,519.0,0.0
27449,27.0,256.0,0.0
27450,4.0,152.0,0.0
27451,65.0,318.0,0.0
27452,192.0,400.0,0.0
27453,246.0,243.0,0.0
27454,71.0,53.0,0.0
27455,123.0,540.0,0.0
27456,135.0,126.0,0.0
27457,181.0,237.0,0.0
27458,253.0,473.0,0.0
27459,173.0,324.0,0.0
27460,129.0,72.0,0.0
27461,203.0,536.0,0.0
27462,181.0,77.0,0.0
27463,193.0,405.0,0.0
27464,16.0,429.0,0.0
27465,124.0,43.0,0.0
27466,5.0,475.0,0.0
27467,141.0,596.0,0.0
27468,190.0,203.0,0.0
27469,117.0,119.0,0.0
27470,254.0,295.0,0.0
27471,239.0,73.0,0.0
27472,142.0,447.0,0.0
27473,12.0,69.0,0.0
27474,33.0,202.0,0.0
27475,72.0,3.0,0.0
27476,161.0,346.0,0.0
27477,134.0,264.0,0.0
27478,249.0,287.0,0.0
27479,77.0,103.0,0.0
27480,11.0,394.0,0.0
27481,83.0,455.0,0.0
27482,210.0,395.0,0.0
27483,172.0,433.0,0.0
27484,227.0,36.0,0.0
27485,119.0,77.0,0.0
27486,28.0,541.0,0.0
27487,125.0,38.0,0.0
27488,38.0,436.0,0.0
27489,7.0,195.0,0.0
27490,99.0,463.0,0.0
27491,232.0,347.0,0.0
27492,251.0,395.0,0.0
27493,15.0,362.0,0.0
27494,216.0,203.0,0.0
27495,41.0,85.0,0.0
27496,199.0,593.0,0.0
27497,89.0,306.0,0.0
27498,102.0,7.0,0.0
27499,206.0,233.0,0.0
27500,267.0,382.0,0.0
27501,151.0,114.0,0.0
27502,258.0,508.0,0.0
27503,153.0,252.0,0.0
27504,184.0,488.0,0.0
27505,227.0,571.0,0.0
27506,217.0,75.0,0.0
27507,67.0,273.0,0.0
27508,66.0,0.0,0.0
27509,78.0,257.0,0.0
27510,60.0,275.0,0.0
27511,209.0,444.0,0.0
27512,138.0,328.0,0.0
27513,94.0,163.0,0.0
27514,74.0,40.0,0.0
27515,261.0,266.0,0.0
27516,168.0,522.0,0.0
27517,0.0,361.0,0.0
27518,74.0,414.0,0.0
27519,60.0,569.0,0.0
27520,255.0,333.0,0.0
27521,257.0,381.0,0.0
27522,154.0,345.0,0.0
27523,77.0,533.0,0.0
27524,260.0,497.0,0.0
27525,132.0,453.0,0.0
27526,88.0,174.0,0.0
27527,186.0,250.0,0.0
27528,212.0,107.0,0.0
27529,72.0,316.0,0.0
27530,188.0,343.0,0.0
27531,213.0,249.0,0.0
27532,248.0,332.0,0.0
27533,118.0,493.0,0.0
27534,215.0,331.0,0.0
27535,131.0,596.0,0.0
27536,250.0,249.0,0.0
27537,179.0,588.0,0.0
27538,142.0,331.0,0.0
27539,219.0,465.0,0.0
27540,231.0,324.0,0.0
27541,230.0,290.0,0.0
27542,180.0,44.0,0.0
27543,61.0,563.0,0.0
27544,79.0,67.0,0.0
27545,31.0,357.0,0.0
27546,57.0,67.0,0.0
27547,255.0,232.0,0.0
27548,71.0,308.0,0.0
27549,174.0,387.0,0.0
27550,20.0,83.0,0.0
27551,161.0,296.0,0.0
27552,26.0,200.0,0.0
27553,216.0,270.0,0.0
27554,224.0,396.0,0.0
27555,220.0,439.0,0.0
27556,51.0,304.0,0.0
27557,74.0,304.0,0.0
27558,66.0,387.0,0.0
27559,107.0,589.0,0.0
27560,220.0,468.0,0.0
27561,117.0,494.0,0.0
27562,151.0,282.0,0.0
27563,107.0,178.0,0.0
27564,139.0,439.0,0.0
27565,232.0,309.0,0.0
27566,98.0,569.0,0.0
27567,177.0,87.0,0.0
27568,255.0,255.0,0.0
27569,30.0,309.0,0.0
27570,152.0,453.0,0.0
27571,32.0,241.0,0.0
27572,107.0,155.0,0.0
27573,196.0,286.0,0.0
27574,78.0,289.0,0.0
27575,242.0,21.0,0.0
27576,174.0,274.0,0.0
27577,197.0,539.0,0.0
27578,150.0,241.0,0.0
27579,206.0,261.0,0.0
27580,66.0,79.0,0.0
27581,117.0,83.0,0.0
27582,155.0,567.0,0.0
27583,99.0,399.0,0.0
27584,40.0,575.0,0.0
27585,68.0,125.0,0.0
27586,238.0,314.0,0.0
27587,144.0,431.0,0.0
27588,148.0,69.0,0.0
27589,133.0,132.0,0.0
27590,193.0,550.0,0.0
27591,71.0,225.0,0.0
27592,45.0,267.0,0.0
27593,217.0,463.0,0.0
27594,67.0,116.0,0.0
27595,85.0,503.0,0.0
27596,257.0,412.0,0.0
27597,191.0,225.0,0.0
27598,143.0,558.0,0.0
27599,181.0,326.0,0.0
27600,42.0,153.0,0.0
27601,222.0,184.0,0.0
27602,196.0,316.0,0.0
27603,251.0,190.0,0.0
27604,225.0,117.0,0.0
27605,104.0,531.0,0.0
27606,88.0,240.0,0.0
27607,266.0,462.0,0.0
27608,172.0,131.0,0.0
27609,207.0,285.0,0.0
27610,28.0,25.0,0.0
27611,55.0,531.0,0.0
27612,0.0,530.0,0.0
27613,212.0,260.0,0.0
27614,29.0,470.0,0.0
27615,203.0,126.0,0.0
27616,197.0,170.0,0.0
27617,73.0,365.0,0.0
27618,176.0,289.0,0.0
27619,172.0,12.0,0.0
27620,198.0,48.0,0.0
27621,107.0,527.0,0.0
27622,163.0,556.0,0.0
27623,66.0,375.0,0.0
27624,21.0,330.0,0.0
27625,71.0,41.0,0.0
27626,165.0,65.0,0.0
27627,84.0,342.0,0.0
27628,173.0,420.0,0.0
27629,220.0,498.0,0.0
27630,194.0,57.0,0.0
27631,76.0,86.0,0.0
27632,201.0,61.0,0.0
27633,131.0,118.0,0.0
27634,20.0,31.0,0.0
27635,171.0,495.0,0.0
27636,248.0,409.0,0.0
27637,254.0,29.0,0.0
27638,9.0,398.0,0.0
27639,107.0,308.0,0.0
27640,36.0,479.0,0.0
27641,210.0,41.0,0.0
27642,139.0,187.0,0.0
27643,93.0,518.0,0.0
27644,186.0,244.0,0.0
27645,167.0,462.0,0.0
27646,11.0,127.0,0.0
27647,65.0,472.0,0.0
27648,81.0,380.0,0.0
27649,125.0,45.0,0.0
27650,110.0,170.0,0.0
27651,44.0,461.0,0.0
27652,168.0,95.0,0.0
27653,53.0,583.0,0.0
27654,70.0,212.0,0.0
27655,47.0,65.0,0.0
27656,42.0,414.0,0.0
27657,228.0,191.0,0.0
27658,184.0,292.0,0.0
27659,190.0,102.0,0.0
27660,172.0,150.0,0.0
27661,45.0,36.0,0.0
27662,121.0,289.0,0.0
27663,26.0,224.0,0.0
27664,151.0,307.0,0.0
27665,182.0,464.0,0.0
27666,257.0,42.0,0.0
27667,58.0,56.0,0.0
27668,245.0,32.0,0.0
27669,192.0,404.0,0.0
27670,35.0,202.0,0.0
27671,257.0,458.0,0.0
27672,210.0,67.0,0.0
27673,24.0,179.0,0.0
27674,120.0,70.0,0.0
27675,7.0,217.0,0.0
27676,23.0,542.0,0.0
27677,62.0,439.0,0.0
27678,172.0,412.0,0.0
27679,18.0,123.0,0.0
27680,150.0,565.0,0.0
27681,245.0,212.0,0.0
27682,140.0,546.0,0.0
27683,31.0,473.0,0.0
27684,197.0,311.0,0.0
27685,126.0,445.0,0.0
27686,268.0,522.0,0.0
27687,133.0,539.0,0.0
27688,85.0,459.0,0.0
27689,23.0,184.0,0.0
27690,232.0,441.0,0.0
27691,19.0,410.0,0.0
27692,154.0,272.0,0.0
27693,185.0,421.0,0.0
27694,107.0,555.0,0.0
27695,60.0,60.0,0.0
27696,58.0,402.0,0.0
27697,54.0,337.0,0.0
27698,255.0,186.0,0.0
27699,13.0,470.0,0.0
27700,46.0,504.0,0.0
27701,135.0,487.0,0.0
27702,54.0,61.0,0.0
27703,76.0,134.0,0.0
27704,253.0,78.0,0.0
27705,41.0,476.0,0.0
27706,140.0,230.0,0.0
27707,212.0,543.0,0.0
27708,24.0,338.0,0.0
27709,32.0,468.0,0.0
27710,58.0,451.0,0.0
27711,268.0,10.0,0.0
27712,216.0,44.0,0.0
27713,186.0,236.0,0.0
27714,72.0,131.0,0.0
27715,48.0,385.0,0.0
27716,260.0,522.0,0.0
27717,62.0,56.0,0.0
27718,239.0,255.0,0.0
27719,201.0,149.0,0.0
27720,134.0,305.0,0.0
27721,16.0,100.0,0.0
27722,107.0,34.0,0.0
27723,54.0,490.0,0.0
27724,61.0,285.0,0.0
27725,151.0,382.0,0.0
27726,30.0,118.0,0.0
27727,237.0,514.0,0.0
27728,161.0,156.0,0.0
27729,58.0,287.0,0.0
27730,26.0,382.0,0.0
27731,113.0,436.0,0.0
27732,46.0,561.0,0.0
27733,250.0,232.0,0.0
27734,261.0,142.0,0.0
27735,146.0,240.0,0.0
27736,181.0,490.0,0.0
27737,2.0,224.0,0.0
27738,198.0,251.0,0.0
27739,103.0,479.0,0.0
27740,23.0,350.0,0.0
27741,173.0,227.0,0.0
27742,233.0,15.0,0.0
27743,84.0,484.0,0.0
27744,180.0,270.0,0.0
27745,45.0,156.0,0.0
27746,171.0,59.0,0.0
27747,70.0,314.0,0.0
27748,119.0,271.0,0.0
27749,240.0,99.0,0.0
27750,156.0,187.0,0.0
27751,224.0,458.0,0.0
27752,243.0,337.0,0.0
27753,134.0,183.0,0.0
27754,137.0,64.0,0.0
27755,196.0,576.0,0.0
27756,58.0,519.0,0.0
27757,50.0,136.0,0.0
27758,156.0,279.0,0.0
27759,4.0,57.0,0.0
27760,146.0,536.0,0.0
27761,24.0,225.0,0.0
27762,214.0,15.0,0.0
27763,25.0,296.0,0.0
27764,171.0,290.0,0.0
27765,119.0,440.0,0.0
27766,91.0,184.0,0.0
27767,31.0,138.0,0.0
27768,2.0,163.0,0.0
27769,139.0,145.0,0.0
27770,151.0,510.0,0.0
27771,2.0,65.0,0.0
27772,68.0,498.0,0.0
27773,109.0,461.0,0.0
27774,101.0,509.0,0.0
27775,2.0,155.0,0.0
27776,146.0,282.0,0.0
27777,209.0,57.0,0.0
27778,230.0,37.0,0.0
27779,50.0,337.0,0.0
27780,229.0,375.0,0.0
27781,118.0,428.0,0.0
27782,1.0,182.0,0.0
27783,158.0,160.0,0.0
27784,156.0,585.0,0.0
27785,49.0,322.0,0.0
27786,117.0,448.0,0.0
27787,21.0,544.0,0.0
27788,45.0,265.0,0.0
27789,35.0,198.0,0.0
27790,109.0,244.0,0.0
27791,233.0,503.0,0.0
27792,47.0,180.0,0.0
27793,59.0,107.0,0.0
27794,30.0,94.0,0.0
27795,245.0,495.0,0.0
27796,48.0,95.0,0.0
27797,0.0,44.0,0.0
27798,168.0,544.0,0.0
27799,41.0,20.0,0.0
27800,92.0,421.0,0.0
27801,33.0,250.0,0.0
27802,264.0,142.0,0.0
27803,266.0,566.0,0.0
27804,99.0,193.0,0.0
27805,118.0,49.0,0.0
27806,268.0,126.0,0.0
27807,32.0,138.0,0.0
27808,68.0,230.0,0.0
27809,236.0,354.0,0.0
27810,99.0,421.0,0.0
27811,206.0,33.0,0.0
27812,246.0,285.0,0.0
27813,95.0,483.0,0.0
27814,252.0,301.0,0.0
27815,91.0,516.0,0.0
27816,170.0,9.0,0.0
27817,83.0,592.0,0.0
27818,182.0,506.0,0.0
27819,238.0,350.0,0.0
27820,60.0,16.0,0.0
27821,115.0,538.0,0.0
27822,142.0,572.0,0.0
27823,100.0,586.0,0.0
27824,5.0,590.0,0.0
27825,262.0,28.0,0.0
27826,34.0,510.0,0.0
27827,124.0,75.0,0.0
27828,243.0,310.0,0.0
27829,226.0,379.0,0.0
27830,14.0,289.0,0.0
27831,198.0,194.0,0.0
27832,213.0,493.0,0.0
27833,231.0,167.0,0.0
27834,9.0,322.0,0.0
27835,179.0,561.0,0.0
27836,41.0,166.0,0.0
27837,193.0,433.0,0.0
27838,70.0,522.0,0.0
27839,97.0,229.0,0.0
27840,265.0,473.0,0.0
27841,17.0,303.0,0.0
27842,112.0,301.0,0.0
27843,74.0,27.0,0.0
27844,0.0,127.0,0.0
27845,49.0,377.0,0.0
27846,254.0,574.0,0.0
27847,167.0,518.0,0.0
27848,95.0,469.0,0.0
27849,2.0,457.0,0.0
27850,42.0,418.0,0.0
27851,125.0,572.0,0.0
27852,90.0,361.0,0.0
27853,15.0,336.0,0.0
27854,66.0,432.0,0.0
27855,162.0,477.0,0.0
27856,143.0,449.0,0.0
27857,35.0,141.0,0.0
27858,213.0,308.0,0.0
27859,39.0,208.0,0.0
27860,194.0,219.0,0.0
27861,95.0,83.0,0.0
27862,4.0,590.0,0.0
27863,80.0,262.0,0.0
27864,35.0,454.0,0.0
27865,262.0,510.0,0.0
27866,142.0,165.0,0.0
27867,61.0,335.0,0.0
27868,90.0,1.0,0.0
27869,59.0,127.0,0.0
27870,2.0,361.0,0.0
27871,58.0,33.0,0.0
27872,121.0,90.0,0.0
27873,223.0,441.0,0.0
27874,166.0,327.0,0.0
27875,143.0,138.0,0.0
27876,208.0,505.0,0.0
27877,178.0,409.0,0.0
27878,220.0,66.0,0.0
27879,46.0,119.0,0.0
27880,218.0,253.0,0.0
27881,140.0,75.0,0.0
27882,78.0,483.0,0.0
27883,139.0,16.0,0.0
27884,104.0,24.0,0.0
27885,168.0,156.0,0.0
27886,0.0,204.0,0.0
27887,108.0,322.0,0.0
27888,52.0,57.0,0.0
27889,93.0,438.0,0.0
27890,69.0,497.0,0.0
27891,19.0,158.0,0.0
27892,155.0,272.0,0.0
27893,61.0,363.0,0.0
27894,77.0,425.0,0.0
27895,163.0,430.0,0.0
27896,177.0,400.0,0.0
27897,200.0,21.0,0.0
27898,86.0,540.0,0.0
27899,184.0,378.0,0.0
27900,206.0,19.0,0.0
27901,209.0,149.0,0.0
27902,239.0,568.0,0.0
27903,29.0,181.0,0.0
27904,239.0,215.0,0.0
27905,127.0,204.0,0.0
27906,107.0,180.0,0.0
27907,121.0,503.0,0.0
27908,113.0,357.0,0.0
27909,147.0,586.0,0.0
27910,233.0,121.0,0.0
27911,81.0,327.0,0.0
27912,237.0,20.0,0.0
27913,45.0,523.0,0.0
27914,138.0,101.0,0.0
27915,148.0,17.0,0.0
27916,101.0,444.0,0.0
27917,165.0,393.0,0.0
27918,253.0,506.0,0.0
27919,65.0,57.0,0.0
27920,15.0,552.0,0.0
27921,88.0,438.0,0.0
27922,179.0,486.0,0.0
27923,26.0,78.0,0.0
27924,27.0,585.0,0.0
27925,255.0,377.0,0.0
27926,256.0,349.0,0.0
27927,82.0,428.0,0.0
27928,12.0,25.0,0.0
27929,149.0,182.0,0.0
27930,120.0,329.0,0.0
27931,216.0,316.0,0.0
27932,237.0,480.0,0.0
27933,92.0,164.0,0.0
27934,141.0,433.0,0.0
27935,99.0,40.0,0.0
27936,172.0,440.0,0.0
27937,88.0,181.0,0.0
27938,183.0,260.0,0.0
27939,99.0,123.0,0.0
27940,104.0,235.0,0.0
27941,123.0,193.0,0.0
27942,165.0,532.0,0.0
27943,230.0,495.0,0.0
27944,197.0,374.0,0.0
27945,254.0,398.0,0.0
27946,58.0,380.0,0.0
27947,257.0,135.0,0.0
27948,125.0,434.0,0.0
27949,238.0,584.0,0.0
27950,153.0,182.0,0.0
27951,150.0,576.0,0.0
27952,191.0,59.0,0.0
27953,137.0,331.0,0.0
27954,213.0,416.0,0.0
27955,237.0,524.0,0.0
27956,169.0,461.0,0.0
27957,121.0,400.0,0.0
27958,88.0,105.0,0.0
27959,73.0,223.0,0.0
27960,210.0,407.0,0.0
27961,203.0,411.0,0.0
27962,146.0,489.0,0.0
27963,149.0,252.0,0.0
27964,147.0,101.0,0.0
27965,40.0,53.0,0.0
27966,192.0,548.0,0.0
27967,214.0,313.0,0.0
27968,64.0,249.0,0.0
27969,205.0,262.0,0.0
27970,84.0,176.0,0.0
27971,12.0,162.0,0.0
27972,38.0,290.0,0.0
27973,150.0,55.0,0.0
27974,137.0,57.0,0.0
27975,190.0,350.0,0.0
27976,133.0,139.0,0.0
27977,105.0,180.0,0.0
27978,151.0,456.0,0.0
27979,124.0,527.0,0.0
27980,110.0,460.0,0.0
27981,153.0,440.0,0.0
27982,237.0,125.0,0.0
27983,92.0,525.0,0.0
27984,63.0,109.0,0.0
27985,117.0,295.0,0.0
27986,131.0,560.0,0.0
27987,157.0,69.0,0.0
27988,34.0,578.0,0.0
27989,213.0,63.0,0.0
27990,256.0,559.0,0.0
27991,138.0,260.0,0.0
27992,225.0,315.0,0.0
27993,33.0,341.0,0.0
27994,167.0,63.0,0.0
27995,72.0,576.0,0.0
27996,213.0,216.0,0.0
27997,213.0,571.0,0.0
27998,54.0,166.0,0.0
27999,33.0,204.0,0.0
28000,124.0,240.0,0.0
28001,56.0,536.0,0.0
28002,253.0,90.0,0.0
28003,205.0,415.0,0.0
28004,68.0,162.0,0.0
28005,100.0,483.0,0.0
28006,42.0,54.0,0.0
28007,244.0,327.0,0.0
28008,252.0,423.0,0.0
28009,70.0,125.0,0.0
28010,231.0,377.0,0.0
28011,75.0,136.0,0.0
28012,54.0,456.0,0.0
28013,155.0,544.0,0.0
28014,220.0,455.0,0.0
28015,183.0,142.0,0.0
28016,209.0,563.0,0.0
28017,0.0,516.0,0.0
28018,97.0,74.0,0.0
28019,109.0,95.0,0.0
28020,251.0,553.0,0.0
28021,107.0,318.0,0.0
28022,159.0,117.0,0.0
28023,168.0,433.0,0.0
28024,136.0,502.0,0.0
28025,69.0,561.0,0.0
28026,67.0,592.0,0.0
28027,52.0,408.0,0.0
28028,86.0,180.0,0.0
28029,67.0,578.0,0.0
28030,94.0,18.0,0.0
28031,202.0,576.0,0.0
28032,50.0,211.0,0.0
28033,31.0,76.0,0.0
28034,215.0,518.0,0.0
28035,245.0,126.0,0.0
28036,172.0,55.0,0.0
28037,60.0,342.0,0.0
28038,210.0,19.0,0.0
28039,135.0,358.0,0.0
28040,141.0,361.0,0.0
28041,165.0,149.0,0.0
28042,131.0,312.0,0.0
28043,264.0,553.0,0.0
28044,45.0,226.0,0.0
28045,79.0,140.0,0.0
28046,259.0,319.0,0.0
28047,239.0,362.0,0.0
28048,32.0,210.0,0.0
28049,20.0,211.0,0.0
28050,210.0,394.0,0.0
28051,39.0,498.0,0.0
28052,258.0,440.0,0.0
28053,66.0,254.0,0.0
28054,58.0,236.0,0.0
28055,77.0,342.0,0.0
28056,167.0,475.0,0.0
28057,125.0,96.0,0.0
28058,97.0,260.0,0.0
28059,163.0,451.0,0.0
28060,56.0,476.0,0.0
28061,158.0,409.0,0.0
28062,209.0,238.0,0.0
28063,156.0,61.0,0.0
28064,29.0,595.0,0.0
28065,194.0,198.0,0.0
28066,236.0,218.0,0.0
28067,128.0,406.0,0.0
28068,25.0,489.0,0.0
28069,24.0,165.0,0.0
28070,153.0,193.0,0.0
28071,242.0,512.0,0.0
28072,179.0,351.0,0.0
28073,212.0,521.0,0.0
28074,209.0,464.0,0.0
28075,156.0,354.0,0.0
28076,79.0,242.0,0.0
28077,155.0,370.0,0.0
28078,158.0,170.0,0.0
28079,239.0,332.0,0.0
28080,160.0,524.0,0.0
28081,68.0,480.0,0.0
28082,41.0,209.0,0.0
28083,36.0,440.0,0.0
28084,167.0,213.0,0.0
28085,73.0,62.0,0.0
28086,35.0,370.0,0.0
28087,72.0,546.0,0.0
28088,13.0,315.0,0.0
28089,46.0,230.0,0.0
28090,226.0,428.0,0.0
28091,251.0,32.0,0.0
28092,209.0,541.0,0.0
28093,247.0,6.0,0.0
28094,12.0,278.0,0.0
28095,44.0,303.0,0.0
28096,42.0,141.0,0.0
28097,158.0,555.0,0.0
28098,33.0,135.0,0.0
28099,224.0,183.0,0.0
28100,215.0,516.0,0.0
28101,195.0,168.0,0.0
28102,53.0,203.0,0.0
28103,238.0,148.0,0.0
28104,231.0,172.0,0.0
28105,256.0,175.0,0.0
28106,75.0,88.0,0.0
28107,14.0,487.0,0.0
28108,136.0,576.0,0.0
28109,221.0,111.0,0.0
28110,205.0,71.0,0.0
28111,221.0,510.0,0.0
28112,2.0,193.0,0.0
28113,54.0,322.0,0.0
28114,16.0,229.0,0.0
28115,105.0,568.0,0.0
28116,168.0,199.0,0.0
28117,182.0,229.0,0.0
28118,48.0,406.0,0.0
28119,220.0,549.0,0.0
28120,206.0,574.0,0.0
28121,47.0,334.0,0.0
28122,99.0,327.0,0.0
28123,114.0,235.0,0.0
28124,253.0,166.0,0.0
28125,66.0,417.0,0.0
28126,197.0,483.0,0.0
28127,79.0,115.0,0.0
28128,6.0,577.0,0.0
28129,47.0,218.0,0.0
28130,49.0,73.0,0.0
28131,162.0,517.0,0.0
28132,199.0,557.0,0.0
28133,155.0,347.0,0.0
28134,239.0,480.0,0.0
28135,212.0,393.0,0.0
28136,159.0,459.0,0.0
28137,128.0,556.0,0.0
28138,65.0,268.0,0.0
28139,215.0,119.0,0.0
28140,39.0,161.0,0.0
28141,151.0,418.0,0.0
28142,37.0,435.0,0.0
28143,50.0,196.0,0.0
28144,76.0,279.0,0.0
28145,41.0,18.0,0.0
28146,210.0,107.0,0.0
28147,227.0,118.0,0.0
28148,133.0,446.0,0.0
28149,71.0,116.0,0.0
28150,177.0,267.0,0.0
28151,57.0,530.0,0.0
28152,139.0,359.0,0.0
28153,74.0,535.0,0.0
28154,136.0,373.0,0.0
28155,150.0,420.0,0.0
28156,174.0,232.0,0.0
28157,31.0,585.0,0.0
28158,52.0,566.0,0.0
28159,186.0,288.0,0.0
28160,30.0,257.0,0.0
28161,192.0,558.0,0.0
28162,227.0,269.0,0.0
28163,102.0,114.0,0.0
28164,210.0,505.0,0.0
28165,213.0,192.0,0.0
28166,54.0,230.0,0.0
28167,254.0,509.0,0.0
28168,75.0,476.0,0.0
28169,81.0,497.0,0.0
28170,176.0,571.0,0.0
28171,49.0,523.0,0.0
28172,198.0,248.0,0.0
28173,105.0,19.0,0.0
28174,211.0,560.0,0.0
28175,172.0,9.0,0.0
28176,172.0,581.0,0.0
28177,209.0,258.0,0.0
28178,19.0,585.0,0.0
28179,104.0,524.0,0.0
28180,17.0,511.0,0.0
28181,75.0,298.0,0.0
28182,62.0,554.0,0.0
28183,30.0,43.0,0.0
28184,107.0,125.0,0.0
28185,48.0,12.0,0.0
28186,61.0,401.0,0.0
28187,155.0,348.0,0.0
28188,133.0,414.0,0.0
28189,19.0,382.0,0.0
28190,140.0,134.0,0.0
28191,29.0,392.0,0.0
28192,77.0,177.0,0.0
28193,125.0,522.0,0.0
28194,175.0,456.0,0.0
28195,239.0,441.0,0.0
28196,108.0,64.0,0.0
28197,262.0,22.0,0.0
28198,199.0,507.0,0.0
28199,254.0,485.0,0.0
28200,246.0,179.0,0.0
28201,85.0,502.0,0.0
28202,244.0,178.0,0.0
28203,249.0,215.0,0.0
28204,54.0,310.0,0.0
28205,13.0,275.0,0.0
28206,82.0,210.0,0.0
28207,205.0,14.0,0.0
28208,250.0,300.0,0.0
28209,88.0,251.0,0.0
28210,190.0,407.0,0.0
28211,185.0,301.0,0.0
28212,222.0,81.0,0.0
28213,126.0,29.0,0.0
28214,32.0,72.0,0.0
28215,114.0,520.0,0.0
28216,95.0,593.0,0.0
28217,253.0,463.0,0.0
28218,222.0,204.0,0.0
28219,113.0,416.0,0.0
28220,159.0,419.0,0.0
28221,33.0,196.0,0.0
28222,15.0,333.0,0.0
28223,68.0,168.0,0.0
28224,186.0,366.0,0.0
28225,235.0,205.0,0.0
28226,14.0,435.0,0.0
28227,30.0,428.0,0.0
28228,235.0,529.0,0.0
28229,170.0,96.0,0.0
28230,22.0,162.0,0.0
28231,218.0,227.0,0.0
28232,109.0,448.0,0.0
28233,92.0,583.0,0.0
28234,51.0,452.0,0.0
28235,249.0,432.0,0.0
28236,106.0,326.0,0.0
28237,77.0,137.0,0.0
28238,237.0,585.0,0.0
28239,253.0,594.0,0.0
28240,65.0,299.0,0.0
28241,47.0,559.0,0.0
28242,14.0,563.0,0.0
28243,67.0,267.0,0.0
28244,80.0,72.0,0.0
28245,129.0,138.0,0.0
28246,159.0,15.0,0.0
28247,161.0,175.0,0.0
28248,100.0,383.0,0.0
28249,114.0,433.0,0.0
28250,195.0,551.0,0.0
28251,174.0,337.0,0.0
28252,248.0,31.0,0.0
28253,251.0,161.0,0.0
28254,90.0,75.0,0.0
28255,34.0,133.0,0.0
28256,256.0,346.0,0.0
28257,67.0,240.0,0.0
28258,23.0,486.0,0.0
28259,86.0,278.0,0.0
28260,81.0,478.0,0.0
28261,106.0,428.0,0.0
28262,162.0,589.0,0.0
28263,113.0,93.0,0.0
28264,226.0,442.0,0.0
28265,46.0,78.0,0.0
28266,246.0,353.0,0.0
28267,210.0,302.0,0.0
28268,262.0,225.0,0.0
28269,27.0,149.0,0.0
28270,67.0,366.0,0.0
28271,241.0,96.0,0.0
28272,127.0,328.0,0.0
28273,246.0,277.0,0.0
28274,7.0,99.0,0.0
28275,77.0,507.0,0.0
28276,61.0,27.0,0.0
28277,95.0,98.0,0.0
28278,26.0,182.0,0.0
28279,144.0,269.0,0.0
28280,198.0,456.0,0.0
28281,100.0,182.0,0.0
28282,241.0,86.0,0.0
28283,209.0,561.0,0.0
28284,121.0,429.0,0.0
28285,152.0,381.0,0.0
28286,67.0,492.0,0.0
28287,55.0,240.0,0.0
28288,101.0,221.0,0.0
28289,241.0,263.0,0.0
28290,254.0,358.0,0.0
28291,69.0,372.0,0.0
28292,261.0,533.0,0.0
28293,104.0,553.0,0.0
28294,189.0,437.0,0.0
28295,263.0,130.0,0.0
28296,218.0,159.0,0.0
28297,18.0,56.0,0.0
28298,168.0,229.0,0.0
28299,124.0,583.0,0.0
28300,197.0,201.0,0.0
28301,26.0,24.0,0.0
28302,12.0,401.0,0.0
28303,263.0,506.0,0.0
28304,98.0,452.0,0.0
28305,249.0,123.0,0.0
28306,55.0,449.0,0.0
28307,11.0,217.0,0.0
28308,21.0,460.0,0.0
28309,196.0,270.0,0.0
28310,138.0,194.0,0.0
28311,91.0,207.0,0.0
28312,13.0,281.0,0.0
28313,234.0,199.0,0.0
28314,67.0,117.0,0.0
28315,224.0,64.0,0.0
28316,66.0,410.0,0.0
28317,137.0,409.0,0.0
28318,32.0,88.0,0.0
28319,114.0,377.0,0.0
28320,124.0,591.0,0.0
28321,217.0,462.0,0.0
28322,150.0,463.0,0.0
28323,126.0,358.0,0.0
28324,85.0,242.0,0.0
28325,93.0,382.0,0.0
28326,1.0,553.0,0.0
28327,151.0,531.0,0.0
28328,94.0,543.0,0.0
28329,183.0,102.0,0.0
28330,60.0,253.0,0.0
28331,26.0,574.0,0.0
28332,204.0,190.0,0.0
28333,0.0,513.0,0.0
28334,106.0,560.0,0.0
28335,266.0,104.0,0.0
28336,42.0,302.0,0.0
28337,1.0,279.0,0.0
28338,26.0,23.0,0.0
28339,98.0,214.0,0.0
28340,17.0,236.0,0.0
28341,141.0,13.0,0.0
28342,249.0,484.0,0.0
28343,60.0,260.0,0.0
28344,89.0,503.0,0.0
28345,259.0,289.0,0.0
28346,222.0,124.0,0.0
28347,131.0,29.0,0.0
28348,29.0,584.0,0.0
28349,138.0,163.0,0.0
28350,29.0,212.0,0.0
28351,125.0,576.0,0.0
28352,159.0,222.0,0.0
28353,221.0,552.0,0.0
28354,17.0,362.0,0.0
28355,73.0,86.0,0.0
28356,176.0,133.0,0.0
28357,113.0,331.0,0.0
28358,72.0,303.0,0.0
28359,105.0,201.0,0.0
28360,31.0,471.0,0.0
28361,4.0,454.0,0.0
28362,150.0,569.0,0.0
28363,59.0,235.0,0.0
28364,55.0,296.0,0.0
28365,240.0,29.0,0.0
28366,134.0,276.0,0.0
28367,115.0,75.0,0.0
28368,136.0,18.0,0.0
28369,16.0,339.0,0.0
28370,216.0,364.0,0.0
28371,23.0,464.0,0.0
28372,241.0,470.0,0.0
28373,200.0,378.0,0.0
28374,135.0,553.0,0.0
28375,173.0,183.0,0.0
28376,247.0,202.0,0.0
28377,262.0,448.0,0.0
28378,115.0,311.0,0.0
28379,101.0,165.0,0.0
28380,63.0,225.0,0.0
28381,51.0,316.0,0.0
28382,35.0,464.0,0.0
28383,182.0,192.0,0.0
28384,174.0,376.0,0.0
28385,22.0,124.0,0.0
28386,66.0,134.0,0.0
28387,50.0,51.0,0.0
28388,232.0,229.0,0.0
28389,221.0,159.0,0.0
28390,85.0,253.0,0.0
28391,106.0,201.0,0.0
28392,86.0,102.0,0.0
28393,233.0,76.0,0.0
28394,36.0,125.0,0.0
28395,257.0,355.0,0.0
28396,197.0,339.0,0.0
28397,52.0,152.0,0.0
28398,225.0,338.0,0.0
28399,143.0,589.0,0.0
28400,50.0,413.0,0.0
28401,212.0,167.0,0.0
28402,150.0,535.0,0.0
28403,176.0,27.0,0.0
28404,49.0,466.0,0.0
28405,205.0,112.0,0.0
28406,244.0,33.0,0.0
28407,131.0,50.0,0.0
28408,184.0,415.0,0.0
28409,18.0,524.0,0.0
28410,236.0,116.0,0.0
28411,147.0,104.0,0.0
28412,51.0,489.0,0.0
28413,13.0,40.0,0.0
28414,20.0,296.0,0.0
28415,169.0,567.0,0.0
28416,209.0,340.0,0.0
28417,177.0,377.0,0.0
28418,251.0,502.0,0.0
28419,170.0,13.0,0.0
28420,178.0,266.0,0.0
28421,87.0,169.0,0.0
28422,1.0,556.0,0.0
28423,142.0,207.0,0.0
28424,106.0,111.0,0.0
28425,265.0,138.0,0.0
28426,80.0,252.0,0.0
28427,146.0,594.0,0.0
28428,226.0,23.0,0.0
28429,239.0,6.0,0.0
28430,53.0,372.0,0.0
28431,89.0,422.0,0.0
28432,198.0,491.0,0.0
28433,49.0,428.0,0.0
28434,46.0,123.0,0.0
28435,4.0,522.0,0.0
28436,59.0,321.0,0.0
28437,64.0,291.0,0.0
28438,177.0,435.0,0.0
28439,217.0,179.0,0.0
28440,13.0,227.0,0.0
28441,236.0,297.0,0.0
28442,229.0,63.0,0.0
28443,10.0,319.0,0.0
28444,89.0,516.0,0.0
28445,150.0,128.0,0.0
28446,66.0,581.0,0.0
28447,125.0,580.0,0.0
28448,98.0,250.0,0.0
28449,251.0,414.0,0.0
28450,169.0,294.0,0.0
28451,55.0,113.0,0.0
28452,4.0,77.0,0.0
28453,123.0,515.0,0.0
28454,109.0,71.0,0.0
28455,19.0,148.0,0.0
28456,32.0,549.0,0.0
28457,252.0,362.0,0.0
28458,256.0,110.0,0.0
28459,35.0,398.0,0.0
28460,267.0,556.0,0.0
28461,129.0,446.0,0.0
28462,142.0,118.0,0.0
28463,188.0,342.0,0.0
28464,196.0,597.0,0.0
28465,205.0,274.0,0.0
28466,88.0,68.0,0.0
28467,192.0,422.0,0.0
28468,138.0,324.0,0.0
28469,73.0,412.0,0.0
28470,159.0,591.0,0.0
28471,156.0,30.0,0.0
28472,201.0,317.0,0.0
28473,34.0,204.0,0.0
28474,92.0,250.0,0.0
28475,144.0,352.0,0.0
28476,170.0,5.0,0.0
28477,180.0,165.0,0.0
28478,228.0,519.0,0.0
28479,47.0,104.0,0.0
28480,53.0,268.0,0.0
28481,152.0,407.0,0.0
28482,234.0,144.0,0.0
28483,244.0,177.0,0.0
28484,230.0,317.0,0.0
28485,25.0,360.0,0.0
28486,47.0,305.0,0.0
28487,3.0,265.0,0.0
28488,76.0,363.0,0.0
28489,28.0,452.0,0.0
28490,165.0,342.0,0.0
28491,208.0,79.0,0.0
28492,19.0,332.0,0.0
28493,183.0,573.0,0.0
28494,217.0,510.0,0.0
28495,89.0,439.0,0.0
28496,222.0,181.0,0.0
28497,207.0,108.0,0.0
28498,262.0,98.0,0.0
28499,104.0,318.0,0.0
28500,196.0,113.0,0.0
28501,197.0,54.0,0.0
28502,138.0,505.0,0.0
28503,55.0,394.0,0.0
28504,67.0,40.0,0.0
28505,240.0,594.0,0.0
28506,6.0,233.0,0.0
28507,41.0,416.0,0.0
28508,131.0,528.0,0.0
28509,95.0,145.0,0.0
28510,74.0,519.0,0.0
28511,22.0,529.0,0.0
28512,200.0,535.0,0.0
28513,98.0,339.0,0.0
28514,167.0,94.0,0.0
28515,162.0,472.0,0.0
28516,62.0,556.0,0.0
28517,152.0,265.0,0.0
28518,227.0,417.0,0.0
28519,131.0,561.0,0.0
28520,161.0,302.0,0.0
28521,11.0,560.0,0.0
28522,235.0,595.0,0.0
28523,18.0,504.0,0.0
28524,125.0,186.0,0.0
28525,206.0,218.0,0.0
28526,0.0,313.0,0.0
28527,161.0,222.0,0.0
28528,204.0,434.0,0.0
28529,248.0,106.0,0.0
28530,77.0,363.0,0.0
28531,212.0,331.0,0.0
28532,204.0,119.0,0.0
28533,226.0,9.0,0.0
28534,267.0,55.0,0.0
28535,29.0,394.0,0.0
28536,105.0,170.0,0.0
28537,244.0,594.0,0.0
28538,88.0,336.0,0.0
28539,23.0,402.0,0.0
28540,238.0,117.0,0.0
28541,63.0,494.0,0.0
28542,247.0,385.0,0.0
28543,253.0,187.0,0.0
28544,99.0,517.0,0.0
28545,77.0,313.0,0.0
28546,256.0,304.0,0.0
28547,212.0,25.0,0.0
28548,11.0,236.0,0.0
28549,32.0,489.0,0.0
28550,49.0,8.0,0.0
28551,155.0,21.0,0.0
28552,147.0,12.0,0.0
28553,204.0,390.0,0.0
28554,206.0,29.0,0.0
28555,132.0,447.0,0.0
28556,170.0,579.0,0.0
28557,226.0,83.0,0.0
28558,95.0,175.0,0.0
28559,237.0,373.0,0.0
28560,225.0,542.0,0.0
28561,79.0,450.0,0.0
28562,75.0,299.0,0.0
28563,43.0,493.0,0.0
28564,126.0,396.0,0.0
28565,248.0,216.0,0.0
28566,72.0,227.0,0.0
28567,33.0,228.0,0.0
28568,31.0,214.0,0.0
28569,169.0,128.0,0.0
28570,154.0,301.0,0.0
28571,42.0,78.0,0.0
28572,124.0,485.0,0.0
28573,33.0,354.0,0.0
28574,213.0,112.0,0.0
28575,208.0,351.0,0.0
28576,268.0,498.0,0.0
28577,66.0,496.0,0.0
28578,152.0,202.0,0.0
28579,121.0,459.0,0.0
28580,25.0,578.0,0.0
28581,54.0,170.0,0.0
28582,79.0,2.0,0.0
28583,202.0,101.0,0.0
28584,216.0,47.0,0.0
28585,114.0,245.0,0.0
28586,200.0,116.0,0.0
28587,74.0,209.0,0.0
28588,231.0,99.0,0.0
28589,185.0,66.0,0.0
28590,9.0,114.0,0.0
28591,237.0,512.0,0.0
28592,237.0,15.0,0.0
28593,162.0,590.0,0.0
28594,108.0,253.0,0.0
28595,191.0,332.0,0.0
28596,138.0,38.0,0.0
28597,259.0,359.0,0.0
28598,263.0,242.0,0.0
28599,93.0,470.0,0.0
28600,14.0,529.0,0.0
28601,25.0,594.0,0.0
28602,252.0,68.0,0.0
28603,25.0,447.0,0.0
28604,157.0,214.0,0.0
28605,87.0,436.0,0.0
28606,217.0,457.0,0.0
28607,3.0,40.0,0.0
28608,39.0,351.0,0.0
28609,155.0,330.0,0.0
28610,211.0,454.0,0.0
28611,257.0,311.0,0.0
28612,221.0,494.0,0.0
28613,66.0,329.0,0.0
28614,35.0,551.0,0.0
28615,71.0,471.0,0.0
28616,113.0,128.0,0.0
28617,118.0,331.0,0.0
28618,260.0,443.0,0.0
28619,145.0,503.0,0.0
28620,26.0,21.0,0.0
28621,191.0,384.0,0.0
28622,167.0,266.0,0.0
28623,256.0,136.0,0.0
28624,90.0,161.0,0.0
28625,144.0,556.0,0.0
28626,114.0,530.0,0.0
28627,136.0,390.0,0.0
28628,131.0,579.0,0.0
28629,258.0,238.0,0.0
28630,76.0,417.0,0.0
28631,4.0,103.0,0.0
28632,183.0,41.0,0.0
28633,80.0,261.0,0.0
28634,243.0,156.0,0.0
28635,9.0,140.0,0.0
28636,100.0,103.0,0.0
28637,191.0,257.0,0.0
28638,244.0,584.0,0.0
28639,17.0,76.0,0.0
28640,119.0,571.0,0.0
28641,112.0,283.0,0.0
28642,215.0,7.0,0.0
28643,240.0,66.0,0.0
28644,211.0,265.0,0.0
28645,201.0,221.0,0.0
28646,216.0,124.0,0.0
28647,118.0,335.0,0.0
28648,20.0,172.0,0.0
28649,202.0,232.0,0.0
28650,94.0,423.0,0.0
28651,72.0,566.0,0.0
28652,250.0,560.0,0.0
28653,1.0,262.0,0.0
28654,159.0,171.0,0.0
28655,113.0,300.0,0.0
28656,244.0,108.0,0.0
28657,60.0,328.0,0.0
28658,45.0,272.0,0.0
28659,246.0,527.0,0.0
28660,263.0,41.0,0.0
28661,260.0,495.0,0.0
28662,79.0,591.0,0.0
28663,252.0,494.0,0.0
28664,110.0,195.0,0.0
28665,44.0,405.0,0.0
28666,45.0,187.0,0.0
28667,16.0,401.0,0.0
28668,207.0,369.0,0.0
28669,169.0,327.0,0.0
28670,67.0,421.0,0.0
28671,189.0,63.0,0.0
28672,60.0,438.0,0.0
28673,187.0,520.0,0.0
28674,191.0,220.0,0.0
28675,98.0,165.0,0.0
28676,143.0,516.0,0.0
28677,235.0,52.0,0.0
28678,188.0,409.0,0.0
28679,12.0,340.0,0.0
28680,12.0,144.0,0.0
28681,89.0,387.0,0.0
28682,145.0,267.0,0.0
28683,155.0,588.0,0.0
28684,107.0,137.0,0.0
28685,94.0,42.0,0.0
28686,175.0,49.0,0.0
28687,27.0,216.0,0.0
28688,239.0,365.0,0.0
28689,146.0,258.0,0.0
28690,114.0,289.0,0.0
28691,202.0,419.0,0.0
28692,260.0,38.0,0.0
28693,26.0,35.0,0.0
28694,101.0,494.0,0.0
28695,237.0,180.0,0.0
28696,225.0,330.0,0.0
28697,4.0,596.0,0.0
28698,58.0,105.0,0.0
28699,267.0,246.0,0.0
28700,40.0,44.0,0.0
28701,254.0,112.0,0.0
28702,171.0,36.0,0.0
28703,263.0,564.0,0.0
28704,225.0,553.0,0.0
28705,252.0,477.0,0.0
28706,29.0,475.0,0.0
28707,255.0,219.0,0.0
28708,204.0,373.0,0.0
28709,244.0,298.0,0.0
28710,267.0,263.0,0.0
28711,102.0,346.0,0.0
28712,98.0,273.0,0.0
28713,66.0,267.0,0.0
28714,165.0,307.0,0.0
28715,138.0,429.0,0.0
28716,204.0,240.0,0.0
28717,107.0,193.0,0.0
28718,189.0,497.0,0.0
28719,246.0,589.0,0.0
28720,266.0,507.0,0.0
28721,133.0,92.0,0.0
28722,54.0,464.0,0.0
28723,229.0,505.0,0.0
28724,82.0,187.0,0.0
28725,84.0,113.0,0.0
28726,264.0,555.0,0.0
28727,171.0,369.0,0.0
28728,103.0,543.0,0.0
28729,160.0,309.0,0.0
28730,131.0,278.0,0.0
28731,219.0,447.0,0.0
28732,226.0,415.0,0.0
28733,163.0,76.0,0.0
28734,101.0,359.0,0.0
28735,172.0,226.0,0.0
28736,33.0,166.0,0.0
28737,91.0,440.0,0.0
28738,151.0,228.0,0.0
28739,223.0,322.0,0.0
28740,37.0,236.0,0.0
28741,103.0,159.0,0.0
28742,157.0,375.0,0.0
28743,37.0,402.0,0.0
28744,43.0,50.0,0.0
28745,253.0,240.0,0.0
28746,130.0,390.0,0.0
28747,29.0,560.0,0.0
28748,258.0,557.0,0.0
28749,190.0,55.0,0.0
28750,77.0,522.0,0.0
28751,24.0,349.0,0.0
28752,118.0,430.0,0.0
28753,184.0,20.0,0.0
28754,27.0,449.0,0.0
28755,179.0,308.0,0.0
28756,37.0,314.0,0.0
28757,125.0,122.0,0.0
28758,184.0,274.0,0.0
28759,95.0,97.0,0.0
28760,226.0,413.0,0.0
28761,124.0,503.0,0.0
28762,216.0,530.0,0.0
28763,252.0,340.0,0.0
28764,234.0,29.0,0.0
28765,174.0,532.0,0.0
28766,152.0,343.0,0.0
28767,1.0,377.0,0.0
28768,234.0,491.0,0.0
28769,228.0,323.0,0.0
28770,77.0,468.0,0.0
28771,189.0,345.0,0.0
28772,239.0,534.0,0.0
28773,88.0,171.0,0.0
28774,70.0,345.0,0.0
28775,152.0,251.0,0.0
28776,96.0,196.0,0.0
28777,79.0,338.0,0.0
28778,102.0,392.0,0.0
28779,116.0,480.0,0.0
28780,25.0,546.0,0.0
28781,254.0,71.0,0.0
28782,138.0,337.0,0.0
28783,249.0,151.0,0.0
28784,113.0,437.0,0.0
28785,234.0,385.0,0.0
28786,145.0,192.0,0.0
28787,171.0,594.0,0.0
28788,256.0,164.0,0.0
28789,211.0,158.0,0.0
28790,200.0,318.0,0.0
28791,162.0,264.0,0.0
28792,150.0,6.0,0.0
28793,175.0,266.0,0.0
28794,53.0,452.0,0.0
28795,31.0,123.0,0.0
28796,197.0,3.0,0.0
28797,187.0,542.0,0.0
28798,122.0,98.0,0.0
28799,146.0,95.0,0.0
28800,27.0,22.0,0.0
28801,111.0,543.0,0.0
28802,105.0,259.0,0.0
28803,55.0,188.0,0.0
28804,25.0,309.0,0.0
28805,216.0,558.0,0.0
28806,27.0,295.0,0.0
28807,91.0,106.0,0.0
28808,229.0,199.0,0.0
28809,265.0,352.0,0.0
28810,247.0,359.0,0.0
28811,198.0,553.0,0.0
28812,93.0,66.0,0.0
28813,71.0,257.0,0.0
28814,103.0,393.0,0.0
28815,92.0,505.0,0.0
28816,172.0,156.0,0.0
28817,128.0,93.0,0.0
28818,213.0,492.0,0.0
28819,262.0,193.0,0.0
28820,23.0,535.0,0.0
28821,231.0,11.0,0.0
28822,221.0,307.0,0.0
28823,88.0,538.0,0.0
28824,85.0,152.0,0.0
28825,228.0,78.0,0.0
28826,91.0,386.0,0.0
28827,50.0,87.0,0.0
28828,162.0,380.0,0.0
28829,2.0,295.0,0.0
28830,72.0,231.0,0.0
28831,183.0,550.0,0.0
28832,192.0,423.0,0.0
28833,253.0,201.0,0.0
28834,108.0,537.0,0.0
28835,39.0,513.0,0.0
28836,98.0,99.0,0.0
28837,197.0,342.0,0.0
28838,250.0,308.0,0.0
28839,179.0,149.0,0.0
28840,9.0,31.0,0.0
28841,153.0,513.0,0.0
28842,243.0,154.0,0.0
28843,257.0,575.0,0.0
28844,205.0,228.0,0.0
28845,125.0,119.0,0.0
28846,101.0,317.0,0.0
28847,230.0,123.0,0.0
28848,215.0,384.0,0.0
28849,119.0,302.0,0.0
28850,135.0,585.0,0.0
28851,192.0,253.0,0.0
28852,110.0,364.0,0.0
28853,212.0,112.0,0.0
28854,54.0,8.0,0.0
28855,77.0,225.0,0.0
28856,216.0,321.0,0.0
28857,189.0,596.0,0.0
28858,3.0,96.0,0.0
28859,19.0,355.0,0.0
28860,238.0,225.0,0.0
28861,101.0,217.0,0.0
28862,109.0,557.0,0.0
28863,161.0,236.0,0.0
28864,167.0,29.0,0.0
28865,187.0,375.0,0.0
28866,185.0,588.0,0.0
28867,171.0,176.0,0.0
28868,72.0,32.0,0.0
28869,99.0,434.0,0.0
28870,174.0,303.0,0.0
28871,126.0,441.0,0.0
28872,28.0,171.0,0.0
28873,44.0,288.0,0.0
28874,192.0,107.0,0.0
28875,4.0,504.0,0.0
28876,163.0,320.0,0.0
28877,109.0,434.0,0.0
28878,0.0,505.0,0.0
28879,57.0,318.0,0.0
28880,265.0,43.0,0.0
28881,202.0,560.0,0.0
28882,176.0,147.0,0.0
28883,162.0,549.0,0.0
28884,25.0,568.0,0.0
28885,119.0,166.0,0.0
28886,105.0,455.0,0.0
28887,143.0,485.0,0.0
28888,44.0,63.0,0.0
28889,59.0,565.0,0.0
28890,137.0,131.0,0.0
28891,224.0,503.0,0.0
28892,80.0,535.0,0.0
28893,152.0,519.0,0.0
28894,229.0,71.0,0.0
28895,58.0,169.0,0.0
28896,256.0,170.0,0.0
28897,79.0,154.0,0.0
28898,109.0,164.0,0.0
28899,123.0,170.0,0.0
28900,114.0,109.0,0.0
28901,254.0,442.0,0.0
28902,148.0,329.0,0.0
28903,198.0,150.0,0.0
28904,43.0,222.0,0.0
28905,104.0,390.0,0.0
28906,218.0,138.0,0.0
28907,161.0,270.0,0.0
28908,82.0,339.0,0.0
28909,48.0,478.0,0.0
28910,62.0,43.0,0.0
28911,216.0,135.0,0.0
28912,182.0,301.0,0.0
28913,94.0,377.0,0.0
28914,6.0,34.0,0.0
28915,264.0,125.0,0.0
28916,172.0,436.0,0.0
28917,83.0,273.0,0.0
28918,85.0,78.0,0.0
28919,201.0,166.0,0.0
28920,29.0,179.0,0.0
28921,136.0,158.0,0.0
28922,99.0,58.0,0.0
28923,154.0,515.0,0.0
28924,120.0,251.0,0.0
28925,165.0,435.0,0.0
28926,141.0,452.0,0.0
28927,115.0,465.0,0.0
28928,190.0,411.0,0.0
28929,49.0,43.0,0.0
28930,146.0,170.0,0.0
28931,128.0,377.0,0.0
28932,263.0,309.0,0.0
28933,180.0,531.0,0.0
28934,210.0,85.0,0.0
28935,48.0,519.0,0.0
28936,206.0,455.0,0.0
28937,261.0,46.0,0.0
28938,150.0,543.0,0.0
28939,20.0,538.0,0.0
28940,180.0,295.0,0.0
28941,132.0,580.0,0.0
28942,138.0,1.0,0.0
28943,68.0,206.0,0.0
28944,103.0,18.0,0.0
28945,69.0,587.0,0.0
28946,99.0,88.0,0.0
28947,168.0,187.0,0.0
28948,53.0,545.0,0.0
28949,154.0,97.0,0.0
28950,225.0,177.0,0.0
28951,203.0,557.0,0.0
28952,165.0,86.0,0.0
28953,155.0,58.0,0.0
28954,226.0,327.0,0.0
28955,234.0,592.0,0.0
28956,137.0,471.0,0.0
28957,240.0,211.0,0.0
28958,234.0,435.0,0.0
28959,194.0,526.0,0.0
28960,203.0,12.0,0.0
28961,112.0,520.0,0.0
28962,94.0,405.0,0.0
28963,140.0,437.0,0.0
28964,12.0,559.0,0.0
28965,140.0,111.0,0.0
28966,173.0,388.0,0.0
28967,11.0,388.0,0.0
28968,153.0,153.0,0.0
28969,103.0,202.0,0.0
28970,176.0,201.0,0.0
28971,111.0,97.0,0.0
28972,257.0,353.0,0.0
28973,72.0,85.0,0.0
28974,179.0,348.0,0.0
28975,72.0,277.0,0.0
28976,230.0,508.0,0.0
28977,216.0,241.0,0.0
28978,61.0,377.0,0.0
28979,263.0,57.0,0.0
28980,24.0,31.0,0.0
28981,210.0,137.0,0.0
28982,267.0,389.0,0.0
28983,250.0,473.0,0.0
28984,105.0,347.0,0.0
28985,30.0,414.0,0.0
28986,78.0,511.0,0.0
28987,6.0,404.0,0.0
28988,233.0,450.0,0.0
28989,193.0,510.0,0.0
28990,39.0,281.0,0.0
28991,72.0,458.0,0.0
28992,47.0,576.0,0.0
28993,120.0,280.0,0.0
28994,77.0,95.0,0.0
28995,6.0,480.0,0.0
28996,211.0,511.0,0.0
28997,216.0,584.0,0.0
28998,1.0,348.0,0.0
28999,52.0,17.0,0.0
29000,86.0,357.0,0.0
29001,163.0,411.0,0.0
29002,217.0,16.0,0.0
29003,207.0,260.0,0.0
29004,179.0,60.0,0.0
29005,113.0,342.0,0.0
29006,23.0,203.0,0.0
29007,76.0,250.0,0.0
29008,260.0,116.0,0.0
29009,107.0,500.0,0.0
29010,265.0,456.0,0.0
29011,255.0,163.0,0.0
29012,192.0,98.0,0.0
29013,141.0,520.0,0.0
29014,268.0,73.0,0.0
29015,40.0,231.0,0.0
29016,32.0,501.0,0.0
29017,132.0,588.0,0.0
29018,259.0,215.0,0.0
29019,106.0,275.0,0.0
29020,76.0,22.0,0.0
29021,237.0,257.0,0.0
29022,116.0,350.0,0.0
29023,21.0,415.0,0.0
29024,121.0,124.0,0.0
29025,22.0,489.0,0.0
29026,79.0,381.0,0.0
29027,246.0,167.0,0.0
29028,61.0,15.0,0.0
29029,104.0,388.0,0.0
29030,121.0,257.0,0.0
29031,135.0,14.0,0.0
29032,127.0,179.0,0.0
29033,59.0,15.0,0.0
29034,61.0,318.0,0.0
29035,92.0,135.0,0.0
29036,63.0,252.0,0.0
29037,54.0,433.0,0.0
29038,175.0,42.0,0.0
29039,43.0,342.0,0.0
29040,5.0,508.0,0.0
29041,17.0,538.0,0.0
29042,120.0,39.0,0.0
29043,93.0,453.0,0.0
29044,34.0,72.0,0.0
29045,34.0,346.0,0.0
29046,253.0,49.0,0.0
29047,218.0,322.0,0.0
29048,58.0,593.0,0.0
29049,237.0,34.0,0.0
29050,21.0,394.0,0.0
29051,113.0,62.0,0.0
29052,19.0,204.0,0.0
29053,154.0,492.0,0.0
29054,8.0,134.0,0.0
29055,58.0,230.0,0.0
29056,88.0,442.0,0.0
29057,180.0,53.0,0.0
29058,7.0,336.0,0.0
29059,262.0,118.0,0.0
29060,134.0,528.0,0.0
29061,103.0,404.0,0.0
29062,34.0,398.0,0.0
29063,14.0,499.0,0.0
29064,42.0,392.0,0.0
29065,96.0,79.0,0.0
29066,25.0,509.0,0.0
29067,165.0,433.0,0.0
29068,163.0,412.0,0.0
29069,35.0,65.0,0.0
29070,123.0,487.0,0.0
29071,94.0,234.0,0.0
29072,104.0,128.0,0.0
29073,66.0,211.0,0.0
29074,112.0,26.0,0.0
29075,191.0,144.0,0.0
29076,117.0,535.0,0.0
29077,40.0,526.0,0.0
29078,24.0,188.0,0.0
29079,241.0,306.0,0.0
29080,75.0,439.0,0.0
29081,16.0,206.0,0.0
29082,26.0,82.0,0.0
29083,122.0,563.0,0.0
29084,77.0,268.0,0.0
29085,239.0,566.0,0.0
29086,123.0,169.0,0.0
29087,99.0,589.0,0.0
29088,21.0,282.0,0.0
29089,192.0,308.0,0.0
29090,188.0,310.0,0.0
29091,114.0,142.0,0.0
29092,261.0,118.0,0.0
29093,241.0,362.0,0.0
29094,111.0,535.0,0.0
29095,108.0,248.0,0.0
29096,55.0,211.0,0.0
29097,94.0,34.0,0.0
29098,70.0,151.0,0.0
29099,11.0,486.0,0.0
29100,100.0,429.0,0.0
29101,200.0,109.0,0.0
29102,196.0,43.0,0.0
29103,241.0,531.0,0.0
29104,80.0,388.0,0.0
29105,246.0,137.0,0.0
29106,156.0,419.0,0.0
29107,22.0,28.0,0.0
29108,2.0,495.0,0.0
29109,243.0,445.0,0.0
29110,169.0,219.0,0.0
29111,26.0,404.0,0.0
29112,61.0,409.0,0.0
29113,151.0,489.0,0.0
29114,94.0,370.0,0.0
29115,120.0,149.0,0.0
29116,41.0,595.0,0.0
29117,198.0,274.0,0.0
29118,98.0,412.0,0.0
29119,24.0,351.0,0.0
29120,48.0,303.0,0.0
29121,41.0,501.0,0.0
29122,167.0,377.0,0.0
29123,183.0,129.0,0.0
29124,235.0,280.0,0.0
29125,20.0,113.0,0.0
29126,187.0,131.0,0.0
29127,194.0,241.0,0.0
29128,204.0,412.0,0.0
29129,81.0,181.0,0.0
29130,233.0,476.0,0.0
29131,42.0,578.0,0.0
29132,74.0,496.0,0.0
29133,219.0,92.0,0.0
29134,265.0,80.0,0.0
29135,259.0,165.0,0.0
29136,98.0,389.0,0.0
29137,112.0,319.0,0.0
29138,32.0,189.0,0.0
29139,141.0,266.0,0.0
29140,251.0,95.0,0.0
29141,95.0,548.0,0.0
29142,58.0,381.0,0.0
29143,243.0,349.0,0.0
29144,195.0,54.0,0.0
29145,100.0,124.0,0.0
29146,263.0,477.0,0.0
29147,28.0,85.0,0.0
29148,256.0,532.0,0.0
29149,148.0,546.0,0.0
29150,129.0,531.0,0.0
29151,160.0,111.0,0.0
29152,120.0,581.0,0.0
29153,49.0,98.0,0.0
29154,205.0,490.0,0.0
29155,20.0,594.0,0.0
29156,247.0,149.0,0.0
29157,254.0,30.0,0.0
29158,83.0,432.0,0.0
29159,208.0,40.0,0.0
29160,111.0,430.0,0.0
29161,190.0,506.0,0.0
29162,132.0,26.0,0.0
29163,133.0,58.0,0.0
29164,220.0,108.0,0.0
29165,135.0,482.0,0.0
29166,80.0,184.0,0.0
29167,258.0,77.0,0.0
29168,210.0,284.0,0.0
29169,7.0,372.0,0.0
29170,18.0,505.0,0.0
29171,46.0,120.0,0.0
29172,212.0,307.0,0.0
29173,214.0,85.0,0.0
29174,79.0,418.0,0.0
29175,190.0,318.0,0.0
29176,108.0,140.0,0.0
29177,205.0,468.0,0.0
29178,77.0,21.0,0.0
29179,97.0,287.0,0.0
29180,131.0,120.0,0.0
29181,141.0,290.0,0.0
29182,20.0,182.0,0.0
29183,233.0,144.0,0.0
29184,199.0,553.0,0.0
29185,58.0,359.0,0.0
29186,191.0,406.0,0.0
29187,110.0,73.0,0.0
29188,133.0,586.0,0.0
29189,49.0,401.0,0.0
29190,67.0,133.0,0.0
29191,42.0,495.0,0.0
29192,63.0,147.0,0.0
29193,70.0,460.0,0.0
29194,205.0,169.0,0.0
29195,160.0,194.0,0.0
29196,113.0,325.0,0.0
29197,91.0,468.0,0.0
29198,204.0,515.0,0.0
29199,114.0,381.0,0.0
29200,76.0,6.0,0.0
29201,153.0,333.0,0.0
29202,59.0,69.0,0.0
29203,26.0,276.0,0.0
29204,232.0,206.0,0.0
29205,232.0,271.0,0.0
29206,222.0,274.0,0.0
29207,262.0,446.0,0.0
29208,202.0,37.0,0.0
29209,216.0,571.0,0.0
29210,92.0,163.0,0.0
29211,146.0,65.0,0.0
29212,14.0,368.0,0.0
29213,17.0,211.0,0.0
29214,27.0,435.0,0.0
29215,76.0,472.0,0.0
29216,83.0,407.0,0.0
29217,263.0,367.0,0.0
29218,151.0,391.0,0.0
29219,170.0,97.0,0.0
29220,144.0,323.0,0.0
29221,46.0,141.0,0.0
29222,46.0,52.0,0.0
29223,171.0,280.0,0.0
29224,262.0,352.0,0.0
29225,12.0,164.0,0.0
29226,132.0,30.0,0.0
29227,186.0,302.0,0.0
29228,57.0,10.0,0.0
29229,230.0,139.0,0.0
29230,222.0,24.0,0.0
29231,17.0,97.0,0.0
29232,50.0,369.0,0.0
29233,253.0,331.0,0.0
29234,261.0,233.0,0.0
29235,256.0,589.0,0.0
29236,199.0,355.0,0.0
29237,140.0,596.0,0.0
29238,211.0,79.0,0.0
29239,27.0,37.0,0.0
29240,106.0,178.0,0.0
29241,212.0,149.0,0.0
29242,167.0,546.0,0.0
29243,86.0,130.0,0.0
29244,65.0,463.0,0.0
29245,91.0,539.0,0.0
29246,109.0,215.0,0.0
29247,33.0,89.0,0.0
29248,106.0,353.0,0.0
29249,266.0,218.0,0.0
29250,123.0,455.0,0.0
29251,39.0,59.0,0.0
29252,244.0,79.0,0.0
29253,188.0,520.0,0.0
29254,173.0,552.0,0.0
29255,146.0,111.0,0.0
29256,179.0,161.0,0.0
29257,194.0,93.0,0.0
29258,213.0,314.0,0.0
29259,13.0,358.0,0.0
29260,44.0,364.0,0.0
29261,244.0,109.0,0.0
29262,231.0,0.0,0.0
29263,210.0,367.0,0.0
29264,164.0,387.0,0.0
29265,250.0,520.0,0.0
29266,107.0,363.0,0.0
29267,57.0,284.0,0.0
29268,265.0,540.0,0.0
29269,95.0,298.0,0.0
29270,73.0,493.0,0.0
29271,148.0,148.0,0.0
29272,123.0,408.0,0.0
29273,31.0,59.0,0.0
29274,172.0,479.0,0.0
29275,241.0,564.0,0.0
29276,242.0,296.0,0.0
29277,86.0,508.0,0.0
29278,214.0,269.0,0.0
29279,49.0,239.0,0.0
29280,111.0,180.0,0.0
29281,162.0,48.0,0.0
29282,45.0,228.0,0.0
29283,112.0,131.0,0.0
29284,37.0,44.0,0.0
29285,115.0,164.0,0.0
29286,147.0,129.0,0.0
29287,251.0,550.0,0.0
29288,72.0,252.0,0.0
29289,222.0,531.0,0.0
29290,23.0,376.0,0.0
29291,222.0,474.0,0.0
29292,81.0,503.0,0.0
29293,31.0,184.0,0.0
29294,59.0,167.0,0.0
29295,128.0,443.0,0.0
29296,73.0,545.0,0.0
29297,40.0,148.0,0.0
29298,108.0,496.0,0.0
29299,97.0,22.0,0.0
29300,27.0,586.0,0.0
29301,136.0,84.0,0.0
29302,149.0,112.0,0.0
29303,249.0,220.0,0.0
29304,200.0,505.0,0.0
29305,13.0,68.0,0.0
29306,232.0,422.0,0.0
29307,55.0,278.0,0.0
29308,237.0,120.0,0.0
29309,21.0,335.0,0.0
29310,8.0,265.0,0.0
29311,214.0,250.0,0.0
29312,138.0,371.0,0.0
29313,98.0,444.0,0.0
29314,173.0,384.0,0.0
29315,236.0,437.0,0.0
29316,61.0,218.0,0.0
29317,25.0,417.0,0.0
29318,35.0,507.0,0.0
29319,121.0,295.0,0.0
29320,120.0,145.0,0.0
29321,179.0,472.0,0.0
29322,110.0,539.0,0.0
29323,5.0,533.0,0.0
29324,249.0,75.0,0.0
29325,77.0,242.0,0.0
29326,121.0,170.0,0.0
29327,28.0,536.0,0.0
29328,168.0,55.0,0.0
29329,31.0,14.0,0.0
29330,159.0,107.0,0.0
29331,51.0,109.0,0.0
29332,4.0,514.0,0.0
29333,49.0,122.0,0.0
29334,127.0,69.0,0.0
29335,31.0,240.0,0.0
29336,180.0,291.0,0.0
29337,58.0,104.0,0.0
29338,124.0,258.0,0.0
29339,175.0,139.0,0.0
29340,200.0,180.0,0.0
29341,248.0,209.0,0.0
29342,113.0,509.0,0.0
29343,112.0,195.0,0.0
29344,196.0,20.0,0.0
29345,203.0,364.0,0.0
29346,230.0,411.0,0.0
29347,14.0,131.0,0.0
29348,149.0,347.0,0.0
29349,179.0,81.0,0.0
29350,138.0,529.0,0.0
29351,45.0,67.0,0.0
29352,222.0,99.0,0.0
29353,2.0,22.0,0.0
29354,267.0,343.0,0.0
29355,169.0,500.0,0.0
29356,245.0,74.0,0.0
29357,130.0,158.0,0.0
29358,105.0,362.0,0.0
29359,220.0,219.0,0.0
29360,39.0,554.0,0.0
29361,117.0,2.0,0.0
29362,19.0,107.0,0.0
29363,134.0,180.0,0.0
29364,48.0,281.0,0.0
29365,219.0,529.0,0.0
29366,261.0,263.0,0.0
29367,208.0,516.0,0.0
29368,53.0,369.0,0.0
29369,15.0,487.0,0.0
29370,144.0,176.0,0.0
29371,94.0,422.0,0.0
29372,185.0,106.0,0.0
29373,44.0,456.0,0.0
29374,107.0,470.0,0.0
29375,115.0,523.0,0.0
29376,255.0,593.0,0.0
29377,135.0,447.0,0.0
29378,239.0,56.0,0.0
29379,134.0,551.0,0.0
29380,166.0,83.0,0.0
29381,146.0,487.0,0.0
29382,220.0,435.0,0.0
29383,55.0,253.0,0.0
29384,243.0,60.0,0.0
29385,49.0,123.0,0.0
29386,181.0,529.0,0.0
29387,102.0,207.0,0.0
29388,180.0,283.0,0.0
29389,203.0,447.0,0.0
29390,214.0,247.0,0.0
29391,85.0,12.0,0.0
29392,181.0,63.0,0.0
29393,104.0,467.0,0.0
29394,252.0,154.0,0.0
29395,34.0,213.0,0.0
29396,36.0,104.0,0.0
29397,90.0,18.0,0.0
29398,146.0,39.0,0.0
29399,140.0,481.0,0.0
29400,29.0,30.0,0.0
29401,12.0,494.0,0.0
29402,112.0,507.0,0.0
29403,194.0,542.0,0.0
29404,5.0,154.0,0.0
29405,264.0,367.0,0.0
29406,141.0,574.0,0.0
29407,247.0,596.0,0.0
29408,107.0,507.0,0.0
29409,229.0,259.0,0.0
29410,241.0,108.0,0.0
29411,161.0,231.0,0.0
29412,37.0,391.0,0.0
29413,101.0,574.0,0.0
29414,117.0,233.0,0.0
29415,56.0,57.0,0.0
29416,114.0,301.0,0.0
29417,56.0,475.0,0.0
29418,16.0,12.0,0.0
29419,251.0,236.0,0.0
29420,226.0,186.0,0.0
29421,242.0,144.0,0.0
29422,158.0,28.0,0.0
29423,214.0,421.0,0.0
29424,214.0,150.0,0.0
29425,34.0,582.0,0.0
29426,136.0,265.0,0.0
29427,216.0,438.0,0.0
29428,256.0,20.0,0.0
29429,99.0,545.0,0.0
29430,187.0,55.0,0.0
29431,229.0,327.0,0.0
29432,21.0,116.0,0.0
29433,214.0,248.0,0.0
29434,170.0,512.0,0.0
29435,23.0,51.0,0.0
29436,101.0,534.0,0.0
29437,30.0,445.0,0.0
29438,192.0,191.0,0.0
29439,268.0,163.0,0.0
29440,22.0,81.0,0.0
29441,36.0,89.0,0.0
29442,0.0,276.0,0.0
29443,23.0,519.0,0.0
29444,153.0,250.0,0.0
29445,177.0,477.0,0.0
29446,148.0,243.0,0.0
29447,258.0,182.0,0.0
29448,138.0,264.0,0.0
29449,86.0,392.0,0.0
29450,263.0,342.0,0.0
29451,87.0,263.0,0.0
29452,262.0,536.0,0.0
29453,50.0,347.0,0.0
29454,227.0,398.0,0.0
29455,241.0,155.0,0.0
29456,81.0,428.0,0.0
29457,155.0,280.0,0.0
29458,29.0,239.0,0.0
29459,181.0,560.0,0.0
29460,245.0,173.0,0.0
29461,143.0,411.0,0.0
29462,86.0,43.0,0.0
29463,217.0,140.0,0.0
29464,198.0,254.0,0.0
29465,199.0,45.0,0.0
29466,51.0,144.0,0.0
29467,18.0,131.0,0.0
29468,263.0,68.0,0.0
29469,261.0,215.0,0.0
29470,241.0,177.0,0.0
29471,199.0,436.0,0.0
29472,121.0,414.0,0.0
29473,163.0,326.0,0.0
29474,117.0,313.0,0.0
29475,81.0,103.0,0.0
29476,248.0,196.0,0.0
29477,8.0,287.0,0.0
29478,45.0,594.0,0.0
29479,46.0,63.0,0.0
29480,243.0,485.0,0.0
29481,214.0,589.0,0.0
29482,110.0,534.0,0.0
29483,111.0,398.0,0.0
29484,245.0,525.0,0.0
29485,54.0,250.0,0.0
29486,7.0,359.0,0.0
29487,77.0,38.0,0.0
29488,42.0,342.0,0.0
29489,30.0,181.0,0.0
29490,187.0,329.0,0.0
29491,34.0,81.0,0.0
29492,203.0,141.0,0.0
29493,15.0,156.0,0.0
29494,212.0,315.0,0.0
29495,191.0,486.0,0.0
29496,104.0,463.0,0.0
29497,47.0,255.0,0.0
29498,149.0,524.0,0.0
29499,234.0,572.0,0.0
29500,187.0,470.0,0.0
29501,228.0,525.0,0.0
29502,111.0,459.0,0.0
29503,162.0,366.0,0.0
29504,26.0,94.0,0.0
29505,60.0,454.0,0.0
29506,34.0,6.0,0.0
29507,15.0,53.0,0.0
29508,120.0,72.0,0.0
29509,78.0,525.0,0.0
29510,155.0,590.0,0.0
29511,94.0,254.0,0.0
29512,30.0,87.0,0.0
29513,233.0,264.0,0.0
29514,233.0,458.0,0.0
29515,112.0,263.0,0.0
29516,79.0,573.0,0.0
29517,131.0,212.0,0.0
29518,216.0,5.0,0.0
29519,211.0,538.0,0.0
29520,105.0,411.0,0.0
29521,212.0,160.0,0.0
29522,119.0,191.0,0.0
29523,142.0,462.0,0.0
29524,148.0,8.0,0.0
29525,124.0,377.0,0.0
29526,172.0,71.0,0.0
29527,204.0,591.0,0.0
29528,253.0,390.0,0.0
29529,99.0,262.0,0.0
29530,167.0,144.0,0.0
29531,130.0,462.0,0.0
29532,95.0,454.0,0.0
29533,260.0,478.0,0.0
29534,116.0,562.0,0.0
29535,55.0,174.0,0.0
29536,217.0,474.0,0.0
29537,206.0,350.0,0.0
29538,259.0,589.0,0.0
29539,239.0,363.0,0.0
29540,181.0,49.0,0.0
29541,7.0,411.0,0.0
29542,126.0,369.0,0.0
29543,35.0,267.0,0.0
29544,118.0,451.0,0.0
29545,177.0,506.0,0.0
29546,197.0,203.0,0.0
29547,94.0,144.0,0.0
29548,44.0,98.0,0.0
29549,207.0,334.0,0.0
29550,237.0,227.0,0.0
29551,259.0,254.0,0.0
29552,265.0,406.0,0.0
29553,257.0,462.0,0.0
29554,154.0,362.0,0.0
29555,150.0,473.0,0.0
29556,195.0,276.0,0.0
29557,18.0,333.0,0.0
29558,63.0,196.0,0.0
29559,212.0,443.0,0.0
29560,203.0,414.0,0.0
29561,37.0,51.0,0.0
29562,138.0,498.0,0.0
29563,131.0,303.0,0.0
29564,158.0,561.0,0.0
29565,4.0,202.0,0.0
29566,246.0,76.0,0.0
29567,129.0,178.0,0.0
29568,10.0,238.0,0.0
29569,259.0,370.0,0.0
29570,237.0,240.0,0.0
29571,151.0,237.0,0.0
29572,263.0,406.0,0.0
29573,231.0,111.0,0.0
29574,90.0,421.0,0.0
29575,48.0,272.0,0.0
29576,191.0,447.0,0.0
29577,222.0,544.0,0.0
29578,45.0,214.0,0.0
29579,107.0,328.0,0.0
29580,220.0,105.0,0.0
29581,104.0,207.0,0.0
29582,211.0,304.0,0.0
29583,166.0,82.0,0.0
29584,158.0,37.0,0.0
29585,64.0,61.0,0.0
29586,134.0,311.0,0.0
29587,54.0,580.0,0.0
29588,244.0,568.0,0.0
29589,122.0,137.0,0.0
29590,226.0,302.0,0.0
29591,185.0,514.0,0.0
29592,258.0,403.0,0.0
29593,155.0,239.0,0.0
29594,91.0,157.0,0.0
29595,78.0,169.0,0.0
29596,46.0,97.0,0.0
29597,94.0,259.0,0.0
29598,195.0,450.0,0.0
29599,257.0,330.0,0.0
29600,103.0,161.0,0.0
29601,30.0,489.0,0.0
29602,149.0,458.0,0.0
29603,7.0,187.0,0.0
29604,59.0,222.0,0.0
29605,223.0,178.0,0.0
29606,187.0,88.0,0.0
29607,219.0,480.0,0.0
29608,41.0,37.0,0.0
29609,204.0,199.0,0.0
29610,30.0,265.0,0.0
29611,121.0,258.0,0.0
29612,170.0,53.0,0.0
29613,113.0,303.0,0.0
29614,150.0,172.0,0.0
29615,236.0,284.0,0.0
29616,211.0,412.0,0.0
29617,163.0,56.0,0.0
29618,127.0,316.0,0.0
29619,176.0,13.0,0.0
29620,18.0,14.0,0.0
29621,7.0,152.0,0.0
29622,177.0,19.0,0.0
29623,250.0,366.0,0.0
29624,4.0,82.0,0.0
29625,182.0,512.0,0.0
29626,61.0,0.0,0.0
29627,247.0,53.0,0.0
29628,34.0,255.0,0.0
29629,118.0,141.0,0.0
29630,65.0,329.0,0.0
29631,90.0,43.0,0.0
29632,101.0,251.0,0.0
29633,77.0,64.0,0.0
29634,159.0,193.0,0.0
29635,80.0,109.0,0.0
29636,104.0,516.0,0.0
29637,164.0,348.0,0.0
29638,225.0,181.0,0.0
29639,136.0,330.0,0.0
29640,150.0,298.0,0.0
29641,230.0,211.0,0.0
29642,41.0,107.0,0.0
29643,244.0,51.0,0.0
29644,161.0,326.0,0.0
29645,21.0,225.0,0.0
29646,45.0,73.0,0.0
29647,71.0,170.0,0.0
29648,231.0,110.0,0.0
29649,167.0,310.0,0.0
29650,61.0,223.0,0.0
29651,112.0,183.0,0.0
29652,63.0,363.0,0.0
29653,81.0,381.0,0.0
29654,21.0,19.0,0.0
29655,38.0,37.0,0.0
29656,163.0,591.0,0.0
29657,14.0,510.0,0.0
29658,131.0,510.0,0.0
29659,225.0,404.0,0.0
29660,220.0,330.0,0.0
29661,76.0,416.0,0.0
29662,234.0,585.0,0.0
29663,167.0,172.0,0.0
29664,159.0,493.0,0.0
29665,53.0,54.0,0.0
29666,99.0,176.0,0.0
29667,51.0,274.0,0.0
29668,114.0,47.0,0.0
29669,125.0,292.0,0.0
29670,252.0,498.0,0.0
29671,254.0,250.0,0.0
29672,133.0,582.0,0.0
29673,9.0,190.0,0.0
29674,187.0,26.0,0.0
29675,99.0,270.0,0.0
29676,182.0,82.0,0.0
29677,257.0,242.0,0.0
29678,236.0,192.0,0.0
29679,63.0,513.0,0.0
29680,175.0,596.0,0.0
29681,4.0,543.0,0.0
29682,107.0,402.0,0.0
29683,173.0,323.0,0.0
29684,54.0,512.0,0.0
29685,138.0,432.0,0.0
29686,82.0,515.0,0.0
29687,181.0,449.0,0.0
29688,258.0,93.0,0.0
29689,209.0,293.0,0.0
29690,101.0,208.0,0.0
29691,158.0,452.0,0.0
29692,132.0,238.0,0.0
29693,268.0,155.0,0.0
29694,111.0,281.0,0.0
29695,243.0,184.0,0.0
29696,145.0,446.0,0.0
29697,73.0,370.0,0.0
29698,100.0,13.0,0.0
29699,187.0,248.0,0.0
29700,72.0,106.0,0.0
29701,83.0,224.0,0.0
29702,139.0,467.0,0.0
29703,36.0,529.0,0.0
29704,1.0,210.0,0.0
29705,33.0,592.0,0.0
29706,161.0,201.0,0.0
29707,95.0,493.0,0.0
29708,248.0,147.0,0.0
29709,8.0,196.0,0.0
29710,257.0,595.0,0.0
29711,229.0,76.0,0.0
29712,16.0,495.0,0.0
29713,217.0,336.0,0.0
29714,79.0,391.0,0.0
29715,92.0,37.0,0.0
29716,62.0,96.0,0.0
29717,154.0,393.0,0.0
29718,139.0,196.0,0.0
29719,158.0,510.0,0.0
29720,241.0,389.0,0.0
29721,25.0,510.0,0.0
29722,225.0,221.0,0.0
29723,241.0,596.0,0.0
29724,126.0,462.0,0.0
29725,142.0,502.0,0.0
29726,15.0,397.0,0.0
29727,139.0,155.0,0.0
29728,91.0,275.0,0.0
29729,75.0,119.0,0.0
29730,93.0,255.0,0.0
29731,198.0,21.0,0.0
29732,216.0,445.0,0.0
29733,91.0,56.0,0.0
29734,17.0,17.0,0.0
29735,33.0,263.0,0.0
29736,266.0,329.0,0.0
29737,220.0,581.0,0.0
29738,117.0,276.0,0.0
29739,210.0,71.0,0.0
29740,153.0,394.0,0.0
29741,216.0,590.0,0.0
29742,12.0,115.0,0.0
29743,187.0,14.0,0.0
29744,103.0,579.0,0.0
29745,100.0,256.0,0.0
29746,199.0,273.0,0.0
29747,95.0,177.0,0.0
29748,192.0,270.0,0.0
29749,69.0,530.0,0.0
29750,53.0,365.0,0.0
29751,216.0,560.0,0.0
29752,189.0,585.0,0.0
29753,215.0,68.0,0.0
29754,6.0,349.0,0.0
29755,162.0,8.0,0.0
29756,41.0,206.0,0.0
29757,258.0,261.0,0.0
29758,56.0,199.0,0.0
29759,111.0,319.0,0.0
29760,260.0,268.0,0.0
29761,109.0,192.0,0.0
29762,243.0,506.0,0.0
29763,174.0,228.0,0.0
29764,140.0,333.0,0.0
29765,121.0,132.0,0.0
29766,228.0,253.0,0.0
29767,106.0,354.0,0.0
29768,184.0,163.0,0.0
29769,134.0,161.0,0.0
29770,86.0,164.0,0.0
29771,197.0,264.0,0.0
29772,215.0,486.0,0.0
29773,50.0,249.0,0.0
29774,13.0,325.0,0.0
29775,228.0,277.0,0.0
29776,229.0,364.0,0.0
29777,244.0,192.0,0.0
29778,266.0,28.0,0.0
29779,252.0,145.0,0.0
29780,35.0,271.0,0.0
29781,51.0,47.0,0.0
29782,268.0,167.0,0.0
29783,134.0,476.0,0.0
29784,99.0,67.0,0.0
29785,221.0,360.0,0.0
29786,157.0,224.0,0.0
29787,68.0,83.0,0.0
29788,262.0,303.0,0.0
29789,104.0,307.0,0.0
29790,242.0,358.0,0.0
29791,236.0,96.0,0.0
29792,19.0,304.0,0.0
29793,41.0,6.0,0.0
29794,139.0,401.0,0.0
29795,7.0,126.0,0.0
29796,154.0,551.0,0.0
29797,84.0,232.0,0.0
29798,52.0,53.0,0.0
29799,110.0,270.0,0.0
29800,52.0,83.0,0.0
29801,2.0,299.0,0.0
29802,170.0,75.0,0.0
29803,113.0,460.0,0.0
29804,39.0,9.0,0.0
29805,124.0,289.0,0.0
29806,137.0,380.0,0.0
29807,177.0,257.0,0.0
29808,0.0,434.0,0.0
29809,238.0,552.0,0.0
29810,158.0,433.0,0.0
29811,112.0,272.0,0.0
29812,252.0,192.0,0.0
29813,3.0,220.0,0.0
29814,22.0,388.0,0.0
29815,109.0,201.0,0.0
29816,188.0,441.0,0.0
29817,91.0,487.0,0.0
29818,93.0,109.0,0.0
29819,167.0,184.0,0.0
29820,142.0,192.0,0.0
29821,177.0,104.0,0.0
29822,7.0,448.0,0.0
29823,77.0,550.0,0.0
29824,55.0,456.0,0.0
29825,19.0,531.0,0.0
29826,201.0,377.0,0.0
29827,84.0,347.0,0.0
29828,160.0,432.0,0.0
29829,86.0,292.0,0.0
29830,126.0,520.0,0.0
29831,122.0,555.0,0.0
29832,157.0,427.0,0.0
29833,249.0,218.0,0.0
29834,98.0,182.0,0.0
29835,49.0,508.0,0.0
29836,234.0,542.0,0.0
29837,265.0,569.0,0.0
29838,171.0,268.0,0.0
29839,76.0,373.0,0.0
29840,143.0,470.0,0.0
29841,62.0,273.0,0.0
29842,161.0,347.0,0.0
29843,234.0,565.0,0.0
29844,218.0,222.0,0.0
29845,35.0,435.0,0.0
29846,7.0,297.0,0.0
29847,254.0,238.0,0.0
29848,153.0,556.0,0.0
29849,140.0,268.0,0.0
29850,192.0,341.0,0.0
29851,83.0,8.0,0.0
29852,132.0,154.0,0.0
29853,133.0,305.0,0.0
29854,114.0,412.0,0.0
29855,81.0,341.0,0.0
29856,145.0,362.0,0.0
29857,140.0,187.0,0.0
29858,244.0,296.0,0.0
29859,216.0,595.0,0.0
29860,210.0,350.0,0.0
29861,154.0,118.0,0.0
29862,228.0,123.0,0.0
29863,40.0,60.0,0.0
29864,222.0,250.0,0.0
29865,164.0,98.0,0.0
29866,227.0,223.0,0.0
29867,238.0,466.0,0.0
29868,73.0,157.0,0.0
29869,212.0,237.0,0.0
29870,146.0,552.0,0.0
29871,117.0,21.0,0.0
29872,69.0,368.0,0.0
29873,150.0,410.0,0.0
29874,39.0,496.0,0.0
29875,198.0,411.0,0.0
29876,172.0,379.0,0.0
29877,214.0,209.0,0.0
29878,55.0,73.0,0.0
29879,66.0,474.0,0.0
29880,91.0,111.0,0.0
29881,77.0,96.0,0.0
29882,17.0,213.0,0.0
29883,98.0,110.0,0.0
29884,57.0,532.0,0.0
29885,186.0,557.0,0.0
29886,73.0,533.0,0.0
29887,259.0,587.0,0.0
29888,36.0,220.0,0.0
29889,48.0,213.0,0.0
29890,9.0,436.0,0.0
29891,160.0,313.0,0.0
29892,232.0,375.0,0.0
29893,13.0,187.0,0.0
29894,73.0,33.0,0.0
29895,216.0,209.0,0.0
29896,218.0,123.0,0.0
29897,176.0,116.0,0.0
29898,86.0,163.0,0.0
29899,119.0,400.0,0.0
29900,29.0,561.0,0.0
29901,70.0,62.0,0.0
29902,126.0,333.0,0.0
29903,66.0,205.0,0.0
29904,249.0,528.0,0.0
29905,238.0,82.0,0.0
29906,226.0,355.0,0.0
29907,177.0,384.0,0.0
29908,152.0,562.0,0.0
29909,173.0,160.0,0.0
29910,79.0,262.0,0.0
29911,115.0,134.0,0.0
29912,13.0,536.0,0.0
29913,172.0,250.0,0.0
29914,178.0,191.0,0.0
29915,61.0,517.0,0.0
29916,13.0,351.0,0.0
29917,214.0,41.0,0.0
29918,74.0,444.0,0.0
29919,236.0,33.0,0.0
29920,114.0,290.0,0.0
29921,93.0,595.0,0.0
29922,93.0,421.0,0.0
29923,71.0,73.0,0.0
29924,252.0,495.0,0.0
29925,224.0,269.0,0.0
29926,206.0,154.0,0.0
29927,109.0,270.0,0.0
29928,86.0,35.0,0.0
29929,193.0,216.0,0.0
29930,220.0,495.0,0.0
29931,10.0,555.0,0.0
29932,98.0,341.0,0.0
29933,131.0,112.0,0.0
29934,18.0,571.0,0.0
29935,153.0,29.0,0.0
29936,30.0,231.0,0.0
29937,168.0,233.0,0.0
29938,173.0,321.0,0.0
29939,199.0,407.0,0.0
29940,144.0,543.0,0.0
29941,211.0,179.0,0.0
29942,74.0,37.0,0.0
29943,134.0,331.0,0.0
29944,218.0,364.0,0.0
29945,202.0,56.0,0.0
29946,255.0,79.0,0.0
29947,152.0,61.0,0.0
29948,191.0,276.0,0.0
29949,78.0,339.0,0.0
29950,186.0,80.0,0.0
29951,256.0,474.0,0.0
29952,23.0,308.0,0.0
29953,266.0,263.0,0.0
29954,184.0,87.0,0.0
29955,195.0,564.0,0.0
29956,46.0,65.0,0.0
29957,193.0,12.0,0.0
29958,88.0,350.0,0.0
29959,129.0,86.0,0.0
29960,97.0,431.0,0.0
29961,246.0,482.0,0.0
29962,177.0,158.0,0.0
29963,41.0,457.0,0.0
29964,57.0,340.0,0.0
29965,150.0,175.0,0.0
29966,244.0,461.0,0.0
29967,230.0,296.0,0.0
29968,115.0,445.0,0.0
29969,63.0,285.0,0.0
29970,142.0,439.0,0.0
29971,130.0,171.0,0.0
29972,241.0,132.0,0.0
29973,204.0,575.0,0.0
29974,197.0,247.0,0.0
29975,158.0,499.0,0.0
29976,170.0,238.0,0.0
29977,91.0,279.0,0.0
29978,111.0,268.0,0.0
29979,120.0,419.0,0.0
29980,245.0,397.0,0.0
29981,147.0,437.0,0.0
29982,72.0,51.0,0.0
29983,241.0,341.0,0.0
29984,247.0,218.0,0.0
29985,180.0,420.0,0.0
29986,24.0,421.0,0.0
29987,147.0,242.0,0.0
29988,260.0,77.0,0.0
29989,187.0,52.0,0.0
29990,244.0,529.0,0.0
29991,42.0,229.0,0.0
29992,35.0,585.0,0.0
29993,117.0,413.0,0.0
29994,237.0,309.0,0.0
29995,27.0,64.0,0.0
29996,260.0,125.0,0.0
29997,224.0,482.0,0.0
29998,230.0,560.0,0.0
29999,132.0,182.0,0.0
30000,125.0,469.0,0.0
30001,244.0,276.0,0.0
30002,26.0,532.0,0.0
30003,258.0,479.0,0.0
30004,18.0,75.0,0.0
30005,108.0,134.0,0.0
30006,127.0,215.0,0.0
30007,248.0,289.0,0.0
30008,114.0,391.0,0.0
30009,3.0,243.0,0.0
30010,58.0,256.0,0.0
30011,217.0,514.0,0.0
30012,210.0,140.0,0.0
30013,78.0,2.0,0.0
30014,60.0,550.0,0.0
30015,182.0,214.0,0.0
30016,221.0,578.0,0.0
30017,82.0,411.0,0.0
30018,198.0,62.0,0.0
30019,203.0,556.0,0.0
30020,188.0,496.0,0.0
30021,212.0,18.0,0.0
30022,99.0,363.0,0.0
30023,152.0,535.0,0.0
30024,242.0,319.0,0.0
30025,153.0,593.0,0.0
30026,137.0,72.0,0.0
30027,225.0,165.0,0.0
30028,121.0,100.0,0.0
30029,136.0,166.0,0.0
30030,37.0,392.0,0.0
30031,136.0,182.0,0.0
30032,249.0,506.0,0.0
30033,190.0,123.0,0.0
30034,26.0,99.0,0.0
30035,205.0,398.0,0.0
30036,22.0,12.0,0.0
30037,69.0,211.0,0.0
30038,153.0,536.0,0.0
30039,33.0,79.0,0.0
30040,53.0,50.0,0.0
30041,177.0,72.0,0.0
30042,34.0,359.0,0.0
30043,9.0,435.0,0.0
30044,115.0,469.0,0.0
30045,155.0,111.0,0.0
30046,206.0,108.0,0.0
30047,44.0,297.0,0.0
30048,48.0,226.0,0.0
30049,183.0,457.0,0.0
30050,47.0,431.0,0.0
30051,213.0,21.0,0.0
30052,124.0,582.0,0.0
30053,40.0,7.0,0.0
30054,251.0,506.0,0.0
30055,169.0,313.0,0.0
30056,219.0,245.0,0.0
30057,185.0,132.0,0.0
30058,235.0,259.0,0.0
30059,183.0,87.0,0.0
30060,162.0,451.0,0.0
30061,193.0,585.0,0.0
30062,54.0,377.0,0.0
30063,239.0,556.0,0.0
30064,55.0,570.0,0.0
30065,27.0,437.0,0.0
30066,191.0,7.0,0.0
30067,7.0,422.0,0.0
30068,261.0,421.0,0.0
30069,116.0,296.0,0.0
30070,202.0,145.0,0.0
30071,255.0,546.0,0.0
30072,111.0,469.0,0.0
30073,109.0,400.0,0.0
30074,4.0,95.0,0.0
30075,6.0,189.0,0.0
30076,207.0,520.0,0.0
30077,123.0,241.0,0.0
30078,253.0,280.0,0.0
30079,91.0,290.0,0.0
30080,140.0,64.0,0.0
30081,146.0,105.0,0.0
30082,23.0,19.0,0.0
30083,58.0,323.0,0.0
30084,116.0,311.0,0.0
30085,18.0,26.0,0.0
30086,15.0,502.0,0.0
30087,192.0,536.0,0.0
30088,25.0,100.0,0.0
30089,30.0,295.0,0.0
30090,105.0,404.0,0.0
30091,47.0,314.0,0.0
30092,174.0,23.0,0.0
30093,18.0,309.0,0.0
30094,205.0,266.0,0.0
30095,29.0,290.0,0.0
30096,189.0,218.0,0.0
30097,160.0,472.0,0.0
30098,22.0,520.0,0.0
30099,124.0,456.0,0.0
30100,149.0,502.0,0.0
30101,137.0,305.0,0.0
30102,88.0,573.0,0.0
30103,99.0,100.0,0.0
30104,259.0,176.0,0.0
30105,11.0,456.0,0.0
30106,188.0,263.0,0.0
30107,119.0,73.0,0.0
30108,35.0,506.0,0.0
30109,99.0,377.0,0.0
30110,251.0,51.0,0.0
30111,14.0,257.0,0.0
30112,9.0,478.0,0.0
30113,242.0,75.0,0.0
30114,171.0,167.0,0.0
30115,155.0,515.0,0.0
30116,57.0,437.0,0.0
30117,106.0,62.0,0.0
30118,103.0,183.0,0.0
30119,58.0,186.0,0.0
30120,110.0,129.0,0.0
30121,230.0,67.0,0.0
30122,155.0,536.0,0.0
30123,53.0,297.0,0.0
30124,102.0,527.0,0.0
30125,163.0,129.0,0.0
30126,244.0,12.0,0.0
30127,39.0,360.0,0.0
30128,251.0,539.0,0.0
30129,124.0,574.0,0.0
30130,139.0,250.0,0.0
30131,9.0,160.0,0.0
30132,73.0,560.0,0.0
30133,88.0,424.0,0.0
30134,246.0,55.0,0.0
30135,143.0,555.0,0.0
30136,153.0,325.0,0.0
30137,111.0,54.0,0.0
30138,144.0,48.0,0.0
30139,250.0,493.0,0.0
30140,194.0,439.0,0.0
30141,138.0,76.0,0.0
30142,88.0,50.0,0.0
30143,29.0,342.0,0.0
30144,182.0,291.0,0.0
30145,223.0,329.0,0.0
30146,96.0,144.0,0.0
30147,229.0,558.0,0.0
30148,250.0,483.0,0.0
30149,208.0,146.0,0.0
30150,241.0,376.0,0.0
30151,30.0,113.0,0.0
30152,12.0,297.0,0.0
30153,1.0,304.0,0.0
30154,46.0,466.0,0.0
30155,121.0,475.0,0.0
30156,88.0,545.0,0.0
30157,149.0,435.0,0.0
30158,93.0,498.0,0.0
30159,101.0,19.0,0.0
30160,167.0,42.0,0.0
30161,59.0,402.0,0.0
30162,72.0,585.0,0.0
30163,155.0,164.0,0.0
30164,2.0,507.0,0.0
30165,244.0,334.0,0.0
30166,98.0,134.0,0.0
30167,16.0,75.0,0.0
30168,53.0,237.0,0.0
30169,194.0,33.0,0.0
30170,132.0,265.0,0.0
30171,205.0,448.0,0.0
30172,185.0,54.0,0.0
30173,165.0,271.0,0.0
30174,177.0,134.0,0.0
30175,7.0,215.0,0.0
30176,192.0,528.0,0.0
30177,253.0,308.0,0.0
30178,117.0,334.0,0.0
30179,205.0,48.0,0.0
30180,196.0,519.0,0.0
30181,90.0,478.0,0.0
30182,229.0,475.0,0.0
30183,124.0,140.0,0.0
30184,165.0,247.0,0.0
30185,227.0,498.0,0.0
30186,157.0,527.0,0.0
30187,169.0,208.0,0.0
30188,61.0,16.0,0.0
30189,190.0,122.0,0.0
30190,260.0,467.0,0.0
30191,42.0,107.0,0.0
30192,211.0,207.0,0.0
30193,261.0,591.0,0.0
30194,209.0,378.0,0.0
30195,214.0,79.0,0.0
30196,150.0,351.0,0.0
30197,241.0,366.0,0.0
30198,242.0,537.0,0.0
30199,164.0,210.0,0.0
30200,41.0,568.0,0.0
30201,88.0,512.0,0.0
30202,257.0,1.0,0.0
30203,93.0,58.0,0.0
30204,249.0,137.0,0.0
30205,215.0,303.0,0.0
30206,67.0,123.0,0.0
30207,268.0,468.0,0.0
30208,263.0,42.0,0.0
30209,66.0,399.0,0.0
30210,161.0,83.0,0.0
30211,12.0,305.0,0.0
30212,66.0,494.0,0.0
30213,129.0,155.0,0.0
30214,10.0,232.0,0.0
30215,237.0,356.0,0.0
30216,55.0,511.0,0.0
30217,139.0,529.0,0.0
30218,124.0,526.0,0.0
30219,251.0,283.0,0.0
30220,9.0,432.0,0.0
30221,169.0,473.0,0.0
30222,35.0,57.0,0.0
30223,252.0,41.0,0.0
30224,113.0,129.0,0.0
30225,10.0,596.0,0.0
30226,155.0,74.0,0.0
30227,159.0,359.0,0.0
30228,148.0,3.0,0.0
30229,66.0,489.0,0.0
30230,187.0,171.0,0.0
30231,72.0,242.0,0.0
30232,146.0,342.0,0.0
30233,244.0,414.0,0.0
30234,29.0,29.0,0.0
30235,89.0,349.0,0.0
30236,89.0,500.0,0.0
30237,203.0,199.0,0.0
30238,140.0,495.0,0.0
30239,4.0,357.0,0.0
30240,263.0,225.0,0.0
30241,59.0,278.0,0.0
30242,187.0,113.0,0.0
30243,74.0,461.0,0.0
30244,221.0,167.0,0.0
30245,42.0,566.0,0.0
30246,94.0,391.0,0.0
30247,237.0,184.0,0.0
30248,97.0,333.0,0.0
30249,170.0,102.0,0.0
30250,1.0,271.0,0.0
30251,71.0,294.0,0.0
30252,24.0,470.0,0.0
30253,56.0,412.0,0.0
30254,223.0,118.0,0.0
30255,61.0,93.0,0.0
30256,158.0,554.0,0.0
30257,250.0,198.0,0.0
30258,148.0,13.0,0.0
30259,169.0,186.0,0.0
30260,144.0,539.0,0.0
30261,132.0,340.0,0.0
30262,222.0,75.0,0.0
30263,205.0,566.0,0.0
30264,40.0,210.0,0.0
30265,146.0,196.0,0.0
30266,138.0,370.0,0.0
30267,256.0,226.0,0.0
30268,15.0,289.0,0.0
30269,68.0,507.0,0.0
30270,220.0,454.0,0.0
30271,126.0,502.0,0.0
30272,64.0,541.0,0.0
30273,26.0,492.0,0.0
30274,208.0,210.0,0.0
30275,240.0,233.0,0.0
30276,72.0,516.0,0.0
30277,146.0,510.0,0.0
30278,262.0,360.0,0.0
30279,85.0,280.0,0.0
30280,194.0,575.0,0.0
30281,211.0,32.0,0.0
30282,257.0,159.0,0.0
30283,128.0,440.0,0.0
30284,13.0,31.0,0.0
30285,50.0,470.0,0.0
30286,173.0,104.0,0.0
30287,50.0,161.0,0.0
30288,204.0,27.0,0.0
30289,17.0,501.0,0.0
30290,238.0,557.0,0.0
30291,182.0,302.0,0.0
30292,230.0,93.0,0.0
30293,124.0,28.0,0.0
30294,65.0,167.0,0.0
30295,24.0,263.0,0.0
30296,237.0,415.0,0.0
30297,257.0,321.0,0.0
30298,137.0,12.0,0.0
30299,54.0,78.0,0.0
30300,165.0,85.0,0.0
30301,87.0,369.0,0.0
30302,143.0,351.0,0.0
30303,250.0,63.0,0.0
30304,253.0,582.0,0.0
30305,172.0,68.0,0.0
30306,47.0,303.0,0.0
30307,217.0,353.0,0.0
30308,79.0,588.0,0.0
30309,39.0,243.0,0.0
30310,8.0,114.0,0.0
30311,34.0,334.0,0.0
30312,255.0,290.0,0.0
30313,204.0,298.0,0.0
30314,254.0,176.0,0.0
30315,251.0,97.0,0.0
30316,91.0,376.0,0.0
30317,253.0,443.0,0.0
30318,91.0,46.0,0.0
30319,234.0,134.0,0.0
30320,43.0,369.0,0.0
30321,113.0,214.0,0.0
30322,5.0,53.0,0.0
30323,117.0,342.0,0.0
30324,265.0,26.0,0.0
30325,231.0,257.0,0.0
30326,200.0,498.0,0.0
30327,71.0,487.0,0.0
30328,36.0,248.0,0.0
30329,238.0,307.0,0.0
30330,212.0,214.0,0.0
30331,17.0,265.0,0.0
30332,152.0,555.0,0.0
30333,16.0,482.0,0.0
30334,202.0,541.0,0.0
30335,229.0,329.0,0.0
30336,127.0,90.0,0.0
30337,162.0,79.0,0.0
30338,70.0,363.0,0.0
30339,247.0,582.0,0.0
30340,18.0,558.0,0.0
30341,172.0,52.0,0.0
30342,29.0,487.0,0.0
30343,217.0,518.0,0.0
30344,232.0,187.0,0.0
30345,139.0,102.0,0.0
30346,59.0,275.0,0.0
30347,1.0,365.0,0.0
30348,163.0,282.0,0.0
30349,215.0,8.0,0.0
30350,257.0,415.0,0.0
30351,34.0,70.0,0.0
30352,72.0,244.0,0.0
30353,127.0,127.0,0.0
30354,48.0,325.0,0.0
30355,151.0,168.0,0.0
30356,142.0,547.0,0.0
30357,242.0,312.0,0.0
30358,209.0,162.0,0.0
30359,102.0,330.0,0.0
30360,78.0,370.0,0.0
30361,203.0,273.0,0.0
30362,220.0,507.0,0.0
30363,226.0,409.0,0.0
30364,231.0,401.0,0.0
30365,23.0,388.0,0.0
30366,12.0,538.0,0.0
30367,12.0,533.0,0.0
30368,194.0,498.0,0.0
30369,4.0,370.0,0.0
30370,151.0,558.0,0.0
30371,124.0,51.0,0.0
30372,145.0,258.0,0.0
30373,57.0,498.0,0.0
30374,7.0,200.0,0.0
30375,46.0,223.0,0.0
30376,163.0,434.0,0.0
30377,124.0,77.0,0.0
30378,242.0,220.0,0.0
30379,55.0,175.0,0.0
30380,213.0,182.0,0.0
30381,184.0,543.0,0.0
30382,168.0,422.0,0.0
30383,76.0,235.0,0.0
30384,254.0,419.0,0.0
30385,102.0,488.0,0.0
30386,99.0,495.0,0.0
30387,239.0,250.0,0.0
30388,74.0,280.0,0.0
30389,195.0,528.0,0.0
30390,19.0,101.0,0.0
30391,241.0,169.0,0.0
30392,79.0,95.0,0.0
30393,158.0,155.0,0.0
30394,24.0,331.0,0.0
30395,229.0,386.0,0.0
30396,62.0,474.0,0.0
30397,164.0,592.0,0.0
30398,258.0,563.0,0.0
30399,219.0,33.0,0.0
30400,73.0,138.0,0.0
30401,81.0,218.0,0.0
30402,211.0,452.0,0.0
30403,112.0,451.0,0.0
30404,181.0,359.0,0.0
30405,122.0,218.0,0.0
30406,251.0,345.0,0.0
30407,145.0,98.0,0.0
30408,233.0,73.0,0.0
30409,80.0,269.0,0.0
30410,197.0,412.0,0.0
30411,231.0,334.0,0.0
30412,0.0,550.0,0.0
30413,65.0,74.0,0.0
30414,113.0,595.0,0.0
30415,191.0,105.0,0.0
30416,268.0,352.0,0.0
30417,177.0,119.0,0.0
30418,144.0,4.0,0.0
30419,11.0,432.0,0.0
30420,126.0,342.0,0.0
30421,252.0,352.0,0.0
30422,211.0,466.0,0.0
30423,6.0,23.0,0.0
30424,186.0,595.0,0.0
30425,245.0,550.0,0.0
30426,111.0,191.0,0.0
30427,86.0,432.0,0.0
30428,258.0,174.0,0.0
30429,243.0,587.0,0.0
30430,68.0,127.0,0.0
30431,156.0,86.0,0.0
30432,108.0,464.0,0.0
30433,11.0,53.0,0.0
30434,102.0,572.0,0.0
30435,175.0,460.0,0.0
30436,154.0,484.0,0.0
30437,195.0,53.0,0.0
30438,54.0,4.0,0.0
30439,72.0,500.0,0.0
30440,8.0,347.0,0.0
30441,237.0,145.0,0.0
30442,210.0,429.0,0.0
30443,101.0,152.0,0.0
30444,86.0,220.0,0.0
30445,84.0,128.0,0.0
30446,60.0,109.0,0.0
30447,36.0,254.0,0.0
30448,16.0,517.0,0.0
30449,31.0,544.0,0.0
30450,255.0,511.0,0.0
30451,192.0,323.0,0.0
30452,31.0,165.0,0.0
30453,29.0,275.0,0.0
30454,129.0,592.0,0.0
30455,227.0,199.0,0.0
30456,140.0,351.0,0.0
30457,214.0,497.0,0.0
30458,180.0,453.0,0.0
30459,190.0,351.0,0.0
30460,77.0,239.0,0.0
30461,105.0,493.0,0.0
30462,218.0,493.0,0.0
30463,86.0,274.0,0.0
30464,67.0,125.0,0.0
30465,64.0,355.0,0.0
30466,126.0,427.0,0.0
30467,188.0,399.0,0.0
30468,198.0,339.0,0.0
30469,48.0,250.0,0.0
30470,254.0,17.0,0.0
30471,95.0,292.0,0.0
30472,68.0,13.0,0.0
30473,228.0,522.0,0.0
30474,181.0,75.0,0.0
30475,27.0,159.0,0.0
30476,38.0,386.0,0.0
30477,71.0,238.0,0.0
30478,50.0,565.0,0.0
30479,268.0,583.0,0.0
30480,201.0,395.0,0.0
30481,238.0,72.0,0.0
30482,88.0,185.0,0.0
30483,177.0,491.0,0.0
30484,4.0,92.0,0.0
30485,119.0,439.0,0.0
30486,141.0,228.0,0.0
30487,171.0,557.0,0.0
30488,114.0,584.0,0.0
30489,263.0,430.0,0.0
30490,252.0,12.0,0.0
30491,186.0,549.0,0.0
30492,106.0,171.0,0.0
30493,120.0,68.0,0.0
30494,12.0,148.0,0.0
30495,203.0,247.0,0.0
30496,14.0,575.0,0.0
30497,195.0,427.0,0.0
30498,198.0,404.0,0.0
30499,38.0,578.0,0.0
30500,118.0,299.0,0.0
30501,3.0,525.0,0.0
30502,150.0,311.0,0.0
30503,103.0,66.0,0.0
30504,97.0,40.0,0.0
30505,225.0,132.0,0.0
30506,152.0,136.0,0.0
30507,127.0,206.0,0.0
30508,204.0,329.0,0.0
30509,253.0,449.0,0.0
30510,79.0,575.0,0.0
30511,216.0,561.0,0.0
30512,192.0,556.0,0.0
30513,128.0,130.0,0.0
30514,140.0,123.0,0.0
30515,192.0,469.0,0.0
30516,27.0,279.0,0.0
30517,111.0,198.0,0.0
30518,190.0,540.0,0.0
30519,204.0,173.0,0.0
30520,103.0,501.0,0.0
30521,105.0,437.0,0.0
30522,82.0,28.0,0.0
30523,214.0,319.0,0.0
30524,162.0,505.0,0.0
30525,258.0,221.0,0.0
30526,11.0,320.0,0.0
30527,82.0,520.0,0.0
30528,193.0,492.0,0.0
30529,161.0,290.0,0.0
30530,260.0,312.0,0.0
30531,88.0,320.0,0.0
30532,68.0,258.0,0.0
30533,264.0,87.0,0.0
30534,207.0,362.0,0.0
30535,139.0,555.0,0.0
30536,241.0,490.0,0.0
30537,218.0,545.0,0.0
30538,123.0,542.0,0.0
30539,161.0,493.0,0.0
30540,47.0,271.0,0.0
30541,60.0,83.0,0.0
30542,213.0,73.0,0.0
30543,257.0,486.0,0.0
30544,129.0,276.0,0.0
30545,230.0,358.0,0.0
30546,144.0,187.0,0.0
30547,83.0,405.0,0.0
30548,40.0,385.0,0.0
30549,177.0,323.0,0.0
30550,88.0,139.0,0.0
30551,3.0,284.0,0.0
30552,7.0,94.0,0.0
30553,260.0,288.0,0.0
30554,143.0,417.0,0.0
30555,221.0,122.0,0.0
30556,146.0,554.0,0.0
30557,247.0,177.0,0.0
30558,252.0,553.0,0.0
30559,58.0,529.0,0.0
30560,166.0,306.0,0.0
30561,225.0,455.0,0.0
30562,235.0,16.0,0.0
30563,118.0,443.0,0.0
30564,190.0,439.0,0.0
30565,100.0,143.0,0.0
30566,222.0,12.0,0.0
30567,84.0,191.0,0.0
30568,140.0,595.0,0.0
30569,231.0,323.0,0.0
30570,138.0,363.0,0.0
30571,89.0,587.0,0.0
30572,69.0,519.0,0.0
30573,0.0,173.0,0.0
30574,211.0,259.0,0.0
30575,48.0,39.0,0.0
30576,255.0,201.0,0.0
30577,168.0,40.0,0.0
30578,229.0,11.0,0.0
30579,192.0,77.0,0.0
30580,161.0,434.0,0.0
30581,92.0,206.0,0.0
30582,230.0,452.0,0.0
30583,31.0,78.0,0.0
30584,256.0,4.0,0.0
30585,100.0,28.0,0.0
30586,59.0,556.0,0.0
30587,185.0,590.0,0.0
30588,227.0,520.0,0.0
30589,16.0,297.0,0.0
30590,0.0,311.0,0.0
30591,267.0,424.0,0.0
30592,246.0,95.0,0.0
30593,178.0,121.0,0.0
30594,192.0,483.0,0.0
30595,92.0,27.0,0.0
30596,79.0,312.0,0.0
30597,61.0,412.0,0.0
30598,204.0,552.0,0.0
30599,267.0,458.0,0.0
30600,243.0,245.0,0.0
30601,214.0,378.0,0.0
30602,212.0,31.0,0.0
30603,13.0,394.0,0.0
30604,171.0,531.0,0.0
30605,65.0,336.0,0.0
30606,227.0,448.0,0.0
30607,93.0,74.0,0.0
30608,237.0,117.0,0.0
30609,148.0,450.0,0.0
30610,34.0,252.0,0.0
30611,202.0,523.0,0.0
30612,227.0,114.0,0.0
30613,105.0,554.0,0.0
30614,246.0,24.0,0.0
30615,93.0,73.0,0.0
30616,4.0,431.0,0.0
30617,50.0,492.0,0.0
30618,0.0,546.0,0.0
30619,192.0,276.0,0.0
30620,222.0,398.0,0.0
30621,247.0,207.0,0.0
30622,238.0,561.0,0.0
30623,267.0,175.0,0.0
30624,118.0,170.0,0.0
30625,210.0,4.0,0.0
30626,148.0,406.0,0.0
30627,6.0,382.0,0.0
30628,34.0,586.0,0.0
30629,192.0,328.0,0.0
30630,258.0,429.0,0.0
30631,172.0,361.0,0.0
30632,132.0,321.0,0.0
30633,191.0,125.0,0.0
30634,158.0,477.0,0.0
30635,155.0,352.0,0.0
30636,148.0,270.0,0.0
30637,99.0,246.0,0.0
30638,210.0,506.0,0.0
30639,25.0,556.0,0.0
30640,252.0,428.0,0.0
30641,235.0,356.0,0.0
30642,150.0,17.0,0.0
30643,136.0,88.0,0.0
30644,115.0,346.0,0.0
30645,93.0,86.0,0.0
30646,187.0,67.0,0.0
30647,33.0,127.0,0.0
30648,234.0,212.0,0.0
30649,2.0,326.0,0.0
30650,49.0,436.0,0.0
30651,36.0,480.0,0.0
30652,192.0,545.0,0.0
30653,225.0,314.0,0.0
30654,239.0,481.0,0.0
30655,260.0,434.0,0.0
30656,21.0,196.0,0.0
30657,73.0,256.0,0.0
30658,36.0,523.0,0.0
30659,209.0,6.0,0.0
30660,210.0,583.0,0.0
30661,216.0,45.0,0.0
30662,42.0,67.0,0.0
30663,263.0,21.0,0.0
30664,152.0,108.0,0.0
30665,35.0,584.0,0.0
30666,244.0,520.0,0.0
30667,140.0,509.0,0.0
30668,86.0,502.0,0.0
30669,45.0,175.0,0.0
30670,58.0,439.0,0.0
30671,77.0,494.0,0.0
30672,158.0,429.0,0.0
30673,28.0,435.0,0.0
30674,123.0,485.0,0.0
30675,255.0,194.0,0.0
30676,163.0,397.0,0.0
30677,236.0,165.0,0.0
30678,7.0,584.0,0.0
30679,187.0,183.0,0.0
30680,37.0,439.0,0.0
30681,90.0,381.0,0.0
30682,268.0,525.0,0.0
30683,200.0,355.0,0.0
30684,185.0,117.0,0.0
30685,78.0,214.0,0.0
30686,26.0,158.0,0.0
30687,182.0,486.0,0.0
30688,201.0,267.0,0.0
30689,233.0,528.0,0.0
30690,117.0,140.0,0.0
30691,31.0,310.0,0.0
30692,44.0,365.0,0.0
30693,171.0,456.0,0.0
30694,243.0,574.0,0.0
30695,210.0,327.0,0.0
30696,144.0,97.0,0.0
30697,251.0,387.0,0.0
30698,191.0,307.0,0.0
30699,156.0,446.0,0.0
30700,99.0,390.0,0.0
30701,243.0,202.0,0.0
30702,78.0,321.0,0.0
30703,6.0,365.0,0.0
30704,30.0,198.0,0.0
30705,247.0,409.0,0.0
30706,197.0,119.0,0.0
30707,235.0,320.0,0.0
30708,224.0,359.0,0.0
30709,118.0,374.0,0.0
30710,206.0,493.0,0.0
30711,184.0,337.0,0.0
30712,134.0,272.0,0.0
30713,95.0,50.0,0.0
30714,232.0,186.0,0.0
30715,264.0,377.0,0.0
30716,253.0,488.0,0.0
30717,190.0,541.0,0.0
30718,237.0,368.0,0.0
30719,245.0,158.0,0.0
30720,134.0,580.0,0.0
30721,81.0,169.0,0.0
30722,193.0,209.0,0.0
30723,198.0,461.0,0.0
30724,2.0,250.0,0.0
30725,25.0,368.0,0.0
30726,150.0,257.0,0.0
30727,48.0,472.0,0.0
30728,58.0,514.0,0.0
30729,243.0,487.0,0.0
30730,234.0,237.0,0.0
30731,58.0,247.0,0.0
30732,165.0,54.0,0.0
30733,129.0,497.0,0.0
30734,192.0,281.0,0.0
30735,131.0,434.0,0.0
30736,147.0,144.0,0.0
30737,225.0,436.0,0.0
30738,70.0,6.0,0.0
30739,262.0,355.0,0.0
30740,3.0,459.0,0.0
30741,90.0,295.0,0.0
30742,54.0,387.0,0.0
30743,33.0,106.0,0.0
30744,106.0,492.0,0.0
30745,113.0,308.0,0.0
30746,146.0,365.0,0.0
30747,116.0,554.0,0.0
30748,104.0,436.0,0.0
30749,146.0,230.0,0.0
30750,33.0,218.0,0.0
30751,93.0,267.0,0.0
30752,140.0,222.0,0.0
30753,176.0,313.0,0.0
30754,206.0,191.0,0.0
30755,193.0,246.0,0.0
30756,183.0,475.0,0.0
30757,244.0,548.0,0.0
30758,123.0,158.0,0.0
30759,113.0,385.0,0.0
30760,241.0,372.0,0.0
30761,9.0,485.0,0.0
30762,4.0,488.0,0.0
30763,113.0,386.0,0.0
30764,130.0,189.0,0.0
30765,228.0,498.0,0.0
30766,44.0,339.0,0.0
30767,231.0,94.0,0.0
30768,78.0,69.0,0.0
30769,252.0,496.0,0.0
30770,136.0,444.0,0.0
30771,249.0,250.0,0.0
30772,111.0,443.0,0.0
30773,182.0,248.0,0.0
30774,250.0,410.0,0.0
30775,164.0,133.0,0.0
30776,233.0,460.0,0.0
30777,218.0,509.0,0.0
30778,12.0,591.0,0.0
30779,44.0,25.0,0.0
30780,129.0,274.0,0.0
30781,203.0,16.0,0.0
30782,31.0,568.0,0.0
30783,63.0,28.0,0.0
30784,98.0,460.0,0.0
30785,108.0,317.0,0.0
30786,257.0,457.0,0.0
30787,131.0,593.0,0.0
30788,166.0,557.0,0.0
30789,30.0,260.0,0.0
30790,99.0,538.0,0.0
30791,32.0,116.0,0.0
30792,74.0,305.0,0.0
30793,180.0,418.0,0.0
30794,39.0,382.0,0.0
30795,97.0,266.0,0.0
30796,127.0,392.0,0.0
30797,52.0,52.0,0.0
30798,218.0,543.0,0.0
30799,82.0,452.0,0.0
30800,264.0,483.0,0.0
30801,159.0,183.0,0.0
30802,8.0,574.0,0.0
30803,247.0,117.0,0.0
30804,159.0,217.0,0.0
30805,61.0,24.0,0.0
30806,80.0,571.0,0.0
30807,261.0,16.0,0.0
30808,4.0,483.0,0.0
30809,30.0,576.0,0.0
30810,188.0,371.0,0.0
30811,198.0,152.0,0.0
30812,173.0,525.0,0.0
30813,224.0,469.0,0.0
30814,219.0,177.0,0.0
30815,246.0,181.0,0.0
30816,151.0,324.0,0.0
30817,21.0,161.0,0.0
30818,133.0,566.0,0.0
30819,110.0,257.0,0.0
30820,186.0,502.0,0.0
30821,76.0,266.0,0.0
30822,173.0,283.0,0.0
30823,190.0,386.0,0.0
30824,46.0,594.0,0.0
30825,31.0,354.0,0.0
30826,241.0,222.0,0.0
30827,80.0,55.0,0.0
30828,121.0,580.0,0.0
30829,86.0,158.0,0.0
30830,67.0,390.0,0.0
30831,71.0,423.0,0.0
30832,111.0,311.0,0.0
30833,142.0,217.0,0.0
30834,185.0,40.0,0.0
30835,242.0,583.0,0.0
30836,171.0,298.0,0.0
30837,41.0,199.0,0.0
30838,22.0,409.0,0.0
30839,232.0,407.0,0.0
30840,52.0,577.0,0.0
30841,209.0,308.0,0.0
30842,88.0,22.0,0.0
30843,158.0,242.0,0.0
30844,101.0,280.0,0.0
30845,123.0,261.0,0.0
30846,70.0,597.0,0.0
30847,226.0,335.0,0.0
30848,123.0,291.0,0.0
30849,145.0,288.0,0.0
30850,47.0,408.0,0.0
30851,70.0,393.0,0.0
30852,216.0,311.0,0.0
30853,43.0,495.0,0.0
30854,23.0,279.0,0.0
30855,55.0,410.0,0.0
30856,184.0,539.0,0.0
30857,136.0,288.0,0.0
30858,14.0,186.0,0.0
30859,187.0,531.0,0.0
30860,16.0,99.0,0.0
30861,225.0,110.0,0.0
30862,77.0,267.0,0.0
30863,162.0,409.0,0.0
30864,192.0,110.0,0.0
30865,34.0,390.0,0.0
30866,151.0,198.0,0.0
30867,65.0,308.0,0.0
30868,235.0,9.0,0.0
30869,214.0,350.0,0.0
30870,210.0,152.0,0.0
30871,23.0,546.0,0.0
30872,236.0,235.0,0.0
30873,268.0,477.0,0.0
30874,205.0,56.0,0.0
30875,217.0,535.0,0.0
30876,165.0,330.0,0.0
30877,119.0,444.0,0.0
30878,165.0,438.0,0.0
30879,135.0,350.0,0.0
30880,234.0,311.0,0.0
30881,160.0,261.0,0.0
30882,143.0,493.0,0.0
30883,78.0,272.0,0.0
30884,49.0,400.0,0.0
30885,49.0,454.0,0.0
30886,160.0,130.0,0.0
30887,173.0,363.0,0.0
30888,134.0,429.0,0.0
30889,173.0,332.0,0.0
30890,195.0,94.0,0.0
30891,27.0,213.0,0.0
30892,66.0,588.0,0.0
30893,15.0,90.0,0.0
30894,253.0,37.0,0.0
30895,188.0,84.0,0.0
30896,260.0,83.0,0.0
30897,125.0,510.0,0.0
30898,18.0,267.0,0.0
30899,61.0,552.0,0.0
30900,49.0,263.0,0.0
30901,149.0,285.0,0.0
30902,59.0,425.0,0.0
30903,217.0,566.0,0.0
30904,88.0,119.0,0.0
30905,252.0,306.0,0.0
30906,222.0,243.0,0.0
30907,230.0,165.0,0.0
30908,147.0,305.0,0.0
30909,18.0,531.0,0.0
30910,6.0,99.0,0.0
30911,5.0,304.0,0.0
30912,146.0,168.0,0.0
30913,35.0,240.0,0.0
30914,247.0,516.0,0.0
30915,121.0,115.0,0.0
30916,68.0,482.0,0.0
30917,240.0,90.0,0.0
30918,48.0,504.0,0.0
30919,66.0,163.0,0.0
30920,121.0,6.0,0.0
30921,122.0,199.0,0.0
30922,167.0,224.0,0.0
30923,28.0,200.0,0.0
30924,135.0,274.0,0.0
30925,184.0,334.0,0.0
30926,98.0,8.0,0.0
30927,34.0,526.0,0.0
30928,125.0,291.0,0.0
30929,67.0,27.0,0.0
30930,85.0,127.0,0.0
30931,119.0,544.0,0.0
30932,89.0,480.0,0.0
30933,12.0,373.0,0.0
30934,67.0,31.0,0.0
30935,121.0,457.0,0.0
30936,267.0,46.0,0.0
30937,154.0,61.0,0.0
30938,128.0,578.0,0.0
30939,29.0,184.0,0.0
30940,133.0,363.0,0.0
30941,148.0,497.0,0.0
30942,46.0,386.0,0.0
30943,22.0,404.0,0.0
30944,21.0,352.0,0.0
30945,262.0,591.0,0.0
30946,79.0,184.0,0.0
30947,123.0,343.0,0.0
30948,116.0,301.0,0.0
30949,118.0,249.0,0.0
30950,155.0,534.0,0.0
30951,260.0,325.0,0.0
30952,164.0,543.0,0.0
30953,231.0,560.0,0.0
30954,111.0,82.0,0.0
30955,22.0,596.0,0.0
30956,172.0,299.0,0.0
30957,171.0,189.0,0.0
30958,2.0,221.0,0.0
30959,198.0,104.0,0.0
30960,213.0,337.0,0.0
30961,105.0,14.0,0.0
30962,132.0,537.0,0.0
30963,262.0,476.0,0.0
30964,78.0,158.0,0.0
30965,87.0,518.0,0.0
30966,228.0,184.0,0.0
30967,132.0,329.0,0.0
30968,35.0,524.0,0.0
30969,154.0,260.0,0.0
30970,265.0,200.0,0.0
30971,38.0,67.0,0.0
30972,224.0,97.0,0.0
30973,215.0,577.0,0.0
30974,122.0,359.0,0.0
30975,254.0,446.0,0.0
30976,106.0,585.0,0.0
30977,166.0,441.0,0.0
30978,39.0,27.0,0.0
30979,104.0,475.0,0.0
30980,202.0,456.0,0.0
30981,209.0,52.0,0.0
30982,121.0,483.0,0.0
30983,202.0,378.0,0.0
30984,109.0,131.0,0.0
30985,76.0,427.0,0.0
30986,28.0,247.0,0.0
30987,216.0,539.0,0.0
30988,29.0,189.0,0.0
30989,60.0,490.0,0.0
30990,195.0,494.0,0.0
30991,20.0,399.0,0.0
30992,169.0,62.0,0.0
30993,164.0,455.0,0.0
30994,268.0,378.0,0.0
30995,14.0,596.0,0.0
30996,99.0,582.0,0.0
30997,181.0,353.0,0.0
30998,45.0,508.0,0.0
30999,99.0,485.0,0.0
31000,0.0,344.0,0.0
31001,119.0,326.0,0.0
31002,168.0,53.0,0.0
31003,166.0,318.0,0.0
31004,91.0,104.0,0.0
31005,15.0,516.0,0.0
31006,72.0,439.0,0.0
31007,225.0,501.0,0.0
31008,14.0,145.0,0.0
31009,50.0,9.0,0.0
31010,61.0,588.0,0.0
31011,140.0,210.0,0.0
31012,151.0,70.0,0.0
31013,72.0,148.0,0.0
31014,35.0,394.0,0.0
31015,203.0,402.0,0.0
31016,195.0,550.0,0.0
31017,125.0,392.0,0.0
31018,49.0,375.0,0.0
31019,105.0,519.0,0.0
31020,28.0,291.0,0.0
31021,186.0,305.0,0.0
31022,250.0,382.0,0.0
31023,66.0,543.0,0.0
31024,115.0,174.0,0.0
31025,4.0,383.0,0.0
31026,99.0,494.0,0.0
31027,228.0,213.0,0.0
31028,10.0,379.0,0.0
31029,117.0,351.0,0.0
31030,163.0,325.0,0.0
31031,55.0,518.0,0.0
31032,78.0,319.0,0.0
31033,166.0,453.0,0.0
31034,202.0,250.0,0.0
31035,264.0,476.0,0.0
31036,33.0,519.0,0.0
31037,136.0,109.0,0.0
31038,129.0,508.0,0.0
31039,9.0,217.0,0.0
31040,106.0,287.0,0.0
31041,19.0,61.0,0.0
31042,44.0,127.0,0.0
31043,151.0,453.0,0.0
31044,88.0,236.0,0.0
31045,256.0,400.0,0.0
31046,46.0,248.0,0.0
31047,259.0,312.0,0.0
31048,61.0,387.0,0.0
31049,236.0,405.0,0.0
31050,109.0,112.0,0.0
31051,55.0,245.0,0.0
31052,95.0,312.0,0.0
31053,257.0,21.0,0.0
31054,213.0,88.0,0.0
31055,126.0,576.0,0.0
31056,222.0,235.0,0.0
31057,21.0,252.0,0.0
31058,154.0,443.0,0.0
31059,191.0,581.0,0.0
31060,88.0,464.0,0.0
31061,254.0,393.0,0.0
31062,29.0,346.0,0.0
31063,266.0,141.0,0.0
31064,265.0,201.0,0.0
31065,227.0,293.0,0.0
31066,99.0,445.0,0.0
31067,140.0,21.0,0.0
31068,156.0,29.0,0.0
31069,188.0,278.0,0.0
31070,238.0,589.0,0.0
31071,13.0,247.0,0.0
31072,160.0,137.0,0.0
31073,110.0,531.0,0.0
31074,263.0,368.0,0.0
31075,91.0,384.0,0.0
31076,235.0,450.0,0.0
31077,205.0,377.0,0.0
31078,4.0,433.0,0.0
31079,229.0,190.0,0.0
31080,219.0,182.0,0.0
31081,190.0,132.0,0.0
31082,29.0,320.0,0.0
31083,87.0,198.0,0.0
31084,219.0,466.0,0.0
31085,19.0,560.0,0.0
31086,198.0,201.0,0.0
31087,161.0,246.0,0.0
31088,137.0,212.0,0.0
31089,115.0,161.0,0.0
31090,264.0,249.0,0.0
31091,61.0,343.0,0.0
31092,201.0,328.0,0.0
31093,69.0,320.0,0.0
31094,126.0,557.0,0.0
31095,145.0,284.0,0.0
31096,240.0,329.0,0.0
31097,256.0,404.0,0.0
31098,165.0,415.0,0.0
31099,160.0,518.0,0.0
31100,267.0,240.0,0.0
31101,241.0,546.0,0.0
31102,61.0,205.0,0.0
31103,146.0,296.0,0.0
31104,233.0,557.0,0.0
31105,250.0,137.0,0.0
31106,202.0,27.0,0.0
31107,151.0,404.0,0.0
31108,82.0,156.0,0.0
31109,49.0,319.0,0.0
31110,196.0,522.0,0.0
31111,59.0,499.0,0.0
31112,92.0,430.0,0.0
31113,36.0,417.0,0.0
31114,74.0,338.0,0.0
31115,169.0,171.0,0.0
31116,188.0,356.0,0.0
31117,49.0,529.0,0.0
31118,19.0,357.0,0.0
31119,14.0,350.0,0.0
31120,47.0,354.0,0.0
31121,179.0,342.0,0.0
31122,94.0,326.0,0.0
31123,35.0,124.0,0.0
31124,176.0,544.0,0.0
31125,258.0,420.0,0.0
31126,147.0,526.0,0.0
31127,162.0,318.0,0.0
31128,155.0,552.0,0.0
31129,25.0,434.0,0.0
31130,170.0,343.0,0.0
31131,190.0,184.0,0.0
31132,146.0,549.0,0.0
31133,76.0,83.0,0.0
31134,40.0,533.0,0.0
31135,185.0,315.0,0.0
31136,26.0,255.0,0.0
31137,19.0,397.0,0.0
31138,181.0,294.0,0.0
31139,161.0,455.0,0.0
31140,232.0,540.0,0.0
31141,221.0,597.0,0.0
31142,172.0,298.0,0.0
31143,156.0,19.0,0.0
31144,178.0,461.0,0.0
31145,128.0,504.0,0.0
31146,264.0,31.0,0.0
31147,211.0,130.0,0.0
31148,47.0,503.0,0.0
31149,244.0,549.0,0.0
31150,73.0,179.0,0.0
31151,127.0,11.0,0.0
31152,98.0,531.0,0.0
31153,106.0,50.0,0.0
31154,159.0,470.0,0.0
31155,230.0,94.0,0.0
31156,255.0,311.0,0.0
31157,94.0,401.0,0.0
31158,57.0,365.0,0.0
31159,222.0,446.0,0.0
31160,62.0,151.0,0.0
31161,167.0,501.0,0.0
31162,133.0,570.0,0.0
31163,58.0,65.0,0.0
31164,66.0,438.0,0.0
31165,64.0,170.0,0.0
31166,177.0,59.0,0.0
31167,6.0,525.0,0.0
31168,18.0,68.0,0.0
31169,75.0,213.0,0.0
31170,115.0,244.0,0.0
31171,232.0,324.0,0.0
31172,162.0,147.0,0.0
31173,24.0,376.0,0.0
31174,95.0,259.0,0.0
31175,45.0,347.0,0.0
31176,143.0,283.0,0.0
31177,32.0,235.0,0.0
31178,150.0,275.0,0.0
31179,130.0,549.0,0.0
31180,228.0,208.0,0.0
31181,46.0,420.0,0.0
31182,159.0,165.0,0.0
31183,156.0,294.0,0.0
31184,257.0,550.0,0.0
31185,134.0,202.0,0.0
31186,16.0,248.0,0.0
31187,264.0,138.0,0.0
31188,254.0,160.0,0.0
31189,179.0,335.0,0.0
31190,230.0,433.0,0.0
31191,29.0,529.0,0.0
31192,202.0,311.0,0.0
31193,45.0,555.0,0.0
31194,110.0,404.0,0.0
31195,253.0,128.0,0.0
31196,182.0,468.0,0.0
31197,175.0,516.0,0.0
31198,265.0,576.0,0.0
31199,149.0,34.0,0.0
31200,190.0,447.0,0.0
31201,127.0,238.0,0.0
31202,209.0,29.0,0.0
31203,33.0,398.0,0.0
31204,171.0,49.0,0.0
31205,44.0,349.0,0.0
31206,142.0,533.0,0.0
31207,205.0,137.0,0.0
31208,58.0,215.0,0.0
31209,87.0,242.0,0.0
31210,265.0,77.0,0.0
31211,88.0,177.0,0.0
31212,150.0,507.0,0.0
31213,263.0,504.0,0.0
31214,238.0,539.0,0.0
31215,11.0,60.0,0.0
31216,238.0,450.0,0.0
31217,159.0,168.0,0.0
31218,201.0,427.0,0.0
31219,216.0,90.0,0.0
31220,228.0,101.0,0.0
31221,194.0,8.0,0.0
31222,118.0,411.0,0.0
31223,188.0,145.0,0.0
31224,1.0,378.0,0.0
31225,245.0,95.0,0.0
31226,209.0,113.0,0.0
31227,82.0,175.0,0.0
31228,181.0,39.0,0.0
31229,182.0,542.0,0.0
31230,218.0,536.0,0.0
31231,112.0,262.0,0.0
31232,2.0,551.0,0.0
31233,251.0,52.0,0.0
31234,247.0,176.0,0.0
31235,40.0,360.0,0.0
31236,94.0,168.0,0.0
31237,102.0,173.0,0.0
31238,74.0,57.0,0.0
31239,206.0,158.0,0.0
31240,186.0,393.0,0.0
31241,157.0,366.0,0.0
31242,265.0,87.0,0.0
31243,154.0,353.0,0.0
31244,264.0,366.0,0.0
31245,88.0,46.0,0.0
31246,138.0,123.0,0.0
31247,214.0,167.0,0.0
31248,209.0,213.0,0.0
31249,230.0,369.0,0.0
31250,31.0,573.0,0.0
31251,79.0,455.0,0.0
31252,220.0,491.0,0.0
31253,62.0,70.0,0.0
31254,138.0,437.0,0.0
31255,118.0,279.0,0.0
31256,66.0,354.0,0.0
31257,239.0,297.0,0.0
31258,168.0,176.0,0.0
31259,93.0,436.0,0.0
31260,150.0,476.0,0.0
31261,37.0,332.0,0.0
31262,150.0,248.0,0.0
31263,76.0,331.0,0.0
31264,114.0,310.0,0.0
31265,78.0,244.0,0.0
31266,8.0,543.0,0.0
31267,189.0,326.0,0.0
31268,133.0,14.0,0.0
31269,47.0,301.0,0.0
31270,265.0,154.0,0.0
31271,138.0,295.0,0.0
31272,231.0,86.0,0.0
31273,0.0,483.0,0.0
31274,58.0,445.0,0.0
31275,255.0,589.0,0.0
31276,189.0,496.0,0.0
31277,212.0,207.0,0.0
31278,2.0,151.0,0.0
31279,208.0,372.0,0.0
31280,167.0,267.0,0.0
31281,135.0,558.0,0.0
31282,30.0,390.0,0.0
31283,159.0,578.0,0.0
31284,145.0,256.0,0.0
31285,67.0,486.0,0.0
31286,46.0,296.0,0.0
31287,98.0,292.0,0.0
31288,10.0,586.0,0.0
31289,206.0,20.0,0.0
31290,252.0,23.0,0.0
31291,210.0,353.0,0.0
31292,221.0,452.0,0.0
31293,194.0,409.0,0.0
31294,95.0,198.0,0.0
31295,151.0,466.0,0.0
31296,173.0,245.0,0.0
31297,122.0,139.0,0.0
31298,145.0,234.0,0.0
31299,29.0,324.0,0.0
31300,91.0,406.0,0.0
31301,49.0,145.0,0.0
31302,131.0,45.0,0.0
31303,165.0,481.0,0.0
31304,24.0,426.0,0.0
31305,112.0,483.0,0.0
31306,122.0,112.0,0.0
31307,255.0,65.0,0.0
31308,230.0,341.0,0.0
31309,204.0,321.0,0.0
31310,253.0,89.0,0.0
31311,0.0,580.0,0.0
31312,179.0,470.0,0.0
31313,185.0,533.0,0.0
31314,107.0,210.0,0.0
31315,118.0,420.0,0.0
31316,138.0,71.0,0.0
31317,251.0,350.0,0.0
31318,96.0,85.0,0.0
31319,52.0,329.0,0.0
31320,134.0,327.0,0.0
31321,60.0,508.0,0.0
31322,58.0,412.0,0.0
31323,223.0,422.0,0.0
31324,114.0,184.0,0.0
31325,6.0,129.0,0.0
31326,112.0,46.0,0.0
31327,16.0,191.0,0.0
31328,53.0,339.0,0.0
31329,238.0,359.0,0.0
31330,38.0,127.0,0.0
31331,249.0,369.0,0.0
31332,144.0,596.0,0.0
31333,212.0,140.0,0.0
31334,21.0,571.0,0.0
31335,212.0,360.0,0.0
31336,91.0,127.0,0.0
31337,154.0,180.0,0.0
31338,138.0,188.0,0.0
31339,37.0,12.0,0.0
31340,53.0,402.0,0.0
31341,234.0,469.0,0.0
31342,121.0,345.0,0.0
31343,33.0,488.0,0.0
31344,56.0,316.0,0.0
31345,183.0,329.0,0.0
31346,27.0,271.0,0.0
31347,122.0,284.0,0.0
31348,255.0,86.0,0.0
31349,28.0,302.0,0.0
31350,135.0,85.0,0.0
31351,146.0,9.0,0.0
31352,136.0,471.0,0.0
31353,205.0,395.0,0.0
31354,163.0,361.0,0.0
31355,6.0,15.0,0.0
31356,115.0,336.0,0.0
31357,36.0,135.0,0.0
31358,39.0,316.0,0.0
31359,197.0,231.0,0.0
31360,129.0,348.0,0.0
31361,219.0,462.0,0.0
31362,92.0,231.0,0.0
31363,267.0,289.0,0.0
31364,118.0,308.0,0.0
31365,144.0,130.0,0.0
31366,119.0,46.0,0.0
31367,6.0,368.0,0.0
31368,120.0,84.0,0.0
31369,106.0,318.0,0.0
31370,165.0,37.0,0.0
31371,65.0,581.0,0.0
31372,73.0,511.0,0.0
31373,189.0,521.0,0.0
31374,43.0,147.0,0.0
31375,38.0,548.0,0.0
31376,247.0,443.0,0.0
31377,206.0,375.0,0.0
31378,265.0,324.0,0.0
31379,47.0,333.0,0.0
31380,251.0,233.0,0.0
31381,41.0,150.0,0.0
31382,52.0,82.0,0.0
31383,171.0,322.0,0.0
31384,62.0,118.0,0.0
31385,102.0,329.0,0.0
31386,240.0,284.0,0.0
31387,214.0,534.0,0.0
31388,213.0,210.0,0.0
31389,15.0,564.0,0.0
31390,149.0,288.0,0.0
31391,179.0,415.0,0.0
31392,55.0,2.0,0.0
31393,212.0,435.0,0.0
31394,28.0,208.0,0.0
31395,219.0,436.0,0.0
31396,21.0,429.0,0.0
31397,8.0,181.0,0.0
31398,145.0,171.0,0.0
31399,45.0,287.0,0.0
31400,236.0,227.0,0.0
31401,263.0,153.0,0.0
31402,104.0,309.0,0.0
31403,264.0,86.0,0.0
31404,60.0,252.0,0.0
31405,137.0,439.0,0.0
31406,175.0,468.0,0.0
31407,109.0,135.0,0.0
31408,241.0,382.0,0.0
31409,254.0,597.0,0.0
31410,50.0,383.0,0.0
31411,242.0,359.0,0.0
31412,66.0,306.0,0.0
31413,178.0,472.0,0.0
31414,253.0,444.0,0.0
31415,156.0,516.0,0.0
31416,157.0,46.0,0.0
31417,121.0,203.0,0.0
31418,21.0,341.0,0.0
31419,15.0,578.0,0.0
31420,50.0,58.0,0.0
31421,71.0,521.0,0.0
31422,69.0,328.0,0.0
31423,98.0,178.0,0.0
31424,87.0,512.0,0.0
31425,264.0,273.0,0.0
31426,238.0,87.0,0.0
31427,145.0,188.0,0.0
31428,215.0,580.0,0.0
31429,242.0,450.0,0.0
31430,44.0,552.0,0.0
31431,99.0,251.0,0.0
31432,3.0,127.0,0.0
31433,107.0,82.0,0.0
31434,140.0,486.0,0.0
31435,93.0,185.0,0.0
31436,170.0,438.0,0.0
31437,228.0,16.0,0.0
31438,231.0,25.0,0.0
31439,43.0,264.0,0.0
31440,113.0,21.0,0.0
31441,24.0,330.0,0.0
31442,179.0,100.0,0.0
31443,151.0,424.0,0.0
31444,37.0,315.0,0.0
31445,243.0,495.0,0.0
31446,220.0,402.0,0.0
31447,216.0,382.0,0.0
31448,230.0,310.0,0.0
31449,0.0,539.0,0.0
31450,74.0,158.0,0.0
31451,189.0,433.0,0.0
31452,137.0,287.0,0.0
31453,249.0,374.0,0.0
31454,179.0,116.0,0.0
31455,161.0,398.0,0.0
31456,268.0,427.0,0.0
31457,19.0,253.0,0.0
31458,259.0,360.0,0.0
31459,221.0,382.0,0.0
31460,246.0,560.0,0.0
31461,264.0,4.0,0.0
31462,40.0,130.0,0.0
31463,182.0,111.0,0.0
31464,42.0,526.0,0.0
31465,68.0,422.0,0.0
31466,9.0,12.0,0.0
31467,80.0,177.0,0.0
31468,111.0,455.0,0.0
31469,158.0,479.0,0.0
31470,41.0,338.0,0.0
31471,80.0,108.0,0.0
31472,42.0,520.0,0.0
31473,106.0,534.0,0.0
31474,6.0,95.0,0.0
31475,70.0,366.0,0.0
31476,170.0,207.0,0.0
31477,64.0,359.0,0.0
31478,119.0,78.0,0.0
31479,131.0,494.0,0.0
31480,105.0,447.0,0.0
31481,242.0,427.0,0.0
31482,76.0,312.0,0.0
31483,69.0,589.0,0.0
31484,52.0,369.0,0.0
31485,252.0,532.0,0.0
31486,208.0,488.0,0.0
31487,238.0,236.0,0.0
31488,97.0,593.0,0.0
31489,50.0,57.0,0.0
31490,81.0,41.0,0.0
