,drug,disease,label
0,224.0,50.0,1.0
1,183.0,587.0,1.0
2,72.0,34.0,1.0
3,130.0,202.0,1.0
4,132.0,509.0,1.0
5,226.0,301.0,1.0
6,203.0,178.0,1.0
7,79.0,569.0,1.0
8,22.0,171.0,1.0
9,218.0,113.0,1.0
10,229.0,382.0,1.0
11,136.0,213.0,1.0
12,29.0,269.0,1.0
13,129.0,79.0,1.0
14,144.0,81.0,1.0
15,186.0,380.0,1.0
16,115.0,569.0,1.0
17,164.0,233.0,1.0
18,249.0,97.0,1.0
19,209.0,63.0,1.0
20,95.0,80.0,1.0
21,109.0,44.0,1.0
22,122.0,424.0,1.0
23,82.0,396.0,1.0
24,84.0,364.0,1.0
25,257.0,429.0,1.0
26,148.0,411.0,1.0
27,248.0,70.0,1.0
28,71.0,353.0,1.0
29,183.0,155.0,1.0
30,180.0,331.0,1.0
31,263.0,305.0,1.0
32,121.0,181.0,1.0
33,165.0,114.0,1.0
34,165.0,317.0,1.0
35,96.0,504.0,1.0
36,72.0,201.0,1.0
37,129.0,111.0,1.0
38,209.0,66.0,1.0
39,150.0,4.0,1.0
40,5.0,192.0,1.0
41,52.0,117.0,1.0
42,119.0,231.0,1.0
43,133.0,253.0,1.0
44,82.0,118.0,1.0
45,165.0,181.0,1.0
46,177.0,441.0,1.0
47,149.0,156.0,1.0
48,8.0,254.0,1.0
49,134.0,62.0,1.0
50,206.0,311.0,1.0
51,87.0,275.0,1.0
52,262.0,12.0,1.0
53,8.0,240.0,1.0
54,226.0,248.0,1.0
55,102.0,275.0,1.0
56,116.0,137.0,1.0
57,175.0,303.0,1.0
58,158.0,117.0,1.0
59,222.0,122.0,1.0
60,81.0,222.0,1.0
61,149.0,341.0,1.0
62,104.0,489.0,1.0
63,52.0,202.0,1.0
64,175.0,199.0,1.0
65,104.0,172.0,1.0
66,81.0,221.0,1.0
67,97.0,320.0,1.0
68,108.0,175.0,1.0
69,47.0,499.0,1.0
70,245.0,393.0,1.0
71,138.0,203.0,1.0
72,223.0,12.0,1.0
73,143.0,274.0,1.0
74,250.0,42.0,1.0
75,145.0,239.0,1.0
76,146.0,269.0,1.0
77,117.0,388.0,1.0
78,86.0,47.0,1.0
79,150.0,245.0,1.0
80,205.0,356.0,1.0
81,52.0,496.0,1.0
82,87.0,111.0,1.0
83,89.0,200.0,1.0
84,121.0,103.0,1.0
85,156.0,536.0,1.0
86,129.0,31.0,1.0
87,180.0,1.0,1.0
88,96.0,150.0,1.0
89,155.0,50.0,1.0
90,157.0,410.0,1.0
91,226.0,589.0,1.0
92,178.0,222.0,1.0
93,82.0,518.0,1.0
94,89.0,426.0,1.0
95,159.0,282.0,1.0
96,248.0,521.0,1.0
97,171.0,106.0,1.0
98,145.0,118.0,1.0
99,53.0,117.0,1.0
100,144.0,282.0,1.0
101,1.0,84.0,1.0
102,105.0,92.0,1.0
103,133.0,173.0,1.0
104,135.0,7.0,1.0
105,2.0,106.0,1.0
106,112.0,22.0,1.0
107,132.0,310.0,1.0
108,157.0,94.0,1.0
109,178.0,189.0,1.0
110,56.0,407.0,1.0
111,128.0,79.0,1.0
112,82.0,436.0,1.0
113,200.0,122.0,1.0
114,51.0,112.0,1.0
115,35.0,120.0,1.0
116,254.0,388.0,1.0
117,79.0,408.0,1.0
118,144.0,212.0,1.0
119,64.0,343.0,1.0
120,32.0,118.0,1.0
121,126.0,38.0,1.0
122,118.0,214.0,1.0
123,178.0,10.0,1.0
124,232.0,297.0,1.0
125,214.0,325.0,1.0
126,223.0,156.0,1.0
127,93.0,280.0,1.0
128,221.0,3.0,1.0
129,4.0,35.0,1.0
130,178.0,346.0,1.0
131,261.0,47.0,1.0
132,84.0,595.0,1.0
133,165.0,586.0,1.0
134,16.0,366.0,1.0
135,139.0,368.0,1.0
136,83.0,374.0,1.0
137,81.0,372.0,1.0
138,128.0,491.0,1.0
139,158.0,456.0,1.0
140,32.0,133.0,1.0
141,170.0,426.0,1.0
142,212.0,185.0,1.0
143,178.0,210.0,1.0
144,136.0,501.0,1.0
145,179.0,504.0,1.0
146,71.0,470.0,1.0
147,102.0,364.0,1.0
148,158.0,107.0,1.0
149,224.0,9.0,1.0
150,79.0,393.0,1.0
151,40.0,242.0,1.0
152,183.0,275.0,1.0
153,207.0,86.0,1.0
154,74.0,348.0,1.0
155,54.0,35.0,1.0
156,5.0,97.0,1.0
157,205.0,327.0,1.0
158,77.0,86.0,1.0
159,149.0,68.0,1.0
160,266.0,231.0,1.0
161,156.0,351.0,1.0
162,148.0,352.0,1.0
163,156.0,569.0,1.0
164,197.0,147.0,1.0
165,182.0,74.0,1.0
166,82.0,381.0,1.0
167,221.0,10.0,1.0
168,83.0,424.0,1.0
169,218.0,155.0,1.0
170,209.0,83.0,1.0
171,102.0,388.0,1.0
172,174.0,193.0,1.0
173,58.0,153.0,1.0
174,44.0,438.0,1.0
175,259.0,219.0,1.0
176,129.0,112.0,1.0
177,230.0,190.0,1.0
178,218.0,180.0,1.0
179,9.0,37.0,1.0
180,145.0,115.0,1.0
181,48.0,484.0,1.0
182,58.0,306.0,1.0
183,88.0,151.0,1.0
184,149.0,118.0,1.0
185,49.0,223.0,1.0
186,147.0,364.0,1.0
187,233.0,585.0,1.0
188,244.0,388.0,1.0
189,126.0,47.0,1.0
190,64.0,558.0,1.0
191,74.0,245.0,1.0
192,71.0,186.0,1.0
193,250.0,241.0,1.0
194,218.0,590.0,1.0
195,89.0,103.0,1.0
196,129.0,50.0,1.0
197,149.0,274.0,1.0
198,229.0,28.0,1.0
199,55.0,191.0,1.0
200,262.0,194.0,1.0
201,15.0,354.0,1.0
202,225.0,343.0,1.0
203,225.0,57.0,1.0
204,94.0,10.0,1.0
205,37.0,177.0,1.0
206,51.0,1.0,1.0
207,128.0,83.0,1.0
208,199.0,319.0,1.0
209,257.0,91.0,1.0
210,60.0,554.0,1.0
211,46.0,453.0,1.0
212,51.0,206.0,1.0
213,127.0,314.0,1.0
214,230.0,216.0,1.0
215,182.0,310.0,1.0
216,178.0,248.0,1.0
217,135.0,40.0,1.0
218,191.0,116.0,1.0
219,146.0,138.0,1.0
220,190.0,197.0,1.0
221,147.0,10.0,1.0
222,207.0,117.0,1.0
223,167.0,163.0,1.0
224,87.0,447.0,1.0
225,8.0,244.0,1.0
226,44.0,253.0,1.0
227,78.0,424.0,1.0
228,126.0,200.0,1.0
229,37.0,124.0,1.0
230,49.0,10.0,1.0
231,53.0,235.0,1.0
232,243.0,451.0,1.0
233,210.0,436.0,1.0
234,65.0,355.0,1.0
235,257.0,97.0,1.0
236,63.0,357.0,1.0
237,247.0,208.0,1.0
238,48.0,268.0,1.0
239,91.0,35.0,1.0
240,220.0,554.0,1.0
241,136.0,486.0,1.0
242,218.0,74.0,1.0
243,117.0,5.0,1.0
244,105.0,434.0,1.0
245,85.0,62.0,1.0
246,82.0,67.0,1.0
247,84.0,397.0,1.0
248,150.0,201.0,1.0
249,138.0,70.0,1.0
250,16.0,44.0,1.0
251,267.0,36.0,1.0
252,151.0,328.0,1.0
253,65.0,479.0,1.0
254,156.0,180.0,1.0
255,144.0,453.0,1.0
256,51.0,132.0,1.0
257,130.0,115.0,1.0
258,235.0,571.0,1.0
259,177.0,62.0,1.0
260,234.0,218.0,1.0
261,82.0,570.0,1.0
262,90.0,31.0,1.0
263,262.0,50.0,1.0
264,28.0,65.0,1.0
265,97.0,376.0,1.0
266,10.0,300.0,1.0
267,212.0,126.0,1.0
268,245.0,206.0,1.0
269,208.0,553.0,1.0
270,190.0,186.0,1.0
271,164.0,429.0,1.0
272,165.0,84.0,1.0
273,230.0,223.0,1.0
274,226.0,275.0,1.0
275,110.0,96.0,1.0
276,64.0,113.0,1.0
277,35.0,313.0,1.0
278,268.0,58.0,1.0
279,49.0,47.0,1.0
280,103.0,333.0,1.0
281,135.0,227.0,1.0
282,231.0,124.0,1.0
283,0.0,2.0,1.0
284,187.0,179.0,1.0
285,166.0,197.0,1.0
286,199.0,307.0,1.0
287,223.0,221.0,1.0
288,128.0,247.0,1.0
289,152.0,132.0,1.0
290,102.0,28.0,1.0
291,264.0,121.0,1.0
292,178.0,310.0,1.0
293,96.0,461.0,1.0
294,264.0,39.0,1.0
295,178.0,174.0,1.0
296,49.0,49.0,1.0
297,45.0,447.0,1.0
298,207.0,27.0,1.0
299,141.0,575.0,1.0
300,89.0,389.0,1.0
301,209.0,241.0,1.0
302,247.0,538.0,1.0
303,130.0,92.0,1.0
304,63.0,232.0,1.0
305,218.0,117.0,1.0
306,53.0,118.0,1.0
307,259.0,190.0,1.0
308,67.0,35.0,1.0
309,175.0,12.0,1.0
310,126.0,12.0,1.0
311,228.0,335.0,1.0
312,103.0,48.0,1.0
313,44.0,489.0,1.0
314,226.0,352.0,1.0
315,230.0,219.0,1.0
316,73.0,52.0,1.0
317,144.0,279.0,1.0
318,164.0,352.0,1.0
319,47.0,500.0,1.0
320,53.0,111.0,1.0
321,168.0,337.0,1.0
322,113.0,159.0,1.0
323,58.0,4.0,1.0
324,87.0,337.0,1.0
325,206.0,386.0,1.0
326,31.0,359.0,1.0
327,127.0,138.0,1.0
328,114.0,429.0,1.0
329,193.0,230.0,1.0
330,2.0,149.0,1.0
331,191.0,109.0,1.0
332,248.0,69.0,1.0
333,259.0,124.0,1.0
334,56.0,447.0,1.0
335,17.0,157.0,1.0
336,81.0,402.0,1.0
337,157.0,219.0,1.0
338,180.0,289.0,1.0
339,191.0,423.0,1.0
340,176.0,247.0,1.0
341,102.0,282.0,1.0
342,105.0,244.0,1.0
343,145.0,566.0,1.0
344,89.0,423.0,1.0
345,56.0,24.0,1.0
346,65.0,38.0,1.0
347,15.0,284.0,1.0
348,58.0,295.0,1.0
349,75.0,581.0,1.0
350,28.0,130.0,1.0
351,136.0,91.0,1.0
352,80.0,268.0,1.0
353,263.0,594.0,1.0
354,87.0,197.0,1.0
355,197.0,93.0,1.0
356,199.0,584.0,1.0
357,222.0,313.0,1.0
358,153.0,92.0,1.0
359,94.0,45.0,1.0
360,148.0,524.0,1.0
361,75.0,202.0,1.0
362,9.0,263.0,1.0
363,222.0,477.0,1.0
364,177.0,484.0,1.0
365,179.0,399.0,1.0
366,259.0,89.0,1.0
367,177.0,354.0,1.0
368,183.0,310.0,1.0
369,19.0,47.0,1.0
370,56.0,421.0,1.0
371,56.0,21.0,1.0
372,263.0,445.0,1.0
373,226.0,592.0,1.0
374,43.0,44.0,1.0
375,226.0,203.0,1.0
376,147.0,34.0,1.0
377,130.0,500.0,1.0
378,258.0,58.0,1.0
379,128.0,120.0,1.0
380,149.0,37.0,1.0
381,214.0,492.0,1.0
382,106.0,498.0,1.0
383,13.0,39.0,1.0
384,266.0,138.0,1.0
385,7.0,234.0,1.0
386,127.0,71.0,1.0
387,108.0,297.0,1.0
388,77.0,526.0,1.0
389,250.0,111.0,1.0
390,51.0,83.0,1.0
391,135.0,230.0,1.0
392,146.0,10.0,1.0
393,242.0,299.0,1.0
394,102.0,340.0,1.0
395,135.0,411.0,1.0
396,230.0,576.0,1.0
397,238.0,434.0,1.0
398,262.0,164.0,1.0
399,183.0,9.0,1.0
400,183.0,64.0,1.0
401,205.0,143.0,1.0
402,47.0,197.0,1.0
403,223.0,528.0,1.0
404,210.0,504.0,1.0
405,38.0,35.0,1.0
406,31.0,58.0,1.0
407,128.0,574.0,1.0
408,138.0,342.0,1.0
409,69.0,218.0,1.0
410,182.0,196.0,1.0
411,267.0,120.0,1.0
412,89.0,453.0,1.0
413,132.0,205.0,1.0
414,105.0,45.0,1.0
415,39.0,5.0,1.0
416,64.0,105.0,1.0
417,263.0,129.0,1.0
418,121.0,179.0,1.0
419,164.0,145.0,1.0
420,158.0,69.0,1.0
421,242.0,216.0,1.0
422,54.0,306.0,1.0
423,223.0,507.0,1.0
424,189.0,429.0,1.0
425,42.0,391.0,1.0
426,224.0,39.0,1.0
427,126.0,399.0,1.0
428,248.0,28.0,1.0
429,117.0,23.0,1.0
430,234.0,3.0,1.0
431,159.0,37.0,1.0
432,263.0,73.0,1.0
433,183.0,478.0,1.0
434,81.0,120.0,1.0
435,39.0,112.0,1.0
436,53.0,186.0,1.0
437,132.0,498.0,1.0
438,132.0,459.0,1.0
439,186.0,139.0,1.0
440,189.0,120.0,1.0
441,71.0,386.0,1.0
442,200.0,113.0,1.0
443,49.0,378.0,1.0
444,87.0,395.0,1.0
445,104.0,242.0,1.0
446,234.0,12.0,1.0
447,148.0,59.0,1.0
448,56.0,437.0,1.0
449,147.0,520.0,1.0
450,3.0,153.0,1.0
451,208.0,87.0,1.0
452,89.0,44.0,1.0
453,139.0,39.0,1.0
454,149.0,91.0,1.0
455,189.0,128.0,1.0
456,258.0,103.0,1.0
457,53.0,525.0,1.0
458,15.0,194.0,1.0
459,87.0,535.0,1.0
460,226.0,65.0,1.0
461,175.0,147.0,1.0
462,175.0,558.0,1.0
463,228.0,301.0,1.0
464,264.0,568.0,1.0
465,178.0,500.0,1.0
466,6.0,191.0,1.0
467,79.0,39.0,1.0
468,52.0,39.0,1.0
469,189.0,434.0,1.0
470,62.0,89.0,1.0
471,178.0,226.0,1.0
472,145.0,209.0,1.0
473,208.0,199.0,1.0
474,193.0,59.0,1.0
475,147.0,223.0,1.0
476,226.0,252.0,1.0
477,153.0,369.0,1.0
478,224.0,421.0,1.0
479,2.0,110.0,1.0
480,161.0,219.0,1.0
481,10.0,52.0,1.0
482,72.0,408.0,1.0
483,250.0,388.0,1.0
484,90.0,62.0,1.0
485,178.0,45.0,1.0
486,156.0,412.0,1.0
487,67.0,39.0,1.0
488,104.0,527.0,1.0
489,191.0,166.0,1.0
490,63.0,531.0,1.0
491,185.0,597.0,1.0
492,81.0,335.0,1.0
493,264.0,275.0,1.0
494,227.0,246.0,1.0
495,102.0,283.0,1.0
496,58.0,462.0,1.0
497,85.0,247.0,1.0
498,232.0,9.0,1.0
499,185.0,580.0,1.0
500,52.0,529.0,1.0
501,116.0,330.0,1.0
502,105.0,58.0,1.0
503,126.0,222.0,1.0
504,223.0,488.0,1.0
505,52.0,221.0,1.0
506,128.0,527.0,1.0
507,132.0,257.0,1.0
508,257.0,514.0,1.0
509,83.0,120.0,1.0
510,127.0,593.0,1.0
511,69.0,118.0,1.0
512,51.0,242.0,1.0
513,82.0,420.0,1.0
514,156.0,58.0,1.0
515,149.0,104.0,1.0
516,208.0,206.0,1.0
517,138.0,304.0,1.0
518,130.0,110.0,1.0
519,135.0,408.0,1.0
520,86.0,185.0,1.0
521,207.0,45.0,1.0
522,195.0,103.0,1.0
523,163.0,145.0,1.0
524,60.0,227.0,1.0
525,156.0,87.0,1.0
526,183.0,392.0,1.0
527,135.0,185.0,1.0
528,69.0,27.0,1.0
529,207.0,264.0,1.0
530,149.0,342.0,1.0
531,250.0,223.0,1.0
532,158.0,130.0,1.0
533,153.0,231.0,1.0
534,79.0,3.0,1.0
535,78.0,156.0,1.0
536,193.0,324.0,1.0
537,198.0,14.0,1.0
538,44.0,113.0,1.0
539,218.0,145.0,1.0
540,225.0,18.0,1.0
541,18.0,139.0,1.0
542,156.0,456.0,1.0
543,65.0,135.0,1.0
544,153.0,399.0,1.0
545,102.0,61.0,1.0
546,89.0,259.0,1.0
547,84.0,337.0,1.0
548,91.0,540.0,1.0
549,224.0,378.0,1.0
550,189.0,40.0,1.0
551,122.0,62.0,1.0
552,86.0,467.0,1.0
553,53.0,467.0,1.0
554,248.0,19.0,1.0
555,211.0,105.0,1.0
556,102.0,597.0,1.0
557,3.0,144.0,1.0
558,176.0,337.0,1.0
559,252.0,281.0,1.0
560,250.0,497.0,1.0
561,168.0,453.0,1.0
562,223.0,397.0,1.0
563,141.0,19.0,1.0
564,6.0,156.0,1.0
565,149.0,457.0,1.0
566,158.0,216.0,1.0
567,148.0,442.0,1.0
568,64.0,533.0,1.0
569,145.0,465.0,1.0
570,106.0,86.0,1.0
571,165.0,252.0,1.0
572,259.0,191.0,1.0
573,164.0,294.0,1.0
574,153.0,121.0,1.0
575,20.0,45.0,1.0
576,155.0,367.0,1.0
577,31.0,220.0,1.0
578,97.0,92.0,1.0
579,115.0,12.0,1.0
580,112.0,10.0,1.0
581,93.0,47.0,1.0
582,182.0,518.0,1.0
583,65.0,100.0,1.0
584,44.0,268.0,1.0
585,141.0,178.0,1.0
586,11.0,259.0,1.0
587,234.0,69.0,1.0
588,224.0,203.0,1.0
589,65.0,5.0,1.0
590,228.0,126.0,1.0
591,102.0,122.0,1.0
592,70.0,5.0,1.0
593,189.0,388.0,1.0
594,182.0,17.0,1.0
595,189.0,232.0,1.0
596,165.0,339.0,1.0
597,191.0,95.0,1.0
598,22.0,139.0,1.0
599,110.0,374.0,1.0
600,56.0,264.0,1.0
601,218.0,356.0,1.0
602,17.0,412.0,1.0
603,108.0,294.0,1.0
604,106.0,103.0,1.0
605,169.0,0.0,1.0
606,65.0,276.0,1.0
607,259.0,314.0,1.0
608,117.0,382.0,1.0
609,223.0,580.0,1.0
610,82.0,368.0,1.0
611,128.0,272.0,1.0
612,259.0,39.0,1.0
613,29.0,194.0,1.0
614,52.0,412.0,1.0
615,81.0,91.0,1.0
616,242.0,37.0,1.0
617,85.0,118.0,1.0
618,84.0,306.0,1.0
619,209.0,266.0,1.0
620,64.0,120.0,1.0
621,52.0,209.0,1.0
622,179.0,385.0,1.0
623,95.0,232.0,1.0
624,64.0,0.0,1.0
625,128.0,57.0,1.0
626,105.0,474.0,1.0
627,116.0,73.0,1.0
628,123.0,103.0,1.0
629,164.0,154.0,1.0
630,193.0,420.0,1.0
631,92.0,487.0,1.0
632,168.0,111.0,1.0
633,264.0,90.0,1.0
634,128.0,281.0,1.0
635,200.0,268.0,1.0
636,200.0,546.0,1.0
637,145.0,134.0,1.0
638,87.0,52.0,1.0
639,147.0,122.0,1.0
640,168.0,247.0,1.0
641,233.0,333.0,1.0
642,200.0,10.0,1.0
643,262.0,60.0,1.0
644,145.0,159.0,1.0
645,209.0,581.0,1.0
646,223.0,480.0,1.0
647,133.0,208.0,1.0
648,165.0,277.0,1.0
649,65.0,126.0,1.0
650,115.0,88.0,1.0
651,214.0,219.0,1.0
652,56.0,172.0,1.0
653,35.0,147.0,1.0
654,209.0,395.0,1.0
655,73.0,209.0,1.0
656,128.0,36.0,1.0
657,98.0,145.0,1.0
658,37.0,243.0,1.0
659,266.0,103.0,1.0
660,53.0,414.0,1.0
661,154.0,45.0,1.0
662,187.0,195.0,1.0
663,248.0,201.0,1.0
664,52.0,534.0,1.0
665,266.0,334.0,1.0
666,147.0,192.0,1.0
667,218.0,171.0,1.0
668,211.0,209.0,1.0
669,145.0,31.0,1.0
670,223.0,131.0,1.0
671,50.0,147.0,1.0
672,147.0,461.0,1.0
673,70.0,205.0,1.0
674,124.0,208.0,1.0
675,194.0,112.0,1.0
676,147.0,69.0,1.0
677,17.0,384.0,1.0
678,223.0,59.0,1.0
679,182.0,119.0,1.0
680,119.0,216.0,1.0
681,65.0,36.0,1.0
682,39.0,96.0,1.0
683,39.0,39.0,1.0
684,264.0,299.0,1.0
685,92.0,20.0,1.0
686,209.0,392.0,1.0
687,210.0,337.0,1.0
688,116.0,550.0,1.0
689,250.0,194.0,1.0
690,22.0,109.0,1.0
691,45.0,81.0,1.0
692,202.0,152.0,1.0
693,227.0,146.0,1.0
694,99.0,348.0,1.0
695,86.0,91.0,1.0
696,165.0,533.0,1.0
697,8.0,59.0,1.0
698,217.0,91.0,1.0
699,52.0,473.0,1.0
700,71.0,467.0,1.0
701,149.0,44.0,1.0
702,234.0,22.0,1.0
703,86.0,131.0,1.0
704,232.0,19.0,1.0
705,223.0,379.0,1.0
706,144.0,382.0,1.0
707,49.0,392.0,1.0
708,180.0,164.0,1.0
709,104.0,101.0,1.0
710,92.0,568.0,1.0
711,33.0,98.0,1.0
712,107.0,420.0,1.0
713,226.0,267.0,1.0
714,130.0,18.0,1.0
715,183.0,305.0,1.0
716,165.0,127.0,1.0
717,117.0,589.0,1.0
718,189.0,168.0,1.0
719,164.0,470.0,1.0
720,30.0,136.0,1.0
721,196.0,378.0,1.0
722,5.0,146.0,1.0
723,211.0,191.0,1.0
724,138.0,242.0,1.0
725,4.0,177.0,1.0
726,150.0,129.0,1.0
727,149.0,260.0,1.0
728,259.0,111.0,1.0
729,14.0,304.0,1.0
730,39.0,399.0,1.0
731,179.0,388.0,1.0
732,224.0,84.0,1.0
733,82.0,279.0,1.0
734,211.0,205.0,1.0
735,97.0,66.0,1.0
736,99.0,66.0,1.0
737,11.0,139.0,1.0
738,82.0,364.0,1.0
739,200.0,326.0,1.0
740,146.0,222.0,1.0
741,107.0,145.0,1.0
742,38.0,61.0,1.0
743,164.0,170.0,1.0
744,208.0,419.0,1.0
745,56.0,482.0,1.0
746,195.0,348.0,1.0
747,3.0,140.0,1.0
748,85.0,17.0,1.0
749,147.0,86.0,1.0
750,102.0,27.0,1.0
751,218.0,302.0,1.0
752,156.0,230.0,1.0
753,178.0,76.0,1.0
754,228.0,10.0,1.0
755,104.0,121.0,1.0
756,251.0,316.0,1.0
757,97.0,204.0,1.0
758,71.0,3.0,1.0
759,117.0,192.0,1.0
760,96.0,137.0,1.0
761,223.0,135.0,1.0
762,144.0,386.0,1.0
763,143.0,39.0,1.0
764,82.0,272.0,1.0
765,117.0,532.0,1.0
766,207.0,463.0,1.0
767,257.0,147.0,1.0
768,130.0,596.0,1.0
769,82.0,258.0,1.0
770,165.0,146.0,1.0
771,226.0,361.0,1.0
772,178.0,378.0,1.0
773,32.0,109.0,1.0
774,183.0,304.0,1.0
775,129.0,145.0,1.0
776,185.0,38.0,1.0
777,136.0,274.0,1.0
778,250.0,91.0,1.0
779,105.0,473.0,1.0
780,65.0,63.0,1.0
781,57.0,453.0,1.0
782,149.0,22.0,1.0
783,248.0,525.0,1.0
784,232.0,84.0,1.0
785,238.0,145.0,1.0
786,71.0,190.0,1.0
787,102.0,11.0,1.0
788,88.0,5.0,1.0
789,166.0,117.0,1.0
790,22.0,47.0,1.0
791,141.0,321.0,1.0
792,31.0,30.0,1.0
793,147.0,496.0,1.0
794,4.0,178.0,1.0
795,44.0,92.0,1.0
796,187.0,433.0,1.0
797,235.0,543.0,1.0
798,18.0,305.0,1.0
799,143.0,251.0,1.0
800,218.0,297.0,1.0
801,223.0,460.0,1.0
802,37.0,461.0,1.0
803,51.0,517.0,1.0
804,147.0,45.0,1.0
805,230.0,135.0,1.0
806,74.0,218.0,1.0
807,163.0,410.0,1.0
808,75.0,121.0,1.0
809,81.0,134.0,1.0
810,143.0,125.0,1.0
811,84.0,335.0,1.0
812,207.0,44.0,1.0
813,185.0,194.0,1.0
814,117.0,401.0,1.0
815,117.0,415.0,1.0
816,218.0,435.0,1.0
817,106.0,495.0,1.0
818,65.0,201.0,1.0
819,210.0,415.0,1.0
820,32.0,415.0,1.0
821,115.0,219.0,1.0
822,71.0,387.0,1.0
823,122.0,31.0,1.0
824,182.0,147.0,1.0
825,147.0,201.0,1.0
826,183.0,326.0,1.0
827,268.0,80.0,1.0
828,17.0,122.0,1.0
829,178.0,156.0,1.0
830,85.0,115.0,1.0
831,111.0,441.0,1.0
832,81.0,571.0,1.0
833,89.0,135.0,1.0
834,116.0,21.0,1.0
835,74.0,362.0,1.0
836,221.0,205.0,1.0
837,18.0,272.0,1.0
838,237.0,252.0,1.0
839,65.0,116.0,1.0
840,89.0,232.0,1.0
841,136.0,44.0,1.0
842,73.0,175.0,1.0
843,115.0,10.0,1.0
844,208.0,205.0,1.0
845,1.0,33.0,1.0
846,95.0,438.0,1.0
847,147.0,40.0,1.0
848,152.0,369.0,1.0
849,147.0,38.0,1.0
850,103.0,81.0,1.0
851,62.0,59.0,1.0
852,156.0,227.0,1.0
853,150.0,45.0,1.0
854,147.0,329.0,1.0
855,209.0,59.0,1.0
856,22.0,21.0,1.0
857,261.0,330.0,1.0
858,262.0,139.0,1.0
859,19.0,344.0,1.0
860,100.0,12.0,1.0
861,10.0,29.0,1.0
862,86.0,479.0,1.0
863,84.0,51.0,1.0
864,56.0,440.0,1.0
865,208.0,581.0,1.0
866,245.0,223.0,1.0
867,35.0,27.0,1.0
868,157.0,230.0,1.0
869,165.0,226.0,1.0
870,69.0,172.0,1.0
871,249.0,253.0,1.0
872,71.0,120.0,1.0
873,81.0,262.0,1.0
874,153.0,571.0,1.0
875,53.0,132.0,1.0
876,63.0,7.0,1.0
877,62.0,560.0,1.0
878,213.0,226.0,1.0
879,177.0,413.0,1.0
880,181.0,148.0,1.0
881,37.0,145.0,1.0
882,90.0,39.0,1.0
883,223.0,198.0,1.0
884,218.0,69.0,1.0
885,119.0,570.0,1.0
886,153.0,453.0,1.0
887,257.0,436.0,1.0
888,96.0,129.0,1.0
889,261.0,93.0,1.0
890,130.0,428.0,1.0
891,122.0,115.0,1.0
892,82.0,5.0,1.0
893,225.0,593.0,1.0
894,56.0,144.0,1.0
895,183.0,211.0,1.0
896,74.0,92.0,1.0
897,234.0,470.0,1.0
898,37.0,47.0,1.0
899,261.0,106.0,1.0
900,128.0,10.0,1.0
901,150.0,122.0,1.0
902,128.0,485.0,1.0
903,178.0,451.0,1.0
904,44.0,220.0,1.0
905,126.0,530.0,1.0
906,66.0,97.0,1.0
907,60.0,185.0,1.0
908,130.0,397.0,1.0
909,96.0,509.0,1.0
910,211.0,84.0,1.0
911,256.0,10.0,1.0
912,22.0,106.0,1.0
913,191.0,345.0,1.0
914,114.0,54.0,1.0
915,87.0,506.0,1.0
916,81.0,527.0,1.0
917,4.0,47.0,1.0
918,195.0,220.0,1.0
919,183.0,201.0,1.0
920,191.0,153.0,1.0
921,84.0,123.0,1.0
922,228.0,223.0,1.0
923,160.0,201.0,1.0
924,37.0,156.0,1.0
925,218.0,64.0,1.0
926,207.0,159.0,1.0
927,180.0,143.0,1.0
928,81.0,277.0,1.0
929,186.0,62.0,1.0
930,94.0,89.0,1.0
931,51.0,92.0,1.0
932,224.0,11.0,1.0
933,89.0,454.0,1.0
934,49.0,221.0,1.0
935,158.0,411.0,1.0
936,234.0,186.0,1.0
937,109.0,45.0,1.0
938,224.0,153.0,1.0
939,220.0,287.0,1.0
940,38.0,161.0,1.0
941,189.0,242.0,1.0
942,147.0,327.0,1.0
943,250.0,216.0,1.0
944,51.0,512.0,1.0
945,219.0,416.0,1.0
946,264.0,297.0,1.0
947,257.0,81.0,1.0
948,18.0,106.0,1.0
949,9.0,23.0,1.0
950,242.0,532.0,1.0
951,79.0,12.0,1.0
952,236.0,100.0,1.0
953,146.0,463.0,1.0
954,263.0,16.0,1.0
955,243.0,253.0,1.0
956,44.0,153.0,1.0
957,223.0,265.0,1.0
958,230.0,157.0,1.0
959,52.0,504.0,1.0
960,82.0,479.0,1.0
961,134.0,395.0,1.0
962,170.0,326.0,1.0
963,159.0,284.0,1.0
964,37.0,153.0,1.0
965,71.0,232.0,1.0
966,52.0,516.0,1.0
967,149.0,465.0,1.0
968,156.0,407.0,1.0
969,87.0,440.0,1.0
970,82.0,206.0,1.0
971,44.0,39.0,1.0
972,56.0,492.0,1.0
973,247.0,70.0,1.0
974,144.0,492.0,1.0
975,168.0,216.0,1.0
976,94.0,434.0,1.0
977,256.0,375.0,1.0
978,223.0,100.0,1.0
979,238.0,211.0,1.0
980,203.0,485.0,1.0
981,132.0,5.0,1.0
982,113.0,67.0,1.0
983,119.0,399.0,1.0
984,259.0,207.0,1.0
985,107.0,429.0,1.0
986,245.0,12.0,1.0
987,185.0,143.0,1.0
988,147.0,426.0,1.0
989,65.0,511.0,1.0
990,116.0,229.0,1.0
991,266.0,282.0,1.0
992,117.0,150.0,1.0
993,97.0,190.0,1.0
994,192.0,244.0,1.0
995,257.0,103.0,1.0
996,82.0,286.0,1.0
997,3.0,162.0,1.0
998,51.0,330.0,1.0
999,113.0,56.0,1.0
1000,45.0,177.0,1.0
1001,211.0,317.0,1.0
1002,118.0,191.0,1.0
1003,100.0,388.0,1.0
1004,56.0,322.0,1.0
1005,158.0,449.0,1.0
1006,93.0,91.0,1.0
1007,123.0,42.0,1.0
1008,203.0,52.0,1.0
1009,213.0,349.0,1.0
1010,199.0,550.0,1.0
1011,178.0,446.0,1.0
1012,224.0,75.0,1.0
1013,207.0,475.0,1.0
1014,75.0,111.0,1.0
1015,82.0,255.0,1.0
1016,200.0,356.0,1.0
1017,232.0,150.0,1.0
1018,43.0,92.0,1.0
1019,129.0,119.0,1.0
1020,144.0,116.0,1.0
1021,12.0,253.0,1.0
1022,233.0,335.0,1.0
1023,232.0,20.0,1.0
1024,265.0,146.0,1.0
1025,225.0,242.0,1.0
1026,84.0,248.0,1.0
1027,217.0,117.0,1.0
1028,116.0,86.0,1.0
1029,51.0,300.0,1.0
1030,264.0,161.0,1.0
1031,161.0,47.0,1.0
1032,136.0,279.0,1.0
1033,156.0,84.0,1.0
1034,83.0,70.0,1.0
1035,126.0,534.0,1.0
1036,62.0,204.0,1.0
1037,86.0,405.0,1.0
1038,48.0,459.0,1.0
1039,162.0,367.0,1.0
1040,135.0,467.0,1.0
1041,79.0,309.0,1.0
1042,110.0,287.0,1.0
1043,123.0,514.0,1.0
1044,262.0,72.0,1.0
1045,178.0,132.0,1.0
1046,122.0,75.0,1.0
1047,119.0,378.0,1.0
1048,213.0,224.0,1.0
1049,223.0,36.0,1.0
1050,200.0,218.0,1.0
1051,82.0,229.0,1.0
1052,264.0,152.0,1.0
1053,50.0,48.0,1.0
1054,98.0,230.0,1.0
1055,144.0,124.0,1.0
1056,52.0,48.0,1.0
1057,258.0,38.0,1.0
1058,116.0,46.0,1.0
1059,79.0,58.0,1.0
1060,149.0,94.0,1.0
1061,197.0,570.0,1.0
1062,84.0,509.0,1.0
1063,8.0,144.0,1.0
1064,89.0,230.0,1.0
1065,153.0,398.0,1.0
1066,57.0,418.0,1.0
1067,256.0,23.0,1.0
1068,71.0,396.0,1.0
1069,183.0,147.0,1.0
1070,153.0,343.0,1.0
1071,162.0,567.0,1.0
1072,81.0,564.0,1.0
1073,265.0,532.0,1.0
1074,165.0,465.0,1.0
1075,145.0,429.0,1.0
1076,125.0,147.0,1.0
1077,259.0,403.0,1.0
1078,136.0,57.0,1.0
1079,105.0,120.0,1.0
1080,226.0,15.0,1.0
1081,209.0,181.0,1.0
1082,17.0,403.0,1.0
1083,114.0,68.0,1.0
1084,84.0,451.0,1.0
1085,114.0,102.0,1.0
1086,165.0,287.0,1.0
1087,116.0,542.0,1.0
1088,178.0,157.0,1.0
1089,102.0,51.0,1.0
1090,207.0,259.0,1.0
1091,104.0,496.0,1.0
1092,153.0,3.0,1.0
1093,95.0,273.0,1.0
1094,202.0,191.0,1.0
1095,261.0,291.0,1.0
1096,248.0,37.0,1.0
1097,8.0,253.0,1.0
1098,196.0,416.0,1.0
1099,136.0,71.0,1.0
1100,79.0,104.0,1.0
1101,22.0,293.0,1.0
1102,126.0,92.0,1.0
1103,26.0,437.0,1.0
1104,2.0,113.0,1.0
1105,117.0,126.0,1.0
1106,224.0,460.0,1.0
1107,89.0,214.0,1.0
1108,134.0,437.0,1.0
1109,148.0,178.0,1.0
1110,87.0,205.0,1.0
1111,51.0,230.0,1.0
1112,165.0,103.0,1.0
1113,195.0,156.0,1.0
1114,223.0,66.0,1.0
1115,144.0,560.0,1.0
1116,117.0,464.0,1.0
1117,113.0,239.0,1.0
1118,200.0,348.0,1.0
1119,186.0,113.0,1.0
1120,89.0,196.0,1.0
1121,31.0,263.0,1.0
1122,248.0,29.0,1.0
1123,227.0,46.0,1.0
1124,68.0,261.0,1.0
1125,150.0,395.0,1.0
1126,105.0,184.0,1.0
1127,183.0,22.0,1.0
1128,113.0,358.0,1.0
1129,177.0,294.0,1.0
1130,137.0,33.0,1.0
1131,128.0,312.0,1.0
1132,224.0,45.0,1.0
1133,156.0,408.0,1.0
1134,133.0,63.0,1.0
1135,226.0,84.0,1.0
1136,259.0,78.0,1.0
1137,121.0,78.0,1.0
1138,53.0,504.0,1.0
1139,203.0,17.0,1.0
1140,8.0,251.0,1.0
1141,176.0,219.0,1.0
1142,183.0,66.0,1.0
1143,130.0,128.0,1.0
1144,132.0,21.0,1.0
1145,207.0,565.0,1.0
1146,17.0,395.0,1.0
1147,149.0,175.0,1.0
1148,69.0,191.0,1.0
1149,136.0,70.0,1.0
1150,71.0,496.0,1.0
1151,141.0,50.0,1.0
1152,156.0,239.0,1.0
1153,217.0,429.0,1.0
1154,158.0,133.0,1.0
1155,218.0,14.0,1.0
1156,128.0,184.0,1.0
1157,72.0,49.0,1.0
1158,215.0,539.0,1.0
1159,56.0,151.0,1.0
1160,148.0,126.0,1.0
1161,144.0,204.0,1.0
1162,94.0,59.0,1.0
1163,82.0,453.0,1.0
1164,107.0,111.0,1.0
1165,261.0,163.0,1.0
1166,234.0,233.0,1.0
1167,168.0,325.0,1.0
1168,182.0,590.0,1.0
1169,45.0,357.0,1.0
1170,126.0,391.0,1.0
1171,22.0,204.0,1.0
1172,177.0,66.0,1.0
1173,51.0,225.0,1.0
1174,102.0,245.0,1.0
1175,165.0,74.0,1.0
1176,22.0,94.0,1.0
1177,153.0,125.0,1.0
1178,203.0,96.0,1.0
1179,156.0,50.0,1.0
1180,200.0,319.0,1.0
1181,115.0,92.0,1.0
1182,236.0,107.0,1.0
1183,176.0,465.0,1.0
1184,102.0,468.0,1.0
1185,207.0,415.0,1.0
1186,156.0,177.0,1.0
1187,96.0,146.0,1.0
1188,262.0,462.0,1.0
1189,218.0,45.0,1.0
1190,116.0,136.0,1.0
1191,50.0,264.0,1.0
1192,5.0,216.0,1.0
1193,266.0,3.0,1.0
1194,211.0,387.0,1.0
1195,178.0,32.0,1.0
1196,175.0,201.0,1.0
1197,199.0,175.0,1.0
1198,141.0,9.0,1.0
1199,10.0,67.0,1.0
1200,183.0,121.0,1.0
1201,89.0,410.0,1.0
1202,180.0,236.0,1.0
1203,17.0,399.0,1.0
1204,86.0,7.0,1.0
1205,165.0,141.0,1.0
1206,183.0,52.0,1.0
1207,125.0,50.0,1.0
1208,89.0,144.0,1.0
1209,45.0,195.0,1.0
1210,123.0,123.0,1.0
1211,145.0,220.0,1.0
1212,16.0,17.0,1.0
1213,108.0,241.0,1.0
1214,158.0,383.0,1.0
1215,65.0,203.0,1.0
1216,96.0,384.0,1.0
1217,156.0,409.0,1.0
1218,189.0,317.0,1.0
1219,54.0,146.0,1.0
1220,212.0,205.0,1.0
1221,126.0,117.0,1.0
1222,92.0,256.0,1.0
1223,32.0,312.0,1.0
1224,158.0,202.0,1.0
1225,31.0,95.0,1.0
1226,156.0,368.0,1.0
1227,126.0,116.0,1.0
1228,178.0,216.0,1.0
1229,183.0,191.0,1.0
1230,105.0,280.0,1.0
1231,17.0,0.0,1.0
1232,149.0,111.0,1.0
1233,208.0,239.0,1.0
1234,129.0,216.0,1.0
1235,203.0,349.0,1.0
1236,139.0,403.0,1.0
1237,241.0,100.0,1.0
1238,113.0,252.0,1.0
1239,64.0,185.0,1.0
1240,128.0,326.0,1.0
1241,87.0,81.0,1.0
1242,248.0,111.0,1.0
1243,258.0,144.0,1.0
1244,209.0,544.0,1.0
1245,262.0,161.0,1.0
1246,233.0,266.0,1.0
1247,9.0,70.0,1.0
1248,113.0,126.0,1.0
1249,141.0,153.0,1.0
1250,140.0,154.0,1.0
1251,128.0,211.0,1.0
1252,226.0,165.0,1.0
1253,104.0,326.0,1.0
1254,176.0,204.0,1.0
1255,81.0,401.0,1.0
1256,175.0,259.0,1.0
1257,226.0,63.0,1.0
1258,91.0,100.0,1.0
1259,202.0,225.0,1.0
1260,259.0,528.0,1.0
1261,63.0,195.0,1.0
1262,259.0,561.0,1.0
1263,144.0,216.0,1.0
1264,180.0,211.0,1.0
1265,190.0,581.0,1.0
1266,144.0,278.0,1.0
1267,164.0,141.0,1.0
1268,262.0,8.0,1.0
1269,53.0,193.0,1.0
1270,142.0,216.0,1.0
1271,226.0,517.0,1.0
1272,102.0,553.0,1.0
1273,170.0,10.0,1.0
1274,217.0,466.0,1.0
1275,103.0,62.0,1.0
1276,135.0,186.0,1.0
1277,159.0,65.0,1.0
1278,189.0,25.0,1.0
1279,98.0,342.0,1.0
1280,52.0,245.0,1.0
1281,57.0,47.0,1.0
1282,90.0,354.0,1.0
1283,247.0,572.0,1.0
1284,130.0,565.0,1.0
1285,162.0,31.0,1.0
1286,135.0,327.0,1.0
1287,266.0,416.0,1.0
1288,261.0,111.0,1.0
1289,114.0,362.0,1.0
1290,223.0,398.0,1.0
1291,150.0,89.0,1.0
1292,223.0,230.0,1.0
1293,108.0,445.0,1.0
1294,189.0,530.0,1.0
1295,229.0,122.0,1.0
1296,89.0,80.0,1.0
1297,223.0,199.0,1.0
1298,257.0,190.0,1.0
1299,75.0,92.0,1.0
1300,158.0,311.0,1.0
1301,135.0,125.0,1.0
1302,136.0,392.0,1.0
1303,215.0,482.0,1.0
1304,54.0,91.0,1.0
1305,94.0,387.0,1.0
1306,180.0,538.0,1.0
1307,234.0,231.0,1.0
1308,153.0,81.0,1.0
1309,128.0,549.0,1.0
1310,147.0,264.0,1.0
1311,103.0,122.0,1.0
1312,67.0,93.0,1.0
1313,234.0,230.0,1.0
1314,211.0,38.0,1.0
1315,9.0,280.0,1.0
1316,90.0,11.0,1.0
1317,39.0,401.0,1.0
1318,153.0,7.0,1.0
1319,57.0,58.0,1.0
1320,63.0,382.0,1.0
1321,200.0,130.0,1.0
1322,211.0,23.0,1.0
1323,74.0,394.0,1.0
1324,65.0,220.0,1.0
1325,21.0,44.0,1.0
1326,193.0,96.0,1.0
1327,156.0,205.0,1.0
1328,194.0,518.0,1.0
1329,130.0,70.0,1.0
1330,189.0,91.0,1.0
1331,8.0,239.0,1.0
1332,126.0,558.0,1.0
1333,87.0,316.0,1.0
1334,88.0,241.0,1.0
1335,118.0,536.0,1.0
1336,124.0,136.0,1.0
1337,116.0,234.0,1.0
1338,102.0,226.0,1.0
1339,13.0,191.0,1.0
1340,90.0,81.0,1.0
1341,200.0,83.0,1.0
1342,113.0,44.0,1.0
1343,104.0,506.0,1.0
1344,91.0,55.0,1.0
1345,130.0,218.0,1.0
1346,62.0,351.0,1.0
1347,178.0,389.0,1.0
1348,40.0,168.0,1.0
1349,234.0,148.0,1.0
1350,203.0,101.0,1.0
1351,15.0,223.0,1.0
1352,63.0,59.0,1.0
1353,175.0,111.0,1.0
1354,24.0,11.0,1.0
1355,222.0,120.0,1.0
1356,183.0,74.0,1.0
1357,224.0,91.0,1.0
1358,54.0,27.0,1.0
1359,130.0,31.0,1.0
1360,192.0,18.0,1.0
1361,69.0,111.0,1.0
1362,256.0,66.0,1.0
1363,138.0,52.0,1.0
1364,191.0,0.0,1.0
1365,262.0,117.0,1.0
1366,59.0,195.0,1.0
1367,158.0,10.0,1.0
1368,13.0,23.0,1.0
1369,151.0,106.0,1.0
1370,52.0,413.0,1.0
1371,264.0,82.0,1.0
1372,104.0,208.0,1.0
1373,266.0,49.0,1.0
1374,74.0,111.0,1.0
1375,71.0,219.0,1.0
1376,37.0,341.0,1.0
1377,105.0,258.0,1.0
1378,126.0,217.0,1.0
1379,3.0,93.0,1.0
1380,26.0,147.0,1.0
1381,189.0,16.0,1.0
1382,99.0,127.0,1.0
1383,214.0,317.0,1.0
1384,108.0,305.0,1.0
1385,58.0,298.0,1.0
1386,196.0,217.0,1.0
1387,136.0,429.0,1.0
1388,196.0,227.0,1.0
1389,242.0,125.0,1.0
1390,203.0,290.0,1.0
1391,169.0,40.0,1.0
1392,145.0,185.0,1.0
1393,75.0,241.0,1.0
1394,35.0,436.0,1.0
1395,114.0,91.0,1.0
1396,58.0,432.0,1.0
1397,136.0,37.0,1.0
1398,91.0,294.0,1.0
1399,197.0,268.0,1.0
1400,178.0,568.0,1.0
1401,224.0,501.0,1.0
1402,168.0,121.0,1.0
1403,9.0,10.0,1.0
1404,196.0,425.0,1.0
1405,127.0,141.0,1.0
1406,223.0,311.0,1.0
1407,245.0,92.0,1.0
1408,143.0,68.0,1.0
1409,228.0,367.0,1.0
1410,231.0,143.0,1.0
1411,119.0,402.0,1.0
1412,217.0,0.0,1.0
1413,22.0,316.0,1.0
1414,197.0,86.0,1.0
1415,203.0,213.0,1.0
1416,107.0,10.0,1.0
1417,56.0,177.0,1.0
1418,130.0,256.0,1.0
1419,90.0,204.0,1.0
1420,102.0,565.0,1.0
1421,185.0,92.0,1.0
1422,141.0,387.0,1.0
1423,160.0,47.0,1.0
1424,217.0,314.0,1.0
1425,238.0,441.0,1.0
1426,65.0,62.0,1.0
1427,58.0,50.0,1.0
1428,103.0,135.0,1.0
1429,139.0,117.0,1.0
1430,107.0,85.0,1.0
1431,259.0,474.0,1.0
1432,53.0,125.0,1.0
1433,248.0,42.0,1.0
1434,91.0,355.0,1.0
1435,182.0,186.0,1.0
1436,238.0,354.0,1.0
1437,26.0,128.0,1.0
1438,67.0,239.0,1.0
1439,162.0,348.0,1.0
1440,178.0,274.0,1.0
1441,105.0,118.0,1.0
1442,53.0,119.0,1.0
1443,168.0,118.0,1.0
1444,107.0,554.0,1.0
1445,42.0,7.0,1.0
1446,64.0,50.0,1.0
1447,56.0,115.0,1.0
1448,114.0,122.0,1.0
1449,89.0,404.0,1.0
1450,75.0,524.0,1.0
1451,19.0,36.0,1.0
1452,132.0,38.0,1.0
1453,80.0,241.0,1.0
1454,183.0,393.0,1.0
1455,156.0,209.0,1.0
1456,207.0,246.0,1.0
1457,176.0,504.0,1.0
1458,208.0,138.0,1.0
1459,65.0,14.0,1.0
1460,65.0,70.0,1.0
1461,98.0,146.0,1.0
1462,244.0,156.0,1.0
1463,84.0,345.0,1.0
1464,169.0,179.0,1.0
1465,82.0,36.0,1.0
1466,162.0,476.0,1.0
1467,102.0,46.0,1.0
1468,217.0,189.0,1.0
1469,82.0,266.0,1.0
1470,22.0,98.0,1.0
1471,117.0,337.0,1.0
1472,182.0,384.0,1.0
1473,116.0,52.0,1.0
1474,114.0,223.0,1.0
1475,62.0,228.0,1.0
1476,261.0,109.0,1.0
1477,84.0,266.0,1.0
1478,163.0,250.0,1.0
1479,180.0,437.0,1.0
1480,234.0,516.0,1.0
1481,199.0,146.0,1.0
1482,141.0,122.0,1.0
1483,132.0,39.0,1.0
1484,165.0,325.0,1.0
1485,243.0,146.0,1.0
1486,246.0,105.0,1.0
1487,103.0,146.0,1.0
1488,56.0,485.0,1.0
1489,14.0,120.0,1.0
1490,107.0,81.0,1.0
1491,79.0,14.0,1.0
1492,135.0,342.0,1.0
1493,71.0,188.0,1.0
1494,262.0,311.0,1.0
1495,226.0,27.0,1.0
1496,194.0,100.0,1.0
1497,105.0,91.0,1.0
1498,74.0,452.0,1.0
1499,110.0,243.0,1.0
1500,229.0,59.0,1.0
1501,58.0,539.0,1.0
1502,194.0,127.0,1.0
1503,136.0,59.0,1.0
1504,259.0,412.0,1.0
1505,182.0,27.0,1.0
1506,200.0,35.0,1.0
1507,122.0,46.0,1.0
1508,10.0,304.0,1.0
1509,127.0,327.0,1.0
1510,100.0,91.0,1.0
1511,186.0,252.0,1.0
1512,107.0,322.0,1.0
1513,238.0,546.0,1.0
1514,60.0,195.0,1.0
1515,130.0,170.0,1.0
1516,51.0,175.0,1.0
1517,218.0,276.0,1.0
1518,147.0,256.0,1.0
1519,223.0,3.0,1.0
1520,150.0,251.0,1.0
1521,29.0,443.0,1.0
1522,102.0,422.0,1.0
1523,51.0,127.0,1.0
1524,186.0,318.0,1.0
1525,209.0,327.0,1.0
1526,214.0,407.0,1.0
1527,234.0,116.0,1.0
1528,132.0,92.0,1.0
1529,147.0,83.0,1.0
1530,79.0,564.0,1.0
1531,144.0,558.0,1.0
1532,88.0,223.0,1.0
1533,29.0,302.0,1.0
1534,142.0,320.0,1.0
1535,101.0,464.0,1.0
1536,44.0,133.0,1.0
1537,228.0,83.0,1.0
1538,194.0,11.0,1.0
1539,102.0,37.0,1.0
1540,207.0,478.0,1.0
1541,22.0,305.0,1.0
1542,229.0,103.0,1.0
1543,229.0,164.0,1.0
1544,264.0,304.0,1.0
1545,118.0,10.0,1.0
1546,123.0,141.0,1.0
1547,79.0,378.0,1.0
1548,52.0,241.0,1.0
1549,105.0,194.0,1.0
1550,211.0,50.0,1.0
1551,93.0,223.0,1.0
1552,145.0,382.0,1.0
1553,211.0,10.0,1.0
1554,141.0,311.0,1.0
1555,197.0,79.0,1.0
1556,44.0,309.0,1.0
1557,51.0,111.0,1.0
1558,119.0,49.0,1.0
1559,177.0,36.0,1.0
1560,202.0,40.0,1.0
1561,168.0,9.0,1.0
1562,201.0,586.0,1.0
1563,109.0,51.0,1.0
1564,130.0,425.0,1.0
1565,228.0,106.0,1.0
1566,228.0,100.0,1.0
1567,209.0,120.0,1.0
1568,158.0,109.0,1.0
1569,94.0,124.0,1.0
1570,149.0,478.0,1.0
1571,145.0,378.0,1.0
1572,156.0,549.0,1.0
1573,248.0,280.0,1.0
1574,234.0,353.0,1.0
1575,263.0,443.0,1.0
1576,136.0,206.0,1.0
1577,145.0,254.0,1.0
1578,50.0,395.0,1.0
1579,74.0,434.0,1.0
1580,119.0,59.0,1.0
1581,69.0,68.0,1.0
1582,52.0,137.0,1.0
1583,69.0,120.0,1.0
1584,153.0,429.0,1.0
1585,82.0,136.0,1.0
1586,150.0,134.0,1.0
1587,258.0,413.0,1.0
1588,108.0,332.0,1.0
1589,136.0,547.0,1.0
1590,87.0,336.0,1.0
1591,102.0,537.0,1.0
1592,129.0,229.0,1.0
1593,263.0,17.0,1.0
1594,37.0,89.0,1.0
1595,34.0,140.0,1.0
1596,148.0,525.0,1.0
1597,161.0,121.0,1.0
1598,11.0,316.0,1.0
1599,82.0,323.0,1.0
1600,33.0,10.0,1.0
1601,52.0,257.0,1.0
1602,189.0,245.0,1.0
1603,91.0,178.0,1.0
1604,161.0,66.0,1.0
1605,130.0,49.0,1.0
1606,74.0,310.0,1.0
1607,132.0,10.0,1.0
1608,37.0,146.0,1.0
1609,191.0,302.0,1.0
1610,182.0,379.0,1.0
1611,71.0,260.0,1.0
1612,60.0,44.0,1.0
1613,128.0,287.0,1.0
1614,131.0,223.0,1.0
1615,211.0,492.0,1.0
1616,228.0,341.0,1.0
1617,195.0,206.0,1.0
1618,229.0,313.0,1.0
1619,156.0,394.0,1.0
1620,194.0,461.0,1.0
1621,222.0,550.0,1.0
1622,79.0,38.0,1.0
1623,104.0,168.0,1.0
1624,92.0,201.0,1.0
1625,116.0,120.0,1.0
1626,113.0,328.0,1.0
1627,86.0,103.0,1.0
1628,17.0,80.0,1.0
1629,205.0,255.0,1.0
1630,132.0,571.0,1.0
1631,56.0,542.0,1.0
1632,127.0,258.0,1.0
1633,175.0,496.0,1.0
1634,64.0,52.0,1.0
1635,130.0,9.0,1.0
1636,35.0,73.0,1.0
1637,52.0,145.0,1.0
1638,79.0,26.0,1.0
1639,88.0,100.0,1.0
1640,60.0,66.0,1.0
1641,18.0,239.0,1.0
1642,71.0,202.0,1.0
1643,76.0,35.0,1.0
1644,178.0,236.0,1.0
1645,70.0,400.0,1.0
1646,189.0,378.0,1.0
1647,183.0,89.0,1.0
1648,191.0,297.0,1.0
1649,62.0,24.0,1.0
1650,212.0,284.0,1.0
1651,223.0,571.0,1.0
1652,212.0,310.0,1.0
1653,149.0,349.0,1.0
1654,3.0,167.0,1.0
1655,56.0,22.0,1.0
1656,47.0,133.0,1.0
1657,105.0,126.0,1.0
1658,52.0,87.0,1.0
1659,187.0,286.0,1.0
1660,226.0,509.0,1.0
1661,136.0,69.0,1.0
1662,79.0,148.0,1.0
1663,147.0,148.0,1.0
1664,135.0,195.0,1.0
1665,85.0,80.0,1.0
1666,256.0,221.0,1.0
1667,216.0,212.0,1.0
1668,49.0,382.0,1.0
1669,97.0,20.0,1.0
1670,71.0,62.0,1.0
1671,84.0,192.0,1.0
1672,78.0,38.0,1.0
1673,91.0,320.0,1.0
1674,223.0,306.0,1.0
1675,138.0,125.0,1.0
1676,116.0,463.0,1.0
1677,90.0,327.0,1.0
1678,181.0,31.0,1.0
1679,139.0,135.0,1.0
1680,16.0,102.0,1.0
1681,82.0,501.0,1.0
1682,87.0,77.0,1.0
1683,39.0,434.0,1.0
1684,51.0,135.0,1.0
1685,17.0,191.0,1.0
1686,162.0,304.0,1.0
1687,156.0,282.0,1.0
1688,75.0,51.0,1.0
1689,266.0,126.0,1.0
1690,162.0,167.0,1.0
1691,43.0,127.0,1.0
1692,102.0,121.0,1.0
1693,169.0,164.0,1.0
1694,58.0,390.0,1.0
1695,82.0,380.0,1.0
1696,105.0,66.0,1.0
1697,52.0,377.0,1.0
1698,183.0,345.0,1.0
1699,71.0,349.0,1.0
1700,260.0,143.0,1.0
1701,242.0,190.0,1.0
1702,87.0,89.0,1.0
1703,12.0,181.0,1.0
1704,51.0,32.0,1.0
1705,58.0,113.0,1.0
1706,65.0,411.0,1.0
1707,104.0,201.0,1.0
1708,259.0,466.0,1.0
1709,108.0,116.0,1.0
1710,158.0,168.0,1.0
1711,178.0,205.0,1.0
1712,39.0,380.0,1.0
1713,101.0,190.0,1.0
1714,84.0,64.0,1.0
1715,81.0,266.0,1.0
1716,107.0,11.0,1.0
1717,144.0,380.0,1.0
1718,205.0,245.0,1.0
1719,35.0,220.0,1.0
1720,115.0,122.0,1.0
1721,175.0,200.0,1.0
1722,9.0,230.0,1.0
1723,193.0,194.0,1.0
1724,147.0,333.0,1.0
1725,136.0,582.0,1.0
1726,86.0,389.0,1.0
1727,178.0,501.0,1.0
1728,182.0,485.0,1.0
1729,82.0,427.0,1.0
1730,10.0,168.0,1.0
1731,247.0,241.0,1.0
1732,100.0,245.0,1.0
1733,128.0,109.0,1.0
1734,87.0,153.0,1.0
1735,52.0,45.0,1.0
1736,167.0,111.0,1.0
1737,44.0,147.0,1.0
1738,158.0,320.0,1.0
1739,189.0,87.0,1.0
1740,165.0,120.0,1.0
1741,177.0,120.0,1.0
1742,201.0,138.0,1.0
1743,44.0,481.0,1.0
1744,172.0,121.0,1.0
1745,167.0,233.0,1.0
1746,97.0,185.0,1.0
1747,78.0,389.0,1.0
1748,234.0,501.0,1.0
1749,156.0,337.0,1.0
1750,196.0,294.0,1.0
1751,18.0,94.0,1.0
1752,148.0,145.0,1.0
1753,226.0,270.0,1.0
1754,2.0,134.0,1.0
1755,245.0,205.0,1.0
1756,69.0,434.0,1.0
1757,33.0,156.0,1.0
1758,114.0,89.0,1.0
1759,149.0,57.0,1.0
1760,182.0,584.0,1.0
1761,22.0,375.0,1.0
1762,226.0,585.0,1.0
1763,220.0,201.0,1.0
1764,103.0,13.0,1.0
1765,117.0,409.0,1.0
1766,81.0,148.0,1.0
1767,158.0,410.0,1.0
1768,64.0,419.0,1.0
1769,71.0,12.0,1.0
1770,37.0,111.0,1.0
1771,97.0,584.0,1.0
1772,59.0,12.0,1.0
1773,82.0,38.0,1.0
1774,234.0,417.0,1.0
1775,83.0,367.0,1.0
1776,183.0,338.0,1.0
1777,200.0,37.0,1.0
1778,165.0,59.0,1.0
1779,199.0,485.0,1.0
1780,218.0,161.0,1.0
1781,3.0,130.0,1.0
1782,205.0,115.0,1.0
1783,182.0,39.0,1.0
1784,96.0,118.0,1.0
1785,107.0,59.0,1.0
1786,147.0,491.0,1.0
1787,133.0,236.0,1.0
1788,87.0,397.0,1.0
1789,218.0,326.0,1.0
1790,184.0,9.0,1.0
1791,31.0,238.0,1.0
1792,178.0,11.0,1.0
1793,3.0,158.0,1.0
1794,74.0,5.0,1.0
1795,89.0,398.0,1.0
1796,130.0,239.0,1.0
1797,52.0,147.0,1.0
1798,223.0,236.0,1.0
1799,136.0,151.0,1.0
1800,108.0,204.0,1.0
1801,100.0,411.0,1.0
1802,147.0,277.0,1.0
1803,138.0,208.0,1.0
1804,11.0,136.0,1.0
1805,249.0,47.0,1.0
1806,203.0,80.0,1.0
1807,189.0,191.0,1.0
1808,181.0,266.0,1.0
1809,218.0,409.0,1.0
1810,213.0,294.0,1.0
1811,130.0,27.0,1.0
1812,206.0,411.0,1.0
1813,175.0,376.0,1.0
1814,206.0,374.0,1.0
1815,75.0,554.0,1.0
1816,196.0,385.0,1.0
1817,200.0,155.0,1.0
1818,201.0,186.0,1.0
1819,116.0,19.0,1.0
1820,89.0,47.0,1.0
1821,164.0,375.0,1.0
1822,219.0,267.0,1.0
1823,226.0,54.0,1.0
1824,117.0,156.0,1.0
1825,56.0,141.0,1.0
1826,183.0,179.0,1.0
1827,71.0,147.0,1.0
1828,203.0,62.0,1.0
1829,141.0,207.0,1.0
1830,37.0,343.0,1.0
1831,84.0,444.0,1.0
1832,126.0,412.0,1.0
1833,62.0,15.0,1.0
1834,211.0,215.0,1.0
1835,183.0,283.0,1.0
1836,72.0,154.0,1.0
1837,107.0,37.0,1.0
1838,225.0,456.0,1.0
1839,70.0,47.0,1.0
1840,77.0,379.0,1.0
1841,144.0,513.0,1.0
1842,86.0,499.0,1.0
1843,217.0,10.0,1.0
1844,14.0,21.0,1.0
1845,150.0,90.0,1.0
1846,183.0,253.0,1.0
1847,232.0,575.0,1.0
1848,31.0,22.0,1.0
1849,244.0,44.0,1.0
1850,127.0,255.0,1.0
1851,208.0,440.0,1.0
1852,233.0,36.0,1.0
1853,226.0,271.0,1.0
1854,160.0,170.0,1.0
1855,158.0,498.0,1.0
1856,128.0,103.0,1.0
1857,82.0,489.0,1.0
1858,102.0,204.0,1.0
1859,48.0,179.0,1.0
1860,148.0,191.0,1.0
1861,178.0,326.0,1.0
1862,156.0,117.0,1.0
1863,216.0,253.0,1.0
1864,87.0,80.0,1.0
1865,194.0,193.0,1.0
1866,164.0,67.0,1.0
1867,102.0,256.0,1.0
1868,234.0,224.0,1.0
1869,72.0,447.0,1.0
1870,116.0,35.0,1.0
1871,10.0,271.0,1.0
1872,205.0,347.0,1.0
1873,211.0,499.0,1.0
1874,226.0,33.0,1.0
1875,207.0,161.0,1.0
1876,123.0,130.0,1.0
1877,1.0,73.0,1.0
1878,96.0,147.0,1.0
1879,191.0,293.0,1.0
1880,97.0,147.0,1.0
1881,135.0,103.0,1.0
1882,147.0,31.0,1.0
1883,44.0,121.0,1.0
1884,117.0,59.0,1.0
1885,138.0,305.0,1.0
1886,2.0,39.0,1.0
1887,229.0,204.0,1.0
1888,60.0,92.0,1.0
1889,182.0,179.0,1.0
1890,218.0,247.0,1.0
1891,52.0,153.0,1.0
1892,13.0,86.0,1.0
1893,22.0,31.0,1.0
1894,84.0,181.0,1.0
1895,56.0,337.0,1.0
1896,137.0,35.0,1.0
1897,51.0,331.0,1.0
1898,164.0,414.0,1.0
1899,29.0,220.0,1.0
1900,117.0,89.0,1.0
1901,249.0,136.0,1.0
1902,96.0,262.0,1.0
1903,138.0,390.0,1.0
1904,147.0,284.0,1.0
1905,89.0,66.0,1.0
1906,17.0,196.0,1.0
1907,219.0,214.0,1.0
1908,16.0,54.0,1.0
1909,132.0,31.0,1.0
1910,38.0,44.0,1.0
1911,200.0,135.0,1.0
1912,205.0,170.0,1.0
1913,94.0,25.0,1.0
1914,34.0,58.0,1.0
1915,145.0,414.0,1.0
1916,126.0,504.0,1.0
1917,199.0,529.0,1.0
1918,45.0,426.0,1.0
1919,6.0,224.0,1.0
1920,232.0,44.0,1.0
1921,1.0,20.0,1.0
1922,197.0,515.0,1.0
1923,162.0,243.0,1.0
1924,202.0,490.0,1.0
1925,122.0,47.0,1.0
1926,258.0,380.0,1.0
1927,128.0,282.0,1.0
1928,197.0,92.0,1.0
1929,218.0,335.0,1.0
1930,87.0,177.0,1.0
1931,113.0,52.0,1.0
1932,31.0,275.0,1.0
1933,52.0,103.0,1.0
1934,175.0,298.0,1.0
1935,104.0,407.0,1.0
1936,119.0,404.0,1.0
1937,36.0,157.0,1.0
1938,266.0,40.0,1.0
1939,175.0,77.0,1.0
1940,165.0,326.0,1.0
1941,264.0,97.0,1.0
1942,113.0,445.0,1.0
1943,82.0,554.0,1.0
1944,129.0,232.0,1.0
1945,64.0,161.0,1.0
1946,11.0,120.0,1.0
1947,164.0,435.0,1.0
1948,150.0,114.0,1.0
1949,89.0,534.0,1.0
1950,147.0,308.0,1.0
1951,17.0,167.0,1.0
1952,150.0,150.0,1.0
1953,84.0,136.0,1.0
1954,26.0,179.0,1.0
1955,195.0,119.0,1.0
1956,11.0,87.0,1.0
1957,81.0,198.0,1.0
1958,57.0,94.0,1.0
1959,116.0,161.0,1.0
1960,209.0,497.0,1.0
1961,1.0,36.0,1.0
1962,97.0,214.0,1.0
1963,104.0,455.0,1.0
1964,139.0,371.0,1.0
1965,147.0,289.0,1.0
1966,253.0,263.0,1.0
1967,191.0,89.0,1.0
1968,141.0,148.0,1.0
1969,199.0,487.0,1.0
1970,139.0,104.0,1.0
1971,17.0,96.0,1.0
1972,212.0,186.0,1.0
1973,262.0,573.0,1.0
1974,121.0,66.0,1.0
1975,137.0,282.0,1.0
1976,164.0,62.0,1.0
1977,224.0,208.0,1.0
1978,227.0,194.0,1.0
1979,257.0,69.0,1.0
1980,183.0,228.0,1.0
1981,89.0,190.0,1.0
1982,59.0,214.0,1.0
1983,117.0,383.0,1.0
1984,51.0,121.0,1.0
1985,256.0,131.0,1.0
1986,141.0,315.0,1.0
1987,234.0,221.0,1.0
1988,214.0,35.0,1.0
1989,238.0,255.0,1.0
1990,248.0,84.0,1.0
1991,258.0,69.0,1.0
1992,206.0,400.0,1.0
1993,259.0,267.0,1.0
1994,114.0,181.0,1.0
1995,183.0,448.0,1.0
1996,71.0,33.0,1.0
1997,256.0,227.0,1.0
1998,246.0,183.0,1.0
1999,16.0,53.0,1.0
2000,116.0,29.0,1.0
2001,60.0,45.0,1.0
2002,247.0,9.0,1.0
2003,83.0,47.0,1.0
2004,205.0,172.0,1.0
2005,101.0,519.0,1.0
2006,95.0,84.0,1.0
2007,194.0,266.0,1.0
2008,48.0,129.0,1.0
2009,205.0,463.0,1.0
2010,53.0,534.0,1.0
2011,68.0,70.0,1.0
2012,56.0,282.0,1.0
2013,214.0,122.0,1.0
2014,202.0,80.0,1.0
2015,39.0,11.0,1.0
2016,81.0,305.0,1.0
2017,248.0,296.0,1.0
2018,182.0,317.0,1.0
2019,212.0,47.0,1.0
2020,264.0,241.0,1.0
2021,89.0,406.0,1.0
2022,44.0,420.0,1.0
2023,264.0,35.0,1.0
2024,262.0,287.0,1.0
2025,160.0,344.0,1.0
2026,247.0,44.0,1.0
2027,223.0,179.0,1.0
2028,42.0,398.0,1.0
2029,160.0,437.0,1.0
2030,208.0,464.0,1.0
2031,178.0,457.0,1.0
2032,128.0,135.0,1.0
2033,213.0,190.0,1.0
2034,58.0,142.0,1.0
2035,224.0,136.0,1.0
2036,245.0,191.0,1.0
2037,148.0,556.0,1.0
2038,146.0,106.0,1.0
2039,22.0,292.0,1.0
2040,126.0,7.0,1.0
2041,232.0,459.0,1.0
2042,164.0,2.0,1.0
2043,102.0,81.0,1.0
2044,83.0,180.0,1.0
2045,69.0,10.0,1.0
2046,248.0,269.0,1.0
2047,84.0,274.0,1.0
2048,116.0,88.0,1.0
2049,191.0,128.0,1.0
2050,166.0,460.0,1.0
2051,266.0,177.0,1.0
2052,261.0,95.0,1.0
2053,262.0,142.0,1.0
2054,39.0,195.0,1.0
2055,232.0,35.0,1.0
2056,68.0,306.0,1.0
2057,96.0,44.0,1.0
2058,67.0,253.0,1.0
2059,51.0,38.0,1.0
2060,67.0,256.0,1.0
2061,237.0,273.0,1.0
2062,0.0,12.0,1.0
2063,247.0,106.0,1.0
2064,257.0,35.0,1.0
2065,82.0,394.0,1.0
2066,69.0,260.0,1.0
2067,67.0,10.0,1.0
2068,136.0,519.0,1.0
2069,61.0,245.0,1.0
2070,150.0,202.0,1.0
2071,52.0,374.0,1.0
2072,74.0,122.0,1.0
2073,223.0,130.0,1.0
2074,9.0,19.0,1.0
2075,248.0,51.0,1.0
2076,234.0,222.0,1.0
2077,89.0,118.0,1.0
2078,211.0,116.0,1.0
2079,77.0,365.0,1.0
2080,163.0,238.0,1.0
2081,96.0,190.0,1.0
2082,245.0,0.0,1.0
2083,250.0,11.0,1.0
2084,149.0,247.0,1.0
2085,85.0,252.0,1.0
2086,234.0,58.0,1.0
2087,52.0,217.0,1.0
2088,147.0,102.0,1.0
2089,69.0,66.0,1.0
2090,188.0,262.0,1.0
2091,22.0,113.0,1.0
2092,34.0,99.0,1.0
2093,37.0,462.0,1.0
2094,123.0,493.0,1.0
2095,92.0,59.0,1.0
2096,147.0,111.0,1.0
2097,65.0,180.0,1.0
2098,149.0,223.0,1.0
2099,149.0,283.0,1.0
2100,115.0,352.0,1.0
2101,69.0,186.0,1.0
2102,199.0,582.0,1.0
2103,54.0,271.0,1.0
2104,89.0,122.0,1.0
2105,71.0,223.0,1.0
2106,83.0,521.0,1.0
2107,186.0,355.0,1.0
2108,156.0,389.0,1.0
2109,162.0,578.0,1.0
2110,116.0,289.0,1.0
2111,83.0,343.0,1.0
2112,65.0,119.0,1.0
2113,228.0,81.0,1.0
2114,3.0,101.0,1.0
2115,208.0,12.0,1.0
2116,37.0,144.0,1.0
2117,22.0,87.0,1.0
2118,82.0,25.0,1.0
2119,256.0,5.0,1.0
2120,135.0,420.0,1.0
2121,33.0,222.0,1.0
2122,11.0,116.0,1.0
2123,142.0,57.0,1.0
2124,71.0,8.0,1.0
2125,95.0,59.0,1.0
2126,81.0,92.0,1.0
2127,89.0,205.0,1.0
2128,147.0,569.0,1.0
2129,65.0,363.0,1.0
2130,104.0,497.0,1.0
2131,117.0,298.0,1.0
2132,53.0,66.0,1.0
2133,148.0,48.0,1.0
2134,217.0,434.0,1.0
2135,228.0,11.0,1.0
2136,265.0,116.0,1.0
2137,113.0,294.0,1.0
2138,87.0,50.0,1.0
2139,199.0,135.0,1.0
2140,44.0,479.0,1.0
2141,263.0,292.0,1.0
2142,77.0,58.0,1.0
2143,75.0,44.0,1.0
2144,74.0,91.0,1.0
2145,152.0,255.0,1.0
2146,96.0,501.0,1.0
2147,106.0,58.0,1.0
2148,129.0,412.0,1.0
2149,248.0,100.0,1.0
2150,71.0,70.0,1.0
2151,250.0,489.0,1.0
2152,240.0,24.0,1.0
2153,101.0,5.0,1.0
2154,84.0,344.0,1.0
2155,95.0,21.0,1.0
2156,17.0,381.0,1.0
2157,259.0,310.0,1.0
2158,96.0,98.0,1.0
2159,159.0,584.0,1.0
2160,153.0,66.0,1.0
2161,155.0,308.0,1.0
2162,104.0,10.0,1.0
2163,9.0,273.0,1.0
2164,148.0,409.0,1.0
2165,94.0,213.0,1.0
2166,206.0,205.0,1.0
2167,189.0,203.0,1.0
2168,156.0,107.0,1.0
2169,71.0,411.0,1.0
2170,59.0,190.0,1.0
2171,1.0,62.0,1.0
2172,89.0,8.0,1.0
2173,175.0,313.0,1.0
2174,135.0,138.0,1.0
2175,171.0,127.0,1.0
2176,175.0,116.0,1.0
2177,183.0,482.0,1.0
2178,102.0,140.0,1.0
2179,199.0,113.0,1.0
2180,229.0,120.0,1.0
2181,81.0,337.0,1.0
2182,94.0,284.0,1.0
2183,81.0,547.0,1.0
2184,75.0,57.0,1.0
2185,102.0,35.0,1.0
2186,129.0,146.0,1.0
2187,220.0,103.0,1.0
2188,223.0,1.0,1.0
2189,69.0,332.0,1.0
2190,217.0,384.0,1.0
2191,56.0,89.0,1.0
2192,135.0,356.0,1.0
2193,9.0,35.0,1.0
2194,105.0,374.0,1.0
2195,116.0,133.0,1.0
2196,116.0,150.0,1.0
2197,248.0,315.0,1.0
2198,85.0,279.0,1.0
2199,224.0,10.0,1.0
2200,76.0,89.0,1.0
2201,214.0,556.0,1.0
2202,256.0,122.0,1.0
2203,128.0,204.0,1.0
2204,182.0,331.0,1.0
2205,116.0,119.0,1.0
2206,182.0,9.0,1.0
2207,226.0,19.0,1.0
2208,105.0,532.0,1.0
2209,56.0,347.0,1.0
2210,208.0,296.0,1.0
2211,49.0,33.0,1.0
2212,189.0,273.0,1.0
2213,114.0,274.0,1.0
2214,145.0,93.0,1.0
2215,248.0,442.0,1.0
2216,30.0,268.0,1.0
2217,51.0,527.0,1.0
2218,182.0,474.0,1.0
2219,159.0,92.0,1.0
2220,164.0,411.0,1.0
2221,164.0,159.0,1.0
2222,232.0,252.0,1.0
2223,158.0,351.0,1.0
2224,217.0,9.0,1.0
2225,47.0,317.0,1.0
2226,226.0,64.0,1.0
2227,242.0,375.0,1.0
2228,33.0,316.0,1.0
2229,149.0,172.0,1.0
2230,224.0,273.0,1.0
2231,85.0,111.0,1.0
2232,65.0,391.0,1.0
2233,1.0,26.0,1.0
2234,149.0,343.0,1.0
2235,256.0,103.0,1.0
2236,82.0,181.0,1.0
2237,194.0,456.0,1.0
2238,67.0,321.0,1.0
2239,107.0,223.0,1.0
2240,71.0,403.0,1.0
2241,160.0,1.0,1.0
2242,216.0,82.0,1.0
2243,49.0,434.0,1.0
2244,147.0,81.0,1.0
2245,62.0,146.0,1.0
2246,165.0,523.0,1.0
2247,147.0,203.0,1.0
2248,150.0,219.0,1.0
2249,51.0,120.0,1.0
2250,94.0,511.0,1.0
2251,248.0,1.0,1.0
2252,223.0,282.0,1.0
2253,1.0,35.0,1.0
2254,69.0,578.0,1.0
2255,105.0,479.0,1.0
2256,199.0,583.0,1.0
2257,218.0,226.0,1.0
2258,161.0,351.0,1.0
2259,58.0,31.0,1.0
2260,259.0,389.0,1.0
2261,202.0,118.0,1.0
2262,65.0,384.0,1.0
2263,145.0,423.0,1.0
2264,10.0,302.0,1.0
2265,129.0,398.0,1.0
2266,130.0,356.0,1.0
2267,149.0,150.0,1.0
2268,178.0,572.0,1.0
2269,205.0,226.0,1.0
2270,102.0,370.0,1.0
2271,8.0,249.0,1.0
2272,124.0,279.0,1.0
2273,128.0,123.0,1.0
2274,155.0,594.0,1.0
2275,81.0,138.0,1.0
2276,64.0,313.0,1.0
2277,217.0,220.0,1.0
2278,187.0,12.0,1.0
2279,81.0,417.0,1.0
2280,120.0,207.0,1.0
2281,193.0,461.0,1.0
2282,228.0,99.0,1.0
2283,257.0,127.0,1.0
2284,87.0,49.0,1.0
2285,168.0,103.0,1.0
2286,127.0,317.0,1.0
2287,178.0,531.0,1.0
2288,135.0,505.0,1.0
2289,65.0,382.0,1.0
2290,114.0,29.0,1.0
2291,64.0,318.0,1.0
2292,241.0,39.0,1.0
2293,71.0,352.0,1.0
2294,102.0,58.0,1.0
2295,81.0,131.0,1.0
2296,50.0,45.0,1.0
2297,259.0,116.0,1.0
2298,105.0,342.0,1.0
2299,2.0,24.0,1.0
2300,60.0,380.0,1.0
2301,79.0,249.0,1.0
2302,169.0,59.0,1.0
2303,51.0,44.0,1.0
2304,51.0,87.0,1.0
2305,141.0,62.0,1.0
2306,123.0,181.0,1.0
2307,145.0,196.0,1.0
2308,113.0,295.0,1.0
2309,106.0,142.0,1.0
2310,94.0,522.0,1.0
2311,34.0,31.0,1.0
2312,86.0,156.0,1.0
2313,7.0,47.0,1.0
2314,44.0,259.0,1.0
2315,50.0,203.0,1.0
2316,180.0,9.0,1.0
2317,16.0,370.0,1.0
2318,96.0,57.0,1.0
2319,175.0,36.0,1.0
2320,136.0,277.0,1.0
2321,1.0,89.0,1.0
2322,182.0,432.0,1.0
2323,150.0,229.0,1.0
2324,64.0,565.0,1.0
2325,259.0,396.0,1.0
2326,60.0,232.0,1.0
2327,17.0,304.0,1.0
2328,108.0,122.0,1.0
2329,136.0,496.0,1.0
2330,248.0,352.0,1.0
2331,22.0,428.0,1.0
2332,175.0,217.0,1.0
2333,129.0,516.0,1.0
2334,9.0,82.0,1.0
2335,134.0,40.0,1.0
2336,81.0,566.0,1.0
2337,200.0,486.0,1.0
2338,56.0,540.0,1.0
2339,71.0,205.0,1.0
2340,175.0,504.0,1.0
2341,3.0,115.0,1.0
2342,145.0,390.0,1.0
2343,256.0,224.0,1.0
2344,47.0,118.0,1.0
2345,9.0,272.0,1.0
2346,155.0,20.0,1.0
2347,240.0,91.0,1.0
2348,188.0,91.0,1.0
2349,176.0,352.0,1.0
2350,81.0,321.0,1.0
2351,202.0,455.0,1.0
2352,208.0,517.0,1.0
2353,108.0,358.0,1.0
2354,81.0,284.0,1.0
2355,75.0,125.0,1.0
2356,145.0,521.0,1.0
2357,68.0,443.0,1.0
2358,139.0,386.0,1.0
2359,117.0,240.0,1.0
2360,168.0,47.0,1.0
2361,114.0,384.0,1.0
2362,142.0,378.0,1.0
2363,218.0,438.0,1.0
2364,184.0,485.0,1.0
2365,147.0,74.0,1.0
2366,17.0,314.0,1.0
2367,96.0,192.0,1.0
2368,10.0,44.0,1.0
2369,51.0,367.0,1.0
2370,217.0,22.0,1.0
2371,34.0,455.0,1.0
2372,223.0,309.0,1.0
2373,17.0,401.0,1.0
2374,97.0,323.0,1.0
2375,126.0,467.0,1.0
2376,226.0,39.0,1.0
2377,127.0,26.0,1.0
2378,98.0,10.0,1.0
2379,235.0,146.0,1.0
2380,211.0,337.0,1.0
2381,256.0,22.0,1.0
2382,127.0,305.0,1.0
2383,79.0,217.0,1.0
2384,245.0,195.0,1.0
2385,71.0,426.0,1.0
2386,136.0,184.0,1.0
2387,185.0,119.0,1.0
2388,58.0,228.0,1.0
2389,147.0,73.0,1.0
2390,175.0,480.0,1.0
2391,87.0,463.0,1.0
2392,184.0,40.0,1.0
2393,248.0,429.0,1.0
2394,83.0,40.0,1.0
2395,121.0,11.0,1.0
2396,68.0,8.0,1.0
2397,47.0,266.0,1.0
2398,97.0,379.0,1.0
2399,107.0,117.0,1.0
2400,217.0,191.0,1.0
2401,104.0,589.0,1.0
2402,2.0,141.0,1.0
2403,223.0,430.0,1.0
2404,62.0,124.0,1.0
2405,80.0,289.0,1.0
2406,89.0,530.0,1.0
2407,178.0,148.0,1.0
2408,223.0,185.0,1.0
2409,105.0,325.0,1.0
2410,208.0,45.0,1.0
2411,260.0,162.0,1.0
2412,189.0,563.0,1.0
2413,177.0,170.0,1.0
2414,2.0,95.0,1.0
2415,220.0,97.0,1.0
2416,29.0,306.0,1.0
2417,64.0,176.0,1.0
2418,30.0,261.0,1.0
2419,96.0,342.0,1.0
2420,116.0,590.0,1.0
2421,51.0,511.0,1.0
2422,192.0,156.0,1.0
2423,115.0,136.0,1.0
2424,89.0,337.0,1.0
2425,129.0,83.0,1.0
2426,32.0,120.0,1.0
2427,29.0,136.0,1.0
2428,90.0,123.0,1.0
2429,248.0,33.0,1.0
2430,228.0,51.0,1.0
2431,82.0,245.0,1.0
2432,54.0,261.0,1.0
2433,223.0,225.0,1.0
2434,89.0,21.0,1.0
2435,5.0,186.0,1.0
2436,239.0,379.0,1.0
2437,226.0,521.0,1.0
2438,173.0,484.0,1.0
2439,45.0,1.0,1.0
2440,199.0,356.0,1.0
2441,147.0,341.0,1.0
2442,53.0,144.0,1.0
2443,202.0,9.0,1.0
2444,87.0,9.0,1.0
2445,147.0,197.0,1.0
2446,250.0,282.0,1.0
2447,189.0,401.0,1.0
2448,127.0,60.0,1.0
2449,56.0,246.0,1.0
2450,31.0,255.0,1.0
2451,67.0,327.0,1.0
2452,189.0,561.0,1.0
2453,248.0,592.0,1.0
2454,11.0,225.0,1.0
2455,150.0,388.0,1.0
2456,65.0,18.0,1.0
2457,81.0,399.0,1.0
2458,58.0,293.0,1.0
2459,228.0,68.0,1.0
2460,53.0,411.0,1.0
2461,190.0,127.0,1.0
2462,98.0,262.0,1.0
2463,183.0,39.0,1.0
2464,172.0,519.0,1.0
2465,147.0,108.0,1.0
2466,147.0,368.0,1.0
2467,74.0,145.0,1.0
2468,191.0,168.0,1.0
2469,147.0,381.0,1.0
2470,65.0,58.0,1.0
2471,239.0,121.0,1.0
2472,177.0,527.0,1.0
2473,84.0,83.0,1.0
2474,65.0,191.0,1.0
2475,52.0,197.0,1.0
2476,195.0,266.0,1.0
2477,244.0,133.0,1.0
2478,22.0,240.0,1.0
2479,85.0,306.0,1.0
2480,225.0,156.0,1.0
2481,238.0,104.0,1.0
2482,9.0,62.0,1.0
2483,182.0,89.0,1.0
2484,182.0,114.0,1.0
2485,79.0,100.0,1.0
2486,84.0,32.0,1.0
2487,224.0,280.0,1.0
2488,156.0,505.0,1.0
2489,128.0,584.0,1.0
2490,87.0,410.0,1.0
2491,259.0,168.0,1.0
2492,105.0,286.0,1.0
2493,133.0,204.0,1.0
2494,39.0,146.0,1.0
2495,205.0,370.0,1.0
2496,188.0,563.0,1.0
2497,82.0,221.0,1.0
2498,114.0,44.0,1.0
2499,147.0,424.0,1.0
2500,105.0,331.0,1.0
2501,244.0,31.0,1.0
2502,102.0,423.0,1.0
2503,189.0,164.0,1.0
2504,168.0,250.0,1.0
2505,87.0,130.0,1.0
2506,32.0,59.0,1.0
2507,104.0,313.0,1.0
2508,223.0,120.0,1.0
2509,242.0,191.0,1.0
2510,145.0,326.0,1.0
2511,159.0,59.0,1.0
2512,51.0,66.0,1.0
2513,256.0,205.0,1.0
2514,7.0,233.0,1.0
2515,78.0,186.0,1.0
2516,195.0,352.0,1.0
2517,82.0,116.0,1.0
2518,197.0,238.0,1.0
2519,37.0,246.0,1.0
2520,53.0,254.0,1.0
2521,182.0,241.0,1.0
2522,116.0,67.0,1.0
2523,100.0,32.0,1.0
2524,64.0,44.0,1.0
2525,89.0,511.0,1.0
2526,243.0,137.0,1.0
2527,165.0,424.0,1.0
2528,163.0,31.0,1.0
2529,79.0,1.0,1.0
2530,103.0,532.0,1.0
2531,89.0,207.0,1.0
2532,62.0,224.0,1.0
2533,33.0,334.0,1.0
2534,214.0,367.0,1.0
2535,64.0,408.0,1.0
2536,94.0,330.0,1.0
2537,212.0,368.0,1.0
2538,176.0,91.0,1.0
2539,56.0,457.0,1.0
2540,147.0,5.0,1.0
2541,264.0,420.0,1.0
2542,147.0,1.0,1.0
2543,77.0,407.0,1.0
2544,223.0,343.0,1.0
2545,57.0,367.0,1.0
2546,128.0,359.0,1.0
2547,119.0,62.0,1.0
2548,32.0,437.0,1.0
2549,119.0,387.0,1.0
2550,245.0,219.0,1.0
2551,205.0,362.0,1.0
2552,16.0,77.0,1.0
2553,42.0,45.0,1.0
2554,9.0,24.0,1.0
2555,129.0,415.0,1.0
2556,104.0,48.0,1.0
2557,58.0,252.0,1.0
2558,248.0,60.0,1.0
2559,84.0,449.0,1.0
2560,56.0,529.0,1.0
2561,189.0,33.0,1.0
2562,145.0,45.0,1.0
2563,163.0,400.0,1.0
2564,81.0,394.0,1.0
2565,123.0,45.0,1.0
2566,258.0,81.0,1.0
2567,91.0,545.0,1.0
2568,189.0,455.0,1.0
2569,91.0,445.0,1.0
2570,75.0,97.0,1.0
2571,64.0,59.0,1.0
2572,39.0,420.0,1.0
2573,147.0,340.0,1.0
2574,174.0,89.0,1.0
2575,83.0,226.0,1.0
2576,173.0,179.0,1.0
2577,42.0,23.0,1.0
2578,169.0,560.0,1.0
2579,126.0,425.0,1.0
2580,145.0,126.0,1.0
2581,183.0,494.0,1.0
2582,256.0,186.0,1.0
2583,225.0,50.0,1.0
2584,116.0,61.0,1.0
2585,79.0,234.0,1.0
2586,116.0,429.0,1.0
2587,145.0,207.0,1.0
2588,84.0,310.0,1.0
2589,89.0,145.0,1.0
2590,102.0,213.0,1.0
2591,75.0,103.0,1.0
2592,224.0,241.0,1.0
2593,169.0,241.0,1.0
2594,109.0,363.0,1.0
2595,224.0,243.0,1.0
2596,128.0,420.0,1.0
2597,102.0,593.0,1.0
2598,238.0,156.0,1.0
2599,141.0,332.0,1.0
2600,73.0,218.0,1.0
2601,64.0,205.0,1.0
2602,105.0,266.0,1.0
2603,162.0,59.0,1.0
2604,82.0,277.0,1.0
2605,97.0,403.0,1.0
2606,82.0,127.0,1.0
2607,182.0,20.0,1.0
2608,245.0,40.0,1.0
2609,222.0,269.0,1.0
2610,178.0,423.0,1.0
2611,102.0,343.0,1.0
2612,96.0,242.0,1.0
2613,4.0,70.0,1.0
2614,86.0,415.0,1.0
2615,256.0,36.0,1.0
2616,56.0,534.0,1.0
2617,164.0,201.0,1.0
2618,191.0,178.0,1.0
2619,108.0,213.0,1.0
2620,179.0,10.0,1.0
2621,116.0,62.0,1.0
2622,225.0,111.0,1.0
2623,147.0,173.0,1.0
2624,78.0,221.0,1.0
2625,114.0,308.0,1.0
2626,152.0,44.0,1.0
2627,82.0,81.0,1.0
2628,231.0,527.0,1.0
2629,223.0,60.0,1.0
2630,218.0,143.0,1.0
2631,81.0,10.0,1.0
2632,79.0,4.0,1.0
2633,147.0,591.0,1.0
2634,126.0,415.0,1.0
2635,87.0,445.0,1.0
2636,81.0,386.0,1.0
2637,144.0,133.0,1.0
2638,248.0,39.0,1.0
2639,175.0,197.0,1.0
2640,102.0,21.0,1.0
2641,17.0,383.0,1.0
2642,64.0,413.0,1.0
2643,81.0,379.0,1.0
2644,67.0,22.0,1.0
2645,126.0,472.0,1.0
2646,178.0,154.0,1.0
2647,83.0,425.0,1.0
2648,203.0,463.0,1.0
2649,175.0,226.0,1.0
2650,45.0,400.0,1.0
2651,71.0,375.0,1.0
2652,68.0,236.0,1.0
2653,101.0,409.0,1.0
2654,74.0,156.0,1.0
2655,124.0,449.0,1.0
2656,148.0,321.0,1.0
2657,262.0,103.0,1.0
2658,78.0,113.0,1.0
2659,50.0,288.0,1.0
2660,53.0,310.0,1.0
2661,203.0,59.0,1.0
2662,195.0,253.0,1.0
2663,196.0,47.0,1.0
2664,198.0,70.0,1.0
2665,128.0,39.0,1.0
2666,10.0,286.0,1.0
2667,164.0,425.0,1.0
2668,223.0,195.0,1.0
2669,87.0,148.0,1.0
2670,227.0,255.0,1.0
2671,21.0,349.0,1.0
2672,90.0,147.0,1.0
2673,249.0,111.0,1.0
2674,97.0,59.0,1.0
2675,160.0,95.0,1.0
2676,71.0,191.0,1.0
2677,69.0,202.0,1.0
2678,176.0,410.0,1.0
2679,208.0,0.0,1.0
2680,127.0,420.0,1.0
2681,224.0,126.0,1.0
2682,6.0,223.0,1.0
2683,34.0,103.0,1.0
2684,126.0,417.0,1.0
2685,102.0,411.0,1.0
2686,42.0,48.0,1.0
2687,178.0,391.0,1.0
2688,261.0,253.0,1.0
2689,229.0,91.0,1.0
2690,24.0,113.0,1.0
2691,87.0,128.0,1.0
2692,163.0,159.0,1.0
2693,32.0,141.0,1.0
2694,223.0,512.0,1.0
2695,49.0,214.0,1.0
2696,214.0,58.0,1.0
2697,139.0,33.0,1.0
2698,203.0,120.0,1.0
2699,186.0,100.0,1.0
2700,250.0,394.0,1.0
2701,26.0,141.0,1.0
2702,20.0,9.0,1.0
2703,248.0,384.0,1.0
2704,74.0,382.0,1.0
2705,17.0,379.0,1.0
2706,60.0,411.0,1.0
2707,80.0,47.0,1.0
2708,200.0,69.0,1.0
2709,207.0,268.0,1.0
2710,82.0,80.0,1.0
2711,14.0,316.0,1.0
2712,69.0,388.0,1.0
2713,101.0,224.0,1.0
2714,49.0,467.0,1.0
2715,183.0,449.0,1.0
2716,234.0,59.0,1.0
2717,212.0,399.0,1.0
2718,83.0,61.0,1.0
2719,183.0,202.0,1.0
2720,59.0,378.0,1.0
2721,105.0,197.0,1.0
2722,143.0,512.0,1.0
2723,6.0,146.0,1.0
2724,248.0,27.0,1.0
2725,133.0,73.0,1.0
2726,114.0,45.0,1.0
2727,166.0,222.0,1.0
2728,248.0,23.0,1.0
2729,100.0,487.0,1.0
2730,124.0,482.0,1.0
2731,136.0,436.0,1.0
2732,223.0,284.0,1.0
2733,90.0,122.0,1.0
2734,136.0,62.0,1.0
2735,31.0,370.0,1.0
2736,81.0,230.0,1.0
2737,147.0,497.0,1.0
2738,216.0,147.0,1.0
2739,170.0,429.0,1.0
2740,59.0,399.0,1.0
2741,206.0,219.0,1.0
2742,103.0,219.0,1.0
2743,167.0,12.0,1.0
2744,131.0,143.0,1.0
2745,52.0,36.0,1.0
2746,227.0,230.0,1.0
2747,63.0,378.0,1.0
2748,203.0,305.0,1.0
2749,183.0,343.0,1.0
2750,251.0,106.0,1.0
2751,6.0,222.0,1.0
2752,94.0,509.0,1.0
2753,251.0,103.0,1.0
2754,195.0,208.0,1.0
2755,68.0,146.0,1.0
2756,218.0,97.0,1.0
2757,87.0,92.0,1.0
2758,160.0,39.0,1.0
2759,258.0,107.0,1.0
2760,85.0,91.0,1.0
2761,127.0,73.0,1.0
2762,38.0,156.0,1.0
2763,82.0,536.0,1.0
2764,16.0,55.0,1.0
2765,210.0,116.0,1.0
2766,262.0,64.0,1.0
2767,108.0,209.0,1.0
2768,133.0,47.0,1.0
2769,12.0,208.0,1.0
2770,126.0,374.0,1.0
2771,96.0,279.0,1.0
2772,185.0,400.0,1.0
2773,48.0,294.0,1.0
2774,183.0,222.0,1.0
2775,104.0,120.0,1.0
2776,138.0,339.0,1.0
2777,82.0,387.0,1.0
2778,19.0,175.0,1.0
2779,94.0,429.0,1.0
2780,100.0,62.0,1.0
2781,71.0,527.0,1.0
2782,130.0,134.0,1.0
2783,129.0,429.0,1.0
2784,170.0,457.0,1.0
2785,188.0,434.0,1.0
2786,156.0,197.0,1.0
2787,232.0,71.0,1.0
2788,51.0,25.0,1.0
2789,22.0,14.0,1.0
2790,87.0,86.0,1.0
2791,240.0,92.0,1.0
2792,49.0,202.0,1.0
2793,202.0,206.0,1.0
2794,128.0,170.0,1.0
2795,130.0,226.0,1.0
2796,149.0,39.0,1.0
2797,8.0,246.0,1.0
2798,75.0,79.0,1.0
2799,86.0,215.0,1.0
2800,2.0,142.0,1.0
2801,26.0,226.0,1.0
2802,225.0,64.0,1.0
2803,114.0,143.0,1.0
2804,136.0,229.0,1.0
2805,141.0,295.0,1.0
2806,14.0,59.0,1.0
2807,223.0,182.0,1.0
2808,17.0,135.0,1.0
2809,182.0,284.0,1.0
2810,1.0,87.0,1.0
2811,235.0,296.0,1.0
2812,199.0,211.0,1.0
2813,199.0,572.0,1.0
2814,165.0,434.0,1.0
2815,154.0,343.0,1.0
2816,126.0,133.0,1.0
2817,234.0,400.0,1.0
2818,258.0,21.0,1.0
2819,181.0,103.0,1.0
2820,69.0,581.0,1.0
2821,1.0,43.0,1.0
2822,94.0,24.0,1.0
2823,139.0,191.0,1.0
2824,13.0,343.0,1.0
2825,10.0,301.0,1.0
2826,48.0,306.0,1.0
2827,238.0,146.0,1.0
2828,207.0,346.0,1.0
2829,60.0,125.0,1.0
2830,65.0,310.0,1.0
2831,196.0,189.0,1.0
2832,92.0,103.0,1.0
2833,97.0,135.0,1.0
2834,89.0,266.0,1.0
2835,49.0,89.0,1.0
2836,52.0,89.0,1.0
2837,195.0,79.0,1.0
2838,149.0,127.0,1.0
2839,242.0,398.0,1.0
2840,96.0,90.0,1.0
2841,121.0,73.0,1.0
2842,87.0,234.0,1.0
2843,1.0,45.0,1.0
2844,86.0,89.0,1.0
2845,52.0,113.0,1.0
2846,203.0,50.0,1.0
2847,90.0,7.0,1.0
2848,117.0,1.0,1.0
2849,147.0,348.0,1.0
2850,184.0,115.0,1.0
2851,114.0,56.0,1.0
2852,90.0,29.0,1.0
2853,88.0,95.0,1.0
2854,31.0,40.0,1.0
2855,249.0,118.0,1.0
2856,64.0,207.0,1.0
2857,175.0,26.0,1.0
2858,165.0,31.0,1.0
2859,224.0,100.0,1.0
2860,158.0,40.0,1.0
2861,139.0,284.0,1.0
2862,9.0,56.0,1.0
2863,116.0,269.0,1.0
2864,144.0,75.0,1.0
2865,53.0,136.0,1.0
2866,33.0,9.0,1.0
2867,52.0,62.0,1.0
2868,177.0,487.0,1.0
2869,96.0,202.0,1.0
2870,102.0,506.0,1.0
2871,123.0,245.0,1.0
2872,117.0,564.0,1.0
2873,87.0,544.0,1.0
2874,102.0,50.0,1.0
2875,87.0,157.0,1.0
2876,185.0,135.0,1.0
2877,177.0,341.0,1.0
2878,45.0,59.0,1.0
2879,92.0,11.0,1.0
2880,84.0,333.0,1.0
2881,231.0,31.0,1.0
2882,74.0,197.0,1.0
2883,84.0,319.0,1.0
2884,31.0,379.0,1.0
2885,123.0,256.0,1.0
2886,155.0,143.0,1.0
2887,84.0,286.0,1.0
2888,88.0,1.0,1.0
2889,216.0,146.0,1.0
2890,132.0,412.0,1.0
2891,178.0,86.0,1.0
2892,187.0,205.0,1.0
2893,154.0,456.0,1.0
2894,245.0,415.0,1.0
2895,144.0,427.0,1.0
2896,175.0,39.0,1.0
2897,93.0,429.0,1.0
2898,214.0,223.0,1.0
2899,68.0,136.0,1.0
2900,207.0,239.0,1.0
2901,178.0,376.0,1.0
2902,97.0,374.0,1.0
2903,65.0,46.0,1.0
2904,145.0,393.0,1.0
2905,159.0,138.0,1.0
2906,197.0,42.0,1.0
2907,200.0,172.0,1.0
2908,245.0,464.0,1.0
2909,82.0,459.0,1.0
2910,96.0,89.0,1.0
2911,47.0,111.0,1.0
2912,240.0,136.0,1.0
2913,186.0,372.0,1.0
2914,74.0,354.0,1.0
2915,202.0,130.0,1.0
2916,4.0,175.0,1.0
2917,78.0,35.0,1.0
2918,82.0,504.0,1.0
2919,31.0,179.0,1.0
2920,44.0,7.0,1.0
2921,81.0,74.0,1.0
2922,72.0,521.0,1.0
2923,82.0,311.0,1.0
2924,94.0,521.0,1.0
2925,173.0,50.0,1.0
2926,223.0,174.0,1.0
2927,158.0,147.0,1.0
2928,79.0,90.0,1.0
2929,259.0,464.0,1.0
2930,156.0,190.0,1.0
2931,193.0,8.0,1.0
2932,187.0,378.0,1.0
2933,194.0,179.0,1.0
2934,148.0,18.0,1.0
2935,48.0,147.0,1.0
2936,84.0,267.0,1.0
2937,122.0,538.0,1.0
2938,75.0,232.0,1.0
2939,195.0,120.0,1.0
2940,181.0,134.0,1.0
2941,62.0,14.0,1.0
2942,207.0,102.0,1.0
2943,224.0,59.0,1.0
2944,132.0,213.0,1.0
2945,178.0,505.0,1.0
2946,141.0,293.0,1.0
2947,156.0,116.0,1.0
2948,16.0,61.0,1.0
2949,74.0,518.0,1.0
2950,16.0,194.0,1.0
2951,203.0,94.0,1.0
2952,193.0,329.0,1.0
2953,20.0,159.0,1.0
2954,82.0,475.0,1.0
2955,181.0,26.0,1.0
2956,83.0,321.0,1.0
2957,191.0,268.0,1.0
2958,203.0,175.0,1.0
2959,199.0,12.0,1.0
2960,149.0,47.0,1.0
2961,17.0,131.0,1.0
2962,79.0,207.0,1.0
2963,149.0,147.0,1.0
2964,149.0,50.0,1.0
2965,194.0,145.0,1.0
2966,81.0,310.0,1.0
2967,164.0,498.0,1.0
2968,147.0,540.0,1.0
2969,197.0,334.0,1.0
2970,78.0,33.0,1.0
2971,42.0,47.0,1.0
2972,190.0,79.0,1.0
2973,118.0,305.0,1.0
2974,133.0,327.0,1.0
2975,58.0,32.0,1.0
2976,31.0,91.0,1.0
2977,5.0,7.0,1.0
2978,225.0,420.0,1.0
2979,81.0,537.0,1.0
2980,129.0,411.0,1.0
2981,162.0,70.0,1.0
2982,164.0,506.0,1.0
2983,88.0,310.0,1.0
2984,81.0,292.0,1.0
2985,104.0,362.0,1.0
2986,103.0,116.0,1.0
2987,88.0,454.0,1.0
2988,81.0,375.0,1.0
2989,159.0,47.0,1.0
2990,183.0,334.0,1.0
2991,266.0,59.0,1.0
2992,84.0,156.0,1.0
2993,103.0,106.0,1.0
2994,29.0,65.0,1.0
2995,150.0,100.0,1.0
2996,141.0,84.0,1.0
2997,116.0,490.0,1.0
2998,147.0,85.0,1.0
2999,145.0,144.0,1.0
3000,133.0,579.0,1.0
3001,17.0,353.0,1.0
3002,268.0,252.0,1.0
3003,175.0,448.0,1.0
3004,230.0,438.0,1.0
3005,51.0,113.0,1.0
3006,12.0,128.0,1.0
3007,158.0,229.0,1.0
3008,243.0,182.0,1.0
3009,218.0,478.0,1.0
3010,234.0,10.0,1.0
3011,69.0,113.0,1.0
3012,31.0,204.0,1.0
3013,129.0,528.0,1.0
3014,64.0,437.0,1.0
3015,9.0,28.0,1.0
3016,102.0,459.0,1.0
3017,65.0,333.0,1.0
3018,86.0,258.0,1.0
3019,156.0,63.0,1.0
3020,104.0,141.0,1.0
3021,94.0,190.0,1.0
3022,117.0,586.0,1.0
3023,117.0,234.0,1.0
3024,116.0,77.0,1.0
3025,96.0,253.0,1.0
3026,242.0,567.0,1.0
3027,123.0,510.0,1.0
3028,205.0,11.0,1.0
3029,200.0,526.0,1.0
3030,147.0,162.0,1.0
3031,242.0,236.0,1.0
3032,232.0,146.0,1.0
3033,199.0,256.0,1.0
3034,232.0,369.0,1.0
3035,17.0,388.0,1.0
3036,52.0,229.0,1.0
3037,202.0,420.0,1.0
3038,82.0,218.0,1.0
3039,148.0,282.0,1.0
3040,14.0,22.0,1.0
3041,183.0,463.0,1.0
3042,226.0,1.0,1.0
3043,231.0,229.0,1.0
3044,29.0,38.0,1.0
3045,260.0,273.0,1.0
3046,194.0,223.0,1.0
3047,82.0,133.0,1.0
3048,74.0,321.0,1.0
3049,262.0,125.0,1.0
3050,17.0,378.0,1.0
3051,250.0,547.0,1.0
3052,248.0,233.0,1.0
3053,89.0,311.0,1.0
3054,262.0,179.0,1.0
3055,117.0,457.0,1.0
3056,183.0,486.0,1.0
3057,224.0,331.0,1.0
3058,114.0,51.0,1.0
3059,144.0,157.0,1.0
3060,81.0,388.0,1.0
3061,265.0,194.0,1.0
3062,1.0,60.0,1.0
3063,248.0,11.0,1.0
3064,16.0,62.0,1.0
3065,30.0,60.0,1.0
3066,226.0,420.0,1.0
3067,123.0,128.0,1.0
3068,126.0,406.0,1.0
3069,114.0,120.0,1.0
3070,176.0,551.0,1.0
3071,64.0,177.0,1.0
3072,6.0,232.0,1.0
3073,213.0,50.0,1.0
3074,74.0,36.0,1.0
3075,71.0,498.0,1.0
3076,83.0,518.0,1.0
3077,5.0,95.0,1.0
3078,6.0,220.0,1.0
3079,116.0,147.0,1.0
3080,105.0,136.0,1.0
3081,49.0,227.0,1.0
3082,5.0,203.0,1.0
3083,242.0,213.0,1.0
3084,97.0,81.0,1.0
3085,218.0,278.0,1.0
3086,113.0,31.0,1.0
3087,79.0,229.0,1.0
3088,194.0,260.0,1.0
3089,160.0,147.0,1.0
3090,226.0,219.0,1.0
3091,247.0,19.0,1.0
3092,203.0,181.0,1.0
3093,193.0,25.0,1.0
3094,183.0,518.0,1.0
3095,89.0,209.0,1.0
3096,248.0,36.0,1.0
3097,134.0,146.0,1.0
3098,71.0,208.0,1.0
3099,56.0,10.0,1.0
3100,262.0,252.0,1.0
3101,248.0,79.0,1.0
3102,180.0,219.0,1.0
3103,157.0,408.0,1.0
3104,130.0,113.0,1.0
3105,139.0,100.0,1.0
3106,78.0,378.0,1.0
3107,262.0,95.0,1.0
3108,104.0,181.0,1.0
3109,259.0,206.0,1.0
3110,159.0,190.0,1.0
3111,57.0,37.0,1.0
3112,189.0,562.0,1.0
3113,200.0,537.0,1.0
3114,147.0,276.0,1.0
3115,216.0,175.0,1.0
3116,114.0,270.0,1.0
3117,56.0,452.0,1.0
3118,149.0,70.0,1.0
3119,82.0,91.0,1.0
3120,178.0,429.0,1.0
3121,170.0,126.0,1.0
3122,180.0,220.0,1.0
3123,117.0,408.0,1.0
3124,79.0,411.0,1.0
3125,149.0,364.0,1.0
3126,58.0,166.0,1.0
3127,155.0,64.0,1.0
3128,107.0,407.0,1.0
3129,37.0,50.0,1.0
3130,138.0,228.0,1.0
3131,141.0,103.0,1.0
3132,82.0,393.0,1.0
3133,266.0,516.0,1.0
3134,234.0,26.0,1.0
3135,49.0,127.0,1.0
3136,264.0,132.0,1.0
3137,226.0,192.0,1.0
3138,224.0,120.0,1.0
3139,60.0,190.0,1.0
3140,124.0,83.0,1.0
3141,148.0,241.0,1.0
3142,211.0,410.0,1.0
3143,64.0,24.0,1.0
3144,83.0,220.0,1.0
3145,90.0,336.0,1.0
3146,90.0,346.0,1.0
3147,212.0,267.0,1.0
3148,191.0,203.0,1.0
3149,138.0,50.0,1.0
3150,156.0,543.0,1.0
3151,218.0,103.0,1.0
3152,242.0,224.0,1.0
3153,89.0,57.0,1.0
3154,180.0,179.0,1.0
3155,7.0,150.0,1.0
3156,49.0,388.0,1.0
3157,147.0,213.0,1.0
3158,117.0,117.0,1.0
3159,103.0,103.0,1.0
3160,99.0,92.0,1.0
3161,224.0,395.0,1.0
3162,218.0,394.0,1.0
3163,208.0,337.0,1.0
3164,255.0,45.0,1.0
3165,207.0,263.0,1.0
3166,64.0,379.0,1.0
3167,178.0,112.0,1.0
3168,201.0,89.0,1.0
3169,257.0,343.0,1.0
3170,105.0,31.0,1.0
3171,145.0,89.0,1.0
3172,161.0,59.0,1.0
3173,231.0,349.0,1.0
3174,58.0,316.0,1.0
3175,195.0,527.0,1.0
3176,1.0,32.0,1.0
3177,147.0,342.0,1.0
3178,133.0,57.0,1.0
3179,248.0,88.0,1.0
3180,155.0,335.0,1.0
3181,147.0,39.0,1.0
3182,149.0,365.0,1.0
3183,78.0,14.0,1.0
3184,58.0,70.0,1.0
3185,226.0,543.0,1.0
3186,259.0,309.0,1.0
3187,13.0,340.0,1.0
3188,17.0,396.0,1.0
3189,149.0,77.0,1.0
3190,242.0,100.0,1.0
3191,160.0,58.0,1.0
3192,84.0,410.0,1.0
3193,165.0,148.0,1.0
3194,60.0,15.0,1.0
3195,64.0,337.0,1.0
3196,44.0,218.0,1.0
3197,93.0,10.0,1.0
3198,104.0,561.0,1.0
3199,178.0,70.0,1.0
3200,187.0,454.0,1.0
3201,226.0,66.0,1.0
3202,210.0,186.0,1.0
3203,147.0,574.0,1.0
3204,138.0,333.0,1.0
3205,91.0,240.0,1.0
3206,232.0,424.0,1.0
3207,82.0,260.0,1.0
3208,94.0,202.0,1.0
3209,82.0,106.0,1.0
3210,264.0,60.0,1.0
3211,158.0,44.0,1.0
3212,189.0,10.0,1.0
3213,116.0,252.0,1.0
3214,146.0,156.0,1.0
3215,191.0,329.0,1.0
3216,89.0,5.0,1.0
3217,181.0,47.0,1.0
3218,67.0,104.0,1.0
3219,227.0,425.0,1.0
3220,129.0,221.0,1.0
3221,69.0,532.0,1.0
3222,87.0,493.0,1.0
3223,73.0,99.0,1.0
3224,52.0,70.0,1.0
3225,211.0,113.0,1.0
3226,257.0,420.0,1.0
3227,56.0,12.0,1.0
3228,35.0,70.0,1.0
3229,43.0,47.0,1.0
3230,248.0,566.0,1.0
3231,199.0,225.0,1.0
3232,217.0,396.0,1.0
3233,182.0,233.0,1.0
3234,136.0,204.0,1.0
3235,178.0,4.0,1.0
3236,214.0,126.0,1.0
3237,180.0,113.0,1.0
3238,132.0,379.0,1.0
3239,71.0,477.0,1.0
3240,78.0,206.0,1.0
3241,225.0,89.0,1.0
3242,31.0,36.0,1.0
3243,106.0,240.0,1.0
3244,51.0,118.0,1.0
3245,247.0,243.0,1.0
3246,16.0,29.0,1.0
3247,82.0,546.0,1.0
3248,86.0,186.0,1.0
3249,158.0,100.0,1.0
3250,108.0,447.0,1.0
3251,130.0,287.0,1.0
3252,178.0,92.0,1.0
3253,65.0,332.0,1.0
3254,191.0,269.0,1.0
3255,82.0,3.0,1.0
3256,177.0,175.0,1.0
3257,116.0,173.0,1.0
3258,146.0,577.0,1.0
3259,211.0,47.0,1.0
3260,162.0,570.0,1.0
3261,75.0,77.0,1.0
3262,139.0,409.0,1.0
3263,56.0,438.0,1.0
3264,87.0,498.0,1.0
3265,95.0,103.0,1.0
3266,90.0,199.0,1.0
3267,88.0,128.0,1.0
3268,32.0,10.0,1.0
3269,264.0,457.0,1.0
3270,214.0,111.0,1.0
3271,223.0,203.0,1.0
3272,223.0,395.0,1.0
3273,153.0,59.0,1.0
3274,83.0,245.0,1.0
3275,90.0,178.0,1.0
3276,136.0,549.0,1.0
3277,191.0,130.0,1.0
3278,178.0,504.0,1.0
3279,132.0,100.0,1.0
3280,148.0,38.0,1.0
3281,186.0,50.0,1.0
3282,17.0,158.0,1.0
3283,139.0,388.0,1.0
3284,48.0,274.0,1.0
3285,26.0,243.0,1.0
3286,90.0,21.0,1.0
3287,104.0,500.0,1.0
3288,37.0,241.0,1.0
3289,64.0,130.0,1.0
3290,51.0,478.0,1.0
3291,90.0,494.0,1.0
3292,98.0,70.0,1.0
3293,101.0,178.0,1.0
3294,12.0,277.0,1.0
3295,79.0,415.0,1.0
3296,130.0,50.0,1.0
3297,132.0,116.0,1.0
3298,144.0,257.0,1.0
3299,210.0,66.0,1.0
3300,189.0,117.0,1.0
3301,223.0,34.0,1.0
3302,226.0,272.0,1.0
3303,53.0,500.0,1.0
3304,90.0,272.0,1.0
3305,214.0,45.0,1.0
3306,72.0,146.0,1.0
3307,3.0,168.0,1.0
3308,130.0,484.0,1.0
3309,22.0,429.0,1.0
3310,87.0,541.0,1.0
3311,96.0,112.0,1.0
3312,88.0,222.0,1.0
3313,230.0,11.0,1.0
3314,167.0,134.0,1.0
3315,128.0,50.0,1.0
3316,71.0,332.0,1.0
3317,165.0,440.0,1.0
3318,139.0,25.0,1.0
3319,205.0,17.0,1.0
3320,150.0,94.0,1.0
3321,89.0,70.0,1.0
3322,37.0,10.0,1.0
3323,86.0,112.0,1.0
3324,224.0,279.0,1.0
3325,51.0,522.0,1.0
3326,129.0,39.0,1.0
3327,147.0,281.0,1.0
3328,149.0,69.0,1.0
3329,205.0,103.0,1.0
3330,140.0,103.0,1.0
3331,64.0,562.0,1.0
3332,175.0,14.0,1.0
3333,217.0,223.0,1.0
3334,108.0,229.0,1.0
3335,126.0,231.0,1.0
3336,177.0,252.0,1.0
3337,177.0,331.0,1.0
3338,246.0,362.0,1.0
3339,71.0,24.0,1.0
3340,189.0,1.0,1.0
3341,3.0,129.0,1.0
3342,181.0,36.0,1.0
3343,248.0,161.0,1.0
3344,164.0,117.0,1.0
3345,95.0,242.0,1.0
3346,165.0,378.0,1.0
3347,2.0,99.0,1.0
3348,255.0,20.0,1.0
3349,97.0,398.0,1.0
3350,246.0,252.0,1.0
3351,178.0,57.0,1.0
3352,144.0,273.0,1.0
3353,203.0,263.0,1.0
3354,84.0,89.0,1.0
3355,218.0,9.0,1.0
3356,183.0,413.0,1.0
3357,207.0,83.0,1.0
3358,2.0,143.0,1.0
3359,64.0,470.0,1.0
3360,223.0,534.0,1.0
3361,51.0,82.0,1.0
3362,7.0,143.0,1.0
3363,145.0,282.0,1.0
3364,132.0,217.0,1.0
3365,203.0,292.0,1.0
3366,108.0,576.0,1.0
3367,194.0,79.0,1.0
3368,110.0,445.0,1.0
3369,178.0,231.0,1.0
3370,147.0,282.0,1.0
3371,82.0,456.0,1.0
3372,223.0,77.0,1.0
3373,94.0,93.0,1.0
3374,82.0,379.0,1.0
3375,195.0,272.0,1.0
3376,142.0,92.0,1.0
3377,77.0,245.0,1.0
3378,158.0,534.0,1.0
3379,56.0,469.0,1.0
3380,8.0,247.0,1.0
3381,65.0,488.0,1.0
3382,123.0,66.0,1.0
3383,209.0,351.0,1.0
3384,178.0,51.0,1.0
3385,207.0,130.0,1.0
3386,194.0,66.0,1.0
3387,84.0,77.0,1.0
3388,130.0,30.0,1.0
3389,89.0,343.0,1.0
3390,249.0,241.0,1.0
3391,17.0,382.0,1.0
3392,96.0,280.0,1.0
3393,84.0,367.0,1.0
3394,107.0,348.0,1.0
3395,22.0,311.0,1.0
3396,5.0,36.0,1.0
3397,258.0,31.0,1.0
3398,239.0,522.0,1.0
3399,234.0,57.0,1.0
3400,190.0,191.0,1.0
3401,39.0,416.0,1.0
3402,84.0,357.0,1.0
3403,135.0,575.0,1.0
3404,230.0,118.0,1.0
3405,33.0,58.0,1.0
3406,183.0,390.0,1.0
3407,165.0,214.0,1.0
3408,29.0,225.0,1.0
3409,214.0,206.0,1.0
3410,182.0,517.0,1.0
3411,144.0,33.0,1.0
3412,156.0,531.0,1.0
3413,82.0,144.0,1.0
3414,209.0,226.0,1.0
3415,114.0,545.0,1.0
3416,16.0,215.0,1.0
3417,187.0,474.0,1.0
3418,69.0,518.0,1.0
3419,164.0,209.0,1.0
3420,147.0,32.0,1.0
3421,263.0,337.0,1.0
3422,147.0,120.0,1.0
3423,89.0,74.0,1.0
3424,113.0,78.0,1.0
3425,173.0,147.0,1.0
3426,71.0,86.0,1.0
3427,133.0,510.0,1.0
3428,256.0,372.0,1.0
3429,122.0,147.0,1.0
3430,44.0,342.0,1.0
3431,77.0,36.0,1.0
3432,126.0,66.0,1.0
3433,163.0,317.0,1.0
3434,184.0,411.0,1.0
3435,162.0,81.0,1.0
3436,195.0,64.0,1.0
3437,146.0,102.0,1.0
3438,23.0,175.0,1.0
3439,126.0,185.0,1.0
3440,38.0,102.0,1.0
3441,183.0,28.0,1.0
3442,65.0,77.0,1.0
3443,178.0,495.0,1.0
3444,16.0,356.0,1.0
3445,1.0,63.0,1.0
3446,2.0,116.0,1.0
3447,203.0,88.0,1.0
3448,100.0,44.0,1.0
3449,102.0,82.0,1.0
3450,65.0,99.0,1.0
3451,193.0,170.0,1.0
3452,78.0,39.0,1.0
3453,108.0,226.0,1.0
3454,96.0,479.0,1.0
3455,257.0,113.0,1.0
3456,156.0,453.0,1.0
3457,11.0,294.0,1.0
3458,1.0,85.0,1.0
3459,185.0,219.0,1.0
3460,71.0,237.0,1.0
3461,268.0,106.0,1.0
3462,227.0,447.0,1.0
3463,208.0,382.0,1.0
3464,210.0,123.0,1.0
3465,136.0,255.0,1.0
3466,30.0,147.0,1.0
3467,123.0,247.0,1.0
3468,178.0,398.0,1.0
3469,91.0,45.0,1.0
3470,165.0,106.0,1.0
3471,258.0,86.0,1.0
3472,2.0,131.0,1.0
3473,147.0,18.0,1.0
3474,44.0,484.0,1.0
3475,9.0,267.0,1.0
3476,259.0,138.0,1.0
3477,226.0,177.0,1.0
3478,259.0,177.0,1.0
3479,10.0,89.0,1.0
3480,182.0,594.0,1.0
3481,200.0,241.0,1.0
3482,38.0,442.0,1.0
3483,78.0,387.0,1.0
3484,131.0,81.0,1.0
3485,189.0,229.0,1.0
3486,178.0,195.0,1.0
3487,123.0,448.0,1.0
3488,194.0,420.0,1.0
3489,186.0,65.0,1.0
3490,114.0,84.0,1.0
3491,234.0,5.0,1.0
3492,90.0,120.0,1.0
3493,122.0,27.0,1.0
3494,78.0,0.0,1.0
3495,104.0,49.0,1.0
3496,96.0,282.0,1.0
3497,39.0,398.0,1.0
3498,137.0,62.0,1.0
3499,142.0,122.0,1.0
3500,82.0,485.0,1.0
3501,49.0,357.0,1.0
3502,190.0,409.0,1.0
3503,34.0,136.0,1.0
3504,249.0,494.0,1.0
3505,37.0,316.0,1.0
3506,9.0,69.0,1.0
3507,17.0,377.0,1.0
3508,21.0,241.0,1.0
3509,60.0,472.0,1.0
3510,104.0,103.0,1.0
3511,19.0,291.0,1.0
3512,28.0,367.0,1.0
3513,214.0,59.0,1.0
3514,184.0,367.0,1.0
3515,178.0,410.0,1.0
3516,156.0,596.0,1.0
3517,68.0,238.0,1.0
3518,234.0,49.0,1.0
3519,96.0,126.0,1.0
3520,62.0,505.0,1.0
3521,194.0,77.0,1.0
3522,223.0,310.0,1.0
3523,130.0,155.0,1.0
3524,136.0,399.0,1.0
3525,74.0,256.0,1.0
3526,174.0,482.0,1.0
3527,31.0,219.0,1.0
3528,155.0,238.0,1.0
3529,2.0,84.0,1.0
3530,199.0,156.0,1.0
3531,164.0,413.0,1.0
3532,127.0,80.0,1.0
3533,147.0,542.0,1.0
3534,72.0,156.0,1.0
3535,168.0,386.0,1.0
3536,10.0,153.0,1.0
3537,218.0,65.0,1.0
3538,234.0,382.0,1.0
3539,131.0,40.0,1.0
3540,116.0,102.0,1.0
3541,102.0,333.0,1.0
3542,126.0,420.0,1.0
3543,83.0,59.0,1.0
3544,84.0,147.0,1.0
3545,181.0,556.0,1.0
3546,186.0,463.0,1.0
3547,102.0,23.0,1.0
3548,150.0,280.0,1.0
3549,153.0,89.0,1.0
3550,74.0,116.0,1.0
3551,98.0,241.0,1.0
3552,202.0,47.0,1.0
3553,176.0,120.0,1.0
3554,141.0,478.0,1.0
3555,100.0,597.0,1.0
3556,158.0,138.0,1.0
3557,127.0,517.0,1.0
3558,39.0,305.0,1.0
3559,51.0,369.0,1.0
3560,87.0,78.0,1.0
3561,194.0,91.0,1.0
3562,130.0,420.0,1.0
3563,104.0,118.0,1.0
3564,254.0,103.0,1.0
3565,211.0,159.0,1.0
3566,53.0,507.0,1.0
3567,116.0,175.0,1.0
3568,227.0,20.0,1.0
3569,209.0,81.0,1.0
3570,164.0,181.0,1.0
3571,154.0,47.0,1.0
3572,158.0,222.0,1.0
3573,207.0,295.0,1.0
3574,52.0,402.0,1.0
3575,161.0,377.0,1.0
3576,94.0,206.0,1.0
3577,173.0,447.0,1.0
3578,48.0,247.0,1.0
3579,195.0,204.0,1.0
3580,128.0,82.0,1.0
3581,226.0,123.0,1.0
3582,103.0,5.0,1.0
3583,226.0,214.0,1.0
3584,79.0,337.0,1.0
3585,105.0,571.0,1.0
3586,153.0,218.0,1.0
3587,186.0,105.0,1.0
3588,189.0,7.0,1.0
3589,81.0,31.0,1.0
3590,136.0,248.0,1.0
3591,182.0,270.0,1.0
3592,262.0,304.0,1.0
3593,64.0,538.0,1.0
3594,84.0,14.0,1.0
3595,206.0,7.0,1.0
3596,176.0,111.0,1.0
3597,145.0,130.0,1.0
3598,178.0,356.0,1.0
3599,51.0,515.0,1.0
3600,81.0,474.0,1.0
3601,95.0,111.0,1.0
3602,175.0,156.0,1.0
3603,135.0,204.0,1.0
3604,232.0,361.0,1.0
3605,229.0,245.0,1.0
3606,231.0,168.0,1.0
3607,16.0,88.0,1.0
3608,82.0,495.0,1.0
3609,64.0,118.0,1.0
3610,145.0,40.0,1.0
3611,155.0,548.0,1.0
3612,249.0,58.0,1.0
3613,172.0,310.0,1.0
3614,17.0,374.0,1.0
3615,264.0,51.0,1.0
3616,16.0,301.0,1.0
3617,250.0,246.0,1.0
3618,108.0,19.0,1.0
3619,88.0,10.0,1.0
3620,53.0,413.0,1.0
3621,165.0,62.0,1.0
3622,181.0,133.0,1.0
3623,233.0,247.0,1.0
3624,79.0,471.0,1.0
3625,250.0,125.0,1.0
3626,9.0,201.0,1.0
3627,247.0,460.0,1.0
3628,47.0,120.0,1.0
3629,64.0,126.0,1.0
3630,53.0,391.0,1.0
3631,22.0,431.0,1.0
3632,37.0,458.0,1.0
3633,261.0,143.0,1.0
3634,135.0,251.0,1.0
3635,78.0,388.0,1.0
3636,33.0,66.0,1.0
3637,56.0,481.0,1.0
3638,103.0,581.0,1.0
3639,256.0,181.0,1.0
3640,82.0,507.0,1.0
3641,99.0,39.0,1.0
3642,84.0,548.0,1.0
3643,73.0,113.0,1.0
3644,20.0,143.0,1.0
3645,19.0,45.0,1.0
3646,114.0,195.0,1.0
3647,207.0,352.0,1.0
3648,87.0,592.0,1.0
3649,148.0,175.0,1.0
3650,147.0,50.0,1.0
3651,11.0,311.0,1.0
3652,185.0,58.0,1.0
3653,17.0,389.0,1.0
3654,65.0,399.0,1.0
3655,264.0,201.0,1.0
3656,132.0,197.0,1.0
3657,23.0,133.0,1.0
3658,71.0,195.0,1.0
3659,64.0,3.0,1.0
3660,51.0,208.0,1.0
3661,64.0,295.0,1.0
3662,157.0,280.0,1.0
3663,147.0,160.0,1.0
3664,162.0,111.0,1.0
3665,27.0,122.0,1.0
3666,259.0,241.0,1.0
3667,168.0,197.0,1.0
3668,121.0,119.0,1.0
3669,51.0,147.0,1.0
3670,147.0,524.0,1.0
3671,102.0,91.0,1.0
3672,259.0,434.0,1.0
3673,46.0,266.0,1.0
3674,169.0,124.0,1.0
3675,51.0,384.0,1.0
3676,61.0,468.0,1.0
3677,82.0,100.0,1.0
3678,52.0,79.0,1.0
3679,239.0,501.0,1.0
3680,186.0,31.0,1.0
3681,195.0,190.0,1.0
3682,155.0,92.0,1.0
3683,102.0,359.0,1.0
3684,179.0,416.0,1.0
3685,85.0,266.0,1.0
3686,207.0,495.0,1.0
3687,48.0,76.0,1.0
3688,266.0,580.0,1.0
3689,75.0,216.0,1.0
3690,195.0,287.0,1.0
3691,16.0,264.0,1.0
3692,196.0,214.0,1.0
3693,256.0,525.0,1.0
3694,106.0,44.0,1.0
3695,9.0,278.0,1.0
3696,133.0,22.0,1.0
3697,145.0,561.0,1.0
3698,42.0,320.0,1.0
3699,70.0,97.0,1.0
3700,181.0,143.0,1.0
3701,191.0,65.0,1.0
3702,69.0,127.0,1.0
3703,40.0,468.0,1.0
3704,64.0,253.0,1.0
3705,165.0,293.0,1.0
3706,135.0,310.0,1.0
3707,15.0,59.0,1.0
3708,75.0,43.0,1.0
3709,189.0,320.0,1.0
3710,248.0,230.0,1.0
3711,81.0,86.0,1.0
3712,158.0,58.0,1.0
3713,207.0,219.0,1.0
3714,123.0,356.0,1.0
3715,187.0,394.0,1.0
3716,189.0,357.0,1.0
3717,214.0,420.0,1.0
3718,178.0,562.0,1.0
3719,211.0,398.0,1.0
3720,24.0,12.0,1.0
3721,88.0,347.0,1.0
3722,246.0,309.0,1.0
3723,33.0,35.0,1.0
3724,164.0,378.0,1.0
3725,56.0,348.0,1.0
3726,81.0,39.0,1.0
3727,83.0,395.0,1.0
3728,89.0,434.0,1.0
3729,155.0,463.0,1.0
3730,84.0,100.0,1.0
3731,256.0,47.0,1.0
3732,56.0,107.0,1.0
3733,102.0,59.0,1.0
3734,86.0,133.0,1.0
3735,175.0,490.0,1.0
3736,237.0,243.0,1.0
3737,84.0,275.0,1.0
3738,104.0,59.0,1.0
3739,132.0,153.0,1.0
3740,117.0,386.0,1.0
3741,250.0,10.0,1.0
3742,74.0,424.0,1.0
3743,197.0,320.0,1.0
3744,205.0,458.0,1.0
3745,250.0,124.0,1.0
3746,147.0,238.0,1.0
3747,225.0,300.0,1.0
3748,9.0,264.0,1.0
3749,102.0,95.0,1.0
3750,82.0,120.0,1.0
3751,196.0,191.0,1.0
3752,56.0,278.0,1.0
3753,195.0,20.0,1.0
3754,165.0,501.0,1.0
3755,84.0,589.0,1.0
3756,248.0,40.0,1.0
3757,163.0,294.0,1.0
3758,177.0,68.0,1.0
3759,79.0,400.0,1.0
3760,19.0,103.0,1.0
3761,52.0,222.0,1.0
3762,178.0,530.0,1.0
3763,207.0,293.0,1.0
3764,102.0,497.0,1.0
3765,62.0,147.0,1.0
3766,100.0,126.0,1.0
3767,65.0,48.0,1.0
3768,195.0,223.0,1.0
3769,211.0,143.0,1.0
3770,181.0,404.0,1.0
3771,180.0,56.0,1.0
3772,186.0,218.0,1.0
3773,5.0,209.0,1.0
3774,218.0,485.0,1.0
3775,133.0,150.0,1.0
3776,162.0,69.0,1.0
3777,134.0,191.0,1.0
3778,89.0,386.0,1.0
3779,223.0,286.0,1.0
3780,97.0,10.0,1.0
3781,164.0,120.0,1.0
3782,128.0,230.0,1.0
3783,145.0,409.0,1.0
3784,164.0,266.0,1.0
3785,264.0,166.0,1.0
3786,17.0,368.0,1.0
3787,179.0,117.0,1.0
3788,75.0,89.0,1.0
3789,200.0,36.0,1.0
3790,259.0,112.0,1.0
3791,2.0,114.0,1.0
3792,65.0,1.0,1.0
3793,2.0,25.0,1.0
3794,200.0,208.0,1.0
3795,193.0,523.0,1.0
3796,87.0,62.0,1.0
3797,105.0,148.0,1.0
3798,219.0,460.0,1.0
3799,75.0,47.0,1.0
3800,135.0,392.0,1.0
3801,147.0,551.0,1.0
3802,102.0,356.0,1.0
3803,212.0,371.0,1.0
3804,42.0,412.0,1.0
3805,230.0,91.0,1.0
3806,257.0,202.0,1.0
3807,8.0,252.0,1.0
3808,84.0,91.0,1.0
3809,149.0,124.0,1.0
3810,38.0,281.0,1.0
3811,14.0,103.0,1.0
3812,148.0,427.0,1.0
3813,42.0,223.0,1.0
3814,51.0,219.0,1.0
3815,258.0,592.0,1.0
3816,202.0,143.0,1.0
3817,144.0,125.0,1.0
3818,102.0,532.0,1.0
3819,249.0,134.0,1.0
3820,104.0,104.0,1.0
3821,135.0,214.0,1.0
3822,105.0,168.0,1.0
3823,149.0,81.0,1.0
3824,102.0,163.0,1.0
3825,56.0,254.0,1.0
3826,60.0,58.0,1.0
3827,189.0,58.0,1.0
3828,183.0,532.0,1.0
3829,183.0,0.0,1.0
3830,41.0,22.0,1.0
3831,230.0,97.0,1.0
3832,156.0,185.0,1.0
3833,65.0,383.0,1.0
3834,65.0,111.0,1.0
3835,130.0,234.0,1.0
3836,82.0,353.0,1.0
3837,82.0,355.0,1.0
3838,118.0,175.0,1.0
3839,262.0,318.0,1.0
3840,165.0,80.0,1.0
3841,87.0,326.0,1.0
3842,229.0,281.0,1.0
3843,74.0,12.0,1.0
3844,11.0,58.0,1.0
3845,261.0,159.0,1.0
3846,149.0,143.0,1.0
3847,128.0,24.0,1.0
3848,30.0,120.0,1.0
3849,84.0,127.0,1.0
3850,181.0,66.0,1.0
3851,188.0,334.0,1.0
3852,199.0,147.0,1.0
3853,138.0,460.0,1.0
3854,89.0,136.0,1.0
3855,18.0,50.0,1.0
3856,156.0,0.0,1.0
3857,83.0,20.0,1.0
3858,137.0,190.0,1.0
3859,202.0,108.0,1.0
3860,65.0,202.0,1.0
3861,191.0,313.0,1.0
3862,85.0,474.0,1.0
3863,85.0,540.0,1.0
3864,102.0,306.0,1.0
3865,182.0,510.0,1.0
3866,156.0,146.0,1.0
3867,97.0,95.0,1.0
3868,251.0,349.0,1.0
3869,153.0,234.0,1.0
3870,117.0,216.0,1.0
3871,98.0,453.0,1.0
3872,71.0,216.0,1.0
3873,158.0,543.0,1.0
3874,252.0,256.0,1.0
3875,52.0,305.0,1.0
3876,27.0,409.0,1.0
3877,252.0,181.0,1.0
3878,129.0,374.0,1.0
3879,113.0,399.0,1.0
3880,117.0,287.0,1.0
3881,35.0,56.0,1.0
3882,9.0,26.0,1.0
3883,65.0,228.0,1.0
3884,214.0,47.0,1.0
3885,52.0,126.0,1.0
3886,180.0,367.0,1.0
3887,161.0,496.0,1.0
3888,61.0,45.0,1.0
3889,103.0,184.0,1.0
3890,129.0,204.0,1.0
3891,87.0,392.0,1.0
3892,98.0,147.0,1.0
3893,113.0,103.0,1.0
3894,223.0,79.0,1.0
3895,176.0,206.0,1.0
3896,58.0,179.0,1.0
3897,101.0,510.0,1.0
3898,237.0,47.0,1.0
3899,257.0,36.0,1.0
3900,77.0,209.0,1.0
3901,108.0,66.0,1.0
3902,94.0,267.0,1.0
3903,256.0,394.0,1.0
3904,196.0,126.0,1.0
3905,9.0,165.0,1.0
3906,84.0,19.0,1.0
3907,165.0,21.0,1.0
3908,162.0,156.0,1.0
3909,180.0,11.0,1.0
3910,205.0,201.0,1.0
3911,267.0,143.0,1.0
3912,147.0,271.0,1.0
3913,197.0,399.0,1.0
3914,128.0,67.0,1.0
3915,179.0,471.0,1.0
3916,52.0,196.0,1.0
3917,179.0,55.0,1.0
3918,232.0,55.0,1.0
3919,17.0,57.0,1.0
3920,82.0,104.0,1.0
3921,61.0,455.0,1.0
3922,255.0,463.0,1.0
3923,182.0,157.0,1.0
3924,114.0,333.0,1.0
3925,218.0,146.0,1.0
3926,205.0,236.0,1.0
3927,162.0,61.0,1.0
3928,102.0,146.0,1.0
3929,223.0,124.0,1.0
3930,45.0,125.0,1.0
3931,247.0,146.0,1.0
3932,228.0,326.0,1.0
3933,69.0,268.0,1.0
3934,14.0,11.0,1.0
3935,147.0,20.0,1.0
3936,233.0,39.0,1.0
3937,122.0,143.0,1.0
3938,185.0,201.0,1.0
3939,2.0,102.0,1.0
3940,49.0,48.0,1.0
3941,182.0,83.0,1.0
3942,148.0,332.0,1.0
3943,34.0,100.0,1.0
3944,105.0,514.0,1.0
3945,65.0,522.0,1.0
3946,51.0,103.0,1.0
3947,56.0,441.0,1.0
3948,131.0,9.0,1.0
3949,11.0,277.0,1.0
3950,217.0,227.0,1.0
3951,97.0,36.0,1.0
3952,203.0,111.0,1.0
3953,149.0,311.0,1.0
3954,103.0,469.0,1.0
3955,149.0,275.0,1.0
3956,156.0,112.0,1.0
3957,122.0,533.0,1.0
3958,0.0,7.0,1.0
3959,199.0,508.0,1.0
3960,47.0,47.0,1.0
3961,19.0,128.0,1.0
3962,187.0,95.0,1.0
3963,57.0,34.0,1.0
3964,149.0,82.0,1.0
3965,189.0,136.0,1.0
3966,31.0,126.0,1.0
3967,178.0,518.0,1.0
3968,198.0,141.0,1.0
3969,87.0,196.0,1.0
3970,136.0,262.0,1.0
3971,153.0,219.0,1.0
3972,22.0,129.0,1.0
3973,106.0,254.0,1.0
3974,96.0,156.0,1.0
3975,156.0,125.0,1.0
3976,84.0,9.0,1.0
3977,231.0,304.0,1.0
3978,179.0,195.0,1.0
3979,89.0,252.0,1.0
3980,105.0,81.0,1.0
3981,65.0,176.0,1.0
3982,196.0,296.0,1.0
3983,48.0,146.0,1.0
3984,156.0,454.0,1.0
3985,178.0,392.0,1.0
3986,211.0,107.0,1.0
3987,224.0,19.0,1.0
3988,105.0,230.0,1.0
3989,153.0,148.0,1.0
3990,148.0,288.0,1.0
3991,229.0,389.0,1.0
3992,203.0,146.0,1.0
3993,89.0,315.0,1.0
3994,56.0,244.0,1.0
3995,165.0,421.0,1.0
3996,153.0,249.0,1.0
3997,78.0,190.0,1.0
3998,44.0,323.0,1.0
3999,146.0,99.0,1.0
4000,136.0,10.0,1.0
4001,90.0,255.0,1.0
4002,161.0,343.0,1.0
4003,147.0,356.0,1.0
4004,255.0,68.0,1.0
4005,78.0,464.0,1.0
4006,213.0,146.0,1.0
4007,105.0,250.0,1.0
4008,102.0,259.0,1.0
4009,2.0,111.0,1.0
4010,51.0,386.0,1.0
4011,229.0,168.0,1.0
4012,79.0,0.0,1.0
4013,58.0,159.0,1.0
4014,72.0,36.0,1.0
4015,158.0,536.0,1.0
4016,222.0,515.0,1.0
4017,135.0,391.0,1.0
4018,82.0,337.0,1.0
4019,170.0,45.0,1.0
4020,209.0,175.0,1.0
4021,207.0,113.0,1.0
4022,106.0,70.0,1.0
4023,102.0,70.0,1.0
4024,231.0,52.0,1.0
4025,148.0,400.0,1.0
4026,256.0,326.0,1.0
4027,103.0,495.0,1.0
4028,229.0,172.0,1.0
4029,232.0,29.0,1.0
4030,26.0,408.0,1.0
4031,200.0,9.0,1.0
4032,40.0,66.0,1.0
4033,69.0,156.0,1.0
4034,15.0,219.0,1.0
4035,135.0,382.0,1.0
4036,266.0,415.0,1.0
4037,86.0,384.0,1.0
4038,261.0,255.0,1.0
4039,114.0,39.0,1.0
4040,19.0,100.0,1.0
4041,84.0,65.0,1.0
4042,217.0,460.0,1.0
4043,261.0,135.0,1.0
4044,182.0,113.0,1.0
4045,92.0,351.0,1.0
4046,218.0,1.0,1.0
4047,89.0,204.0,1.0
4048,68.0,392.0,1.0
4049,139.0,202.0,1.0
4050,79.0,92.0,1.0
4051,218.0,294.0,1.0
4052,86.0,221.0,1.0
4053,228.0,118.0,1.0
4054,116.0,178.0,1.0
4055,175.0,326.0,1.0
4056,20.0,129.0,1.0
4057,248.0,61.0,1.0
4058,135.0,152.0,1.0
4059,91.0,175.0,1.0
4060,113.0,475.0,1.0
4061,123.0,242.0,1.0
4062,99.0,81.0,1.0
4063,242.0,22.0,1.0
4064,139.0,0.0,1.0
4065,232.0,594.0,1.0
4066,145.0,368.0,1.0
4067,231.0,57.0,1.0
4068,134.0,118.0,1.0
4069,98.0,66.0,1.0
4070,127.0,388.0,1.0
4071,16.0,276.0,1.0
4072,78.0,179.0,1.0
4073,203.0,336.0,1.0
4074,56.0,487.0,1.0
4075,194.0,256.0,1.0
4076,115.0,121.0,1.0
4077,98.0,47.0,1.0
4078,43.0,0.0,1.0
4079,122.0,432.0,1.0
4080,102.0,90.0,1.0
4081,64.0,111.0,1.0
4082,90.0,571.0,1.0
4083,145.0,367.0,1.0
4084,90.0,344.0,1.0
4085,56.0,343.0,1.0
4086,45.0,494.0,1.0
4087,71.0,310.0,1.0
4088,182.0,175.0,1.0
4089,255.0,260.0,1.0
4090,139.0,186.0,1.0
4091,1.0,66.0,1.0
4092,245.0,231.0,1.0
4093,262.0,124.0,1.0
4094,132.0,122.0,1.0
4095,81.0,189.0,1.0
4096,65.0,458.0,1.0
4097,64.0,315.0,1.0
4098,248.0,89.0,1.0
4099,31.0,208.0,1.0
4100,56.0,490.0,1.0
4101,44.0,120.0,1.0
4102,121.0,22.0,1.0
4103,158.0,272.0,1.0
4104,144.0,566.0,1.0
4105,62.0,488.0,1.0
4106,71.0,47.0,1.0
4107,83.0,474.0,1.0
4108,102.0,191.0,1.0
4109,164.0,35.0,1.0
4110,90.0,350.0,1.0
4111,151.0,209.0,1.0
4112,49.0,230.0,1.0
4113,145.0,221.0,1.0
4114,65.0,173.0,1.0
4115,228.0,204.0,1.0
4116,223.0,371.0,1.0
4117,129.0,407.0,1.0
4118,196.0,131.0,1.0
4119,82.0,409.0,1.0
4120,133.0,416.0,1.0
4121,42.0,393.0,1.0
4122,65.0,330.0,1.0
4123,64.0,138.0,1.0
4124,82.0,250.0,1.0
4125,149.0,146.0,1.0
4126,114.0,499.0,1.0
4127,218.0,68.0,1.0
4128,89.0,121.0,1.0
4129,251.0,23.0,1.0
4130,79.0,191.0,1.0
4131,203.0,448.0,1.0
4132,165.0,208.0,1.0
4133,4.0,169.0,1.0
4134,181.0,571.0,1.0
4135,147.0,548.0,1.0
4136,9.0,246.0,1.0
4137,64.0,233.0,1.0
4138,51.0,392.0,1.0
4139,133.0,10.0,1.0
4140,141.0,40.0,1.0
4141,191.0,256.0,1.0
4142,248.0,241.0,1.0
4143,65.0,564.0,1.0
4144,105.0,227.0,1.0
4145,31.0,454.0,1.0
4146,46.0,233.0,1.0
4147,148.0,385.0,1.0
4148,156.0,423.0,1.0
4149,178.0,192.0,1.0
4150,1.0,23.0,1.0
4151,117.0,10.0,1.0
4152,103.0,10.0,1.0
4153,199.0,36.0,1.0
4154,149.0,46.0,1.0
4155,150.0,147.0,1.0
4156,233.0,274.0,1.0
4157,218.0,444.0,1.0
4158,182.0,215.0,1.0
4159,82.0,529.0,1.0
4160,126.0,516.0,1.0
4161,44.0,52.0,1.0
4162,51.0,164.0,1.0
4163,67.0,529.0,1.0
4164,113.0,207.0,1.0
4165,150.0,91.0,1.0
4166,63.0,337.0,1.0
4167,222.0,156.0,1.0
4168,87.0,91.0,1.0
4169,178.0,247.0,1.0
4170,18.0,421.0,1.0
4171,96.0,103.0,1.0
4172,69.0,343.0,1.0
4173,183.0,175.0,1.0
4174,248.0,541.0,1.0
4175,259.0,146.0,1.0
4176,115.0,222.0,1.0
4177,141.0,538.0,1.0
4178,114.0,48.0,1.0
4179,114.0,591.0,1.0
4180,248.0,46.0,1.0
4181,200.0,285.0,1.0
4182,182.0,564.0,1.0
4183,182.0,290.0,1.0
4184,224.0,12.0,1.0
4185,261.0,39.0,1.0
4186,247.0,57.0,1.0
4187,103.0,460.0,1.0
4188,168.0,58.0,1.0
4189,259.0,354.0,1.0
4190,150.0,111.0,1.0
4191,257.0,282.0,1.0
4192,1.0,39.0,1.0
4193,104.0,424.0,1.0
4194,115.0,95.0,1.0
4195,182.0,246.0,1.0
4196,207.0,570.0,1.0
4197,105.0,69.0,1.0
4198,144.0,5.0,1.0
4199,144.0,505.0,1.0
4200,81.0,157.0,1.0
4201,89.0,75.0,1.0
4202,258.0,191.0,1.0
4203,1.0,17.0,1.0
4204,79.0,66.0,1.0
4205,44.0,83.0,1.0
4206,86.0,378.0,1.0
4207,51.0,97.0,1.0
4208,47.0,128.0,1.0
4209,193.0,201.0,1.0
4210,200.0,60.0,1.0
4211,60.0,300.0,1.0
4212,56.0,317.0,1.0
4213,91.0,14.0,1.0
4214,182.0,198.0,1.0
4215,160.0,177.0,1.0
4216,182.0,154.0,1.0
4217,248.0,126.0,1.0
4218,100.0,315.0,1.0
4219,226.0,44.0,1.0
4220,219.0,290.0,1.0
4221,173.0,120.0,1.0
4222,32.0,262.0,1.0
4223,70.0,255.0,1.0
4224,186.0,191.0,1.0
4225,21.0,130.0,1.0
4226,133.0,496.0,1.0
4227,117.0,404.0,1.0
4228,244.0,122.0,1.0
4229,144.0,381.0,1.0
4230,134.0,484.0,1.0
4231,29.0,263.0,1.0
4232,146.0,178.0,1.0
4233,178.0,436.0,1.0
4234,147.0,103.0,1.0
4235,136.0,45.0,1.0
4236,264.0,269.0,1.0
4237,123.0,226.0,1.0
4238,158.0,427.0,1.0
4239,53.0,138.0,1.0
4240,181.0,22.0,1.0
4241,85.0,99.0,1.0
4242,228.0,64.0,1.0
4243,65.0,379.0,1.0
4244,63.0,224.0,1.0
4245,51.0,463.0,1.0
4246,83.0,326.0,1.0
4247,156.0,59.0,1.0
4248,187.0,103.0,1.0
4249,48.0,316.0,1.0
4250,162.0,251.0,1.0
4251,126.0,356.0,1.0
4252,11.0,292.0,1.0
4253,75.0,367.0,1.0
4254,262.0,191.0,1.0
4255,258.0,91.0,1.0
4256,82.0,185.0,1.0
4257,21.0,146.0,1.0
4258,89.0,117.0,1.0
4259,96.0,12.0,1.0
4260,142.0,204.0,1.0
4261,65.0,80.0,1.0
4262,84.0,270.0,1.0
4263,49.0,216.0,1.0
4264,40.0,146.0,1.0
4265,35.0,169.0,1.0
4266,264.0,113.0,1.0
4267,234.0,434.0,1.0
4268,160.0,153.0,1.0
4269,227.0,253.0,1.0
4270,56.0,315.0,1.0
4271,130.0,579.0,1.0
4272,105.0,358.0,1.0
4273,117.0,100.0,1.0
4274,67.0,356.0,1.0
4275,201.0,209.0,1.0
4276,82.0,93.0,1.0
4277,64.0,289.0,1.0
4278,143.0,567.0,1.0
4279,87.0,114.0,1.0
4280,194.0,195.0,1.0
4281,17.0,33.0,1.0
4282,225.0,556.0,1.0
4283,178.0,573.0,1.0
4284,127.0,47.0,1.0
4285,234.0,472.0,1.0
4286,244.0,317.0,1.0
4287,116.0,60.0,1.0
4288,100.0,382.0,1.0
4289,194.0,399.0,1.0
4290,11.0,158.0,1.0
4291,164.0,190.0,1.0
4292,182.0,202.0,1.0
4293,189.0,227.0,1.0
4294,56.0,247.0,1.0
4295,196.0,546.0,1.0
4296,226.0,265.0,1.0
4297,84.0,76.0,1.0
4298,182.0,274.0,1.0
4299,125.0,99.0,1.0
4300,147.0,359.0,1.0
4301,149.0,181.0,1.0
4302,18.0,80.0,1.0
4303,71.0,409.0,1.0
4304,17.0,372.0,1.0
4305,172.0,213.0,1.0
4306,93.0,2.0,1.0
4307,261.0,160.0,1.0
4308,22.0,178.0,1.0
4309,178.0,241.0,1.0
4310,189.0,26.0,1.0
4311,85.0,595.0,1.0
4312,115.0,120.0,1.0
4313,185.0,18.0,1.0
4314,87.0,79.0,1.0
4315,224.0,47.0,1.0
4316,102.0,164.0,1.0
4317,87.0,45.0,1.0
4318,261.0,460.0,1.0
4319,132.0,109.0,1.0
4320,10.0,143.0,1.0
4321,79.0,91.0,1.0
4322,248.0,38.0,1.0
4323,86.0,213.0,1.0
4324,87.0,277.0,1.0
4325,225.0,39.0,1.0
4326,93.0,136.0,1.0
4327,60.0,7.0,1.0
4328,15.0,1.0,1.0
4329,28.0,259.0,1.0
4330,250.0,127.0,1.0
4331,97.0,417.0,1.0
4332,56.0,320.0,1.0
4333,147.0,366.0,1.0
4334,56.0,113.0,1.0
4335,183.0,172.0,1.0
4336,87.0,118.0,1.0
4337,15.0,353.0,1.0
4338,208.0,209.0,1.0
4339,85.0,537.0,1.0
4340,234.0,564.0,1.0
4341,234.0,392.0,1.0
4342,97.0,566.0,1.0
4343,64.0,563.0,1.0
4344,195.0,194.0,1.0
4345,95.0,233.0,1.0
4346,244.0,150.0,1.0
4347,87.0,58.0,1.0
4348,177.0,40.0,1.0
4349,6.0,0.0,1.0
4350,122.0,10.0,1.0
4351,256.0,425.0,1.0
4352,81.0,416.0,1.0
4353,210.0,277.0,1.0
4354,205.0,550.0,1.0
4355,74.0,104.0,1.0
4356,17.0,373.0,1.0
4357,165.0,108.0,1.0
4358,103.0,226.0,1.0
4359,233.0,120.0,1.0
4360,68.0,39.0,1.0
4361,121.0,253.0,1.0
4362,234.0,50.0,1.0
4363,139.0,103.0,1.0
4364,126.0,309.0,1.0
4365,132.0,230.0,1.0
4366,249.0,290.0,1.0
4367,158.0,277.0,1.0
4368,71.0,320.0,1.0
4369,142.0,1.0,1.0
4370,60.0,153.0,1.0
4371,259.0,379.0,1.0
4372,164.0,70.0,1.0
4373,157.0,245.0,1.0
4374,78.0,382.0,1.0
4375,216.0,170.0,1.0
4376,124.0,91.0,1.0
4377,15.0,81.0,1.0
4378,228.0,430.0,1.0
4379,208.0,128.0,1.0
4380,214.0,579.0,1.0
4381,149.0,219.0,1.0
4382,223.0,10.0,1.0
4383,159.0,201.0,1.0
4384,237.0,84.0,1.0
4385,59.0,352.0,1.0
4386,96.0,27.0,1.0
4387,24.0,150.0,1.0
4388,165.0,496.0,1.0
4389,156.0,257.0,1.0
4390,105.0,119.0,1.0
4391,129.0,118.0,1.0
4392,52.0,471.0,1.0
4393,194.0,326.0,1.0
4394,102.0,367.0,1.0
4395,104.0,226.0,1.0
4396,129.0,51.0,1.0
4397,248.0,53.0,1.0
4398,169.0,253.0,1.0
4399,63.0,69.0,1.0
4400,259.0,104.0,1.0
4401,181.0,219.0,1.0
4402,263.0,552.0,1.0
4403,129.0,207.0,1.0
4404,266.0,401.0,1.0
4405,119.0,5.0,1.0
4406,53.0,471.0,1.0
4407,126.0,564.0,1.0
4408,59.0,63.0,1.0
4409,4.0,170.0,1.0
4410,69.0,150.0,1.0
4411,56.0,436.0,1.0
4412,17.0,221.0,1.0
4413,184.0,50.0,1.0
4414,82.0,464.0,1.0
4415,126.0,120.0,1.0
4416,256.0,415.0,1.0
4417,69.0,143.0,1.0
4418,244.0,410.0,1.0
4419,48.0,255.0,1.0
4420,56.0,546.0,1.0
4421,165.0,109.0,1.0
4422,81.0,126.0,1.0
4423,32.0,282.0,1.0
4424,36.0,36.0,1.0
4425,185.0,70.0,1.0
4426,225.0,28.0,1.0
4427,165.0,460.0,1.0
4428,89.0,467.0,1.0
4429,130.0,342.0,1.0
4430,156.0,427.0,1.0
4431,74.0,150.0,1.0
4432,32.0,84.0,1.0
4433,265.0,222.0,1.0
4434,26.0,230.0,1.0
4435,200.0,97.0,1.0
4436,10.0,290.0,1.0
4437,39.0,394.0,1.0
4438,146.0,175.0,1.0
4439,191.0,565.0,1.0
4440,261.0,455.0,1.0
4441,23.0,168.0,1.0
4442,109.0,74.0,1.0
4443,223.0,22.0,1.0
4444,139.0,379.0,1.0
4445,19.0,151.0,1.0
4446,91.0,337.0,1.0
4447,164.0,517.0,1.0
4448,200.0,336.0,1.0
4449,183.0,196.0,1.0
4450,179.0,185.0,1.0
4451,165.0,280.0,1.0
4452,197.0,216.0,1.0
4453,63.0,473.0,1.0
4454,67.0,575.0,1.0
4455,78.0,59.0,1.0
4456,26.0,47.0,1.0
4457,122.0,263.0,1.0
4458,16.0,343.0,1.0
4459,235.0,28.0,1.0
4460,147.0,267.0,1.0
4461,184.0,194.0,1.0
4462,19.0,288.0,1.0
4463,205.0,257.0,1.0
4464,83.0,450.0,1.0
4465,210.0,0.0,1.0
4466,127.0,343.0,1.0
4467,69.0,38.0,1.0
4468,233.0,85.0,1.0
4469,44.0,143.0,1.0
4470,231.0,206.0,1.0
4471,219.0,405.0,1.0
4472,257.0,234.0,1.0
4473,4.0,182.0,1.0
4474,16.0,289.0,1.0
4475,87.0,317.0,1.0
4476,116.0,1.0,1.0
4477,200.0,220.0,1.0
4478,117.0,111.0,1.0
4479,97.0,388.0,1.0
4480,17.0,387.0,1.0
4481,81.0,516.0,1.0
4482,104.0,457.0,1.0
4483,52.0,474.0,1.0
4484,53.0,44.0,1.0
4485,136.0,103.0,1.0
4486,99.0,3.0,1.0
4487,97.0,146.0,1.0
4488,44.0,424.0,1.0
4489,218.0,192.0,1.0
4490,89.0,417.0,1.0
4491,94.0,130.0,1.0
4492,87.0,426.0,1.0
4493,199.0,194.0,1.0
4494,228.0,486.0,1.0
4495,196.0,10.0,1.0
4496,130.0,15.0,1.0
4497,134.0,321.0,1.0
4498,90.0,414.0,1.0
4499,197.0,234.0,1.0
4500,52.0,111.0,1.0
4501,148.0,315.0,1.0
4502,85.0,269.0,1.0
4503,199.0,85.0,1.0
4504,116.0,45.0,1.0
4505,147.0,66.0,1.0
4506,89.0,378.0,1.0
4507,90.0,435.0,1.0
4508,9.0,20.0,1.0
4509,130.0,107.0,1.0
4510,116.0,51.0,1.0
4511,228.0,57.0,1.0
4512,91.0,30.0,1.0
4513,219.0,382.0,1.0
4514,89.0,179.0,1.0
4515,250.0,147.0,1.0
4516,240.0,100.0,1.0
4517,9.0,223.0,1.0
4518,162.0,573.0,1.0
4519,194.0,3.0,1.0
4520,130.0,85.0,1.0
4521,48.0,491.0,1.0
4522,256.0,230.0,1.0
4523,147.0,161.0,1.0
4524,147.0,572.0,1.0
4525,214.0,255.0,1.0
4526,226.0,62.0,1.0
4527,103.0,461.0,1.0
4528,56.0,145.0,1.0
4529,105.0,587.0,1.0
4530,75.0,251.0,1.0
4531,87.0,393.0,1.0
4532,259.0,209.0,1.0
4533,45.0,495.0,1.0
4534,141.0,320.0,1.0
4535,39.0,463.0,1.0
4536,124.0,179.0,1.0
4537,67.0,542.0,1.0
4538,250.0,24.0,1.0
4539,245.0,186.0,1.0
4540,255.0,261.0,1.0
4541,134.0,508.0,1.0
4542,65.0,136.0,1.0
4543,225.0,252.0,1.0
4544,84.0,226.0,1.0
4545,250.0,228.0,1.0
4546,230.0,427.0,1.0
4547,175.0,57.0,1.0
4548,89.0,284.0,1.0
4549,248.0,302.0,1.0
4550,147.0,177.0,1.0
4551,51.0,84.0,1.0
4552,83.0,100.0,1.0
4553,185.0,91.0,1.0
4554,26.0,204.0,1.0
4555,130.0,153.0,1.0
4556,190.0,206.0,1.0
4557,34.0,116.0,1.0
4558,135.0,548.0,1.0
4559,256.0,11.0,1.0
4560,96.0,0.0,1.0
4561,194.0,10.0,1.0
4562,43.0,334.0,1.0
4563,92.0,179.0,1.0
4564,143.0,374.0,1.0
4565,232.0,22.0,1.0
4566,31.0,50.0,1.0
4567,200.0,338.0,1.0
4568,249.0,93.0,1.0
4569,87.0,533.0,1.0
4570,163.0,226.0,1.0
4571,244.0,420.0,1.0
4572,84.0,229.0,1.0
4573,99.0,315.0,1.0
4574,155.0,149.0,1.0
4575,199.0,179.0,1.0
4576,49.0,190.0,1.0
4577,97.0,32.0,1.0
4578,195.0,191.0,1.0
4579,51.0,458.0,1.0
4580,126.0,383.0,1.0
4581,56.0,358.0,1.0
4582,57.0,337.0,1.0
4583,183.0,59.0,1.0
4584,147.0,8.0,1.0
4585,154.0,195.0,1.0
4586,60.0,42.0,1.0
4587,93.0,504.0,1.0
4588,28.0,431.0,1.0
4589,195.0,332.0,1.0
4590,82.0,188.0,1.0
4591,189.0,112.0,1.0
4592,189.0,339.0,1.0
4593,53.0,250.0,1.0
4594,217.0,527.0,1.0
4595,82.0,447.0,1.0
4596,12.0,319.0,1.0
4597,105.0,396.0,1.0
4598,178.0,284.0,1.0
4599,89.0,194.0,1.0
4600,229.0,27.0,1.0
4601,102.0,74.0,1.0
4602,165.0,50.0,1.0
4603,104.0,22.0,1.0
4604,2.0,144.0,1.0
4605,68.0,554.0,1.0
4606,138.0,256.0,1.0
4607,164.0,380.0,1.0
4608,78.0,383.0,1.0
4609,228.0,261.0,1.0
4610,224.0,465.0,1.0
4611,71.0,74.0,1.0
4612,31.0,11.0,1.0
4613,173.0,215.0,1.0
4614,99.0,104.0,1.0
4615,233.0,50.0,1.0
4616,247.0,469.0,1.0
4617,226.0,72.0,1.0
4618,193.0,489.0,1.0
4619,188.0,190.0,1.0
4620,153.0,24.0,1.0
4621,1.0,42.0,1.0
4622,223.0,121.0,1.0
4623,132.0,411.0,1.0
4624,191.0,61.0,1.0
4625,56.0,176.0,1.0
4626,77.0,59.0,1.0
4627,49.0,40.0,1.0
4628,145.0,193.0,1.0
4629,194.0,427.0,1.0
4630,58.0,349.0,1.0
4631,189.0,216.0,1.0
4632,102.0,55.0,1.0
4633,187.0,121.0,1.0
4634,165.0,24.0,1.0
4635,19.0,239.0,1.0
4636,261.0,424.0,1.0
4637,129.0,384.0,1.0
4638,178.0,52.0,1.0
4639,121.0,266.0,1.0
4640,109.0,514.0,1.0
4641,68.0,80.0,1.0
4642,192.0,57.0,1.0
4643,205.0,230.0,1.0
4644,223.0,175.0,1.0
4645,218.0,453.0,1.0
4646,35.0,45.0,1.0
4647,184.0,36.0,1.0
4648,39.0,138.0,1.0
4649,12.0,320.0,1.0
4650,136.0,222.0,1.0
4651,219.0,117.0,1.0
4652,88.0,413.0,1.0
4653,245.0,103.0,1.0
4654,223.0,305.0,1.0
4655,261.0,90.0,1.0
4656,127.0,367.0,1.0
4657,194.0,34.0,1.0
4658,16.0,321.0,1.0
4659,189.0,138.0,1.0
4660,159.0,383.0,1.0
4661,164.0,311.0,1.0
4662,135.0,219.0,1.0
4663,203.0,432.0,1.0
4664,87.0,216.0,1.0
4665,55.0,259.0,1.0
4666,109.0,64.0,1.0
4667,88.0,204.0,1.0
4668,145.0,87.0,1.0
4669,183.0,181.0,1.0
4670,127.0,191.0,1.0
4671,254.0,516.0,1.0
4672,199.0,546.0,1.0
4673,203.0,0.0,1.0
4674,218.0,81.0,1.0
4675,96.0,50.0,1.0
4676,259.0,399.0,1.0
4677,105.0,107.0,1.0
4678,234.0,251.0,1.0
4679,147.0,422.0,1.0
4680,73.0,95.0,1.0
4681,101.0,66.0,1.0
4682,163.0,111.0,1.0
4683,84.0,202.0,1.0
4684,129.0,394.0,1.0
4685,16.0,19.0,1.0
4686,211.0,509.0,1.0
4687,211.0,202.0,1.0
4688,194.0,120.0,1.0
4689,91.0,314.0,1.0
4690,203.0,14.0,1.0
4691,158.0,378.0,1.0
4692,119.0,214.0,1.0
4693,233.0,459.0,1.0
4694,144.0,12.0,1.0
4695,9.0,73.0,1.0
4696,217.0,204.0,1.0
4697,102.0,143.0,1.0
4698,60.0,81.0,1.0
4699,173.0,413.0,1.0
4700,228.0,282.0,1.0
4701,44.0,255.0,1.0
4702,235.0,247.0,1.0
4703,51.0,419.0,1.0
4704,238.0,55.0,1.0
4705,210.0,488.0,1.0
4706,223.0,17.0,1.0
4707,134.0,147.0,1.0
4708,155.0,434.0,1.0
4709,17.0,39.0,1.0
4710,225.0,70.0,1.0
4711,115.0,59.0,1.0
4712,232.0,118.0,1.0
4713,46.0,45.0,1.0
4714,159.0,103.0,1.0
4715,256.0,206.0,1.0
4716,250.0,0.0,1.0
4717,229.0,50.0,1.0
4718,256.0,397.0,1.0
4719,45.0,176.0,1.0
4720,68.0,371.0,1.0
4721,147.0,169.0,1.0
4722,140.0,226.0,1.0
4723,53.0,124.0,1.0
4724,104.0,257.0,1.0
4725,78.0,112.0,1.0
4726,165.0,446.0,1.0
4727,90.0,82.0,1.0
4728,134.0,9.0,1.0
4729,165.0,312.0,1.0
4730,265.0,317.0,1.0
4731,75.0,319.0,1.0
4732,225.0,259.0,1.0
4733,223.0,316.0,1.0
4734,129.0,279.0,1.0
4735,63.0,504.0,1.0
4736,137.0,542.0,1.0
4737,126.0,206.0,1.0
4738,133.0,326.0,1.0
4739,145.0,466.0,1.0
4740,226.0,590.0,1.0
4741,87.0,221.0,1.0
4742,113.0,552.0,1.0
4743,39.0,216.0,1.0
4744,8.0,250.0,1.0
4745,86.0,462.0,1.0
4746,90.0,226.0,1.0
4747,37.0,45.0,1.0
4748,67.0,268.0,1.0
4749,31.0,67.0,1.0
4750,206.0,531.0,1.0
4751,100.0,47.0,1.0
4752,238.0,538.0,1.0
4753,44.0,146.0,1.0
4754,158.0,81.0,1.0
4755,130.0,22.0,1.0
4756,180.0,97.0,1.0
4757,192.0,298.0,1.0
4758,117.0,69.0,1.0
4759,126.0,379.0,1.0
4760,34.0,153.0,1.0
4761,225.0,281.0,1.0
4762,28.0,301.0,1.0
4763,207.0,297.0,1.0
4764,145.0,69.0,1.0
4765,51.0,416.0,1.0
4766,185.0,216.0,1.0
4767,8.0,81.0,1.0
4768,143.0,122.0,1.0
4769,257.0,44.0,1.0
4770,117.0,492.0,1.0
4771,199.0,44.0,1.0
4772,105.0,77.0,1.0
4773,232.0,65.0,1.0
4774,158.0,47.0,1.0
4775,267.0,106.0,1.0
4776,158.0,104.0,1.0
4777,129.0,32.0,1.0
4778,148.0,156.0,1.0
4779,262.0,129.0,1.0
4780,145.0,194.0,1.0
4781,100.0,209.0,1.0
4782,181.0,227.0,1.0
4783,145.0,460.0,1.0
4784,81.0,530.0,1.0
4785,44.0,469.0,1.0
4786,81.0,201.0,1.0
4787,145.0,84.0,1.0
4788,91.0,141.0,1.0
4789,116.0,22.0,1.0
4790,71.0,1.0,1.0
4791,205.0,175.0,1.0
4792,44.0,135.0,1.0
4793,195.0,251.0,1.0
4794,149.0,549.0,1.0
4795,8.0,86.0,1.0
4796,172.0,127.0,1.0
4797,116.0,113.0,1.0
4798,226.0,525.0,1.0
4799,105.0,64.0,1.0
4800,145.0,507.0,1.0
4801,31.0,298.0,1.0
4802,162.0,37.0,1.0
4803,74.0,546.0,1.0
4804,172.0,569.0,1.0
4805,57.0,509.0,1.0
4806,180.0,481.0,1.0
4807,89.0,199.0,1.0
4808,9.0,95.0,1.0
4809,130.0,348.0,1.0
4810,178.0,337.0,1.0
4811,52.0,7.0,1.0
4812,225.0,545.0,1.0
4813,3.0,11.0,1.0
4814,259.0,353.0,1.0
4815,262.0,9.0,1.0
4816,8.0,141.0,1.0
4817,96.0,45.0,1.0
4818,77.0,196.0,1.0
4819,127.0,44.0,1.0
4820,174.0,109.0,1.0
4821,178.0,72.0,1.0
4822,145.0,132.0,1.0
4823,261.0,150.0,1.0
4824,200.0,215.0,1.0
4825,71.0,447.0,1.0
4826,178.0,69.0,1.0
4827,86.0,92.0,1.0
4828,14.0,344.0,1.0
4829,124.0,50.0,1.0
4830,87.0,64.0,1.0
4831,123.0,279.0,1.0
4832,69.0,146.0,1.0
4833,65.0,508.0,1.0
4834,64.0,567.0,1.0
4835,149.0,25.0,1.0
4836,68.0,150.0,1.0
4837,79.0,557.0,1.0
4838,259.0,150.0,1.0
4839,56.0,146.0,1.0
4840,89.0,402.0,1.0
4841,147.0,183.0,1.0
4842,94.0,91.0,1.0
4843,62.0,559.0,1.0
4844,37.0,259.0,1.0
4845,182.0,324.0,1.0
4846,60.0,556.0,1.0
4847,159.0,309.0,1.0
4848,89.0,493.0,1.0
4849,148.0,89.0,1.0
4850,143.0,111.0,1.0
4851,113.0,305.0,1.0
4852,96.0,589.0,1.0
4853,237.0,21.0,1.0
4854,97.0,150.0,1.0
4855,232.0,104.0,1.0
4856,148.0,153.0,1.0
4857,126.0,531.0,1.0
4858,165.0,233.0,1.0
4859,59.0,186.0,1.0
4860,51.0,278.0,1.0
4861,64.0,114.0,1.0
4862,191.0,27.0,1.0
4863,84.0,8.0,1.0
4864,116.0,222.0,1.0
4865,230.0,57.0,1.0
4866,182.0,299.0,1.0
4867,235.0,10.0,1.0
4868,110.0,194.0,1.0
4869,85.0,44.0,1.0
4870,149.0,485.0,1.0
4871,84.0,197.0,1.0
4872,42.0,385.0,1.0
4873,217.0,320.0,1.0
4874,19.0,114.0,1.0
4875,96.0,47.0,1.0
4876,207.0,521.0,1.0
4877,230.0,181.0,1.0
4878,117.0,414.0,1.0
4879,165.0,58.0,1.0
4880,132.0,157.0,1.0
4881,185.0,81.0,1.0
4882,176.0,407.0,1.0
4883,82.0,352.0,1.0
4884,204.0,21.0,1.0
4885,132.0,374.0,1.0
4886,56.0,543.0,1.0
4887,150.0,44.0,1.0
4888,142.0,223.0,1.0
4889,18.0,146.0,1.0
4890,164.0,282.0,1.0
4891,206.0,138.0,1.0
4892,56.0,78.0,1.0
4893,178.0,368.0,1.0
4894,71.0,504.0,1.0
4895,232.0,58.0,1.0
4896,162.0,443.0,1.0
4897,37.0,70.0,1.0
4898,56.0,31.0,1.0
4899,200.0,146.0,1.0
4900,97.0,406.0,1.0
4901,96.0,191.0,1.0
4902,211.0,464.0,1.0
4903,126.0,353.0,1.0
4904,228.0,69.0,1.0
4905,87.0,313.0,1.0
4906,180.0,215.0,1.0
4907,117.0,394.0,1.0
4908,213.0,222.0,1.0
4909,258.0,36.0,1.0
4910,177.0,196.0,1.0
4911,83.0,356.0,1.0
4912,262.0,106.0,1.0
4913,160.0,164.0,1.0
4914,94.0,111.0,1.0
4915,252.0,60.0,1.0
4916,224.0,15.0,1.0
4917,79.0,409.0,1.0
4918,189.0,251.0,1.0
4919,90.0,460.0,1.0
4920,180.0,361.0,1.0
4921,148.0,103.0,1.0
4922,203.0,98.0,1.0
4923,28.0,27.0,1.0
4924,64.0,401.0,1.0
4925,178.0,183.0,1.0
4926,102.0,420.0,1.0
4927,226.0,595.0,1.0
4928,64.0,167.0,1.0
4929,89.0,304.0,1.0
4930,174.0,343.0,1.0
4931,115.0,255.0,1.0
4932,84.0,20.0,1.0
4933,108.0,367.0,1.0
4934,189.0,231.0,1.0
4935,116.0,263.0,1.0
4936,9.0,120.0,1.0
4937,259.0,385.0,1.0
4938,135.0,379.0,1.0
4939,184.0,315.0,1.0
4940,170.0,92.0,1.0
4941,91.0,266.0,1.0
4942,202.0,58.0,1.0
4943,266.0,91.0,1.0
4944,226.0,37.0,1.0
4945,131.0,74.0,1.0
4946,259.0,393.0,1.0
4947,67.0,113.0,1.0
4948,251.0,47.0,1.0
4949,82.0,26.0,1.0
4950,9.0,88.0,1.0
4951,151.0,116.0,1.0
4952,45.0,22.0,1.0
4953,102.0,326.0,1.0
4954,141.0,5.0,1.0
4955,189.0,309.0,1.0
4956,156.0,204.0,1.0
4957,169.0,196.0,1.0
4958,31.0,99.0,1.0
4959,67.0,574.0,1.0
4960,91.0,256.0,1.0
4961,104.0,562.0,1.0
4962,247.0,153.0,1.0
4963,107.0,113.0,1.0
4964,164.0,207.0,1.0
4965,141.0,526.0,1.0
4966,17.0,146.0,1.0
4967,5.0,220.0,1.0
4968,116.0,226.0,1.0
4969,206.0,209.0,1.0
4970,166.0,69.0,1.0
4971,178.0,103.0,1.0
4972,238.0,32.0,1.0
4973,172.0,133.0,1.0
4974,154.0,120.0,1.0
4975,81.0,197.0,1.0
4976,84.0,540.0,1.0
4977,26.0,160.0,1.0
4978,14.0,146.0,1.0
4979,168.0,239.0,1.0
4980,175.0,61.0,1.0
4981,44.0,204.0,1.0
4982,10.0,307.0,1.0
4983,141.0,115.0,1.0
4984,5.0,199.0,1.0
4985,224.0,479.0,1.0
4986,179.0,383.0,1.0
4987,187.0,216.0,1.0
4988,193.0,399.0,1.0
4989,220.0,226.0,1.0
4990,116.0,182.0,1.0
4991,56.0,98.0,1.0
4992,243.0,234.0,1.0
4993,98.0,91.0,1.0
4994,195.0,552.0,1.0
4995,85.0,103.0,1.0
4996,108.0,177.0,1.0
4997,226.0,496.0,1.0
4998,51.0,247.0,1.0
4999,156.0,24.0,1.0
5000,153.0,104.0,1.0
5001,162.0,95.0,1.0
5002,65.0,138.0,1.0
5003,203.0,61.0,1.0
5004,69.0,517.0,1.0
5005,82.0,147.0,1.0
5006,175.0,422.0,1.0
5007,82.0,530.0,1.0
5008,158.0,454.0,1.0
5009,15.0,269.0,1.0
5010,239.0,100.0,1.0
5011,196.0,116.0,1.0
5012,5.0,221.0,1.0
5013,41.0,282.0,1.0
5014,211.0,12.0,1.0
5015,188.0,277.0,1.0
5016,87.0,459.0,1.0
5017,94.0,156.0,1.0
5018,76.0,282.0,1.0
5019,148.0,143.0,1.0
5020,156.0,89.0,1.0
5021,64.0,219.0,1.0
5022,228.0,66.0,1.0
5023,119.0,111.0,1.0
5024,117.0,314.0,1.0
5025,193.0,89.0,1.0
5026,2.0,104.0,1.0
5027,129.0,277.0,1.0
5028,6.0,229.0,1.0
5029,245.0,226.0,1.0
5030,70.0,122.0,1.0
5031,193.0,280.0,1.0
5032,175.0,305.0,1.0
5033,141.0,241.0,1.0
5034,75.0,69.0,1.0
5035,77.0,207.0,1.0
5036,30.0,448.0,1.0
5037,245.0,383.0,1.0
5038,224.0,257.0,1.0
5039,123.0,50.0,1.0
5040,123.0,194.0,1.0
5041,105.0,499.0,1.0
5042,89.0,192.0,1.0
5043,238.0,52.0,1.0
5044,42.0,117.0,1.0
5045,132.0,234.0,1.0
5046,225.0,92.0,1.0
5047,114.0,594.0,1.0
5048,214.0,92.0,1.0
5049,193.0,210.0,1.0
5050,155.0,270.0,1.0
5051,145.0,136.0,1.0
5052,94.0,104.0,1.0
5053,97.0,382.0,1.0
5054,85.0,101.0,1.0
5055,85.0,88.0,1.0
5056,213.0,81.0,1.0
5057,13.0,329.0,1.0
5058,238.0,10.0,1.0
5059,20.0,153.0,1.0
5060,214.0,513.0,1.0
5061,162.0,513.0,1.0
5062,148.0,206.0,1.0
5063,56.0,148.0,1.0
5064,242.0,39.0,1.0
5065,257.0,253.0,1.0
5066,164.0,126.0,1.0
5067,109.0,369.0,1.0
5068,128.0,141.0,1.0
5069,228.0,203.0,1.0
5070,46.0,66.0,1.0
5071,121.0,201.0,1.0
5072,223.0,447.0,1.0
5073,119.0,117.0,1.0
5074,28.0,34.0,1.0
5075,130.0,236.0,1.0
5076,245.0,425.0,1.0
5077,148.0,337.0,1.0
5078,75.0,197.0,1.0
5079,183.0,476.0,1.0
5080,257.0,62.0,1.0
5081,199.0,220.0,1.0
5082,162.0,431.0,1.0
5083,116.0,118.0,1.0
5084,195.0,211.0,1.0
5085,94.0,47.0,1.0
5086,223.0,533.0,1.0
5087,73.0,130.0,1.0
5088,75.0,397.0,1.0
5089,91.0,583.0,1.0
5090,150.0,316.0,1.0
5091,127.0,337.0,1.0
5092,70.0,277.0,1.0
5093,237.0,100.0,1.0
5094,175.0,179.0,1.0
5095,56.0,77.0,1.0
5096,131.0,353.0,1.0
5097,45.0,10.0,1.0
5098,101.0,12.0,1.0
5099,102.0,39.0,1.0
5100,102.0,41.0,1.0
5101,86.0,470.0,1.0
5102,262.0,146.0,1.0
5103,122.0,197.0,1.0
5104,236.0,126.0,1.0
5105,134.0,10.0,1.0
5106,65.0,64.0,1.0
5107,263.0,296.0,1.0
5108,87.0,69.0,1.0
5109,268.0,136.0,1.0
5110,79.0,423.0,1.0
5111,230.0,133.0,1.0
5112,86.0,17.0,1.0
5113,141.0,87.0,1.0
5114,206.0,92.0,1.0
5115,183.0,185.0,1.0
5116,205.0,211.0,1.0
5117,15.0,89.0,1.0
5118,119.0,391.0,1.0
5119,218.0,99.0,1.0
5120,242.0,451.0,1.0
5121,161.0,33.0,1.0
5122,68.0,111.0,1.0
5123,11.0,98.0,1.0
5124,78.0,218.0,1.0
5125,238.0,348.0,1.0
5126,53.0,15.0,1.0
5127,161.0,492.0,1.0
5128,156.0,128.0,1.0
5129,115.0,112.0,1.0
5130,130.0,135.0,1.0
5131,209.0,495.0,1.0
5132,224.0,504.0,1.0
5133,34.0,106.0,1.0
5134,22.0,213.0,1.0
5135,183.0,367.0,1.0
5136,185.0,242.0,1.0
5137,178.0,203.0,1.0
5138,261.0,59.0,1.0
5139,74.0,147.0,1.0
5140,84.0,343.0,1.0
5141,177.0,147.0,1.0
5142,71.0,217.0,1.0
5143,181.0,137.0,1.0
5144,36.0,80.0,1.0
5145,116.0,236.0,1.0
5146,28.0,441.0,1.0
5147,71.0,103.0,1.0
5148,131.0,284.0,1.0
5149,231.0,146.0,1.0
5150,239.0,531.0,1.0
5151,114.0,492.0,1.0
5152,183.0,10.0,1.0
5153,50.0,47.0,1.0
5154,256.0,74.0,1.0
5155,91.0,298.0,1.0
5156,239.0,227.0,1.0
5157,14.0,348.0,1.0
5158,183.0,514.0,1.0
5159,132.0,50.0,1.0
5160,144.0,326.0,1.0
5161,147.0,130.0,1.0
5162,160.0,82.0,1.0
5163,74.0,185.0,1.0
5164,247.0,242.0,1.0
5165,218.0,367.0,1.0
5166,178.0,186.0,1.0
5167,184.0,120.0,1.0
5168,30.0,220.0,1.0
5169,115.0,388.0,1.0
5170,62.0,410.0,1.0
5171,217.0,409.0,1.0
5172,44.0,426.0,1.0
5173,200.0,103.0,1.0
5174,130.0,514.0,1.0
5175,51.0,143.0,1.0
5176,128.0,91.0,1.0
5177,66.0,256.0,1.0
5178,185.0,207.0,1.0
5179,98.0,429.0,1.0
5180,105.0,47.0,1.0
5181,104.0,150.0,1.0
5182,91.0,74.0,1.0
5183,158.0,360.0,1.0
5184,105.0,121.0,1.0
5185,178.0,150.0,1.0
5186,185.0,280.0,1.0
5187,127.0,163.0,1.0
5188,178.0,176.0,1.0
5189,186.0,347.0,1.0
5190,17.0,202.0,1.0
5191,162.0,230.0,1.0
5192,117.0,471.0,1.0
5193,52.0,33.0,1.0
5194,168.0,504.0,1.0
5195,218.0,242.0,1.0
5196,169.0,213.0,1.0
5197,185.0,47.0,1.0
5198,88.0,66.0,1.0
5199,191.0,291.0,1.0
5200,155.0,101.0,1.0
5201,90.0,164.0,1.0
5202,84.0,35.0,1.0
5203,126.0,354.0,1.0
5204,219.0,217.0,1.0
5205,183.0,273.0,1.0
5206,163.0,21.0,1.0
5207,108.0,295.0,1.0
5208,38.0,36.0,1.0
5209,139.0,197.0,1.0
5210,160.0,452.0,1.0
5211,87.0,446.0,1.0
5212,248.0,356.0,1.0
5213,200.0,322.0,1.0
5214,121.0,484.0,1.0
5215,259.0,92.0,1.0
5216,130.0,247.0,1.0
5217,57.0,172.0,1.0
5218,28.0,215.0,1.0
5219,9.0,83.0,1.0
5220,189.0,411.0,1.0
5221,58.0,269.0,1.0
5222,22.0,50.0,1.0
5223,85.0,9.0,1.0
5224,149.0,241.0,1.0
5225,66.0,259.0,1.0
5226,161.0,282.0,1.0
5227,82.0,230.0,1.0
5228,123.0,31.0,1.0
5229,256.0,190.0,1.0
5230,95.0,112.0,1.0
5231,185.0,334.0,1.0
5232,80.0,54.0,1.0
5233,199.0,165.0,1.0
5234,97.0,45.0,1.0
5235,125.0,141.0,1.0
5236,86.0,386.0,1.0
5237,28.0,296.0,1.0
5238,147.0,62.0,1.0
5239,84.0,326.0,1.0
5240,223.0,307.0,1.0
5241,48.0,253.0,1.0
5242,223.0,96.0,1.0
5243,126.0,50.0,1.0
5244,170.0,356.0,1.0
5245,168.0,147.0,1.0
5246,225.0,84.0,1.0
5247,16.0,65.0,1.0
5248,44.0,454.0,1.0
5249,238.0,481.0,1.0
5250,155.0,575.0,1.0
5251,18.0,45.0,1.0
5252,66.0,71.0,1.0
5253,122.0,328.0,1.0
5254,197.0,478.0,1.0
5255,218.0,204.0,1.0
5256,256.0,382.0,1.0
5257,231.0,243.0,1.0
5258,56.0,230.0,1.0
5259,191.0,60.0,1.0
5260,263.0,269.0,1.0
5261,147.0,525.0,1.0
5262,10.0,157.0,1.0
5263,77.0,230.0,1.0
5264,251.0,141.0,1.0
5265,19.0,247.0,1.0
5266,162.0,113.0,1.0
5267,250.0,452.0,1.0
5268,242.0,112.0,1.0
5269,56.0,532.0,1.0
5270,156.0,398.0,1.0
5271,218.0,261.0,1.0
5272,116.0,31.0,1.0
5273,51.0,343.0,1.0
5274,65.0,81.0,1.0
5275,148.0,227.0,1.0
5276,213.0,147.0,1.0
5277,102.0,219.0,1.0
5278,153.0,100.0,1.0
5279,108.0,553.0,1.0
5280,254.0,433.0,1.0
5281,91.0,60.0,1.0
5282,185.0,329.0,1.0
5283,46.0,92.0,1.0
5284,264.0,551.0,1.0
5285,219.0,39.0,1.0
5286,135.0,504.0,1.0
5287,1.0,16.0,1.0
5288,189.0,48.0,1.0
5289,42.0,10.0,1.0
5290,247.0,468.0,1.0
5291,259.0,167.0,1.0
5292,214.0,415.0,1.0
5293,82.0,556.0,1.0
5294,228.0,27.0,1.0
5295,9.0,277.0,1.0
5296,10.0,120.0,1.0
5297,44.0,485.0,1.0
5298,147.0,17.0,1.0
5299,61.0,286.0,1.0
5300,104.0,456.0,1.0
5301,226.0,308.0,1.0
5302,31.0,122.0,1.0
5303,2.0,98.0,1.0
5304,165.0,45.0,1.0
5305,150.0,242.0,1.0
5306,188.0,7.0,1.0
5307,103.0,71.0,1.0
5308,65.0,147.0,1.0
5309,234.0,556.0,1.0
5310,63.0,0.0,1.0
5311,82.0,280.0,1.0
5312,244.0,127.0,1.0
5313,135.0,59.0,1.0
5314,108.0,157.0,1.0
5315,143.0,81.0,1.0
5316,137.0,103.0,1.0
5317,104.0,311.0,1.0
5318,4.0,68.0,1.0
5319,234.0,368.0,1.0
5320,127.0,443.0,1.0
5321,261.0,561.0,1.0
5322,60.0,117.0,1.0
5323,217.0,23.0,1.0
5324,147.0,84.0,1.0
5325,104.0,347.0,1.0
5326,132.0,190.0,1.0
5327,58.0,339.0,1.0
5328,52.0,409.0,1.0
5329,63.0,1.0,1.0
5330,148.0,49.0,1.0
5331,85.0,37.0,1.0
5332,123.0,572.0,1.0
5333,96.0,427.0,1.0
5334,183.0,93.0,1.0
5335,17.0,375.0,1.0
5336,94.0,356.0,1.0
5337,141.0,356.0,1.0
5338,262.0,70.0,1.0
5339,214.0,240.0,1.0
5340,182.0,354.0,1.0
5341,248.0,192.0,1.0
5342,84.0,40.0,1.0
5343,182.0,496.0,1.0
5344,16.0,49.0,1.0
5345,209.0,236.0,1.0
5346,248.0,102.0,1.0
5347,136.0,145.0,1.0
5348,175.0,46.0,1.0
5349,81.0,343.0,1.0
5350,264.0,61.0,1.0
5351,200.0,592.0,1.0
5352,142.0,209.0,1.0
5353,266.0,12.0,1.0
5354,111.0,73.0,1.0
5355,79.0,59.0,1.0
5356,248.0,78.0,1.0
5357,136.0,375.0,1.0
5358,256.0,135.0,1.0
5359,193.0,91.0,1.0
5360,53.0,358.0,1.0
5361,187.0,363.0,1.0
5362,215.0,31.0,1.0
5363,32.0,47.0,1.0
5364,117.0,24.0,1.0
5365,128.0,193.0,1.0
5366,82.0,388.0,1.0
5367,67.0,226.0,1.0
5368,242.0,59.0,1.0
5369,247.0,590.0,1.0
5370,150.0,168.0,1.0
5371,262.0,239.0,1.0
5372,22.0,277.0,1.0
5373,62.0,285.0,1.0
5374,210.0,412.0,1.0
5375,142.0,381.0,1.0
5376,65.0,490.0,1.0
5377,191.0,289.0,1.0
5378,156.0,70.0,1.0
5379,261.0,223.0,1.0
5380,75.0,3.0,1.0
5381,89.0,173.0,1.0
5382,105.0,460.0,1.0
5383,101.0,126.0,1.0
5384,175.0,195.0,1.0
5385,182.0,548.0,1.0
5386,130.0,111.0,1.0
5387,75.0,54.0,1.0
5388,227.0,62.0,1.0
5389,163.0,15.0,1.0
5390,223.0,490.0,1.0
5391,99.0,222.0,1.0
5392,202.0,138.0,1.0
5393,217.0,229.0,1.0
5394,42.0,220.0,1.0
5395,196.0,38.0,1.0
5396,124.0,156.0,1.0
5397,256.0,35.0,1.0
5398,62.0,202.0,1.0
5399,263.0,149.0,1.0
5400,160.0,291.0,1.0
5401,247.0,316.0,1.0
5402,162.0,190.0,1.0
5403,247.0,58.0,1.0
5404,81.0,81.0,1.0
5405,56.0,201.0,1.0
5406,77.0,65.0,1.0
5407,53.0,197.0,1.0
5408,242.0,116.0,1.0
5409,39.0,190.0,1.0
5410,82.0,542.0,1.0
5411,256.0,348.0,1.0
5412,195.0,179.0,1.0
5413,177.0,339.0,1.0
5414,49.0,138.0,1.0
5415,179.0,411.0,1.0
5416,22.0,134.0,1.0
5417,257.0,276.0,1.0
5418,169.0,459.0,1.0
5419,83.0,130.0,1.0
5420,145.0,103.0,1.0
5421,191.0,161.0,1.0
5422,81.0,119.0,1.0
5423,261.0,165.0,1.0
5424,123.0,93.0,1.0
5425,56.0,97.0,1.0
5426,1.0,58.0,1.0
5427,158.0,126.0,1.0
5428,182.0,427.0,1.0
5429,200.0,261.0,1.0
5430,252.0,230.0,1.0
5431,81.0,11.0,1.0
5432,16.0,46.0,1.0
5433,194.0,282.0,1.0
5434,262.0,285.0,1.0
5435,9.0,255.0,1.0
5436,163.0,104.0,1.0
5437,104.0,36.0,1.0
5438,104.0,45.0,1.0
5439,130.0,146.0,1.0
5440,132.0,525.0,1.0
5441,199.0,69.0,1.0
5442,134.0,47.0,1.0
5443,31.0,450.0,1.0
5444,129.0,95.0,1.0
5445,203.0,113.0,1.0
5446,207.0,135.0,1.0
5447,235.0,138.0,1.0
5448,231.0,293.0,1.0
5449,94.0,329.0,1.0
5450,113.0,370.0,1.0
5451,191.0,440.0,1.0
5452,127.0,173.0,1.0
5453,177.0,156.0,1.0
5454,240.0,434.0,1.0
5455,259.0,186.0,1.0
5456,182.0,397.0,1.0
5457,132.0,492.0,1.0
5458,123.0,253.0,1.0
5459,7.0,58.0,1.0
5460,141.0,126.0,1.0
5461,66.0,143.0,1.0
5462,9.0,36.0,1.0
5463,2.0,9.0,1.0
5464,62.0,111.0,1.0
5465,164.0,238.0,1.0
5466,135.0,362.0,1.0
5467,65.0,573.0,1.0
5468,191.0,284.0,1.0
5469,126.0,386.0,1.0
5470,226.0,532.0,1.0
5471,109.0,77.0,1.0
5472,226.0,99.0,1.0
5473,99.0,320.0,1.0
5474,191.0,321.0,1.0
5475,115.0,118.0,1.0
5476,218.0,153.0,1.0
5477,188.0,199.0,1.0
5478,149.0,9.0,1.0
5479,71.0,520.0,1.0
5480,56.0,538.0,1.0
5481,261.0,86.0,1.0
5482,228.0,14.0,1.0
5483,157.0,126.0,1.0
5484,139.0,63.0,1.0
5485,29.0,47.0,1.0
5486,211.0,111.0,1.0
5487,260.0,570.0,1.0
5488,17.0,62.0,1.0
5489,266.0,596.0,1.0
5490,29.0,162.0,1.0
5491,205.0,216.0,1.0
5492,166.0,399.0,1.0
5493,180.0,354.0,1.0
5494,31.0,23.0,1.0
5495,63.0,202.0,1.0
5496,89.0,382.0,1.0
5497,249.0,120.0,1.0
5498,158.0,148.0,1.0
5499,51.0,137.0,1.0
5500,58.0,314.0,1.0
5501,153.0,460.0,1.0
5502,152.0,31.0,1.0
5503,103.0,463.0,1.0
5504,136.0,240.0,1.0
5505,185.0,57.0,1.0
5506,82.0,434.0,1.0
5507,31.0,453.0,1.0
5508,60.0,206.0,1.0
5509,182.0,546.0,1.0
5510,56.0,386.0,1.0
5511,211.0,266.0,1.0
5512,132.0,260.0,1.0
5513,183.0,290.0,1.0
5514,249.0,272.0,1.0
5515,223.0,0.0,1.0
5516,104.0,11.0,1.0
5517,95.0,143.0,1.0
5518,91.0,59.0,1.0
5519,129.0,14.0,1.0
5520,115.0,39.0,1.0
5521,51.0,310.0,1.0
5522,217.0,66.0,1.0
5523,178.0,59.0,1.0
5524,48.0,99.0,1.0
5525,122.0,20.0,1.0
5526,81.0,293.0,1.0
5527,230.0,207.0,1.0
5528,64.0,145.0,1.0
5529,213.0,89.0,1.0
5530,126.0,226.0,1.0
5531,155.0,28.0,1.0
5532,98.0,576.0,1.0
5533,227.0,68.0,1.0
5534,149.0,548.0,1.0
5535,87.0,289.0,1.0
5536,127.0,143.0,1.0
5537,149.0,123.0,1.0
5538,150.0,119.0,1.0
5539,175.0,368.0,1.0
5540,165.0,7.0,1.0
5541,56.0,38.0,1.0
5542,102.0,69.0,1.0
5543,78.0,5.0,1.0
5544,224.0,178.0,1.0
5545,188.0,257.0,1.0
5546,176.0,7.0,1.0
5547,9.0,143.0,1.0
5548,90.0,374.0,1.0
5549,248.0,262.0,1.0
5550,89.0,191.0,1.0
5551,105.0,597.0,1.0
5552,9.0,58.0,1.0
5553,145.0,3.0,1.0
5554,165.0,266.0,1.0
5555,138.0,150.0,1.0
5556,116.0,84.0,1.0
5557,82.0,248.0,1.0
5558,18.0,134.0,1.0
5559,247.0,323.0,1.0
5560,87.0,482.0,1.0
5561,226.0,463.0,1.0
5562,115.0,277.0,1.0
5563,126.0,10.0,1.0
5564,150.0,103.0,1.0
5565,266.0,157.0,1.0
5566,241.0,146.0,1.0
5567,51.0,106.0,1.0
5568,124.0,287.0,1.0
5569,77.0,117.0,1.0
5570,105.0,253.0,1.0
5571,223.0,336.0,1.0
5572,107.0,89.0,1.0
5573,123.0,392.0,1.0
5574,49.0,394.0,1.0
5575,151.0,47.0,1.0
5576,16.0,361.0,1.0
5577,251.0,66.0,1.0
5578,28.0,264.0,1.0
5579,85.0,46.0,1.0
5580,262.0,175.0,1.0
5581,75.0,485.0,1.0
5582,65.0,83.0,1.0
5583,99.0,185.0,1.0
5584,134.0,317.0,1.0
5585,129.0,84.0,1.0
5586,117.0,195.0,1.0
5587,224.0,148.0,1.0
5588,56.0,44.0,1.0
5589,52.0,531.0,1.0
5590,189.0,515.0,1.0
5591,64.0,426.0,1.0
5592,118.0,205.0,1.0
5593,193.0,146.0,1.0
5594,44.0,99.0,1.0
5595,73.0,191.0,1.0
5596,208.0,66.0,1.0
5597,226.0,67.0,1.0
5598,122.0,146.0,1.0
5599,89.0,351.0,1.0
5600,63.0,416.0,1.0
5601,26.0,318.0,1.0
5602,129.0,6.0,1.0
5603,126.0,411.0,1.0
5604,262.0,168.0,1.0
5605,227.0,573.0,1.0
5606,81.0,117.0,1.0
5607,163.0,92.0,1.0
5608,138.0,11.0,1.0
5609,87.0,252.0,1.0
5610,179.0,191.0,1.0
5611,109.0,19.0,1.0
5612,259.0,38.0,1.0
5613,155.0,274.0,1.0
5614,67.0,196.0,1.0
5615,155.0,423.0,1.0
5616,107.0,262.0,1.0
5617,39.0,464.0,1.0
5618,113.0,578.0,1.0
5619,210.0,423.0,1.0
5620,49.0,116.0,1.0
5621,117.0,95.0,1.0
5622,158.0,223.0,1.0
5623,205.0,256.0,1.0
5624,146.0,113.0,1.0
5625,57.0,74.0,1.0
5626,199.0,321.0,1.0
5627,110.0,242.0,1.0
5628,214.0,384.0,1.0
5629,159.0,131.0,1.0
5630,82.0,406.0,1.0
5631,207.0,513.0,1.0
5632,105.0,124.0,1.0
5633,65.0,87.0,1.0
5634,74.0,135.0,1.0
5635,226.0,594.0,1.0
5636,65.0,252.0,1.0
5637,90.0,485.0,1.0
5638,197.0,192.0,1.0
5639,108.0,27.0,1.0
5640,262.0,277.0,1.0
5641,132.0,438.0,1.0
5642,22.0,295.0,1.0
5643,85.0,345.0,1.0
5644,53.0,382.0,1.0
5645,263.0,440.0,1.0
5646,145.0,202.0,1.0
5647,79.0,112.0,1.0
5648,102.0,500.0,1.0
5649,203.0,63.0,1.0
5650,56.0,496.0,1.0
5651,107.0,246.0,1.0
5652,223.0,405.0,1.0
5653,35.0,444.0,1.0
5654,106.0,144.0,1.0
5655,165.0,125.0,1.0
5656,218.0,8.0,1.0
5657,116.0,247.0,1.0
5658,189.0,331.0,1.0
5659,13.0,20.0,1.0
5660,180.0,327.0,1.0
5661,144.0,189.0,1.0
5662,227.0,245.0,1.0
5663,178.0,104.0,1.0
5664,200.0,289.0,1.0
5665,165.0,420.0,1.0
5666,146.0,309.0,1.0
5667,136.0,418.0,1.0
5668,236.0,243.0,1.0
5669,226.0,36.0,1.0
5670,49.0,105.0,1.0
5671,62.0,36.0,1.0
5672,136.0,137.0,1.0
5673,49.0,351.0,1.0
5674,26.0,45.0,1.0
5675,8.0,74.0,1.0
5676,153.0,505.0,1.0
5677,64.0,191.0,1.0
5678,150.0,273.0,1.0
5679,197.0,66.0,1.0
5680,64.0,47.0,1.0
5681,115.0,400.0,1.0
5682,44.0,326.0,1.0
5683,165.0,134.0,1.0
5684,94.0,35.0,1.0
5685,47.0,239.0,1.0
5686,141.0,36.0,1.0
5687,157.0,111.0,1.0
5688,128.0,116.0,1.0
5689,117.0,451.0,1.0
5690,135.0,232.0,1.0
5691,258.0,92.0,1.0
5692,78.0,309.0,1.0
5693,136.0,111.0,1.0
5694,248.0,440.0,1.0
5695,163.0,36.0,1.0
5696,117.0,385.0,1.0
5697,146.0,225.0,1.0
5698,200.0,85.0,1.0
5699,169.0,147.0,1.0
5700,90.0,40.0,1.0
5701,82.0,231.0,1.0
5702,52.0,112.0,1.0
5703,81.0,135.0,1.0
5704,73.0,381.0,1.0
5705,57.0,107.0,1.0
5706,135.0,89.0,1.0
5707,75.0,510.0,1.0
5708,248.0,54.0,1.0
5709,102.0,270.0,1.0
5710,189.0,391.0,1.0
5711,203.0,179.0,1.0
5712,224.0,325.0,1.0
5713,127.0,84.0,1.0
5714,200.0,6.0,1.0
5715,73.0,309.0,1.0
5716,141.0,226.0,1.0
5717,87.0,20.0,1.0
5718,44.0,488.0,1.0
5719,78.0,230.0,1.0
5720,48.0,64.0,1.0
5721,81.0,51.0,1.0
5722,259.0,391.0,1.0
5723,85.0,241.0,1.0
5724,70.0,103.0,1.0
5725,94.0,420.0,1.0
5726,230.0,574.0,1.0
5727,203.0,114.0,1.0
5728,87.0,438.0,1.0
5729,185.0,22.0,1.0
5730,67.0,382.0,1.0
5731,175.0,578.0,1.0
5732,195.0,77.0,1.0
5733,145.0,485.0,1.0
5734,49.0,383.0,1.0
5735,136.0,509.0,1.0
5736,17.0,206.0,1.0
5737,223.0,213.0,1.0
5738,183.0,484.0,1.0
5739,87.0,507.0,1.0
5740,182.0,144.0,1.0
5741,5.0,201.0,1.0
5742,160.0,315.0,1.0
5743,98.0,456.0,1.0
5744,114.0,340.0,1.0
5745,149.0,215.0,1.0
5746,117.0,48.0,1.0
5747,129.0,190.0,1.0
5748,141.0,480.0,1.0
5749,73.0,432.0,1.0
5750,74.0,201.0,1.0
5751,0.0,4.0,1.0
5752,223.0,267.0,1.0
5753,82.0,66.0,1.0
5754,126.0,81.0,1.0
5755,206.0,382.0,1.0
5756,1.0,69.0,1.0
5757,187.0,534.0,1.0
5758,67.0,81.0,1.0
5759,96.0,327.0,1.0
5760,185.0,154.0,1.0
5761,69.0,516.0,1.0
5762,37.0,61.0,1.0
5763,243.0,388.0,1.0
5764,148.0,22.0,1.0
5765,29.0,97.0,1.0
5766,152.0,296.0,1.0
5767,219.0,91.0,1.0
5768,262.0,390.0,1.0
5769,213.0,59.0,1.0
5770,219.0,49.0,1.0
5771,226.0,18.0,1.0
5772,106.0,457.0,1.0
5773,79.0,284.0,1.0
5774,12.0,66.0,1.0
5775,193.0,104.0,1.0
5776,147.0,301.0,1.0
5777,188.0,384.0,1.0
5778,207.0,81.0,1.0
5779,236.0,10.0,1.0
5780,97.0,221.0,1.0
5781,102.0,133.0,1.0
5782,65.0,356.0,1.0
5783,81.0,3.0,1.0
5784,227.0,510.0,1.0
5785,226.0,540.0,1.0
5786,114.0,156.0,1.0
5787,231.0,369.0,1.0
5788,55.0,104.0,1.0
5789,89.0,400.0,1.0
5790,116.0,580.0,1.0
5791,257.0,574.0,1.0
5792,84.0,201.0,1.0
5793,69.0,195.0,1.0
5794,90.0,437.0,1.0
5795,245.0,224.0,1.0
5796,106.0,69.0,1.0
5797,193.0,97.0,1.0
5798,145.0,360.0,1.0
5799,239.0,66.0,1.0
5800,82.0,490.0,1.0
5801,39.0,202.0,1.0
5802,87.0,131.0,1.0
5803,102.0,63.0,1.0
5804,147.0,225.0,1.0
5805,95.0,120.0,1.0
5806,99.0,385.0,1.0
5807,104.0,143.0,1.0
5808,130.0,350.0,1.0
5809,223.0,5.0,1.0
5810,120.0,10.0,1.0
5811,89.0,202.0,1.0
5812,33.0,84.0,1.0
5813,103.0,72.0,1.0
5814,248.0,497.0,1.0
5815,178.0,120.0,1.0
5816,106.0,59.0,1.0
5817,235.0,104.0,1.0
5818,53.0,233.0,1.0
5819,163.0,23.0,1.0
5820,102.0,214.0,1.0
5821,162.0,141.0,1.0
5822,153.0,245.0,1.0
5823,105.0,252.0,1.0
5824,131.0,424.0,1.0
5825,139.0,224.0,1.0
5826,175.0,408.0,1.0
5827,182.0,455.0,1.0
5828,128.0,150.0,1.0
5829,159.0,503.0,1.0
5830,255.0,283.0,1.0
5831,86.0,0.0,1.0
5832,1.0,30.0,1.0
5833,44.0,50.0,1.0
5834,91.0,333.0,1.0
5835,64.0,561.0,1.0
5836,114.0,40.0,1.0
5837,102.0,47.0,1.0
5838,149.0,89.0,1.0
5839,227.0,513.0,1.0
5840,13.0,46.0,1.0
5841,116.0,34.0,1.0
5842,165.0,121.0,1.0
5843,2.0,58.0,1.0
5844,170.0,570.0,1.0
5845,130.0,554.0,1.0
5846,102.0,160.0,1.0
5847,1.0,76.0,1.0
5848,203.0,128.0,1.0
5849,268.0,150.0,1.0
5850,207.0,483.0,1.0
5851,39.0,217.0,1.0
5852,228.0,70.0,1.0
5853,78.0,70.0,1.0
5854,241.0,427.0,1.0
5855,145.0,44.0,1.0
5856,183.0,47.0,1.0
5857,177.0,39.0,1.0
5858,115.0,408.0,1.0
5859,104.0,294.0,1.0
5860,97.0,420.0,1.0
5861,67.0,375.0,1.0
5862,242.0,103.0,1.0
5863,104.0,58.0,1.0
5864,96.0,474.0,1.0
5865,98.0,527.0,1.0
5866,49.0,36.0,1.0
5867,139.0,222.0,1.0
5868,44.0,307.0,1.0
5869,64.0,104.0,1.0
5870,228.0,130.0,1.0
5871,62.0,337.0,1.0
5872,78.0,352.0,1.0
5873,168.0,45.0,1.0
5874,211.0,325.0,1.0
5875,168.0,138.0,1.0
5876,257.0,92.0,1.0
5877,53.0,39.0,1.0
5878,84.0,161.0,1.0
5879,181.0,398.0,1.0
5880,91.0,411.0,1.0
5881,4.0,180.0,1.0
5882,62.0,225.0,1.0
5883,183.0,190.0,1.0
5884,82.0,31.0,1.0
5885,228.0,337.0,1.0
5886,136.0,92.0,1.0
5887,69.0,34.0,1.0
5888,178.0,7.0,1.0
5889,42.0,148.0,1.0
5890,248.0,499.0,1.0
5891,203.0,209.0,1.0
5892,29.0,13.0,1.0
5893,78.0,31.0,1.0
5894,90.0,351.0,1.0
5895,67.0,147.0,1.0
5896,75.0,194.0,1.0
5897,66.0,9.0,1.0
5898,139.0,5.0,1.0
5899,84.0,111.0,1.0
5900,53.0,355.0,1.0
5901,188.0,241.0,1.0
5902,16.0,225.0,1.0
5903,97.0,368.0,1.0
5904,89.0,3.0,1.0
5905,94.0,230.0,1.0
5906,261.0,44.0,1.0
5907,121.0,97.0,1.0
5908,10.0,241.0,1.0
5909,186.0,10.0,1.0
5910,248.0,35.0,1.0
5911,1.0,61.0,1.0
5912,28.0,300.0,1.0
5913,71.0,327.0,1.0
5914,203.0,70.0,1.0
5915,39.0,224.0,1.0
5916,94.0,223.0,1.0
5917,81.0,195.0,1.0
5918,53.0,226.0,1.0
5919,130.0,109.0,1.0
5920,87.0,183.0,1.0
5921,233.0,430.0,1.0
5922,132.0,199.0,1.0
5923,122.0,299.0,1.0
5924,90.0,22.0,1.0
5925,261.0,251.0,1.0
5926,108.0,410.0,1.0
5927,164.0,161.0,1.0
5928,208.0,17.0,1.0
5929,189.0,157.0,1.0
5930,238.0,214.0,1.0
5931,268.0,152.0,1.0
5932,127.0,576.0,1.0
5933,69.0,103.0,1.0
5934,154.0,553.0,1.0
5935,100.0,112.0,1.0
5936,72.0,47.0,1.0
5937,37.0,157.0,1.0
5938,87.0,261.0,1.0
5939,84.0,50.0,1.0
5940,223.0,173.0,1.0
5941,42.0,219.0,1.0
5942,16.0,247.0,1.0
5943,127.0,48.0,1.0
5944,164.0,426.0,1.0
5945,248.0,259.0,1.0
5946,81.0,319.0,1.0
5947,156.0,47.0,1.0
5948,78.0,89.0,1.0
5949,129.0,44.0,1.0
5950,67.0,362.0,1.0
5951,202.0,136.0,1.0
5952,87.0,39.0,1.0
5953,17.0,12.0,1.0
5954,52.0,120.0,1.0
5955,168.0,12.0,1.0
5956,87.0,158.0,1.0
5957,24.0,196.0,1.0
5958,126.0,437.0,1.0
5959,64.0,302.0,1.0
5960,9.0,54.0,1.0
5961,98.0,501.0,1.0
5962,79.0,117.0,1.0
5963,25.0,27.0,1.0
5964,39.0,413.0,1.0
5965,162.0,173.0,1.0
5966,126.0,62.0,1.0
5967,200.0,253.0,1.0
5968,180.0,326.0,1.0
5969,52.0,280.0,1.0
5970,145.0,91.0,1.0
5971,133.0,315.0,1.0
5972,0.0,6.0,1.0
5973,65.0,182.0,1.0
5974,44.0,11.0,1.0
5975,17.0,310.0,1.0
5976,47.0,110.0,1.0
5977,239.0,400.0,1.0
5978,122.0,332.0,1.0
5979,178.0,196.0,1.0
5980,156.0,413.0,1.0
5981,65.0,497.0,1.0
5982,188.0,429.0,1.0
5983,51.0,71.0,1.0
5984,11.0,312.0,1.0
5985,156.0,136.0,1.0
5986,90.0,266.0,1.0
5987,82.0,320.0,1.0
5988,200.0,258.0,1.0
5989,87.0,190.0,1.0
5990,11.0,9.0,1.0
5991,185.0,388.0,1.0
5992,124.0,204.0,1.0
5993,11.0,28.0,1.0
5994,147.0,236.0,1.0
5995,177.0,241.0,1.0
5996,178.0,377.0,1.0
5997,158.0,408.0,1.0
5998,257.0,49.0,1.0
5999,56.0,220.0,1.0
6000,182.0,224.0,1.0
6001,228.0,330.0,1.0
6002,88.0,81.0,1.0
6003,118.0,310.0,1.0
6004,74.0,368.0,1.0
6005,66.0,559.0,1.0
6006,178.0,249.0,1.0
6007,8.0,11.0,1.0
6008,69.0,512.0,1.0
6009,97.0,122.0,1.0
6010,189.0,482.0,1.0
6011,103.0,157.0,1.0
6012,191.0,459.0,1.0
6013,135.0,525.0,1.0
6014,219.0,399.0,1.0
6015,113.0,66.0,1.0
6016,105.0,10.0,1.0
6017,255.0,59.0,1.0
6018,122.0,309.0,1.0
6019,75.0,85.0,1.0
6020,205.0,54.0,1.0
6021,69.0,384.0,1.0
6022,113.0,269.0,1.0
6023,65.0,568.0,1.0
6024,210.0,557.0,1.0
6025,235.0,65.0,1.0
6026,256.0,150.0,1.0
6027,182.0,100.0,1.0
6028,150.0,216.0,1.0
6029,79.0,386.0,1.0
6030,238.0,433.0,1.0
6031,117.0,475.0,1.0
6032,199.0,130.0,1.0
6033,9.0,215.0,1.0
6034,9.0,1.0,1.0
6035,184.0,338.0,1.0
6036,207.0,360.0,1.0
6037,240.0,21.0,1.0
6038,89.0,0.0,1.0
6039,17.0,24.0,1.0
6040,63.0,219.0,1.0
6041,53.0,412.0,1.0
6042,170.0,374.0,1.0
6043,26.0,252.0,1.0
6044,196.0,89.0,1.0
6045,75.0,104.0,1.0
6046,252.0,89.0,1.0
6047,22.0,209.0,1.0
6048,189.0,150.0,1.0
6049,261.0,92.0,1.0
6050,261.0,252.0,1.0
6051,182.0,561.0,1.0
6052,130.0,161.0,1.0
6053,130.0,320.0,1.0
6054,144.0,587.0,1.0
6055,13.0,180.0,1.0
6056,88.0,414.0,1.0
6057,17.0,416.0,1.0
6058,185.0,24.0,1.0
6059,22.0,288.0,1.0
6060,229.0,160.0,1.0
6061,128.0,276.0,1.0
6062,90.0,3.0,1.0
6063,56.0,122.0,1.0
6064,74.0,395.0,1.0
6065,117.0,138.0,1.0
6066,101.0,133.0,1.0
6067,72.0,208.0,1.0
6068,183.0,118.0,1.0
6069,205.0,67.0,1.0
6070,134.0,143.0,1.0
6071,164.0,1.0,1.0
6072,147.0,442.0,1.0
6073,195.0,487.0,1.0
6074,168.0,474.0,1.0
6075,52.0,464.0,1.0
6076,141.0,20.0,1.0
6077,129.0,48.0,1.0
6078,8.0,245.0,1.0
6079,217.0,36.0,1.0
6080,145.0,62.0,1.0
6081,97.0,201.0,1.0
6082,138.0,221.0,1.0
6083,262.0,590.0,1.0
6084,223.0,440.0,1.0
6085,229.0,104.0,1.0
6086,119.0,205.0,1.0
6087,45.0,343.0,1.0
6088,16.0,269.0,1.0
6089,167.0,455.0,1.0
6090,193.0,253.0,1.0
6091,75.0,400.0,1.0
6092,105.0,145.0,1.0
6093,229.0,0.0,1.0
6094,74.0,234.0,1.0
6095,153.0,26.0,1.0
6096,262.0,52.0,1.0
6097,63.0,379.0,1.0
6098,261.0,9.0,1.0
6099,79.0,81.0,1.0
6100,165.0,489.0,1.0
6101,212.0,378.0,1.0
6102,209.0,208.0,1.0
6103,138.0,146.0,1.0
6104,104.0,337.0,1.0
6105,124.0,66.0,1.0
6106,143.0,12.0,1.0
6107,199.0,177.0,1.0
6108,105.0,238.0,1.0
6109,116.0,367.0,1.0
6110,160.0,351.0,1.0
6111,178.0,569.0,1.0
6112,49.0,100.0,1.0
6113,82.0,533.0,1.0
6114,74.0,127.0,1.0
6115,69.0,216.0,1.0
6116,178.0,96.0,1.0
6117,255.0,327.0,1.0
6118,5.0,190.0,1.0
6119,175.0,294.0,1.0
6120,103.0,374.0,1.0
6121,218.0,303.0,1.0
6122,192.0,332.0,1.0
6123,100.0,136.0,1.0
6124,21.0,424.0,1.0
6125,268.0,9.0,1.0
6126,7.0,36.0,1.0
6127,209.0,387.0,1.0
6128,107.0,92.0,1.0
6129,2.0,119.0,1.0
6130,78.0,92.0,1.0
6131,116.0,243.0,1.0
6132,200.0,342.0,1.0
6133,92.0,147.0,1.0
6134,109.0,89.0,1.0
6135,84.0,254.0,1.0
6136,98.0,434.0,1.0
6137,154.0,251.0,1.0
6138,104.0,9.0,1.0
6139,48.0,259.0,1.0
6140,51.0,33.0,1.0
6141,244.0,92.0,1.0
6142,158.0,50.0,1.0
6143,58.0,430.0,1.0
6144,30.0,47.0,1.0
6145,222.0,220.0,1.0
6146,94.0,22.0,1.0
6147,182.0,395.0,1.0
6148,130.0,481.0,1.0
6149,155.0,87.0,1.0
6150,22.0,427.0,1.0
6151,25.0,397.0,1.0
6152,239.0,197.0,1.0
6153,240.0,106.0,1.0
6154,71.0,460.0,1.0
6155,37.0,66.0,1.0
6156,58.0,150.0,1.0
6157,69.0,378.0,1.0
6158,27.0,103.0,1.0
6159,226.0,28.0,1.0
6160,90.0,150.0,1.0
6161,64.0,10.0,1.0
6162,84.0,493.0,1.0
6163,205.0,81.0,1.0
6164,179.0,310.0,1.0
6165,156.0,356.0,1.0
6166,102.0,154.0,1.0
6167,19.0,167.0,1.0
6168,113.0,50.0,1.0
6169,117.0,116.0,1.0
6170,17.0,207.0,1.0
6171,189.0,108.0,1.0
6172,148.0,57.0,1.0
6173,56.0,413.0,1.0
6174,225.0,577.0,1.0
6175,223.0,530.0,1.0
6176,180.0,287.0,1.0
6177,182.0,35.0,1.0
6178,84.0,214.0,1.0
6179,191.0,9.0,1.0
6180,82.0,358.0,1.0
6181,145.0,32.0,1.0
6182,255.0,340.0,1.0
6183,89.0,203.0,1.0
6184,106.0,233.0,1.0
6185,81.0,151.0,1.0
6186,203.0,95.0,1.0
6187,127.0,591.0,1.0
6188,177.0,143.0,1.0
6189,128.0,458.0,1.0
6190,121.0,331.0,1.0
6191,173.0,80.0,1.0
6192,1.0,59.0,1.0
6193,52.0,218.0,1.0
6194,136.0,357.0,1.0
6195,17.0,290.0,1.0
6196,114.0,263.0,1.0
6197,239.0,571.0,1.0
6198,17.0,414.0,1.0
6199,135.0,26.0,1.0
6200,114.0,10.0,1.0
6201,153.0,12.0,1.0
6202,82.0,8.0,1.0
6203,145.0,59.0,1.0
6204,136.0,433.0,1.0
6205,45.0,325.0,1.0
6206,100.0,104.0,1.0
6207,116.0,48.0,1.0
6208,218.0,172.0,1.0
6209,247.0,341.0,1.0
6210,178.0,214.0,1.0
6211,71.0,376.0,1.0
6212,82.0,386.0,1.0
6213,87.0,116.0,1.0
6214,84.0,359.0,1.0
6215,148.0,111.0,1.0
6216,117.0,258.0,1.0
6217,223.0,153.0,1.0
6218,51.0,154.0,1.0
6219,117.0,86.0,1.0
6220,127.0,308.0,1.0
6221,90.0,124.0,1.0
6222,200.0,32.0,1.0
6223,82.0,177.0,1.0
6224,145.0,145.0,1.0
6225,204.0,485.0,1.0
6226,87.0,304.0,1.0
6227,229.0,410.0,1.0
6228,91.0,265.0,1.0
6229,232.0,265.0,1.0
6230,2.0,93.0,1.0
6231,178.0,529.0,1.0
6232,2.0,115.0,1.0
6233,87.0,374.0,1.0
6234,65.0,467.0,1.0
6235,117.0,202.0,1.0
6236,207.0,11.0,1.0
6237,168.0,218.0,1.0
6238,201.0,207.0,1.0
6239,200.0,87.0,1.0
6240,226.0,230.0,1.0
6241,62.0,480.0,1.0
6242,101.0,47.0,1.0
6243,216.0,327.0,1.0
6244,122.0,337.0,1.0
6245,128.0,179.0,1.0
6246,200.0,578.0,1.0
6247,65.0,407.0,1.0
6248,248.0,122.0,1.0
6249,65.0,388.0,1.0
6250,20.0,15.0,1.0
6251,225.0,143.0,1.0
6252,132.0,530.0,1.0
6253,234.0,464.0,1.0
6254,9.0,283.0,1.0
6255,213.0,411.0,1.0
6256,16.0,259.0,1.0
6257,87.0,358.0,1.0
6258,87.0,201.0,1.0
6259,189.0,420.0,1.0
6260,116.0,2.0,1.0
6261,173.0,462.0,1.0
6262,65.0,337.0,1.0
6263,25.0,61.0,1.0
6264,82.0,566.0,1.0
6265,258.0,243.0,1.0
6266,82.0,111.0,1.0
6267,164.0,180.0,1.0
6268,83.0,160.0,1.0
6269,223.0,169.0,1.0
6270,121.0,351.0,1.0
6271,264.0,313.0,1.0
6272,191.0,106.0,1.0
6273,37.0,242.0,1.0
6274,208.0,218.0,1.0
6275,147.0,207.0,1.0
6276,10.0,228.0,1.0
6277,78.0,338.0,1.0
6278,130.0,254.0,1.0
6279,60.0,365.0,1.0
6280,117.0,130.0,1.0
6281,200.0,77.0,1.0
6282,211.0,286.0,1.0
6283,136.0,311.0,1.0
6284,86.0,146.0,1.0
6285,89.0,338.0,1.0
6286,27.0,59.0,1.0
6287,234.0,39.0,1.0
6288,90.0,77.0,1.0
6289,45.0,107.0,1.0
6290,182.0,365.0,1.0
6291,102.0,591.0,1.0
6292,89.0,379.0,1.0
6293,28.0,35.0,1.0
6294,256.0,352.0,1.0
6295,31.0,350.0,1.0
6296,93.0,45.0,1.0
6297,228.0,201.0,1.0
6298,85.0,511.0,1.0
6299,71.0,416.0,1.0
6300,104.0,115.0,1.0
6301,127.0,247.0,1.0
6302,207.0,514.0,1.0
6303,52.0,185.0,1.0
6304,168.0,104.0,1.0
6305,102.0,244.0,1.0
6306,153.0,204.0,1.0
6307,90.0,49.0,1.0
6308,252.0,36.0,1.0
6309,88.0,7.0,1.0
6310,169.0,100.0,1.0
6311,233.0,594.0,1.0
6312,141.0,120.0,1.0
6313,85.0,426.0,1.0
6314,250.0,434.0,1.0
6315,211.0,189.0,1.0
6316,102.0,17.0,1.0
6317,82.0,413.0,1.0
6318,149.0,317.0,1.0
6319,21.0,106.0,1.0
6320,20.0,250.0,1.0
6321,243.0,148.0,1.0
6322,234.0,38.0,1.0
6323,52.0,456.0,1.0
6324,85.0,591.0,1.0
6325,130.0,387.0,1.0
6326,84.0,219.0,1.0
6327,178.0,124.0,1.0
6328,89.0,310.0,1.0
6329,150.0,192.0,1.0
6330,238.0,452.0,1.0
6331,104.0,69.0,1.0
6332,189.0,205.0,1.0
6333,133.0,40.0,1.0
6334,217.0,310.0,1.0
6335,119.0,337.0,1.0
6336,128.0,320.0,1.0
6337,116.0,419.0,1.0
6338,102.0,30.0,1.0
6339,16.0,120.0,1.0
6340,79.0,222.0,1.0
6341,131.0,103.0,1.0
6342,84.0,215.0,1.0
6343,7.0,130.0,1.0
6344,115.0,498.0,1.0
6345,9.0,258.0,1.0
6346,189.0,374.0,1.0
6347,264.0,2.0,1.0
6348,147.0,343.0,1.0
6349,53.0,375.0,1.0
6350,63.0,231.0,1.0
6351,16.0,255.0,1.0
6352,91.0,28.0,1.0
6353,13.0,338.0,1.0
6354,145.0,412.0,1.0
6355,115.0,413.0,1.0
6356,42.0,24.0,1.0
6357,5.0,197.0,1.0
6358,112.0,120.0,1.0
6359,72.0,482.0,1.0
6360,189.0,398.0,1.0
6361,26.0,436.0,1.0
6362,106.0,237.0,1.0
6363,123.0,427.0,1.0
6364,138.0,57.0,1.0
6365,155.0,91.0,1.0
6366,256.0,245.0,1.0
6367,117.0,38.0,1.0
6368,207.0,305.0,1.0
6369,159.0,414.0,1.0
6370,216.0,211.0,1.0
6371,244.0,514.0,1.0
6372,183.0,50.0,1.0
6373,155.0,333.0,1.0
6374,115.0,399.0,1.0
6375,106.0,266.0,1.0
6376,130.0,318.0,1.0
6377,177.0,181.0,1.0
6378,228.0,31.0,1.0
6379,82.0,124.0,1.0
6380,58.0,241.0,1.0
6381,149.0,305.0,1.0
6382,156.0,120.0,1.0
6383,82.0,212.0,1.0
6384,160.0,227.0,1.0
6385,183.0,517.0,1.0
6386,82.0,129.0,1.0
6387,82.0,492.0,1.0
6388,261.0,339.0,1.0
6389,178.0,230.0,1.0
6390,217.0,31.0,1.0
6391,186.0,138.0,1.0
6392,183.0,594.0,1.0
6393,82.0,131.0,1.0
6394,175.0,264.0,1.0
6395,182.0,204.0,1.0
6396,78.0,116.0,1.0
6397,158.0,557.0,1.0
6398,195.0,225.0,1.0
6399,247.0,304.0,1.0
6400,196.0,384.0,1.0
6401,57.0,70.0,1.0
6402,1.0,41.0,1.0
6403,96.0,120.0,1.0
6404,128.0,350.0,1.0
6405,134.0,50.0,1.0
6406,56.0,489.0,1.0
6407,147.0,508.0,1.0
6408,261.0,136.0,1.0
6409,205.0,146.0,1.0
6410,226.0,575.0,1.0
6411,200.0,524.0,1.0
6412,87.0,63.0,1.0
6413,223.0,201.0,1.0
6414,179.0,296.0,1.0
6415,48.0,161.0,1.0
6416,245.0,59.0,1.0
6417,126.0,278.0,1.0
6418,207.0,64.0,1.0
6419,123.0,48.0,1.0
6420,162.0,166.0,1.0
6421,8.0,98.0,1.0
6422,87.0,335.0,1.0
6423,116.0,259.0,1.0
6424,51.0,151.0,1.0
6425,181.0,45.0,1.0
6426,51.0,31.0,1.0
6427,200.0,225.0,1.0
6428,224.0,110.0,1.0
6429,37.0,130.0,1.0
6430,200.0,210.0,1.0
6431,19.0,130.0,1.0
6432,87.0,547.0,1.0
6433,84.0,321.0,1.0
6434,17.0,148.0,1.0
6435,257.0,33.0,1.0
6436,105.0,133.0,1.0
6437,90.0,78.0,1.0
6438,203.0,6.0,1.0
6439,180.0,419.0,1.0
6440,224.0,214.0,1.0
6441,266.0,277.0,1.0
6442,196.0,377.0,1.0
6443,90.0,160.0,1.0
6444,234.0,413.0,1.0
6445,71.0,122.0,1.0
6446,145.0,214.0,1.0
6447,210.0,113.0,1.0
6448,25.0,105.0,1.0
6449,182.0,40.0,1.0
6450,259.0,222.0,1.0
6451,201.0,202.0,1.0
6452,178.0,275.0,1.0
6453,102.0,8.0,1.0
6454,172.0,351.0,1.0
6455,145.0,117.0,1.0
6456,50.0,113.0,1.0
6457,12.0,323.0,1.0
6458,200.0,120.0,1.0
6459,204.0,94.0,1.0
6460,33.0,349.0,1.0
6461,16.0,302.0,1.0
6462,192.0,12.0,1.0
6463,153.0,190.0,1.0
6464,109.0,246.0,1.0
6465,126.0,511.0,1.0
6466,165.0,479.0,1.0
6467,6.0,138.0,1.0
6468,138.0,178.0,1.0
6469,82.0,99.0,1.0
6470,30.0,31.0,1.0
6471,165.0,282.0,1.0
6472,168.0,136.0,1.0
6473,152.0,133.0,1.0
6474,102.0,78.0,1.0
6475,147.0,97.0,1.0
6476,175.0,105.0,1.0
6477,235.0,47.0,1.0
6478,51.0,399.0,1.0
6479,127.0,45.0,1.0
6480,168.0,584.0,1.0
6481,234.0,191.0,1.0
6482,182.0,327.0,1.0
6483,58.0,146.0,1.0
6484,135.0,20.0,1.0
6485,108.0,53.0,1.0
6486,165.0,467.0,1.0
6487,229.0,206.0,1.0
6488,164.0,59.0,1.0
6489,159.0,12.0,1.0
6490,122.0,326.0,1.0
6491,115.0,47.0,1.0
6492,56.0,424.0,1.0
6493,128.0,77.0,1.0
6494,178.0,213.0,1.0
6495,197.0,143.0,1.0
6496,48.0,186.0,1.0
6497,263.0,27.0,1.0
6498,112.0,219.0,1.0
6499,53.0,81.0,1.0
6500,204.0,179.0,1.0
6501,144.0,54.0,1.0
6502,26.0,266.0,1.0
6503,120.0,125.0,1.0
6504,228.0,404.0,1.0
6505,122.0,205.0,1.0
6506,162.0,425.0,1.0
6507,120.0,12.0,1.0
6508,52.0,84.0,1.0
6509,224.0,242.0,1.0
6510,65.0,190.0,1.0
6511,65.0,95.0,1.0
6512,78.0,111.0,1.0
6513,180.0,54.0,1.0
6514,194.0,156.0,1.0
6515,191.0,114.0,1.0
6516,226.0,222.0,1.0
6517,129.0,506.0,1.0
6518,200.0,72.0,1.0
6519,200.0,256.0,1.0
6520,158.0,21.0,1.0
6521,141.0,309.0,1.0
6522,60.0,216.0,1.0
6523,2.0,148.0,1.0
6524,65.0,103.0,1.0
6525,158.0,8.0,1.0
6526,84.0,15.0,1.0
6527,193.0,137.0,1.0
6528,180.0,36.0,1.0
6529,91.0,146.0,1.0
6530,229.0,128.0,1.0
6531,168.0,465.0,1.0
6532,56.0,133.0,1.0
6533,108.0,136.0,1.0
6534,62.0,557.0,1.0
6535,153.0,504.0,1.0
6536,45.0,130.0,1.0
6537,42.0,221.0,1.0
6538,84.0,217.0,1.0
6539,69.0,245.0,1.0
6540,256.0,141.0,1.0
6541,121.0,172.0,1.0
6542,65.0,117.0,1.0
6543,182.0,420.0,1.0
6544,56.0,378.0,1.0
6545,203.0,583.0,1.0
6546,144.0,104.0,1.0
6547,71.0,187.0,1.0
6548,186.0,166.0,1.0
6549,85.0,130.0,1.0
6550,168.0,238.0,1.0
6551,262.0,240.0,1.0
6552,164.0,111.0,1.0
6553,78.0,10.0,1.0
6554,225.0,161.0,1.0
6555,234.0,282.0,1.0
6556,183.0,97.0,1.0
6557,183.0,68.0,1.0
6558,114.0,306.0,1.0
6559,130.0,51.0,1.0
6560,37.0,428.0,1.0
6561,42.0,407.0,1.0
6562,203.0,425.0,1.0
6563,16.0,359.0,1.0
6564,86.0,310.0,1.0
6565,150.0,339.0,1.0
6566,83.0,311.0,1.0
6567,51.0,357.0,1.0
6568,180.0,241.0,1.0
6569,41.0,297.0,1.0
6570,135.0,564.0,1.0
6571,114.0,367.0,1.0
6572,232.0,88.0,1.0
6573,199.0,62.0,1.0
6574,126.0,138.0,1.0
6575,195.0,496.0,1.0
6576,186.0,449.0,1.0
6577,218.0,70.0,1.0
6578,69.0,580.0,1.0
6579,88.0,503.0,1.0
6580,16.0,16.0,1.0
6581,182.0,342.0,1.0
6582,105.0,546.0,1.0
6583,51.0,429.0,1.0
6584,116.0,327.0,1.0
6585,101.0,10.0,1.0
6586,13.0,19.0,1.0
6587,149.0,539.0,1.0
6588,100.0,119.0,1.0
6589,246.0,169.0,1.0
6590,248.0,133.0,1.0
6591,90.0,63.0,1.0
6592,65.0,460.0,1.0
6593,164.0,9.0,1.0
6594,52.0,388.0,1.0
6595,187.0,400.0,1.0
6596,116.0,116.0,1.0
6597,94.0,189.0,1.0
6598,114.0,237.0,1.0
6599,147.0,483.0,1.0
6600,130.0,17.0,1.0
6601,37.0,31.0,1.0
6602,145.0,124.0,1.0
6603,182.0,210.0,1.0
6604,178.0,467.0,1.0
6605,100.0,465.0,1.0
6606,78.0,66.0,1.0
6607,13.0,90.0,1.0
6608,183.0,314.0,1.0
6609,82.0,310.0,1.0
6610,37.0,304.0,1.0
6611,129.0,3.0,1.0
6612,19.0,58.0,1.0
6613,164.0,55.0,1.0
6614,84.0,287.0,1.0
6615,264.0,135.0,1.0
6616,42.0,14.0,1.0
6617,226.0,423.0,1.0
6618,48.0,44.0,1.0
6619,84.0,1.0,1.0
6620,35.0,0.0,1.0
6621,145.0,491.0,1.0
6622,42.0,186.0,1.0
6623,156.0,7.0,1.0
6624,228.0,46.0,1.0
6625,261.0,113.0,1.0
6626,217.0,400.0,1.0
6627,153.0,199.0,1.0
6628,22.0,347.0,1.0
6629,204.0,450.0,1.0
6630,136.0,123.0,1.0
6631,205.0,179.0,1.0
6632,240.0,25.0,1.0
6633,94.0,282.0,1.0
6634,92.0,22.0,1.0
6635,181.0,204.0,1.0
6636,35.0,59.0,1.0
6637,150.0,140.0,1.0
6638,224.0,266.0,1.0
6639,63.0,10.0,1.0
6640,248.0,234.0,1.0
6641,229.0,233.0,1.0
6642,96.0,226.0,1.0
6643,204.0,58.0,1.0
6644,28.0,297.0,1.0
6645,172.0,57.0,1.0
6646,182.0,220.0,1.0
6647,44.0,118.0,1.0
6648,134.0,549.0,1.0
6649,15.0,351.0,1.0
6650,160.0,498.0,1.0
6651,178.0,234.0,1.0
6652,260.0,200.0,1.0
6653,6.0,92.0,1.0
6654,147.0,507.0,1.0
6655,186.0,213.0,1.0
6656,147.0,573.0,1.0
6657,111.0,157.0,1.0
6658,152.0,91.0,1.0
6659,78.0,224.0,1.0
6660,124.0,9.0,1.0
6661,116.0,57.0,1.0
6662,18.0,136.0,1.0
6663,114.0,62.0,1.0
6664,60.0,91.0,1.0
6665,2.0,91.0,1.0
6666,83.0,390.0,1.0
6667,168.0,257.0,1.0
6668,91.0,263.0,1.0
6669,60.0,525.0,1.0
6670,268.0,414.0,1.0
6671,73.0,116.0,1.0
6672,71.0,145.0,1.0
6673,99.0,132.0,1.0
6674,218.0,456.0,1.0
6675,74.0,51.0,1.0
6676,82.0,193.0,1.0
6677,119.0,206.0,1.0
6678,57.0,397.0,1.0
6679,30.0,153.0,1.0
6680,233.0,45.0,1.0
6681,98.0,45.0,1.0
6682,214.0,0.0,1.0
6683,58.0,147.0,1.0
6684,102.0,545.0,1.0
6685,85.0,32.0,1.0
6686,202.0,63.0,1.0
6687,207.0,273.0,1.0
6688,13.0,77.0,1.0
6689,115.0,24.0,1.0
6690,117.0,228.0,1.0
6691,84.0,559.0,1.0
6692,122.0,560.0,1.0
6693,149.0,400.0,1.0
6694,178.0,225.0,1.0
6695,82.0,249.0,1.0
6696,229.0,151.0,1.0
6697,159.0,22.0,1.0
6698,180.0,66.0,1.0
6699,166.0,125.0,1.0
6700,228.0,44.0,1.0
6701,128.0,512.0,1.0
6702,258.0,393.0,1.0
6703,147.0,36.0,1.0
6704,83.0,496.0,1.0
6705,203.0,143.0,1.0
6706,65.0,321.0,1.0
6707,268.0,114.0,1.0
6708,139.0,148.0,1.0
6709,258.0,113.0,1.0
6710,248.0,433.0,1.0
6711,55.0,447.0,1.0
6712,75.0,223.0,1.0
6713,75.0,66.0,1.0
6714,102.0,474.0,1.0
6715,48.0,432.0,1.0
6716,5.0,124.0,1.0
6717,164.0,0.0,1.0
6718,100.0,147.0,1.0
6719,246.0,276.0,1.0
6720,211.0,221.0,1.0
6721,149.0,125.0,1.0
6722,13.0,61.0,1.0
6723,135.0,95.0,1.0
6724,254.0,415.0,1.0
6725,238.0,27.0,1.0
6726,203.0,152.0,1.0
6727,197.0,186.0,1.0
6728,1.0,54.0,1.0
6729,183.0,342.0,1.0
6730,256.0,126.0,1.0
6731,184.0,256.0,1.0
6732,244.0,222.0,1.0
6733,17.0,64.0,1.0
6734,96.0,248.0,1.0
6735,208.0,119.0,1.0
6736,251.0,229.0,1.0
6737,114.0,146.0,1.0
6738,218.0,594.0,1.0
6739,53.0,61.0,1.0
6740,126.0,77.0,1.0
6741,90.0,97.0,1.0
6742,84.0,532.0,1.0
6743,64.0,179.0,1.0
6744,101.0,92.0,1.0
6745,68.0,120.0,1.0
6746,155.0,39.0,1.0
6747,242.0,10.0,1.0
6748,10.0,295.0,1.0
6749,67.0,255.0,1.0
6750,1.0,49.0,1.0
6751,105.0,21.0,1.0
6752,39.0,383.0,1.0
6753,81.0,223.0,1.0
6754,113.0,146.0,1.0
6755,228.0,338.0,1.0
6756,82.0,435.0,1.0
6757,35.0,136.0,1.0
6758,127.0,27.0,1.0
6759,207.0,432.0,1.0
6760,158.0,255.0,1.0
6761,223.0,476.0,1.0
6762,94.0,145.0,1.0
6763,149.0,92.0,1.0
6764,128.0,419.0,1.0
6765,129.0,434.0,1.0
6766,130.0,576.0,1.0
6767,120.0,95.0,1.0
6768,196.0,586.0,1.0
6769,85.0,153.0,1.0
6770,115.0,227.0,1.0
6771,48.0,264.0,1.0
6772,211.0,3.0,1.0
6773,142.0,125.0,1.0
6774,134.0,89.0,1.0
6775,248.0,109.0,1.0
6776,256.0,12.0,1.0
6777,89.0,456.0,1.0
6778,39.0,68.0,1.0
6779,108.0,337.0,1.0
6780,138.0,311.0,1.0
6781,249.0,328.0,1.0
6782,187.0,186.0,1.0
6783,243.0,433.0,1.0
6784,127.0,496.0,1.0
6785,51.0,513.0,1.0
6786,178.0,282.0,1.0
6787,172.0,8.0,1.0
6788,219.0,189.0,1.0
6789,165.0,297.0,1.0
6790,186.0,313.0,1.0
6791,87.0,37.0,1.0
6792,97.0,70.0,1.0
6793,52.0,347.0,1.0
6794,155.0,459.0,1.0
6795,51.0,356.0,1.0
6796,63.0,185.0,1.0
6797,56.0,50.0,1.0
6798,149.0,491.0,1.0
6799,82.0,121.0,1.0
6800,115.0,596.0,1.0
6801,102.0,349.0,1.0
6802,65.0,572.0,1.0
6803,147.0,275.0,1.0
6804,135.0,231.0,1.0
6805,234.0,415.0,1.0
6806,75.0,230.0,1.0
6807,119.0,219.0,1.0
6808,245.0,588.0,1.0
6809,26.0,196.0,1.0
6810,147.0,360.0,1.0
6811,178.0,47.0,1.0
6812,32.0,206.0,1.0
6813,103.0,496.0,1.0
6814,180.0,532.0,1.0
6815,82.0,95.0,1.0
6816,182.0,193.0,1.0
6817,16.0,22.0,1.0
6818,105.0,245.0,1.0
6819,257.0,89.0,1.0
6820,209.0,578.0,1.0
6821,85.0,565.0,1.0
6822,223.0,183.0,1.0
6823,49.0,69.0,1.0
6824,52.0,122.0,1.0
6825,128.0,354.0,1.0
6826,250.0,100.0,1.0
6827,226.0,260.0,1.0
6828,41.0,146.0,1.0
6829,218.0,296.0,1.0
6830,16.0,245.0,1.0
6831,175.0,222.0,1.0
6832,205.0,343.0,1.0
6833,116.0,366.0,1.0
6834,91.0,86.0,1.0
6835,224.0,308.0,1.0
6836,94.0,81.0,1.0
6837,72.0,194.0,1.0
6838,105.0,410.0,1.0
6839,184.0,379.0,1.0
6840,127.0,12.0,1.0
6841,148.0,81.0,1.0
6842,105.0,193.0,1.0
6843,84.0,124.0,1.0
6844,105.0,122.0,1.0
6845,42.0,386.0,1.0
6846,170.0,47.0,1.0
6847,75.0,70.0,1.0
6848,135.0,120.0,1.0
6849,164.0,29.0,1.0
6850,58.0,343.0,1.0
6851,168.0,133.0,1.0
6852,78.0,466.0,1.0
6853,175.0,70.0,1.0
6854,117.0,103.0,1.0
6855,82.0,170.0,1.0
6856,261.0,349.0,1.0
6857,164.0,195.0,1.0
6858,178.0,426.0,1.0
6859,178.0,126.0,1.0
6860,82.0,225.0,1.0
6861,256.0,33.0,1.0
6862,74.0,331.0,1.0
6863,104.0,336.0,1.0
6864,170.0,496.0,1.0
6865,13.0,331.0,1.0
6866,255.0,551.0,1.0
6867,87.0,595.0,1.0
6868,87.0,125.0,1.0
6869,149.0,83.0,1.0
6870,257.0,388.0,1.0
6871,261.0,344.0,1.0
6872,5.0,212.0,1.0
6873,69.0,568.0,1.0
6874,205.0,321.0,1.0
6875,226.0,14.0,1.0
6876,53.0,12.0,1.0
6877,245.0,38.0,1.0
6878,17.0,112.0,1.0
6879,5.0,117.0,1.0
6880,72.0,465.0,1.0
6881,37.0,147.0,1.0
6882,226.0,58.0,1.0
6883,74.0,38.0,1.0
6884,222.0,527.0,1.0
6885,164.0,533.0,1.0
6886,29.0,40.0,1.0
6887,87.0,247.0,1.0
6888,205.0,298.0,1.0
6889,265.0,79.0,1.0
6890,117.0,238.0,1.0
6891,117.0,36.0,1.0
6892,236.0,328.0,1.0
6893,51.0,256.0,1.0
6894,186.0,47.0,1.0
6895,123.0,143.0,1.0
6896,219.0,216.0,1.0
6897,105.0,500.0,1.0
6898,44.0,328.0,1.0
6899,96.0,291.0,1.0
6900,66.0,574.0,1.0
6901,119.0,227.0,1.0
6902,226.0,422.0,1.0
6903,164.0,89.0,1.0
6904,164.0,235.0,1.0
6905,145.0,478.0,1.0
6906,81.0,251.0,1.0
6907,158.0,400.0,1.0
6908,98.0,100.0,1.0
6909,202.0,134.0,1.0
6910,97.0,219.0,1.0
6911,156.0,147.0,1.0
6912,164.0,191.0,1.0
6913,218.0,593.0,1.0
6914,141.0,459.0,1.0
6915,202.0,272.0,1.0
6916,188.0,280.0,1.0
6917,115.0,454.0,1.0
6918,79.0,10.0,1.0
6919,113.0,17.0,1.0
6920,78.0,310.0,1.0
6921,102.0,99.0,1.0
6922,178.0,41.0,1.0
6923,27.0,81.0,1.0
6924,82.0,256.0,1.0
6925,104.0,84.0,1.0
6926,104.0,291.0,1.0
6927,183.0,284.0,1.0
6928,5.0,208.0,1.0
6929,218.0,514.0,1.0
6930,164.0,116.0,1.0
6931,151.0,50.0,1.0
6932,81.0,231.0,1.0
6933,230.0,327.0,1.0
6934,218.0,288.0,1.0
6935,223.0,467.0,1.0
6936,189.0,348.0,1.0
6937,87.0,102.0,1.0
6938,3.0,165.0,1.0
6939,8.0,168.0,1.0
6940,147.0,222.0,1.0
6941,234.0,111.0,1.0
6942,178.0,338.0,1.0
6943,74.0,68.0,1.0
6944,73.0,120.0,1.0
6945,228.0,148.0,1.0
6946,68.0,85.0,1.0
6947,258.0,526.0,1.0
6948,153.0,130.0,1.0
6949,134.0,39.0,1.0
6950,230.0,179.0,1.0
6951,26.0,356.0,1.0
6952,178.0,105.0,1.0
6953,130.0,273.0,1.0
6954,47.0,66.0,1.0
6955,129.0,10.0,1.0
6956,5.0,194.0,1.0
6957,11.0,269.0,1.0
6958,147.0,209.0,1.0
6959,181.0,136.0,1.0
6960,37.0,449.0,1.0
6961,116.0,40.0,1.0
6962,116.0,92.0,1.0
6963,175.0,182.0,1.0
6964,144.0,400.0,1.0
6965,69.0,185.0,1.0
6966,118.0,117.0,1.0
6967,167.0,168.0,1.0
6968,1.0,77.0,1.0
6969,245.0,404.0,1.0
6970,91.0,441.0,1.0
6971,37.0,11.0,1.0
6972,257.0,11.0,1.0
6973,123.0,47.0,1.0
6974,229.0,37.0,1.0
6975,92.0,76.0,1.0
6976,56.0,29.0,1.0
6977,53.0,123.0,1.0
6978,259.0,416.0,1.0
6979,65.0,242.0,1.0
6980,135.0,205.0,1.0
6981,62.0,413.0,1.0
6982,156.0,39.0,1.0
6983,117.0,191.0,1.0
6984,51.0,191.0,1.0
6985,255.0,64.0,1.0
6986,187.0,39.0,1.0
6987,130.0,459.0,1.0
6988,148.0,408.0,1.0
6989,203.0,352.0,1.0
6990,2.0,139.0,1.0
6991,218.0,592.0,1.0
6992,119.0,116.0,1.0
6993,60.0,311.0,1.0
6994,53.0,213.0,1.0
6995,130.0,160.0,1.0
6996,164.0,168.0,1.0
6997,245.0,460.0,1.0
6998,22.0,430.0,1.0
6999,232.0,177.0,1.0
7000,130.0,276.0,1.0
7001,241.0,218.0,1.0
7002,65.0,222.0,1.0
7003,16.0,213.0,1.0
7004,248.0,463.0,1.0
7005,51.0,280.0,1.0
7006,60.0,358.0,1.0
7007,225.0,87.0,1.0
7008,64.0,204.0,1.0
7009,147.0,141.0,1.0
7010,65.0,148.0,1.0
7011,147.0,400.0,1.0
7012,70.0,515.0,1.0
7013,53.0,488.0,1.0
7014,83.0,62.0,1.0
7015,60.0,111.0,1.0
7016,182.0,207.0,1.0
7017,123.0,165.0,1.0
7018,177.0,51.0,1.0
7019,164.0,304.0,1.0
7020,248.0,445.0,1.0
7021,117.0,253.0,1.0
7022,228.0,196.0,1.0
7023,229.0,177.0,1.0
7024,96.0,25.0,1.0
7025,258.0,320.0,1.0
7026,67.0,146.0,1.0
7027,144.0,70.0,1.0
7028,223.0,492.0,1.0
7029,100.0,536.0,1.0
7030,132.0,62.0,1.0
7031,51.0,442.0,1.0
7032,105.0,113.0,1.0
7033,22.0,45.0,1.0
7034,197.0,402.0,1.0
7035,153.0,222.0,1.0
7036,130.0,313.0,1.0
7037,101.0,91.0,1.0
7038,144.0,399.0,1.0
7039,156.0,225.0,1.0
7040,114.0,67.0,1.0
7041,130.0,437.0,1.0
7042,49.0,1.0,1.0
7043,159.0,97.0,1.0
7044,177.0,28.0,1.0
7045,227.0,372.0,1.0
7046,218.0,46.0,1.0
7047,223.0,400.0,1.0
7048,156.0,410.0,1.0
7049,217.0,251.0,1.0
7050,211.0,31.0,1.0
7051,141.0,73.0,1.0
7052,102.0,261.0,1.0
7053,130.0,233.0,1.0
7054,160.0,482.0,1.0
7055,114.0,585.0,1.0
7056,165.0,150.0,1.0
7057,226.0,20.0,1.0
7058,225.0,69.0,1.0
7059,224.0,184.0,1.0
7060,139.0,407.0,1.0
7061,147.0,22.0,1.0
7062,74.0,284.0,1.0
7063,160.0,173.0,1.0
7064,116.0,553.0,1.0
7065,78.0,22.0,1.0
7066,162.0,58.0,1.0
7067,57.0,419.0,1.0
7068,16.0,371.0,1.0
7069,48.0,158.0,1.0
7070,237.0,160.0,1.0
7071,145.0,241.0,1.0
7072,243.0,91.0,1.0
7073,157.0,129.0,1.0
7074,223.0,116.0,1.0
7075,17.0,251.0,1.0
7076,147.0,367.0,1.0
7077,65.0,230.0,1.0
7078,183.0,438.0,1.0
7079,193.0,133.0,1.0
7080,81.0,216.0,1.0
7081,42.0,475.0,1.0
7082,242.0,0.0,1.0
7083,64.0,311.0,1.0
7084,262.0,102.0,1.0
7085,79.0,470.0,1.0
7086,130.0,164.0,1.0
7087,58.0,97.0,1.0
7088,120.0,287.0,1.0
7089,224.0,250.0,1.0
7090,227.0,499.0,1.0
7091,91.0,12.0,1.0
7092,155.0,89.0,1.0
7093,71.0,117.0,1.0
7094,11.0,114.0,1.0
7095,104.0,157.0,1.0
7096,82.0,35.0,1.0
7097,183.0,63.0,1.0
7098,60.0,244.0,1.0
7099,156.0,199.0,1.0
7100,102.0,253.0,1.0
7101,82.0,262.0,1.0
7102,259.0,470.0,1.0
7103,219.0,112.0,1.0
7104,218.0,183.0,1.0
7105,63.0,100.0,1.0
7106,56.0,238.0,1.0
7107,125.0,272.0,1.0
7108,199.0,4.0,1.0
7109,79.0,504.0,1.0
7110,164.0,250.0,1.0
7111,64.0,36.0,1.0
7112,172.0,143.0,1.0
7113,49.0,131.0,1.0
7114,130.0,225.0,1.0
7115,120.0,467.0,1.0
7116,194.0,22.0,1.0
7117,159.0,557.0,1.0
7118,59.0,92.0,1.0
7119,176.0,100.0,1.0
7120,56.0,241.0,1.0
7121,79.0,384.0,1.0
7122,140.0,282.0,1.0
7123,94.0,310.0,1.0
7124,233.0,19.0,1.0
7125,162.0,467.0,1.0
7126,130.0,253.0,1.0
7127,14.0,58.0,1.0
7128,149.0,179.0,1.0
7129,100.0,138.0,1.0
7130,117.0,40.0,1.0
7131,22.0,215.0,1.0
7132,180.0,226.0,1.0
7133,133.0,431.0,1.0
7134,155.0,65.0,1.0
7135,32.0,142.0,1.0
7136,51.0,58.0,1.0
7137,147.0,65.0,1.0
7138,71.0,563.0,1.0
7139,129.0,586.0,1.0
7140,199.0,18.0,1.0
7141,82.0,569.0,1.0
7142,242.0,371.0,1.0
7143,153.0,232.0,1.0
7144,82.0,521.0,1.0
7145,150.0,404.0,1.0
7146,158.0,131.0,1.0
7147,223.0,399.0,1.0
7148,238.0,486.0,1.0
7149,255.0,145.0,1.0
7150,229.0,39.0,1.0
7151,164.0,131.0,1.0
7152,82.0,92.0,1.0
7153,45.0,97.0,1.0
7154,259.0,231.0,1.0
7155,145.0,186.0,1.0
7156,224.0,511.0,1.0
7157,203.0,168.0,1.0
7158,211.0,4.0,1.0
7159,182.0,133.0,1.0
7160,105.0,57.0,1.0
7161,189.0,133.0,1.0
7162,143.0,413.0,1.0
7163,224.0,143.0,1.0
7164,160.0,490.0,1.0
7165,110.0,66.0,1.0
7166,168.0,126.0,1.0
7167,116.0,537.0,1.0
7168,22.0,432.0,1.0
7169,23.0,251.0,1.0
7170,208.0,565.0,1.0
7171,198.0,203.0,1.0
7172,257.0,579.0,1.0
7173,242.0,356.0,1.0
7174,50.0,21.0,1.0
7175,140.0,146.0,1.0
7176,262.0,89.0,1.0
7177,182.0,256.0,1.0
7178,210.0,59.0,1.0
7179,90.0,201.0,1.0
7180,75.0,364.0,1.0
7181,56.0,222.0,1.0
7182,207.0,54.0,1.0
7183,17.0,133.0,1.0
7184,209.0,438.0,1.0
7185,82.0,142.0,1.0
7186,194.0,147.0,1.0
7187,130.0,331.0,1.0
7188,216.0,186.0,1.0
7189,17.0,217.0,1.0
7190,150.0,589.0,1.0
7191,218.0,27.0,1.0
7192,134.0,461.0,1.0
7193,220.0,527.0,1.0
7194,129.0,201.0,1.0
7195,123.0,164.0,1.0
7196,91.0,462.0,1.0
7197,60.0,538.0,1.0
7198,164.0,423.0,1.0
7199,177.0,427.0,1.0
7200,51.0,332.0,1.0
7201,84.0,238.0,1.0
7202,5.0,213.0,1.0
7203,132.0,420.0,1.0
7204,88.0,401.0,1.0
7205,218.0,301.0,1.0
7206,148.0,33.0,1.0
7207,218.0,582.0,1.0
7208,197.0,77.0,1.0
7209,1.0,22.0,1.0
7210,130.0,130.0,1.0
7211,209.0,397.0,1.0
7212,160.0,105.0,1.0
7213,257.0,219.0,1.0
7214,88.0,186.0,1.0
7215,11.0,152.0,1.0
7216,118.0,189.0,1.0
7217,82.0,415.0,1.0
7218,22.0,175.0,1.0
7219,123.0,491.0,1.0
7220,117.0,542.0,1.0
7221,248.0,63.0,1.0
7222,87.0,175.0,1.0
7223,207.0,10.0,1.0
7224,6.0,125.0,1.0
7225,1.0,31.0,1.0
7226,234.0,7.0,1.0
7227,207.0,251.0,1.0
7228,97.0,391.0,1.0
7229,183.0,337.0,1.0
7230,165.0,256.0,1.0
7231,56.0,281.0,1.0
7232,77.0,116.0,1.0
7233,199.0,469.0,1.0
7234,89.0,138.0,1.0
7235,223.0,111.0,1.0
7236,63.0,186.0,1.0
7237,175.0,10.0,1.0
7238,177.0,113.0,1.0
7239,147.0,194.0,1.0
7240,114.0,147.0,1.0
7241,188.0,92.0,1.0
7242,170.0,89.0,1.0
7243,105.0,128.0,1.0
7244,35.0,61.0,1.0
7245,52.0,156.0,1.0
7246,255.0,502.0,1.0
7247,65.0,253.0,1.0
7248,9.0,279.0,1.0
7249,202.0,24.0,1.0
7250,224.0,485.0,1.0
7251,256.0,112.0,1.0
7252,158.0,66.0,1.0
7253,248.0,265.0,1.0
7254,223.0,57.0,1.0
7255,58.0,57.0,1.0
7256,65.0,106.0,1.0
7257,65.0,427.0,1.0
7258,97.0,231.0,1.0
7259,223.0,212.0,1.0
7260,42.0,217.0,1.0
7261,223.0,413.0,1.0
7262,116.0,437.0,1.0
7263,75.0,174.0,1.0
7264,232.0,23.0,1.0
7265,250.0,133.0,1.0
7266,84.0,365.0,1.0
7267,84.0,36.0,1.0
7268,187.0,8.0,1.0
7269,136.0,5.0,1.0
7270,56.0,354.0,1.0
7271,82.0,247.0,1.0
7272,191.0,295.0,1.0
7273,67.0,59.0,1.0
7274,192.0,365.0,1.0
7275,56.0,545.0,1.0
7276,215.0,146.0,1.0
7277,53.0,277.0,1.0
7278,165.0,126.0,1.0
7279,82.0,239.0,1.0
7280,108.0,261.0,1.0
7281,155.0,241.0,1.0
7282,256.0,418.0,1.0
7283,56.0,541.0,1.0
7284,89.0,186.0,1.0
7285,69.0,222.0,1.0
7286,108.0,374.0,1.0
7287,259.0,157.0,1.0
7288,128.0,484.0,1.0
7289,10.0,303.0,1.0
7290,84.0,433.0,1.0
7291,117.0,120.0,1.0
7292,178.0,533.0,1.0
7293,114.0,346.0,1.0
7294,45.0,113.0,1.0
7295,105.0,496.0,1.0
7296,91.0,565.0,1.0
7297,22.0,158.0,1.0
7298,105.0,476.0,1.0
7299,208.0,315.0,1.0
7300,96.0,100.0,1.0
7301,226.0,456.0,1.0
7302,189.0,507.0,1.0
7303,64.0,4.0,1.0
7304,79.0,125.0,1.0
7305,98.0,104.0,1.0
7306,149.0,121.0,1.0
7307,153.0,417.0,1.0
7308,59.0,315.0,1.0
7309,133.0,516.0,1.0
7310,224.0,145.0,1.0
7311,87.0,453.0,1.0
7312,228.0,147.0,1.0
7313,203.0,154.0,1.0
7314,63.0,207.0,1.0
7315,266.0,314.0,1.0
7316,45.0,286.0,1.0
7317,224.0,146.0,1.0
7318,123.0,154.0,1.0
7319,155.0,118.0,1.0
7320,32.0,130.0,1.0
7321,9.0,59.0,1.0
7322,262.0,294.0,1.0
7323,89.0,408.0,1.0
7324,243.0,504.0,1.0
7325,217.0,352.0,1.0
7326,129.0,280.0,1.0
7327,147.0,64.0,1.0
7328,128.0,241.0,1.0
7329,205.0,567.0,1.0
7330,87.0,517.0,1.0
7331,59.0,95.0,1.0
7332,132.0,239.0,1.0
7333,223.0,419.0,1.0
7334,144.0,390.0,1.0
7335,147.0,446.0,1.0
7336,175.0,505.0,1.0
7337,123.0,89.0,1.0
7338,122.0,55.0,1.0
7339,52.0,510.0,1.0
7340,195.0,452.0,1.0
7341,259.0,95.0,1.0
7342,108.0,207.0,1.0
7343,124.0,10.0,1.0
7344,109.0,38.0,1.0
7345,102.0,304.0,1.0
7346,130.0,367.0,1.0
7347,214.0,125.0,1.0
7348,181.0,396.0,1.0
7349,150.0,47.0,1.0
7350,101.0,122.0,1.0
7351,105.0,586.0,1.0
7352,193.0,203.0,1.0
7353,245.0,564.0,1.0
7354,39.0,404.0,1.0
7355,81.0,12.0,1.0
7356,104.0,178.0,1.0
7357,84.0,88.0,1.0
7358,245.0,49.0,1.0
7359,97.0,157.0,1.0
7360,136.0,120.0,1.0
7361,183.0,51.0,1.0
7362,69.0,420.0,1.0
7363,246.0,120.0,1.0
7364,9.0,67.0,1.0
7365,71.0,558.0,1.0
7366,234.0,528.0,1.0
7367,51.0,524.0,1.0
7368,87.0,104.0,1.0
7369,60.0,483.0,1.0
7370,210.0,95.0,1.0
7371,127.0,114.0,1.0
7372,191.0,296.0,1.0
7373,175.0,89.0,1.0
7374,177.0,103.0,1.0
7375,194.0,521.0,1.0
7376,31.0,425.0,1.0
7377,3.0,155.0,1.0
7378,238.0,281.0,1.0
7379,193.0,236.0,1.0
7380,60.0,382.0,1.0
7381,94.0,96.0,1.0
7382,52.0,310.0,1.0
7383,208.0,99.0,1.0
7384,234.0,131.0,1.0
7385,57.0,299.0,1.0
7386,49.0,343.0,1.0
7387,56.0,79.0,1.0
7388,189.0,279.0,1.0
7389,68.0,148.0,1.0
7390,210.0,280.0,1.0
7391,179.0,217.0,1.0
7392,208.0,577.0,1.0
7393,88.0,378.0,1.0
7394,115.0,467.0,1.0
7395,230.0,100.0,1.0
7396,16.0,37.0,1.0
7397,242.0,83.0,1.0
7398,217.0,156.0,1.0
7399,68.0,196.0,1.0
7400,77.0,373.0,1.0
7401,189.0,194.0,1.0
7402,139.0,218.0,1.0
7403,126.0,216.0,1.0
7404,9.0,22.0,1.0
7405,65.0,359.0,1.0
7406,160.0,493.0,1.0
7407,56.0,168.0,1.0
7408,158.0,284.0,1.0
7409,126.0,409.0,1.0
7410,183.0,230.0,1.0
7411,102.0,32.0,1.0
7412,97.0,223.0,1.0
7413,233.0,119.0,1.0
7414,262.0,341.0,1.0
7415,130.0,302.0,1.0
7416,199.0,22.0,1.0
7417,41.0,161.0,1.0
7418,141.0,451.0,1.0
7419,75.0,576.0,1.0
7420,13.0,333.0,1.0
7421,186.0,150.0,1.0
7422,8.0,80.0,1.0
7423,148.0,223.0,1.0
7424,63.0,3.0,1.0
7425,178.0,384.0,1.0
7426,4.0,174.0,1.0
7427,128.0,43.0,1.0
7428,229.0,113.0,1.0
7429,185.0,287.0,1.0
7430,115.0,356.0,1.0
7431,71.0,280.0,1.0
7432,232.0,73.0,1.0
7433,126.0,394.0,1.0
7434,213.0,69.0,1.0
7435,90.0,253.0,1.0
7436,124.0,47.0,1.0
7437,56.0,263.0,1.0
7438,175.0,410.0,1.0
7439,225.0,73.0,1.0
7440,39.0,310.0,1.0
7441,126.0,1.0,1.0
7442,60.0,39.0,1.0
7443,149.0,363.0,1.0
7444,144.0,66.0,1.0
7445,128.0,15.0,1.0
7446,11.0,293.0,1.0
7447,69.0,533.0,1.0
7448,26.0,66.0,1.0
7449,135.0,47.0,1.0
7450,103.0,27.0,1.0
7451,221.0,310.0,1.0
7452,175.0,241.0,1.0
7453,127.0,551.0,1.0
7454,162.0,98.0,1.0
7455,1.0,28.0,1.0
7456,89.0,195.0,1.0
7457,22.0,296.0,1.0
7458,211.0,36.0,1.0
7459,138.0,72.0,1.0
7460,125.0,48.0,1.0
7461,147.0,595.0,1.0
7462,266.0,174.0,1.0
7463,162.0,36.0,1.0
7464,33.0,50.0,1.0
7465,17.0,59.0,1.0
7466,149.0,3.0,1.0
7467,203.0,81.0,1.0
7468,53.0,536.0,1.0
7469,155.0,120.0,1.0
7470,218.0,560.0,1.0
7471,68.0,541.0,1.0
7472,123.0,111.0,1.0
7473,136.0,100.0,1.0
7474,40.0,103.0,1.0
7475,113.0,287.0,1.0
7476,226.0,306.0,1.0
7477,234.0,103.0,1.0
7478,56.0,331.0,1.0
7479,9.0,64.0,1.0
7480,194.0,27.0,1.0
7481,224.0,206.0,1.0
7482,246.0,204.0,1.0
7483,16.0,74.0,1.0
7484,217.0,113.0,1.0
7485,110.0,47.0,1.0
7486,131.0,10.0,1.0
7487,78.0,410.0,1.0
7488,39.0,0.0,1.0
7489,141.0,532.0,1.0
7490,82.0,77.0,1.0
7491,207.0,60.0,1.0
7492,130.0,21.0,1.0
7493,228.0,476.0,1.0
7494,222.0,146.0,1.0
7495,202.0,95.0,1.0
7496,56.0,86.0,1.0
7497,234.0,404.0,1.0
7498,166.0,378.0,1.0
7499,91.0,304.0,1.0
7500,98.0,25.0,1.0
7501,228.0,497.0,1.0
7502,108.0,90.0,1.0
7503,16.0,71.0,1.0
7504,223.0,321.0,1.0
7505,18.0,118.0,1.0
7506,126.0,221.0,1.0
7507,232.0,111.0,1.0
7508,32.0,66.0,1.0
7509,214.0,104.0,1.0
7510,226.0,22.0,1.0
7511,165.0,476.0,1.0
7512,126.0,136.0,1.0
7513,266.0,588.0,1.0
7514,186.0,12.0,1.0
7515,150.0,400.0,1.0
7516,32.0,266.0,1.0
7517,261.0,151.0,1.0
7518,81.0,504.0,1.0
7519,250.0,39.0,1.0
7520,52.0,186.0,1.0
7521,262.0,153.0,1.0
7522,151.0,596.0,1.0
7523,26.0,36.0,1.0
7524,79.0,352.0,1.0
7525,12.0,109.0,1.0
7526,75.0,196.0,1.0
7527,81.0,22.0,1.0
7528,32.0,106.0,1.0
7529,62.0,257.0,1.0
7530,70.0,354.0,1.0
7531,228.0,120.0,1.0
7532,154.0,1.0,1.0
7533,209.0,286.0,1.0
7534,3.0,164.0,1.0
7535,82.0,474.0,1.0
7536,250.0,154.0,1.0
7537,199.0,465.0,1.0
7538,165.0,190.0,1.0
7539,232.0,93.0,1.0
7540,150.0,145.0,1.0
7541,75.0,256.0,1.0
7542,98.0,513.0,1.0
7543,87.0,161.0,1.0
7544,32.0,139.0,1.0
7545,82.0,488.0,1.0
7546,9.0,51.0,1.0
7547,138.0,375.0,1.0
7548,91.0,103.0,1.0
7549,59.0,117.0,1.0
7550,85.0,434.0,1.0
7551,180.0,253.0,1.0
7552,156.0,571.0,1.0
7553,134.0,351.0,1.0
7554,94.0,512.0,1.0
7555,84.0,160.0,1.0
7556,106.0,35.0,1.0
7557,149.0,236.0,1.0
7558,234.0,61.0,1.0
7559,82.0,519.0,1.0
7560,75.0,264.0,1.0
7561,213.0,24.0,1.0
7562,182.0,199.0,1.0
7563,147.0,180.0,1.0
7564,91.0,209.0,1.0
7565,116.0,346.0,1.0
7566,18.0,147.0,1.0
7567,218.0,147.0,1.0
7568,207.0,448.0,1.0
7569,229.0,345.0,1.0
7570,64.0,31.0,1.0
7571,147.0,521.0,1.0
7572,81.0,167.0,1.0
7573,65.0,214.0,1.0
7574,86.0,411.0,1.0
7575,16.0,60.0,1.0
7576,263.0,370.0,1.0
7577,116.0,41.0,1.0
7578,37.0,313.0,1.0
7579,64.0,420.0,1.0
7580,233.0,592.0,1.0
7581,181.0,249.0,1.0
7582,97.0,267.0,1.0
7583,149.0,562.0,1.0
7584,126.0,456.0,1.0
7585,149.0,106.0,1.0
7586,64.0,238.0,1.0
7587,196.0,496.0,1.0
7588,149.0,344.0,1.0
7589,220.0,211.0,1.0
7590,91.0,161.0,1.0
7591,189.0,5.0,1.0
7592,108.0,463.0,1.0
7593,117.0,466.0,1.0
7594,182.0,329.0,1.0
7595,175.0,423.0,1.0
7596,54.0,308.0,1.0
7597,224.0,204.0,1.0
7598,155.0,45.0,1.0
7599,83.0,212.0,1.0
7600,164.0,39.0,1.0
7601,147.0,285.0,1.0
7602,207.0,175.0,1.0
7603,9.0,50.0,1.0
7604,64.0,156.0,1.0
7605,189.0,0.0,1.0
7606,186.0,430.0,1.0
7607,259.0,448.0,1.0
7608,213.0,156.0,1.0
7609,183.0,380.0,1.0
7610,223.0,416.0,1.0
7611,105.0,80.0,1.0
7612,94.0,191.0,1.0
7613,24.0,320.0,1.0
7614,36.0,292.0,1.0
7615,90.0,38.0,1.0
7616,123.0,420.0,1.0
7617,12.0,307.0,1.0
7618,139.0,378.0,1.0
7619,114.0,248.0,1.0
7620,63.0,223.0,1.0
7621,1.0,27.0,1.0
7622,262.0,69.0,1.0
7623,14.0,112.0,1.0
7624,72.0,362.0,1.0
7625,91.0,187.0,1.0
7626,30.0,35.0,1.0
7627,105.0,494.0,1.0
7628,4.0,179.0,1.0
7629,87.0,300.0,1.0
7630,114.0,462.0,1.0
7631,108.0,533.0,1.0
7632,150.0,225.0,1.0
7633,56.0,121.0,1.0
7634,114.0,233.0,1.0
7635,118.0,399.0,1.0
7636,126.0,373.0,1.0
7637,218.0,337.0,1.0
7638,108.0,513.0,1.0
7639,172.0,410.0,1.0
7640,9.0,147.0,1.0
7641,74.0,398.0,1.0
7642,223.0,420.0,1.0
7643,117.0,330.0,1.0
7644,5.0,62.0,1.0
7645,111.0,345.0,1.0
7646,75.0,0.0,1.0
7647,69.0,495.0,1.0
7648,136.0,506.0,1.0
7649,202.0,35.0,1.0
7650,75.0,32.0,1.0
7651,218.0,122.0,1.0
7652,150.0,177.0,1.0
7653,71.0,7.0,1.0
7654,155.0,88.0,1.0
7655,165.0,90.0,1.0
7656,257.0,50.0,1.0
7657,238.0,103.0,1.0
7658,78.0,543.0,1.0
7659,228.0,59.0,1.0
7660,207.0,92.0,1.0
7661,130.0,219.0,1.0
7662,144.0,58.0,1.0
7663,260.0,10.0,1.0
7664,130.0,35.0,1.0
7665,75.0,521.0,1.0
7666,116.0,510.0,1.0
7667,153.0,116.0,1.0
7668,181.0,21.0,1.0
7669,82.0,128.0,1.0
7670,183.0,585.0,1.0
7671,161.0,157.0,1.0
7672,177.0,236.0,1.0
7673,87.0,75.0,1.0
7674,114.0,59.0,1.0
7675,117.0,206.0,1.0
7676,65.0,3.0,1.0
7677,206.0,492.0,1.0
7678,65.0,211.0,1.0
7679,45.0,397.0,1.0
7680,15.0,61.0,1.0
7681,193.0,532.0,1.0
7682,83.0,91.0,1.0
7683,262.0,19.0,1.0
7684,259.0,26.0,1.0
7685,126.0,189.0,1.0
7686,87.0,10.0,1.0
7687,164.0,388.0,1.0
7688,266.0,186.0,1.0
7689,113.0,171.0,1.0
7690,156.0,386.0,1.0
7691,183.0,3.0,1.0
7692,130.0,354.0,1.0
7693,207.0,207.0,1.0
7694,128.0,236.0,1.0
7695,82.0,189.0,1.0
7696,11.0,95.0,1.0
7697,128.0,176.0,1.0
7698,176.0,586.0,1.0
7699,127.0,106.0,1.0
7700,200.0,150.0,1.0
7701,147.0,87.0,1.0
7702,69.0,3.0,1.0
7703,68.0,77.0,1.0
7704,262.0,241.0,1.0
7705,266.0,207.0,1.0
7706,127.0,536.0,1.0
7707,165.0,94.0,1.0
7708,84.0,495.0,1.0
7709,124.0,122.0,1.0
7710,19.0,50.0,1.0
7711,136.0,63.0,1.0
7712,98.0,127.0,1.0
7713,141.0,382.0,1.0
7714,82.0,69.0,1.0
7715,8.0,84.0,1.0
7716,130.0,416.0,1.0
7717,167.0,126.0,1.0
7718,89.0,218.0,1.0
7719,87.0,253.0,1.0
7720,13.0,154.0,1.0
7721,101.0,148.0,1.0
7722,2.0,140.0,1.0
7723,135.0,12.0,1.0
7724,199.0,50.0,1.0
7725,142.0,451.0,1.0
7726,149.0,282.0,1.0
7727,250.0,97.0,1.0
7728,44.0,432.0,1.0
7729,181.0,407.0,1.0
7730,139.0,91.0,1.0
7731,78.0,413.0,1.0
7732,141.0,298.0,1.0
7733,156.0,151.0,1.0
7734,104.0,153.0,1.0
7735,63.0,467.0,1.0
7736,130.0,310.0,1.0
7737,255.0,120.0,1.0
7738,145.0,109.0,1.0
7739,224.0,118.0,1.0
7740,145.0,376.0,1.0
7741,161.0,388.0,1.0
7742,182.0,85.0,1.0
7743,184.0,416.0,1.0
7744,126.0,0.0,1.0
7745,211.0,428.0,1.0
7746,142.0,425.0,1.0
7747,226.0,556.0,1.0
7748,44.0,122.0,1.0
7749,74.0,219.0,1.0
7750,100.0,204.0,1.0
7751,28.0,269.0,1.0
7752,60.0,40.0,1.0
7753,211.0,49.0,1.0
7754,96.0,487.0,1.0
7755,136.0,589.0,1.0
7756,250.0,43.0,1.0
7757,81.0,464.0,1.0
7758,84.0,66.0,1.0
7759,256.0,59.0,1.0
7760,34.0,291.0,1.0
7761,254.0,253.0,1.0
7762,102.0,136.0,1.0
7763,82.0,549.0,1.0
7764,42.0,39.0,1.0
7765,82.0,10.0,1.0
7766,130.0,2.0,1.0
7767,256.0,48.0,1.0
7768,152.0,150.0,1.0
7769,44.0,150.0,1.0
7770,132.0,209.0,1.0
7771,126.0,89.0,1.0
7772,203.0,291.0,1.0
7773,87.0,85.0,1.0
7774,130.0,361.0,1.0
7775,82.0,176.0,1.0
7776,102.0,502.0,1.0
7777,82.0,45.0,1.0
7778,149.0,59.0,1.0
7779,205.0,70.0,1.0
7780,113.0,259.0,1.0
7781,111.0,552.0,1.0
7782,165.0,240.0,1.0
7783,178.0,100.0,1.0
7784,13.0,50.0,1.0
7785,165.0,196.0,1.0
7786,136.0,253.0,1.0
7787,130.0,424.0,1.0
7788,45.0,253.0,1.0
7789,114.0,540.0,1.0
7790,169.0,427.0,1.0
7791,200.0,313.0,1.0
7792,183.0,168.0,1.0
7793,268.0,50.0,1.0
7794,84.0,340.0,1.0
7795,2.0,105.0,1.0
7796,155.0,593.0,1.0
7797,208.0,224.0,1.0
7798,116.0,237.0,1.0
7799,183.0,11.0,1.0
7800,129.0,58.0,1.0
7801,233.0,275.0,1.0
7802,16.0,118.0,1.0
7803,82.0,423.0,1.0
7804,77.0,247.0,1.0
7805,9.0,265.0,1.0
7806,62.0,81.0,1.0
7807,146.0,75.0,1.0
7808,17.0,190.0,1.0
7809,103.0,251.0,1.0
7810,102.0,36.0,1.0
7811,262.0,288.0,1.0
7812,117.0,204.0,1.0
7813,124.0,87.0,1.0
7814,16.0,357.0,1.0
7815,55.0,143.0,1.0
7816,178.0,6.0,1.0
7817,147.0,28.0,1.0
7818,193.0,95.0,1.0
7819,175.0,254.0,1.0
7820,22.0,166.0,1.0
7821,51.0,519.0,1.0
7822,211.0,378.0,1.0
7823,81.0,150.0,1.0
7824,136.0,460.0,1.0
7825,168.0,204.0,1.0
7826,234.0,205.0,1.0
7827,52.0,0.0,1.0
7828,122.0,165.0,1.0
7829,144.0,285.0,1.0
7830,61.0,66.0,1.0
7831,136.0,492.0,1.0
7832,71.0,207.0,1.0
7833,82.0,97.0,1.0
7834,114.0,35.0,1.0
7835,53.0,92.0,1.0
7836,262.0,460.0,1.0
7837,87.0,226.0,1.0
7838,47.0,91.0,1.0
7839,26.0,31.0,1.0
7840,90.0,37.0,1.0
7841,8.0,58.0,1.0
7842,248.0,45.0,1.0
7843,86.0,377.0,1.0
7844,223.0,432.0,1.0
7845,84.0,69.0,1.0
7846,1.0,53.0,1.0
7847,158.0,394.0,1.0
7848,122.0,96.0,1.0
7849,91.0,81.0,1.0
7850,75.0,407.0,1.0
7851,104.0,349.0,1.0
7852,176.0,249.0,1.0
7853,9.0,48.0,1.0
7854,264.0,28.0,1.0
7855,196.0,337.0,1.0
7856,132.0,113.0,1.0
7857,185.0,279.0,1.0
7858,138.0,248.0,1.0
7859,71.0,393.0,1.0
7860,104.0,314.0,1.0
7861,38.0,56.0,1.0
7862,96.0,424.0,1.0
7863,109.0,84.0,1.0
7864,144.0,147.0,1.0
7865,107.0,516.0,1.0
7866,243.0,66.0,1.0
7867,54.0,17.0,1.0
7868,103.0,367.0,1.0
7869,256.0,504.0,1.0
7870,166.0,202.0,1.0
7871,230.0,342.0,1.0
7872,197.0,57.0,1.0
7873,130.0,419.0,1.0
7874,178.0,81.0,1.0
7875,105.0,157.0,1.0
7876,194.0,520.0,1.0
7877,67.0,136.0,1.0
7878,226.0,111.0,1.0
7879,65.0,104.0,1.0
7880,91.0,80.0,1.0
7881,188.0,70.0,1.0
7882,130.0,293.0,1.0
7883,65.0,477.0,1.0
7884,136.0,121.0,1.0
7885,266.0,146.0,1.0
7886,189.0,179.0,1.0
7887,196.0,411.0,1.0
7888,109.0,239.0,1.0
7889,147.0,153.0,1.0
7890,147.0,220.0,1.0
7891,135.0,202.0,1.0
7892,89.0,221.0,1.0
7893,178.0,223.0,1.0
7894,147.0,47.0,1.0
7895,229.0,35.0,1.0
7896,45.0,497.0,1.0
7897,148.0,112.0,1.0
7898,95.0,484.0,1.0
7899,226.0,566.0,1.0
7900,8.0,24.0,1.0
7901,142.0,66.0,1.0
7902,69.0,256.0,1.0
7903,223.0,247.0,1.0
7904,119.0,382.0,1.0
7905,123.0,238.0,1.0
7906,234.0,190.0,1.0
7907,223.0,555.0,1.0
7908,115.0,434.0,1.0
7909,145.0,235.0,1.0
7910,257.0,45.0,1.0
7911,147.0,469.0,1.0
7912,126.0,99.0,1.0
7913,129.0,12.0,1.0
7914,201.0,411.0,1.0
7915,160.0,59.0,1.0
7916,83.0,572.0,1.0
7917,105.0,151.0,1.0
7918,219.0,227.0,1.0
7919,126.0,49.0,1.0
7920,193.0,384.0,1.0
7921,191.0,158.0,1.0
7922,82.0,252.0,1.0
7923,156.0,277.0,1.0
7924,266.0,404.0,1.0
7925,200.0,294.0,1.0
7926,9.0,268.0,1.0
7927,227.0,478.0,1.0
7928,104.0,135.0,1.0
7929,114.0,177.0,1.0
7930,235.0,127.0,1.0
7931,219.0,191.0,1.0
7932,84.0,435.0,1.0
7933,223.0,180.0,1.0
7934,173.0,146.0,1.0
7935,97.0,0.0,1.0
7936,180.0,259.0,1.0
7937,113.0,337.0,1.0
7938,13.0,47.0,1.0
7939,18.0,143.0,1.0
7940,28.0,97.0,1.0
7941,48.0,308.0,1.0
7942,14.0,346.0,1.0
7943,247.0,380.0,1.0
7944,117.0,230.0,1.0
7945,183.0,510.0,1.0
7946,84.0,520.0,1.0
7947,182.0,592.0,1.0
7948,96.0,138.0,1.0
7949,101.0,77.0,1.0
7950,234.0,11.0,1.0
7951,8.0,103.0,1.0
7952,128.0,213.0,1.0
7953,87.0,559.0,1.0
7954,200.0,458.0,1.0
7955,139.0,404.0,1.0
7956,29.0,201.0,1.0
7957,191.0,432.0,1.0
7958,135.0,45.0,1.0
7959,127.0,592.0,1.0
7960,32.0,161.0,1.0
7961,60.0,59.0,1.0
7962,239.0,10.0,1.0
7963,248.0,284.0,1.0
7964,81.0,33.0,1.0
7965,200.0,119.0,1.0
7966,230.0,35.0,1.0
7967,149.0,86.0,1.0
7968,268.0,290.0,1.0
7969,128.0,477.0,1.0
7970,194.0,423.0,1.0
7971,15.0,35.0,1.0
7972,146.0,203.0,1.0
7973,207.0,88.0,1.0
7974,158.0,356.0,1.0
7975,182.0,335.0,1.0
7976,145.0,22.0,1.0
7977,17.0,229.0,1.0
7978,149.0,590.0,1.0
7979,258.0,131.0,1.0
7980,145.0,356.0,1.0
7981,148.0,394.0,1.0
7982,193.0,111.0,1.0
7983,266.0,396.0,1.0
7984,183.0,207.0,1.0
7985,149.0,514.0,1.0
7986,81.0,241.0,1.0
7987,189.0,280.0,1.0
7988,114.0,212.0,1.0
7989,14.0,72.0,1.0
7990,13.0,332.0,1.0
7991,175.0,97.0,1.0
7992,122.0,141.0,1.0
7993,51.0,276.0,1.0
7994,75.0,181.0,1.0
7995,116.0,261.0,1.0
7996,199.0,154.0,1.0
7997,130.0,272.0,1.0
7998,87.0,36.0,1.0
7999,218.0,495.0,1.0
8000,164.0,129.0,1.0
8001,16.0,91.0,1.0
8002,136.0,280.0,1.0
8003,122.0,161.0,1.0
8004,72.0,59.0,1.0
8005,245.0,375.0,1.0
8006,135.0,412.0,1.0
8007,147.0,443.0,1.0
8008,130.0,281.0,1.0
8009,185.0,145.0,1.0
8010,265.0,10.0,1.0
8011,11.0,309.0,1.0
8012,82.0,213.0,1.0
8013,78.0,534.0,1.0
8014,237.0,362.0,1.0
8015,56.0,208.0,1.0
8016,162.0,411.0,1.0
8017,134.0,115.0,1.0
8018,194.0,330.0,1.0
8019,85.0,274.0,1.0
8020,173.0,175.0,1.0
8021,262.0,178.0,1.0
8022,136.0,205.0,1.0
8023,64.0,296.0,1.0
8024,51.0,93.0,1.0
8025,52.0,190.0,1.0
8026,10.0,297.0,1.0
8027,96.0,367.0,1.0
8028,87.0,532.0,1.0
8029,250.0,179.0,1.0
8030,262.0,58.0,1.0
8031,24.0,253.0,1.0
8032,178.0,182.0,1.0
8033,18.0,114.0,1.0
8034,231.0,343.0,1.0
8035,42.0,63.0,1.0
8036,129.0,262.0,1.0
8037,230.0,218.0,1.0
8038,71.0,488.0,1.0
8039,52.0,225.0,1.0
8040,116.0,95.0,1.0
8041,164.0,400.0,1.0
8042,131.0,39.0,1.0
8043,1.0,50.0,1.0
8044,226.0,223.0,1.0
8045,203.0,92.0,1.0
8046,141.0,374.0,1.0
8047,31.0,88.0,1.0
8048,238.0,302.0,1.0
8049,102.0,265.0,1.0
8050,158.0,584.0,1.0
8051,108.0,311.0,1.0
8052,87.0,584.0,1.0
8053,44.0,201.0,1.0
8054,178.0,341.0,1.0
8055,153.0,31.0,1.0
8056,248.0,136.0,1.0
8057,130.0,365.0,1.0
8058,165.0,239.0,1.0
8059,255.0,326.0,1.0
8060,22.0,321.0,1.0
8061,226.0,213.0,1.0
8062,166.0,205.0,1.0
8063,49.0,503.0,1.0
8064,65.0,208.0,1.0
8065,124.0,111.0,1.0
8066,211.0,188.0,1.0
8067,183.0,365.0,1.0
8068,197.0,11.0,1.0
8069,247.0,141.0,1.0
8070,53.0,95.0,1.0
8071,116.0,39.0,1.0
8072,132.0,467.0,1.0
8073,201.0,382.0,1.0
8074,147.0,100.0,1.0
8075,256.0,337.0,1.0
8076,114.0,1.0,1.0
8077,67.0,50.0,1.0
8078,149.0,43.0,1.0
8079,186.0,194.0,1.0
8080,31.0,305.0,1.0
8081,164.0,135.0,1.0
8082,217.0,100.0,1.0
8083,62.0,10.0,1.0
8084,27.0,241.0,1.0
8085,127.0,166.0,1.0
8086,149.0,477.0,1.0
8087,224.0,87.0,1.0
8088,191.0,204.0,1.0
8089,126.0,466.0,1.0
8090,199.0,89.0,1.0
8091,246.0,180.0,1.0
8092,89.0,220.0,1.0
8093,89.0,10.0,1.0
8094,165.0,374.0,1.0
8095,26.0,92.0,1.0
8096,232.0,269.0,1.0
8097,64.0,117.0,1.0
8098,229.0,81.0,1.0
8099,217.0,7.0,1.0
8100,113.0,375.0,1.0
8101,264.0,55.0,1.0
8102,171.0,91.0,1.0
8103,175.0,317.0,1.0
8104,81.0,588.0,1.0
8105,75.0,71.0,1.0
8106,248.0,77.0,1.0
8107,242.0,126.0,1.0
8108,210.0,81.0,1.0
8109,173.0,253.0,1.0
8110,245.0,97.0,1.0
8111,205.0,527.0,1.0
8112,51.0,100.0,1.0
8113,245.0,409.0,1.0
8114,177.0,346.0,1.0
8115,87.0,540.0,1.0
8116,53.0,109.0,1.0
8117,164.0,523.0,1.0
8118,189.0,247.0,1.0
8119,71.0,256.0,1.0
8120,57.0,123.0,1.0
8121,141.0,379.0,1.0
8122,56.0,126.0,1.0
8123,196.0,138.0,1.0
8124,44.0,10.0,1.0
8125,45.0,223.0,1.0
8126,156.0,438.0,1.0
8127,64.0,84.0,1.0
8128,99.0,117.0,1.0
8129,160.0,172.0,1.0
8130,80.0,60.0,1.0
8131,183.0,325.0,1.0
8132,17.0,92.0,1.0
8133,178.0,147.0,1.0
8134,65.0,533.0,1.0
8135,48.0,50.0,1.0
8136,133.0,111.0,1.0
8137,214.0,21.0,1.0
8138,165.0,480.0,1.0
8139,84.0,356.0,1.0
8140,96.0,148.0,1.0
8141,183.0,408.0,1.0
8142,64.0,12.0,1.0
8143,198.0,27.0,1.0
8144,16.0,86.0,1.0
8145,196.0,186.0,1.0
8146,184.0,544.0,1.0
8147,85.0,64.0,1.0
8148,22.0,152.0,1.0
8149,226.0,202.0,1.0
8150,145.0,413.0,1.0
8151,46.0,496.0,1.0
8152,81.0,44.0,1.0
8153,97.0,124.0,1.0
8154,211.0,190.0,1.0
8155,180.0,147.0,1.0
8156,232.0,149.0,1.0
8157,149.0,135.0,1.0
8158,52.0,262.0,1.0
8159,183.0,62.0,1.0
8160,2.0,50.0,1.0
8161,207.0,17.0,1.0
8162,160.0,320.0,1.0
8163,259.0,501.0,1.0
8164,82.0,220.0,1.0
8165,226.0,48.0,1.0
8166,26.0,129.0,1.0
8167,91.0,295.0,1.0
8168,68.0,42.0,1.0
8169,230.0,220.0,1.0
8170,132.0,398.0,1.0
8171,223.0,4.0,1.0
8172,200.0,143.0,1.0
8173,142.0,146.0,1.0
8174,226.0,76.0,1.0
8175,102.0,73.0,1.0
8176,17.0,219.0,1.0
8177,222.0,35.0,1.0
8178,51.0,268.0,1.0
8179,60.0,62.0,1.0
8180,69.0,112.0,1.0
8181,186.0,0.0,1.0
8182,135.0,193.0,1.0
8183,165.0,44.0,1.0
8184,22.0,425.0,1.0
8185,12.0,151.0,1.0
8186,153.0,71.0,1.0
8187,173.0,441.0,1.0
8188,147.0,189.0,1.0
8189,15.0,97.0,1.0
8190,10.0,90.0,1.0
8191,96.0,257.0,1.0
8192,252.0,9.0,1.0
8193,135.0,406.0,1.0
8194,71.0,290.0,1.0
8195,103.0,520.0,1.0
8196,81.0,114.0,1.0
8197,268.0,111.0,1.0
8198,44.0,241.0,1.0
8199,225.0,194.0,1.0
8200,42.0,284.0,1.0
8201,96.0,124.0,1.0
8202,239.0,249.0,1.0
8203,90.0,424.0,1.0
8204,202.0,103.0,1.0
8205,218.0,313.0,1.0
8206,74.0,0.0,1.0
8207,130.0,546.0,1.0
8208,82.0,369.0,1.0
8209,201.0,116.0,1.0
8210,91.0,130.0,1.0
8211,104.0,287.0,1.0
8212,203.0,105.0,1.0
8213,130.0,311.0,1.0
8214,248.0,44.0,1.0
8215,188.0,388.0,1.0
8216,191.0,58.0,1.0
8217,169.0,527.0,1.0
8218,118.0,138.0,1.0
8219,156.0,343.0,1.0
8220,65.0,198.0,1.0
8221,71.0,81.0,1.0
8222,186.0,159.0,1.0
8223,40.0,304.0,1.0
8224,57.0,421.0,1.0
8225,145.0,590.0,1.0
8226,163.0,243.0,1.0
8227,165.0,152.0,1.0
8228,52.0,132.0,1.0
8229,117.0,392.0,1.0
8230,126.0,3.0,1.0
8231,203.0,155.0,1.0
8232,2.0,145.0,1.0
8233,126.0,460.0,1.0
8234,114.0,87.0,1.0
8235,161.0,410.0,1.0
8236,83.0,148.0,1.0
8237,130.0,282.0,1.0
8238,39.0,378.0,1.0
8239,164.0,122.0,1.0
8240,148.0,365.0,1.0
8241,141.0,202.0,1.0
8242,1.0,48.0,1.0
8243,97.0,103.0,1.0
8244,114.0,21.0,1.0
8245,56.0,248.0,1.0
8246,85.0,585.0,1.0
8247,31.0,253.0,1.0
8248,197.0,229.0,1.0
8249,99.0,546.0,1.0
8250,101.0,79.0,1.0
8251,138.0,462.0,1.0
8252,238.0,172.0,1.0
8253,87.0,1.0,1.0
8254,104.0,97.0,1.0
8255,188.0,45.0,1.0
8256,105.0,433.0,1.0
8257,219.0,229.0,1.0
8258,51.0,491.0,1.0
8259,18.0,9.0,1.0
8260,2.0,136.0,1.0
8261,90.0,286.0,1.0
8262,119.0,125.0,1.0
8263,90.0,9.0,1.0
8264,258.0,231.0,1.0
8265,207.0,441.0,1.0
8266,150.0,553.0,1.0
8267,223.0,381.0,1.0
8268,123.0,115.0,1.0
8269,102.0,44.0,1.0
8270,245.0,348.0,1.0
8271,225.0,55.0,1.0
8272,144.0,487.0,1.0
8273,197.0,84.0,1.0
8274,194.0,541.0,1.0
8275,203.0,165.0,1.0
8276,226.0,284.0,1.0
8277,26.0,438.0,1.0
8278,6.0,185.0,1.0
8279,267.0,103.0,1.0
8280,28.0,113.0,1.0
8281,88.0,202.0,1.0
8282,90.0,169.0,1.0
8283,104.0,110.0,1.0
8284,48.0,261.0,1.0
8285,106.0,81.0,1.0
8286,58.0,124.0,1.0
8287,207.0,511.0,1.0
8288,44.0,20.0,1.0
8289,89.0,519.0,1.0
8290,182.0,308.0,1.0
8291,53.0,202.0,1.0
8292,81.0,5.0,1.0
8293,256.0,124.0,1.0
8294,226.0,21.0,1.0
8295,78.0,105.0,1.0
8296,133.0,343.0,1.0
8297,31.0,21.0,1.0
8298,153.0,195.0,1.0
8299,187.0,147.0,1.0
8300,162.0,129.0,1.0
8301,130.0,147.0,1.0
8302,92.0,40.0,1.0
8303,136.0,218.0,1.0
8304,51.0,187.0,1.0
8305,56.0,161.0,1.0
8306,140.0,100.0,1.0
8307,86.0,127.0,1.0
8308,266.0,219.0,1.0
8309,248.0,55.0,1.0
8310,108.0,146.0,1.0
8311,252.0,11.0,1.0
8312,248.0,362.0,1.0
8313,245.0,309.0,1.0
8314,44.0,478.0,1.0
8315,264.0,134.0,1.0
8316,79.0,351.0,1.0
8317,178.0,13.0,1.0
8318,32.0,129.0,1.0
8319,90.0,463.0,1.0
8320,225.0,58.0,1.0
8321,106.0,244.0,1.0
8322,183.0,135.0,1.0
8323,145.0,570.0,1.0
8324,142.0,202.0,1.0
8325,7.0,136.0,1.0
8326,82.0,146.0,1.0
8327,69.0,163.0,1.0
8328,177.0,350.0,1.0
8329,74.0,126.0,1.0
8330,69.0,352.0,1.0
8331,73.0,269.0,1.0
8332,5.0,40.0,1.0
8333,167.0,485.0,1.0
8334,1.0,78.0,1.0
8335,5.0,12.0,1.0
8336,205.0,47.0,1.0
8337,138.0,366.0,1.0
8338,83.0,205.0,1.0
8339,102.0,33.0,1.0
8340,251.0,112.0,1.0
8341,114.0,77.0,1.0
8342,230.0,253.0,1.0
8343,261.0,153.0,1.0
8344,53.0,0.0,1.0
8345,53.0,415.0,1.0
8346,22.0,426.0,1.0
8347,254.0,147.0,1.0
8348,103.0,97.0,1.0
8349,145.0,505.0,1.0
8350,77.0,27.0,1.0
8351,214.0,191.0,1.0
8352,88.0,317.0,1.0
8353,147.0,95.0,1.0
8354,251.0,38.0,1.0
8355,218.0,187.0,1.0
8356,44.0,434.0,1.0
8357,53.0,399.0,1.0
8358,3.0,114.0,1.0
8359,133.0,153.0,1.0
8360,259.0,316.0,1.0
8361,129.0,191.0,1.0
8362,68.0,215.0,1.0
8363,17.0,407.0,1.0
8364,182.0,304.0,1.0
8365,122.0,64.0,1.0
8366,148.0,567.0,1.0
8367,42.0,472.0,1.0
8368,86.0,410.0,1.0
8369,87.0,223.0,1.0
8370,5.0,63.0,1.0
8371,264.0,130.0,1.0
8372,146.0,146.0,1.0
8373,189.0,310.0,1.0
8374,198.0,304.0,1.0
8375,234.0,509.0,1.0
8376,214.0,282.0,1.0
8377,105.0,354.0,1.0
8378,256.0,377.0,1.0
8379,267.0,58.0,1.0
8380,45.0,407.0,1.0
8381,125.0,390.0,1.0
8382,124.0,196.0,1.0
8383,205.0,281.0,1.0
8384,87.0,365.0,1.0
8385,66.0,11.0,1.0
8386,81.0,89.0,1.0
8387,38.0,16.0,1.0
8388,191.0,73.0,1.0
8389,97.0,423.0,1.0
8390,150.0,157.0,1.0
8391,147.0,252.0,1.0
8392,215.0,204.0,1.0
8393,84.0,521.0,1.0
8394,211.0,493.0,1.0
8395,94.0,126.0,1.0
8396,57.0,143.0,1.0
8397,90.0,154.0,1.0
8398,106.0,273.0,1.0
8399,226.0,340.0,1.0
8400,147.0,37.0,1.0
8401,26.0,11.0,1.0
8402,126.0,15.0,1.0
8403,209.0,204.0,1.0
8404,29.0,60.0,1.0
8405,74.0,62.0,1.0
8406,72.0,477.0,1.0
8407,147.0,511.0,1.0
8408,63.0,36.0,1.0
8409,130.0,238.0,1.0
8410,259.0,564.0,1.0
8411,248.0,306.0,1.0
8412,268.0,151.0,1.0
8413,98.0,384.0,1.0
8414,184.0,89.0,1.0
8415,19.0,134.0,1.0
8416,85.0,164.0,1.0
8417,223.0,537.0,1.0
8418,183.0,70.0,1.0
8419,114.0,194.0,1.0
8420,145.0,205.0,1.0
8421,47.0,84.0,1.0
8422,17.0,114.0,1.0
8423,85.0,119.0,1.0
8424,217.0,186.0,1.0
8425,189.0,277.0,1.0
8426,262.0,141.0,1.0
8427,67.0,287.0,1.0
8428,102.0,76.0,1.0
8429,132.0,526.0,1.0
8430,113.0,237.0,1.0
8431,217.0,388.0,1.0
8432,62.0,536.0,1.0
8433,105.0,247.0,1.0
8434,196.0,58.0,1.0
8435,159.0,382.0,1.0
8436,47.0,100.0,1.0
8437,51.0,388.0,1.0
8438,117.0,305.0,1.0
8439,147.0,29.0,1.0
8440,100.0,205.0,1.0
8441,193.0,51.0,1.0
8442,17.0,86.0,1.0
8443,37.0,109.0,1.0
8444,175.0,257.0,1.0
8445,141.0,167.0,1.0
8446,72.0,539.0,1.0
8447,196.0,50.0,1.0
8448,31.0,247.0,1.0
8449,84.0,511.0,1.0
8450,82.0,138.0,1.0
8451,11.0,90.0,1.0
8452,12.0,103.0,1.0
8453,121.0,214.0,1.0
8454,111.0,158.0,1.0
8455,75.0,335.0,1.0
8456,32.0,126.0,1.0
8457,34.0,143.0,1.0
8458,228.0,54.0,1.0
8459,263.0,54.0,1.0
8460,31.0,31.0,1.0
8461,262.0,109.0,1.0
8462,147.0,274.0,1.0
8463,78.0,207.0,1.0
8464,56.0,323.0,1.0
8465,45.0,326.0,1.0
8466,153.0,47.0,1.0
8467,149.0,12.0,1.0
8468,248.0,112.0,1.0
8469,58.0,89.0,1.0
8470,147.0,339.0,1.0
8471,262.0,11.0,1.0
8472,71.0,218.0,1.0
8473,261.0,320.0,1.0
8474,68.0,574.0,1.0
8475,203.0,136.0,1.0
8476,150.0,25.0,1.0
8477,49.0,391.0,1.0
8478,165.0,411.0,1.0
8479,203.0,89.0,1.0
8480,166.0,357.0,1.0
8481,96.0,273.0,1.0
8482,83.0,230.0,1.0
8483,8.0,237.0,1.0
8484,127.0,110.0,1.0
8485,164.0,152.0,1.0
8486,75.0,62.0,1.0
8487,205.0,350.0,1.0
8488,187.0,7.0,1.0
8489,71.0,175.0,1.0
8490,168.0,134.0,1.0
8491,39.0,125.0,1.0
8492,132.0,91.0,1.0
8493,56.0,304.0,1.0
8494,59.0,221.0,1.0
8495,186.0,428.0,1.0
8496,49.0,22.0,1.0
8497,156.0,191.0,1.0
8498,55.0,120.0,1.0
8499,42.0,205.0,1.0
8500,103.0,51.0,1.0
8501,122.0,419.0,1.0
8502,226.0,376.0,1.0
8503,158.0,62.0,1.0
8504,156.0,130.0,1.0
8505,84.0,502.0,1.0
8506,87.0,348.0,1.0
8507,215.0,80.0,1.0
8508,108.0,326.0,1.0
8509,208.0,52.0,1.0
8510,204.0,239.0,1.0
8511,160.0,208.0,1.0
8512,175.0,568.0,1.0
8513,65.0,262.0,1.0
8514,222.0,241.0,1.0
8515,56.0,271.0,1.0
8516,113.0,247.0,1.0
8517,98.0,222.0,1.0
8518,108.0,298.0,1.0
8519,229.0,412.0,1.0
8520,99.0,12.0,1.0
8521,259.0,125.0,1.0
8522,102.0,302.0,1.0
8523,121.0,82.0,1.0
8524,185.0,127.0,1.0
8525,223.0,411.0,1.0
8526,20.0,146.0,1.0
8527,158.0,227.0,1.0
8528,199.0,580.0,1.0
8529,35.0,178.0,1.0
8530,37.0,293.0,1.0
8531,186.0,475.0,1.0
8532,2.0,101.0,1.0
8533,44.0,3.0,1.0
8534,136.0,79.0,1.0
8535,130.0,241.0,1.0
8536,96.0,104.0,1.0
8537,203.0,252.0,1.0
8538,207.0,237.0,1.0
8539,256.0,487.0,1.0
8540,126.0,205.0,1.0
8541,98.0,226.0,1.0
8542,105.0,388.0,1.0
8543,165.0,167.0,1.0
8544,267.0,47.0,1.0
8545,60.0,504.0,1.0
8546,263.0,89.0,1.0
8547,113.0,59.0,1.0
8548,116.0,268.0,1.0
8549,208.0,378.0,1.0
8550,147.0,52.0,1.0
8551,227.0,578.0,1.0
8552,133.0,175.0,1.0
8553,223.0,29.0,1.0
8554,135.0,416.0,1.0
8555,116.0,20.0,1.0
8556,113.0,12.0,1.0
8557,104.0,50.0,1.0
8558,17.0,194.0,1.0
8559,136.0,97.0,1.0
8560,261.0,11.0,1.0
8561,132.0,59.0,1.0
8562,74.0,302.0,1.0
8563,171.0,47.0,1.0
8564,262.0,66.0,1.0
8565,37.0,57.0,1.0
8566,136.0,569.0,1.0
8567,79.0,466.0,1.0
8568,128.0,156.0,1.0
8569,43.0,384.0,1.0
8570,149.0,63.0,1.0
8571,196.0,219.0,1.0
8572,2.0,123.0,1.0
8573,149.0,496.0,1.0
8574,172.0,43.0,1.0
8575,87.0,331.0,1.0
8576,217.0,96.0,1.0
8577,72.0,287.0,1.0
8578,214.0,145.0,1.0
8579,71.0,5.0,1.0
8580,104.0,493.0,1.0
8581,177.0,203.0,1.0
8582,218.0,61.0,1.0
8583,226.0,87.0,1.0
8584,208.0,475.0,1.0
8585,134.0,66.0,1.0
8586,67.0,554.0,1.0
8587,253.0,298.0,1.0
8588,245.0,314.0,1.0
8589,233.0,118.0,1.0
8590,175.0,161.0,1.0
8591,117.0,504.0,1.0
8592,39.0,49.0,1.0
8593,164.0,383.0,1.0
8594,5.0,122.0,1.0
8595,227.0,7.0,1.0
8596,18.0,155.0,1.0
8597,156.0,379.0,1.0
8598,13.0,342.0,1.0
8599,135.0,223.0,1.0
8600,1.0,74.0,1.0
8601,128.0,332.0,1.0
8602,10.0,225.0,1.0
8603,77.0,221.0,1.0
8604,183.0,590.0,1.0
8605,8.0,64.0,1.0
8606,44.0,194.0,1.0
8607,110.0,61.0,1.0
8608,87.0,561.0,1.0
8609,65.0,474.0,1.0
8610,217.0,393.0,1.0
8611,193.0,501.0,1.0
8612,9.0,284.0,1.0
8613,183.0,445.0,1.0
8614,164.0,356.0,1.0
8615,105.0,16.0,1.0
8616,53.0,356.0,1.0
8617,185.0,39.0,1.0
8618,153.0,80.0,1.0
8619,178.0,122.0,1.0
8620,254.0,434.0,1.0
8621,104.0,482.0,1.0
8622,168.0,106.0,1.0
8623,52.0,386.0,1.0
8624,256.0,248.0,1.0
8625,102.0,106.0,1.0
8626,123.0,278.0,1.0
8627,117.0,190.0,1.0
8628,233.0,397.0,1.0
8629,115.0,8.0,1.0
8630,147.0,235.0,1.0
8631,223.0,191.0,1.0
8632,246.0,31.0,1.0
8633,153.0,425.0,1.0
8634,194.0,581.0,1.0
8635,127.0,124.0,1.0
8636,2.0,44.0,1.0
8637,261.0,20.0,1.0
8638,181.0,408.0,1.0
8639,104.0,224.0,1.0
8640,223.0,43.0,1.0
8641,81.0,413.0,1.0
8642,260.0,213.0,1.0
8643,87.0,260.0,1.0
8644,218.0,179.0,1.0
8645,205.0,386.0,1.0
8646,104.0,491.0,1.0
8647,103.0,9.0,1.0
8648,202.0,123.0,1.0
8649,60.0,52.0,1.0
8650,74.0,160.0,1.0
8651,159.0,337.0,1.0
8652,245.0,204.0,1.0
8653,145.0,470.0,1.0
8654,211.0,40.0,1.0
8655,183.0,27.0,1.0
8656,51.0,181.0,1.0
8657,165.0,354.0,1.0
8658,141.0,230.0,1.0
8659,51.0,228.0,1.0
8660,90.0,212.0,1.0
8661,175.0,395.0,1.0
8662,75.0,585.0,1.0
8663,226.0,524.0,1.0
8664,78.0,126.0,1.0
8665,103.0,509.0,1.0
8666,65.0,68.0,1.0
8667,5.0,189.0,1.0
8668,34.0,45.0,1.0
8669,129.0,36.0,1.0
8670,83.0,124.0,1.0
8671,15.0,253.0,1.0
8672,75.0,266.0,1.0
8673,131.0,177.0,1.0
8674,19.0,90.0,1.0
8675,135.0,189.0,1.0
8676,223.0,39.0,1.0
8677,236.0,21.0,1.0
8678,223.0,367.0,1.0
8679,44.0,180.0,1.0
8680,75.0,460.0,1.0
8681,182.0,174.0,1.0
8682,130.0,60.0,1.0
8683,106.0,127.0,1.0
8684,116.0,491.0,1.0
8685,130.0,223.0,1.0
8686,75.0,489.0,1.0
8687,132.0,224.0,1.0
8688,189.0,47.0,1.0
8689,102.0,130.0,1.0
8690,71.0,417.0,1.0
8691,116.0,399.0,1.0
8692,178.0,119.0,1.0
8693,89.0,91.0,1.0
8694,87.0,579.0,1.0
8695,94.0,118.0,1.0
8696,9.0,39.0,1.0
8697,262.0,572.0,1.0
8698,35.0,81.0,1.0
8699,208.0,47.0,1.0
8700,206.0,190.0,1.0
8701,107.0,469.0,1.0
8702,135.0,222.0,1.0
8703,147.0,178.0,1.0
8704,245.0,221.0,1.0
8705,182.0,6.0,1.0
8706,214.0,216.0,1.0
8707,189.0,12.0,1.0
8708,51.0,150.0,1.0
8709,180.0,424.0,1.0
8710,104.0,510.0,1.0
8711,52.0,177.0,1.0
8712,113.0,74.0,1.0
8713,124.0,256.0,1.0
8714,75.0,179.0,1.0
8715,65.0,7.0,1.0
8716,42.0,49.0,1.0
8717,212.0,195.0,1.0
8718,217.0,415.0,1.0
8719,12.0,318.0,1.0
8720,162.0,328.0,1.0
8721,189.0,510.0,1.0
8722,133.0,310.0,1.0
8723,173.0,256.0,1.0
8724,75.0,80.0,1.0
8725,44.0,427.0,1.0
8726,159.0,146.0,1.0
8727,134.0,387.0,1.0
8728,80.0,540.0,1.0
8729,147.0,502.0,1.0
8730,85.0,77.0,1.0
8731,185.0,518.0,1.0
8732,183.0,86.0,1.0
8733,37.0,113.0,1.0
8734,114.0,111.0,1.0
8735,149.0,407.0,1.0
8736,234.0,411.0,1.0
8737,145.0,58.0,1.0
8738,202.0,44.0,1.0
8739,22.0,63.0,1.0
8740,232.0,27.0,1.0
8741,205.0,449.0,1.0
8742,229.0,311.0,1.0
8743,127.0,260.0,1.0
8744,28.0,64.0,1.0
8745,122.0,99.0,1.0
8746,256.0,386.0,1.0
8747,186.0,421.0,1.0
8748,74.0,89.0,1.0
8749,158.0,96.0,1.0
8750,71.0,206.0,1.0
8751,266.0,7.0,1.0
8752,116.0,103.0,1.0
8753,217.0,4.0,1.0
8754,107.0,542.0,1.0
8755,133.0,121.0,1.0
8756,141.0,89.0,1.0
8757,11.0,287.0,1.0
8758,223.0,44.0,1.0
8759,102.0,301.0,1.0
8760,266.0,112.0,1.0
8761,154.0,92.0,1.0
8762,109.0,86.0,1.0
8763,136.0,180.0,1.0
8764,64.0,175.0,1.0
8765,120.0,492.0,1.0
8766,201.0,470.0,1.0
8767,268.0,130.0,1.0
8768,261.0,134.0,1.0
8769,52.0,528.0,1.0
8770,182.0,393.0,1.0
8771,191.0,316.0,1.0
8772,97.0,5.0,1.0
8773,84.0,305.0,1.0
8774,134.0,245.0,1.0
8775,188.0,25.0,1.0
8776,147.0,448.0,1.0
8777,56.0,59.0,1.0
8778,259.0,59.0,1.0
8779,48.0,114.0,1.0
8780,221.0,147.0,1.0
8781,228.0,198.0,1.0
8782,175.0,538.0,1.0
8783,173.0,20.0,1.0
8784,126.0,474.0,1.0
8785,209.0,194.0,1.0
8786,54.0,76.0,1.0
8787,81.0,45.0,1.0
8788,60.0,379.0,1.0
8789,262.0,388.0,1.0
8790,138.0,191.0,1.0
8791,185.0,253.0,1.0
8792,186.0,535.0,1.0
8793,100.0,194.0,1.0
8794,130.0,0.0,1.0
8795,147.0,146.0,1.0
8796,223.0,438.0,1.0
8797,65.0,205.0,1.0
8798,87.0,203.0,1.0
8799,135.0,61.0,1.0
8800,211.0,356.0,1.0
8801,130.0,204.0,1.0
8802,242.0,175.0,1.0
8803,145.0,217.0,1.0
8804,197.0,321.0,1.0
8805,61.0,50.0,1.0
8806,183.0,73.0,1.0
8807,20.0,134.0,1.0
8808,156.0,411.0,1.0
8809,162.0,316.0,1.0
8810,211.0,157.0,1.0
8811,82.0,509.0,1.0
8812,57.0,547.0,1.0
8813,223.0,202.0,1.0
8814,234.0,372.0,1.0
8815,124.0,128.0,1.0
8816,188.0,24.0,1.0
8817,234.0,393.0,1.0
8818,239.0,111.0,1.0
8819,159.0,202.0,1.0
8820,74.0,341.0,1.0
8821,82.0,180.0,1.0
8822,183.0,341.0,1.0
8823,107.0,133.0,1.0
8824,234.0,100.0,1.0
8825,193.0,164.0,1.0
8826,131.0,87.0,1.0
8827,57.0,286.0,1.0
8828,89.0,59.0,1.0
8829,207.0,222.0,1.0
8830,141.0,61.0,1.0
8831,133.0,241.0,1.0
8832,82.0,329.0,1.0
8833,156.0,35.0,1.0
8834,89.0,420.0,1.0
8835,45.0,206.0,1.0
8836,45.0,159.0,1.0
8837,136.0,36.0,1.0
8838,128.0,47.0,1.0
8839,144.0,188.0,1.0
8840,225.0,26.0,1.0
8841,104.0,140.0,1.0
8842,105.0,351.0,1.0
8843,56.0,239.0,1.0
8844,81.0,96.0,1.0
8845,12.0,36.0,1.0
8846,226.0,377.0,1.0
8847,74.0,1.0,1.0
8848,203.0,293.0,1.0
8849,153.0,547.0,1.0
8850,238.0,395.0,1.0
8851,130.0,352.0,1.0
8852,163.0,90.0,1.0
8853,57.0,494.0,1.0
8854,217.0,141.0,1.0
8855,262.0,500.0,1.0
8856,87.0,186.0,1.0
8857,128.0,58.0,1.0
8858,71.0,100.0,1.0
8859,81.0,276.0,1.0
8860,108.0,73.0,1.0
8861,192.0,295.0,1.0
8862,79.0,197.0,1.0
8863,207.0,572.0,1.0
8864,185.0,527.0,1.0
8865,134.0,253.0,1.0
8866,147.0,208.0,1.0
8867,135.0,547.0,1.0
8868,133.0,378.0,1.0
8869,101.0,256.0,1.0
8870,49.0,309.0,1.0
8871,207.0,372.0,1.0
8872,10.0,158.0,1.0
8873,90.0,331.0,1.0
8874,122.0,578.0,1.0
8875,63.0,39.0,1.0
8876,51.0,145.0,1.0
8877,127.0,253.0,1.0
8878,165.0,273.0,1.0
8879,147.0,358.0,1.0
8880,172.0,70.0,1.0
8881,189.0,11.0,1.0
8882,58.0,290.0,1.0
8883,122.0,425.0,1.0
8884,223.0,196.0,1.0
8885,145.0,224.0,1.0
8886,183.0,503.0,1.0
8887,203.0,191.0,1.0
8888,223.0,109.0,1.0
8889,151.0,146.0,1.0
8890,179.0,391.0,1.0
8891,123.0,126.0,1.0
8892,194.0,532.0,1.0
8893,100.0,196.0,1.0
8894,147.0,312.0,1.0
8895,115.0,360.0,1.0
8896,248.0,285.0,1.0
8897,88.0,230.0,1.0
8898,65.0,200.0,1.0
8899,69.0,135.0,1.0
8900,175.0,225.0,1.0
8901,48.0,356.0,1.0
8902,62.0,220.0,1.0
8903,178.0,161.0,1.0
8904,136.0,454.0,1.0
8905,129.0,127.0,1.0
8906,5.0,214.0,1.0
8907,178.0,295.0,1.0
8908,182.0,532.0,1.0
8909,32.0,362.0,1.0
8910,87.0,166.0,1.0
8911,205.0,378.0,1.0
8912,175.0,467.0,1.0
8913,166.0,407.0,1.0
8914,47.0,464.0,1.0
8915,99.0,530.0,1.0
8916,266.0,410.0,1.0
8917,13.0,337.0,1.0
8918,25.0,146.0,1.0
8919,40.0,57.0,1.0
8920,205.0,194.0,1.0
8921,167.0,580.0,1.0
8922,56.0,156.0,1.0
8923,199.0,554.0,1.0
8924,67.0,424.0,1.0
8925,195.0,145.0,1.0
8926,242.0,81.0,1.0
8927,162.0,242.0,1.0
8928,123.0,277.0,1.0
8929,178.0,77.0,1.0
8930,93.0,133.0,1.0
8931,256.0,407.0,1.0
8932,85.0,50.0,1.0
8933,126.0,190.0,1.0
8934,266.0,130.0,1.0
8935,81.0,62.0,1.0
8936,149.0,238.0,1.0
8937,130.0,444.0,1.0
8938,97.0,12.0,1.0
8939,69.0,482.0,1.0
8940,223.0,209.0,1.0
8941,203.0,415.0,1.0
8942,81.0,26.0,1.0
8943,128.0,246.0,1.0
8944,158.0,3.0,1.0
8945,48.0,502.0,1.0
8946,87.0,122.0,1.0
8947,105.0,459.0,1.0
8948,205.0,57.0,1.0
8949,25.0,306.0,1.0
8950,58.0,58.0,1.0
8951,231.0,556.0,1.0
8952,87.0,495.0,1.0
8953,226.0,69.0,1.0
8954,31.0,146.0,1.0
8955,167.0,10.0,1.0
8956,147.0,306.0,1.0
8957,102.0,540.0,1.0
8958,130.0,186.0,1.0
8959,156.0,243.0,1.0
8960,206.0,213.0,1.0
8961,267.0,92.0,1.0
8962,191.0,146.0,1.0
8963,181.0,111.0,1.0
8964,82.0,84.0,1.0
8965,225.0,65.0,1.0
8966,176.0,227.0,1.0
8967,9.0,38.0,1.0
8968,69.0,175.0,1.0
8969,251.0,111.0,1.0
8970,195.0,241.0,1.0
8971,68.0,89.0,1.0
8972,52.0,136.0,1.0
8973,195.0,25.0,1.0
8974,158.0,464.0,1.0
8975,214.0,284.0,1.0
8976,96.0,91.0,1.0
8977,229.0,191.0,1.0
8978,171.0,394.0,1.0
8979,118.0,293.0,1.0
8980,133.0,194.0,1.0
8981,169.0,576.0,1.0
8982,261.0,178.0,1.0
8983,8.0,39.0,1.0
8984,153.0,392.0,1.0
8985,157.0,104.0,1.0
8986,59.0,231.0,1.0
8987,149.0,154.0,1.0
8988,86.0,49.0,1.0
8989,39.0,12.0,1.0
8990,162.0,201.0,1.0
8991,52.0,224.0,1.0
8992,9.0,274.0,1.0
8993,51.0,130.0,1.0
8994,123.0,434.0,1.0
8995,246.0,113.0,1.0
8996,52.0,455.0,1.0
8997,245.0,391.0,1.0
8998,189.0,226.0,1.0
8999,207.0,296.0,1.0
9000,132.0,126.0,1.0
9001,32.0,320.0,1.0
9002,158.0,379.0,1.0
9003,116.0,65.0,1.0
9004,191.0,314.0,1.0
9005,136.0,266.0,1.0
9006,159.0,100.0,1.0
9007,37.0,300.0,1.0
9008,174.0,476.0,1.0
9009,185.0,338.0,1.0
9010,65.0,52.0,1.0
9011,16.0,130.0,1.0
9012,84.0,222.0,1.0
9013,136.0,228.0,1.0
9014,102.0,178.0,1.0
9015,69.0,399.0,1.0
9016,69.0,122.0,1.0
9017,48.0,450.0,1.0
9018,102.0,22.0,1.0
9019,126.0,360.0,1.0
9020,102.0,285.0,1.0
9021,178.0,535.0,1.0
9022,148.0,94.0,1.0
9023,121.0,456.0,1.0
9024,208.0,63.0,1.0
9025,117.0,513.0,1.0
9026,149.0,346.0,1.0
9027,226.0,32.0,1.0
9028,87.0,356.0,1.0
9029,82.0,465.0,1.0
9030,90.0,289.0,1.0
9031,217.0,425.0,1.0
9032,248.0,426.0,1.0
9033,147.0,30.0,1.0
9034,182.0,431.0,1.0
9035,82.0,238.0,1.0
9036,68.0,520.0,1.0
9037,81.0,190.0,1.0
9038,167.0,130.0,1.0
9039,81.0,36.0,1.0
9040,200.0,89.0,1.0
9041,228.0,35.0,1.0
9042,230.0,374.0,1.0
9043,232.0,462.0,1.0
9044,18.0,150.0,1.0
9045,129.0,581.0,1.0
9046,263.0,203.0,1.0
9047,61.0,164.0,1.0
9048,21.0,120.0,1.0
9049,29.0,35.0,1.0
9050,3.0,154.0,1.0
9051,141.0,10.0,1.0
9052,81.0,365.0,1.0
9053,119.0,48.0,1.0
9054,114.0,19.0,1.0
9055,43.0,21.0,1.0
9056,192.0,204.0,1.0
9057,158.0,89.0,1.0
9058,132.0,423.0,1.0
9059,223.0,404.0,1.0
9060,109.0,20.0,1.0
9061,128.0,255.0,1.0
9062,181.0,112.0,1.0
9063,79.0,126.0,1.0
9064,47.0,204.0,1.0
9065,164.0,205.0,1.0
9066,178.0,97.0,1.0
9067,191.0,36.0,1.0
9068,183.0,236.0,1.0
9069,56.0,47.0,1.0
9070,147.0,554.0,1.0
9071,165.0,545.0,1.0
9072,64.0,264.0,1.0
9073,261.0,110.0,1.0
9074,248.0,300.0,1.0
9075,129.0,474.0,1.0
9076,123.0,280.0,1.0
9077,86.0,145.0,1.0
9078,67.0,212.0,1.0
9079,256.0,475.0,1.0
9080,2.0,122.0,1.0
9081,207.0,51.0,1.0
9082,67.0,241.0,1.0
9083,207.0,52.0,1.0
9084,66.0,544.0,1.0
9085,46.0,378.0,1.0
9086,92.0,39.0,1.0
9087,35.0,303.0,1.0
9088,116.0,233.0,1.0
9089,227.0,463.0,1.0
9090,266.0,320.0,1.0
9091,136.0,194.0,1.0
9092,232.0,38.0,1.0
9093,192.0,236.0,1.0
9094,124.0,194.0,1.0
9095,89.0,52.0,1.0
9096,104.0,113.0,1.0
9097,26.0,58.0,1.0
9098,236.0,474.0,1.0
9099,15.0,40.0,1.0
9100,13.0,59.0,1.0
9101,42.0,473.0,1.0
9102,218.0,36.0,1.0
9103,104.0,146.0,1.0
9104,88.0,35.0,1.0
9105,158.0,198.0,1.0
9106,227.0,197.0,1.0
9107,126.0,287.0,1.0
9108,211.0,62.0,1.0
9109,195.0,256.0,1.0
9110,31.0,170.0,1.0
9111,259.0,223.0,1.0
9112,198.0,61.0,1.0
9113,97.0,394.0,1.0
9114,132.0,204.0,1.0
9115,259.0,472.0,1.0
9116,82.0,24.0,1.0
9117,18.0,101.0,1.0
9118,187.0,382.0,1.0
9119,90.0,452.0,1.0
9120,262.0,0.0,1.0
9121,78.0,566.0,1.0
9122,67.0,85.0,1.0
9123,11.0,220.0,1.0
9124,248.0,266.0,1.0
9125,42.0,204.0,1.0
9126,237.0,103.0,1.0
9127,136.0,20.0,1.0
9128,191.0,337.0,1.0
9129,145.0,131.0,1.0
9130,5.0,215.0,1.0
9131,32.0,304.0,1.0
9132,162.0,114.0,1.0
9133,97.0,39.0,1.0
9134,178.0,83.0,1.0
9135,116.0,578.0,1.0
9136,178.0,496.0,1.0
9137,84.0,72.0,1.0
9138,145.0,380.0,1.0
9139,82.0,134.0,1.0
9140,165.0,191.0,1.0
9141,22.0,303.0,1.0
9142,95.0,58.0,1.0
9143,106.0,426.0,1.0
9144,115.0,428.0,1.0
9145,57.0,66.0,1.0
9146,231.0,103.0,1.0
9147,178.0,307.0,1.0
9148,189.0,104.0,1.0
9149,116.0,70.0,1.0
9150,239.0,104.0,1.0
9151,149.0,398.0,1.0
9152,87.0,51.0,1.0
9153,94.0,394.0,1.0
9154,15.0,170.0,1.0
9155,248.0,222.0,1.0
9156,39.0,231.0,1.0
9157,118.0,382.0,1.0
9158,62.0,125.0,1.0
9159,147.0,460.0,1.0
9160,230.0,379.0,1.0
9161,102.0,585.0,1.0
9162,52.0,277.0,1.0
9163,223.0,216.0,1.0
9164,5.0,89.0,1.0
9165,150.0,194.0,1.0
9166,31.0,35.0,1.0
9167,9.0,275.0,1.0
9168,128.0,252.0,1.0
9169,207.0,97.0,1.0
9170,150.0,58.0,1.0
9171,225.0,19.0,1.0
9172,117.0,236.0,1.0
9173,3.0,24.0,1.0
9174,248.0,360.0,1.0
9175,216.0,164.0,1.0
9176,126.0,377.0,1.0
9177,215.0,292.0,1.0
9178,116.0,273.0,1.0
9179,138.0,343.0,1.0
9180,231.0,342.0,1.0
9181,189.0,523.0,1.0
9182,91.0,193.0,1.0
9183,243.0,104.0,1.0
9184,146.0,50.0,1.0
9185,257.0,77.0,1.0
9186,171.0,126.0,1.0
9187,39.0,117.0,1.0
9188,64.0,131.0,1.0
9189,175.0,337.0,1.0
9190,87.0,99.0,1.0
9191,44.0,476.0,1.0
9192,108.0,120.0,1.0
9193,180.0,223.0,1.0
9194,97.0,148.0,1.0
9195,51.0,49.0,1.0
9196,248.0,295.0,1.0
9197,83.0,247.0,1.0
9198,25.0,54.0,1.0
9199,13.0,203.0,1.0
9200,26.0,379.0,1.0
9201,87.0,418.0,1.0
9202,144.0,7.0,1.0
9203,211.0,89.0,1.0
9204,191.0,136.0,1.0
9205,168.0,0.0,1.0
9206,205.0,361.0,1.0
9207,38.0,40.0,1.0
9208,12.0,322.0,1.0
9209,197.0,191.0,1.0
9210,75.0,81.0,1.0
9211,19.0,150.0,1.0
9212,38.0,29.0,1.0
9213,145.0,116.0,1.0
9214,200.0,201.0,1.0
9215,102.0,277.0,1.0
9216,221.0,191.0,1.0
9217,194.0,143.0,1.0
9218,175.0,208.0,1.0
9219,207.0,428.0,1.0
9220,233.0,252.0,1.0
9221,93.0,407.0,1.0
9222,204.0,143.0,1.0
9223,135.0,399.0,1.0
9224,112.0,282.0,1.0
9225,87.0,106.0,1.0
9226,105.0,104.0,1.0
9227,52.0,77.0,1.0
9228,134.0,32.0,1.0
9229,181.0,38.0,1.0
9230,183.0,561.0,1.0
9231,86.0,262.0,1.0
9232,82.0,83.0,1.0
9233,79.0,111.0,1.0
9234,183.0,491.0,1.0
9235,71.0,49.0,1.0
9236,191.0,298.0,1.0
9237,84.0,53.0,1.0
9238,167.0,362.0,1.0
9239,227.0,332.0,1.0
9240,22.0,153.0,1.0
9241,125.0,124.0,1.0
9242,143.0,236.0,1.0
9243,147.0,35.0,1.0
9244,107.0,571.0,1.0
9245,126.0,191.0,1.0
9246,195.0,286.0,1.0
9247,153.0,356.0,1.0
9248,245.0,23.0,1.0
9249,162.0,307.0,1.0
9250,178.0,193.0,1.0
9251,197.0,521.0,1.0
9252,59.0,219.0,1.0
9253,207.0,555.0,1.0
9254,219.0,150.0,1.0
9255,87.0,74.0,1.0
9256,191.0,240.0,1.0
9257,50.0,297.0,1.0
9258,78.0,504.0,1.0
9259,147.0,571.0,1.0
9260,23.0,434.0,1.0
9261,57.0,255.0,1.0
9262,149.0,420.0,1.0
9263,138.0,67.0,1.0
9264,56.0,193.0,1.0
9265,189.0,127.0,1.0
9266,105.0,398.0,1.0
9267,15.0,78.0,1.0
9268,162.0,157.0,1.0
9269,136.0,150.0,1.0
9270,5.0,138.0,1.0
9271,171.0,135.0,1.0
9272,117.0,218.0,1.0
9273,26.0,289.0,1.0
9274,98.0,136.0,1.0
9275,87.0,113.0,1.0
9276,194.0,388.0,1.0
9277,117.0,131.0,1.0
9278,91.0,182.0,1.0
9279,105.0,100.0,1.0
9280,120.0,116.0,1.0
9281,147.0,60.0,1.0
9282,81.0,118.0,1.0
9283,60.0,284.0,1.0
9284,1.0,75.0,1.0
9285,59.0,189.0,1.0
9286,209.0,119.0,1.0
9287,167.0,106.0,1.0
9288,104.0,282.0,1.0
9289,223.0,19.0,1.0
9290,86.0,196.0,1.0
9291,145.0,36.0,1.0
9292,74.0,327.0,1.0
9293,178.0,371.0,1.0
9294,217.0,504.0,1.0
9295,1.0,55.0,1.0
9296,64.0,560.0,1.0
9297,164.0,100.0,1.0
9298,249.0,45.0,1.0
9299,145.0,12.0,1.0
9300,117.0,569.0,1.0
9301,10.0,113.0,1.0
9302,248.0,73.0,1.0
9303,176.0,3.0,1.0
9304,56.0,149.0,1.0
9305,89.0,222.0,1.0
9306,100.0,111.0,1.0
9307,30.0,44.0,1.0
9308,81.0,479.0,1.0
9309,75.0,553.0,1.0
9310,104.0,44.0,1.0
9311,129.0,104.0,1.0
9312,217.0,241.0,1.0
9313,132.0,63.0,1.0
9314,87.0,594.0,1.0
9315,81.0,47.0,1.0
9316,223.0,504.0,1.0
9317,266.0,35.0,1.0
9318,82.0,12.0,1.0
9319,89.0,12.0,1.0
9320,239.0,351.0,1.0
9321,145.0,567.0,1.0
9322,87.0,213.0,1.0
9323,84.0,81.0,1.0
9324,90.0,190.0,1.0
9325,42.0,202.0,1.0
9326,25.0,103.0,1.0
9327,130.0,103.0,1.0
9328,79.0,280.0,1.0
9329,56.0,351.0,1.0
9330,178.0,381.0,1.0
9331,88.0,62.0,1.0
9332,52.0,207.0,1.0
9333,56.0,28.0,1.0
9334,156.0,36.0,1.0
9335,56.0,103.0,1.0
9336,249.0,110.0,1.0
9337,56.0,84.0,1.0
9338,189.0,315.0,1.0
9339,211.0,563.0,1.0
9340,222.0,114.0,1.0
9341,126.0,224.0,1.0
9342,191.0,213.0,1.0
9343,102.0,89.0,1.0
9344,65.0,197.0,1.0
9345,218.0,32.0,1.0
9346,225.0,33.0,1.0
9347,129.0,66.0,1.0
9348,173.0,259.0,1.0
9349,148.0,310.0,1.0
9350,21.0,11.0,1.0
9351,104.0,23.0,1.0
9352,175.0,577.0,1.0
9353,218.0,397.0,1.0
9354,44.0,391.0,1.0
9355,124.0,89.0,1.0
9356,261.0,94.0,1.0
9357,92.0,215.0,1.0
9358,197.0,181.0,1.0
9359,56.0,395.0,1.0
9360,63.0,399.0,1.0
9361,64.0,566.0,1.0
9362,89.0,399.0,1.0
9363,183.0,119.0,1.0
9364,202.0,156.0,1.0
9365,104.0,152.0,1.0
9366,136.0,388.0,1.0
9367,165.0,107.0,1.0
9368,44.0,486.0,1.0
9369,17.0,138.0,1.0
9370,166.0,368.0,1.0
9371,233.0,59.0,1.0
9372,185.0,327.0,1.0
9373,179.0,92.0,1.0
9374,147.0,247.0,1.0
9375,164.0,297.0,1.0
9376,217.0,194.0,1.0
9377,96.0,66.0,1.0
9378,42.0,474.0,1.0
9379,183.0,12.0,1.0
9380,178.0,578.0,1.0
9381,212.0,407.0,1.0
9382,236.0,362.0,1.0
9383,200.0,179.0,1.0
9384,177.0,332.0,1.0
9385,223.0,193.0,1.0
9386,16.0,308.0,1.0
9387,183.0,1.0,1.0
9388,56.0,124.0,1.0
9389,145.0,337.0,1.0
9390,225.0,567.0,1.0
9391,223.0,466.0,1.0
9392,29.0,56.0,1.0
9393,89.0,227.0,1.0
9394,196.0,352.0,1.0
9395,71.0,112.0,1.0
9396,53.0,47.0,1.0
9397,75.0,64.0,1.0
9398,249.0,150.0,1.0
9399,248.0,443.0,1.0
9400,34.0,163.0,1.0
9401,202.0,155.0,1.0
9402,56.0,286.0,1.0
9403,82.0,497.0,1.0
9404,202.0,48.0,1.0
9405,82.0,59.0,1.0
9406,86.0,223.0,1.0
9407,160.0,97.0,1.0
9408,161.0,57.0,1.0
9409,218.0,445.0,1.0
9410,5.0,39.0,1.0
9411,16.0,363.0,1.0
9412,249.0,165.0,1.0
9413,210.0,378.0,1.0
9414,217.0,148.0,1.0
9415,156.0,492.0,1.0
9416,0.0,0.0,1.0
9417,164.0,226.0,1.0
9418,117.0,125.0,1.0
9419,158.0,239.0,1.0
9420,171.0,192.0,1.0
9421,246.0,326.0,1.0
9422,44.0,491.0,1.0
9423,248.0,213.0,1.0
9424,52.0,403.0,1.0
9425,207.0,73.0,1.0
9426,243.0,100.0,1.0
9427,2.0,107.0,1.0
9428,268.0,84.0,1.0
9429,65.0,152.0,1.0
9430,223.0,558.0,1.0
9431,178.0,324.0,1.0
9432,264.0,41.0,1.0
9433,209.0,469.0,1.0
9434,256.0,388.0,1.0
9435,147.0,206.0,1.0
9436,223.0,146.0,1.0
9437,242.0,3.0,1.0
9438,86.0,360.0,1.0
9439,52.0,44.0,1.0
9440,257.0,348.0,1.0
9441,31.0,241.0,1.0
9442,90.0,143.0,1.0
9443,200.0,20.0,1.0
9444,56.0,96.0,1.0
9445,5.0,211.0,1.0
9446,156.0,103.0,1.0
9447,258.0,141.0,1.0
9448,224.0,128.0,1.0
9449,211.0,54.0,1.0
9450,147.0,182.0,1.0
9451,213.0,120.0,1.0
9452,29.0,281.0,1.0
9453,164.0,8.0,1.0
9454,90.0,332.0,1.0
9455,180.0,78.0,1.0
9456,195.0,0.0,1.0
9457,78.0,61.0,1.0
9458,144.0,557.0,1.0
9459,62.0,138.0,1.0
9460,189.0,148.0,1.0
9461,209.0,430.0,1.0
9462,65.0,204.0,1.0
9463,85.0,448.0,1.0
9464,225.0,21.0,1.0
9465,205.0,196.0,1.0
9466,98.0,137.0,1.0
9467,52.0,131.0,1.0
9468,145.0,506.0,1.0
9469,178.0,22.0,1.0
9470,71.0,137.0,1.0
9471,171.0,159.0,1.0
9472,44.0,81.0,1.0
9473,133.0,138.0,1.0
9474,98.0,89.0,1.0
9475,228.0,45.0,1.0
9476,226.0,161.0,1.0
9477,98.0,279.0,1.0
9478,149.0,116.0,1.0
9479,185.0,266.0,1.0
9480,92.0,203.0,1.0
9481,123.0,120.0,1.0
9482,186.0,310.0,1.0
9483,34.0,118.0,1.0
9484,134.0,179.0,1.0
9485,262.0,340.0,1.0
9486,224.0,382.0,1.0
9487,231.0,203.0,1.0
9488,116.0,10.0,1.0
9489,224.0,103.0,1.0
9490,144.0,387.0,1.0
9491,183.0,203.0,1.0
9492,5.0,207.0,1.0
9493,190.0,133.0,1.0
9494,14.0,293.0,1.0
9495,104.0,325.0,1.0
9496,153.0,351.0,1.0
9497,49.0,104.0,1.0
9498,67.0,413.0,1.0
9499,49.0,284.0,1.0
9500,14.0,31.0,1.0
9501,200.0,170.0,1.0
9502,60.0,31.0,1.0
9503,250.0,1.0,1.0
9504,21.0,57.0,1.0
9505,44.0,196.0,1.0
9506,65.0,45.0,1.0
9507,235.0,21.0,1.0
9508,45.0,398.0,1.0
9509,108.0,65.0,1.0
9510,149.0,336.0,1.0
9511,174.0,261.0,1.0
9512,89.0,368.0,1.0
9513,232.0,39.0,1.0
9514,103.0,59.0,1.0
9515,118.0,216.0,1.0
9516,97.0,378.0,1.0
9517,227.0,95.0,1.0
9518,145.0,277.0,1.0
9519,158.0,571.0,1.0
9520,158.0,558.0,1.0
9521,147.0,332.0,1.0
9522,34.0,36.0,1.0
9523,102.0,236.0,1.0
9524,182.0,143.0,1.0
9525,248.0,184.0,1.0
9526,149.0,130.0,1.0
9527,223.0,320.0,1.0
9528,81.0,186.0,1.0
9529,82.0,113.0,1.0
9530,29.0,295.0,1.0
9531,207.0,66.0,1.0
9532,10.0,293.0,1.0
9533,203.0,13.0,1.0
9534,138.0,201.0,1.0
9535,136.0,529.0,1.0
9536,223.0,11.0,1.0
9537,200.0,100.0,1.0
9538,87.0,202.0,1.0
9539,97.0,216.0,1.0
9540,218.0,252.0,1.0
9541,144.0,131.0,1.0
9542,83.0,123.0,1.0
9543,183.0,349.0,1.0
9544,208.0,130.0,1.0
9545,47.0,107.0,1.0
9546,28.0,146.0,1.0
9547,68.0,43.0,1.0
9548,229.0,247.0,1.0
9549,9.0,161.0,1.0
9550,97.0,466.0,1.0
9551,191.0,281.0,1.0
9552,259.0,388.0,1.0
9553,199.0,208.0,1.0
9554,94.0,146.0,1.0
9555,228.0,75.0,1.0
9556,165.0,136.0,1.0
9557,127.0,400.0,1.0
9558,103.0,138.0,1.0
9559,79.0,204.0,1.0
9560,53.0,315.0,1.0
9561,183.0,154.0,1.0
9562,127.0,112.0,1.0
9563,156.0,44.0,1.0
9564,234.0,35.0,1.0
9565,224.0,371.0,1.0
9566,101.0,222.0,1.0
9567,85.0,285.0,1.0
9568,207.0,74.0,1.0
9569,182.0,12.0,1.0
9570,199.0,97.0,1.0
9571,82.0,143.0,1.0
9572,261.0,140.0,1.0
9573,254.0,179.0,1.0
9574,156.0,223.0,1.0
9575,233.0,81.0,1.0
9576,104.0,47.0,1.0
9577,183.0,43.0,1.0
9578,28.0,149.0,1.0
9579,264.0,585.0,1.0
9580,203.0,47.0,1.0
9581,65.0,59.0,1.0
9582,102.0,101.0,1.0
9583,199.0,9.0,1.0
9584,266.0,569.0,1.0
9585,56.0,80.0,1.0
9586,45.0,222.0,1.0
9587,87.0,283.0,1.0
9588,129.0,223.0,1.0
9589,89.0,413.0,1.0
9590,163.0,413.0,1.0
9591,170.0,106.0,1.0
9592,250.0,469.0,1.0
9593,189.0,272.0,1.0
9594,26.0,331.0,1.0
9595,218.0,111.0,1.0
9596,122.0,9.0,1.0
9597,64.0,388.0,1.0
9598,62.0,120.0,1.0
9599,199.0,181.0,1.0
9600,249.0,436.0,1.0
9601,29.0,130.0,1.0
9602,120.0,0.0,1.0
9603,143.0,77.0,1.0
9604,180.0,256.0,1.0
9605,87.0,228.0,1.0
9606,147.0,436.0,1.0
9607,217.0,222.0,1.0
9608,160.0,318.0,1.0
9609,245.0,207.0,1.0
9610,138.0,487.0,1.0
9611,245.0,146.0,1.0
9612,11.0,155.0,1.0
9613,69.0,180.0,1.0
9614,14.0,168.0,1.0
9615,258.0,111.0,1.0
9616,185.0,89.0,1.0
9617,160.0,576.0,1.0
9618,245.0,399.0,1.0
9619,8.0,201.0,1.0
9620,248.0,2.0,1.0
9621,256.0,398.0,1.0
9622,82.0,168.0,1.0
9623,182.0,201.0,1.0
9624,164.0,80.0,1.0
9625,126.0,111.0,1.0
9626,94.0,61.0,1.0
9627,182.0,264.0,1.0
9628,14.0,275.0,1.0
9629,100.0,474.0,1.0
9630,191.0,147.0,1.0
9631,10.0,152.0,1.0
9632,11.0,314.0,1.0
9633,42.0,214.0,1.0
9634,53.0,436.0,1.0
9635,123.0,407.0,1.0
9636,218.0,238.0,1.0
9637,44.0,350.0,1.0
9638,185.0,111.0,1.0
9639,67.0,77.0,1.0
9640,3.0,159.0,1.0
9641,51.0,201.0,1.0
9642,87.0,15.0,1.0
9643,188.0,268.0,1.0
9644,233.0,443.0,1.0
9645,212.0,231.0,1.0
9646,262.0,39.0,1.0
9647,182.0,146.0,1.0
9648,243.0,150.0,1.0
9649,187.0,272.0,1.0
9650,164.0,61.0,1.0
9651,200.0,189.0,1.0
9652,129.0,224.0,1.0
9653,184.0,82.0,1.0
9654,20.0,349.0,1.0
9655,147.0,258.0,1.0
9656,84.0,523.0,1.0
9657,42.0,69.0,1.0
9658,167.0,47.0,1.0
9659,183.0,456.0,1.0
9660,226.0,30.0,1.0
9661,131.0,219.0,1.0
9662,51.0,354.0,1.0
9663,128.0,210.0,1.0
9664,52.0,93.0,1.0
9665,199.0,11.0,1.0
9666,144.0,202.0,1.0
9667,267.0,245.0,1.0
9668,258.0,23.0,1.0
9669,262.0,426.0,1.0
9670,268.0,160.0,1.0
9671,87.0,437.0,1.0
9672,107.0,368.0,1.0
9673,167.0,90.0,1.0
9674,150.0,190.0,1.0
9675,178.0,143.0,1.0
9676,110.0,27.0,1.0
9677,223.0,14.0,1.0
9678,103.0,191.0,1.0
9679,164.0,121.0,1.0
9680,132.0,120.0,1.0
9681,30.0,73.0,1.0
9682,178.0,512.0,1.0
9683,17.0,189.0,1.0
9684,154.0,122.0,1.0
9685,74.0,482.0,1.0
9686,51.0,260.0,1.0
9687,82.0,117.0,1.0
9688,256.0,204.0,1.0
9689,16.0,30.0,1.0
9690,69.0,251.0,1.0
9691,217.0,475.0,1.0
9692,218.0,308.0,1.0
9693,164.0,302.0,1.0
9694,51.0,91.0,1.0
9695,21.0,143.0,1.0
9696,266.0,224.0,1.0
9697,145.0,10.0,1.0
9698,67.0,532.0,1.0
9699,115.0,81.0,1.0
9700,67.0,64.0,1.0
9701,55.0,485.0,1.0
9702,193.0,24.0,1.0
9703,68.0,18.0,1.0
9704,28.0,73.0,1.0
9705,18.0,113.0,1.0
9706,156.0,382.0,1.0
9707,172.0,111.0,1.0
9708,30.0,130.0,1.0
9709,45.0,190.0,1.0
9710,120.0,1.0,1.0
9711,83.0,275.0,1.0
9712,234.0,396.0,1.0
9713,248.0,59.0,1.0
9714,122.0,70.0,1.0
9715,193.0,18.0,1.0
9716,101.0,153.0,1.0
9717,51.0,48.0,1.0
9718,178.0,39.0,1.0
9719,178.0,519.0,1.0
9720,267.0,21.0,1.0
9721,217.0,206.0,1.0
9722,182.0,52.0,1.0
9723,191.0,159.0,1.0
9724,108.0,370.0,1.0
9725,67.0,130.0,1.0
9726,28.0,16.0,1.0
9727,89.0,217.0,1.0
9728,149.0,61.0,1.0
9729,226.0,70.0,1.0
9730,259.0,293.0,1.0
9731,96.0,94.0,1.0
9732,158.0,382.0,1.0
9733,164.0,419.0,1.0
9734,126.0,146.0,1.0
9735,165.0,509.0,1.0
9736,162.0,322.0,1.0
9737,35.0,181.0,1.0
9738,264.0,162.0,1.0
9739,259.0,5.0,1.0
9740,165.0,179.0,1.0
9741,7.0,151.0,1.0
9742,259.0,87.0,1.0
9743,130.0,66.0,1.0
9744,2.0,133.0,1.0
9745,169.0,202.0,1.0
9746,218.0,182.0,1.0
9747,182.0,580.0,1.0
9748,69.0,529.0,1.0
9749,178.0,197.0,1.0
9750,104.0,148.0,1.0
9751,65.0,39.0,1.0
9752,186.0,358.0,1.0
9753,163.0,239.0,1.0
9754,259.0,36.0,1.0
9755,62.0,381.0,1.0
9756,43.0,135.0,1.0
9757,49.0,45.0,1.0
9758,232.0,64.0,1.0
9759,238.0,367.0,1.0
9760,69.0,145.0,1.0
9761,51.0,461.0,1.0
9762,10.0,122.0,1.0
9763,42.0,126.0,1.0
9764,254.0,317.0,1.0
9765,199.0,170.0,1.0
9766,77.0,190.0,1.0
9767,29.0,61.0,1.0
9768,209.0,147.0,1.0
9769,223.0,205.0,1.0
9770,87.0,46.0,1.0
9771,81.0,132.0,1.0
9772,132.0,413.0,1.0
9773,146.0,116.0,1.0
9774,167.0,273.0,1.0
9775,145.0,216.0,1.0
9776,138.0,509.0,1.0
9777,57.0,548.0,1.0
9778,97.0,97.0,1.0
9779,89.0,14.0,1.0
9780,121.0,39.0,1.0
9781,114.0,70.0,1.0
9782,131.0,1.0,1.0
9783,2.0,21.0,1.0
9784,22.0,149.0,1.0
9785,103.0,201.0,1.0
9786,153.0,1.0,1.0
9787,147.0,57.0,1.0
9788,71.0,66.0,1.0
9789,9.0,52.0,1.0
9790,132.0,596.0,1.0
9791,200.0,332.0,1.0
9792,149.0,385.0,1.0
9793,75.0,559.0,1.0
9794,252.0,359.0,1.0
9795,130.0,97.0,1.0
9796,127.0,8.0,1.0
9797,126.0,471.0,1.0
9798,85.0,137.0,1.0
9799,182.0,295.0,1.0
9800,172.0,126.0,1.0
9801,224.0,523.0,1.0
9802,31.0,452.0,1.0
9803,164.0,224.0,1.0
9804,207.0,146.0,1.0
9805,182.0,50.0,1.0
9806,241.0,438.0,1.0
9807,102.0,295.0,1.0
9808,53.0,91.0,1.0
9809,6.0,208.0,1.0
9810,126.0,398.0,1.0
9811,224.0,134.0,1.0
9812,44.0,310.0,1.0
9813,160.0,12.0,1.0
9814,31.0,103.0,1.0
9815,162.0,27.0,1.0
9816,65.0,122.0,1.0
9817,262.0,349.0,1.0
9818,153.0,374.0,1.0
9819,64.0,169.0,1.0
9820,10.0,194.0,1.0
9821,244.0,323.0,1.0
9822,118.0,391.0,1.0
9823,129.0,378.0,1.0
9824,256.0,229.0,1.0
9825,242.0,202.0,1.0
9826,78.0,337.0,1.0
9827,19.0,251.0,1.0
9828,116.0,18.0,1.0
9829,94.0,309.0,1.0
9830,65.0,530.0,1.0
9831,78.0,326.0,1.0
9832,256.0,69.0,1.0
9833,236.0,103.0,1.0
9834,223.0,539.0,1.0
9835,82.0,208.0,1.0
9836,84.0,62.0,1.0
9837,217.0,224.0,1.0
9838,37.0,168.0,1.0
9839,54.0,118.0,1.0
9840,81.0,411.0,1.0
9841,182.0,75.0,1.0
9842,147.0,255.0,1.0
9843,172.0,517.0,1.0
9844,147.0,171.0,1.0
9845,141.0,118.0,1.0
9846,226.0,204.0,1.0
9847,175.0,295.0,1.0
9848,68.0,268.0,1.0
9849,123.0,358.0,1.0
9850,153.0,400.0,1.0
9851,161.0,106.0,1.0
9852,158.0,204.0,1.0
9853,225.0,27.0,1.0
9854,156.0,62.0,1.0
9855,56.0,266.0,1.0
9856,189.0,77.0,1.0
9857,90.0,92.0,1.0
9858,175.0,1.0,1.0
9859,64.0,54.0,1.0
9860,79.0,89.0,1.0
9861,258.0,5.0,1.0
9862,189.0,224.0,1.0
9863,87.0,191.0,1.0
9864,177.0,194.0,1.0
9865,234.0,146.0,1.0
9866,71.0,398.0,1.0
9867,84.0,465.0,1.0
9868,214.0,388.0,1.0
9869,202.0,552.0,1.0
9870,82.0,145.0,1.0
9871,17.0,130.0,1.0
9872,97.0,207.0,1.0
9873,47.0,145.0,1.0
9874,102.0,222.0,1.0
9875,90.0,481.0,1.0
9876,178.0,71.0,1.0
9877,200.0,264.0,1.0
9878,122.0,485.0,1.0
9879,52.0,66.0,1.0
9880,148.0,120.0,1.0
9881,224.0,27.0,1.0
9882,173.0,97.0,1.0
9883,87.0,427.0,1.0
9884,187.0,390.0,1.0
9885,175.0,203.0,1.0
9886,186.0,228.0,1.0
9887,223.0,64.0,1.0
9888,217.0,116.0,1.0
9889,135.0,111.0,1.0
9890,56.0,499.0,1.0
9891,64.0,492.0,1.0
9892,164.0,305.0,1.0
9893,56.0,233.0,1.0
9894,97.0,525.0,1.0
9895,10.0,54.0,1.0
9896,71.0,388.0,1.0
9897,199.0,120.0,1.0
9898,75.0,246.0,1.0
9899,9.0,76.0,1.0
9900,62.0,84.0,1.0
9901,113.0,35.0,1.0
9902,22.0,36.0,1.0
9903,223.0,219.0,1.0
9904,34.0,110.0,1.0
9905,71.0,400.0,1.0
9906,144.0,120.0,1.0
9907,248.0,145.0,1.0
9908,44.0,203.0,1.0
9909,148.0,45.0,1.0
9910,78.0,202.0,1.0
9911,226.0,77.0,1.0
9912,127.0,294.0,1.0
9913,186.0,141.0,1.0
9914,94.0,221.0,1.0
9915,122.0,356.0,1.0
9916,108.0,127.0,1.0
9917,60.0,238.0,1.0
9918,264.0,30.0,1.0
9919,210.0,89.0,1.0
9920,209.0,192.0,1.0
9921,213.0,101.0,1.0
9922,156.0,255.0,1.0
9923,97.0,89.0,1.0
9924,164.0,399.0,1.0
9925,209.0,516.0,1.0
9926,94.0,148.0,1.0
9927,116.0,280.0,1.0
9928,122.0,292.0,1.0
9929,206.0,10.0,1.0
9930,196.0,154.0,1.0
9931,127.0,548.0,1.0
9932,255.0,22.0,1.0
9933,199.0,255.0,1.0
9934,82.0,342.0,1.0
9935,51.0,21.0,1.0
9936,167.0,378.0,1.0
9937,34.0,272.0,1.0
9938,200.0,193.0,1.0
9939,117.0,289.0,1.0
9940,10.0,146.0,1.0
9941,82.0,233.0,1.0
9942,158.0,550.0,1.0
9943,107.0,194.0,1.0
9944,207.0,535.0,1.0
9945,75.0,115.0,1.0
9946,242.0,581.0,1.0
9947,162.0,241.0,1.0
9948,228.0,12.0,1.0
9949,129.0,40.0,1.0
9950,248.0,95.0,1.0
9951,65.0,256.0,1.0
9952,251.0,136.0,1.0
9953,188.0,111.0,1.0
9954,84.0,582.0,1.0
9955,56.0,234.0,1.0
9956,39.0,205.0,1.0
9957,84.0,92.0,1.0
9958,86.0,251.0,1.0
9959,81.0,391.0,1.0
9960,230.0,334.0,1.0
9961,220.0,194.0,1.0
9962,91.0,17.0,1.0
9963,91.0,435.0,1.0
9964,108.0,130.0,1.0
9965,137.0,89.0,1.0
9966,224.0,597.0,1.0
9967,126.0,388.0,1.0
9968,33.0,129.0,1.0
9969,142.0,120.0,1.0
9970,193.0,35.0,1.0
9971,52.0,382.0,1.0
9972,44.0,103.0,1.0
9973,147.0,331.0,1.0
9974,189.0,423.0,1.0
9975,6.0,231.0,1.0
9976,117.0,309.0,1.0
9977,149.0,351.0,1.0
9978,102.0,40.0,1.0
9979,53.0,62.0,1.0
9980,178.0,135.0,1.0
9981,187.0,491.0,1.0
9982,183.0,567.0,1.0
9983,261.0,58.0,1.0
9984,159.0,409.0,1.0
9985,183.0,76.0,1.0
9986,262.0,325.0,1.0
9987,129.0,230.0,1.0
9988,227.0,313.0,1.0
9989,219.0,12.0,1.0
9990,116.0,47.0,1.0
9991,224.0,434.0,1.0
9992,235.0,385.0,1.0
9993,168.0,302.0,1.0
9994,89.0,506.0,1.0
9995,250.0,126.0,1.0
9996,98.0,330.0,1.0
9997,242.0,7.0,1.0
9998,82.0,343.0,1.0
9999,116.0,33.0,1.0
10000,201.0,393.0,1.0
10001,45.0,392.0,1.0
10002,3.0,136.0,1.0
10003,247.0,346.0,1.0
10004,82.0,354.0,1.0
10005,199.0,83.0,1.0
10006,75.0,356.0,1.0
10007,123.0,286.0,1.0
10008,261.0,155.0,1.0
10009,87.0,94.0,1.0
10010,85.0,136.0,1.0
10011,129.0,472.0,1.0
10012,52.0,251.0,1.0
10013,79.0,48.0,1.0
10014,197.0,81.0,1.0
10015,158.0,219.0,1.0
10016,248.0,191.0,1.0
10017,217.0,135.0,1.0
10018,194.0,111.0,1.0
10019,263.0,146.0,1.0
10020,97.0,14.0,1.0
10021,200.0,303.0,1.0
10022,2.0,120.0,1.0
10023,234.0,91.0,1.0
10024,130.0,319.0,1.0
10025,226.0,363.0,1.0
10026,133.0,467.0,1.0
10027,241.0,223.0,1.0
10028,18.0,47.0,1.0
10029,177.0,179.0,1.0
10030,153.0,138.0,1.0
10031,122.0,89.0,1.0
10032,259.0,81.0,1.0
10033,64.0,247.0,1.0
10034,44.0,247.0,1.0
10035,0.0,15.0,1.0
10036,74.0,143.0,1.0
10037,9.0,87.0,1.0
10038,79.0,385.0,1.0
10039,87.0,40.0,1.0
10040,266.0,117.0,1.0
10041,162.0,240.0,1.0
10042,65.0,326.0,1.0
10043,90.0,450.0,1.0
10044,56.0,152.0,1.0
10045,46.0,498.0,1.0
10046,102.0,56.0,1.0
10047,31.0,296.0,1.0
10048,56.0,45.0,1.0
10049,26.0,208.0,1.0
10050,189.0,66.0,1.0
10051,147.0,585.0,1.0
10052,178.0,50.0,1.0
10053,58.0,481.0,1.0
10054,217.0,111.0,1.0
10055,218.0,203.0,1.0
10056,73.0,321.0,1.0
10057,23.0,433.0,1.0
10058,48.0,257.0,1.0
10059,178.0,20.0,1.0
10060,258.0,127.0,1.0
10061,44.0,159.0,1.0
10062,177.0,146.0,1.0
10063,39.0,197.0,1.0
10064,81.0,14.0,1.0
10065,228.0,381.0,1.0
10066,60.0,555.0,1.0
10067,214.0,106.0,1.0
10068,79.0,75.0,1.0
10069,165.0,130.0,1.0
10070,45.0,294.0,1.0
10071,202.0,11.0,1.0
10072,239.0,257.0,1.0
10073,78.0,125.0,1.0
10074,2.0,112.0,1.0
10075,209.0,491.0,1.0
10076,117.0,405.0,1.0
10077,145.0,39.0,1.0
10078,144.0,498.0,1.0
10079,69.0,334.0,1.0
10080,87.0,591.0,1.0
10081,82.0,191.0,1.0
10082,93.0,87.0,1.0
10083,86.0,51.0,1.0
10084,145.0,547.0,1.0
10085,53.0,139.0,1.0
10086,215.0,157.0,1.0
10087,263.0,120.0,1.0
10088,51.0,70.0,1.0
10089,139.0,377.0,1.0
10090,135.0,92.0,1.0
10091,226.0,408.0,1.0
10092,226.0,367.0,1.0
10093,123.0,597.0,1.0
10094,136.0,337.0,1.0
10095,129.0,137.0,1.0
10096,223.0,586.0,1.0
10097,104.0,38.0,1.0
10098,177.0,177.0,1.0
10099,47.0,379.0,1.0
10100,264.0,137.0,1.0
10101,136.0,310.0,1.0
10102,224.0,343.0,1.0
10103,129.0,100.0,1.0
10104,232.0,178.0,1.0
10105,97.0,487.0,1.0
10106,19.0,154.0,1.0
10107,183.0,194.0,1.0
10108,199.0,39.0,1.0
10109,42.0,207.0,1.0
10110,83.0,241.0,1.0
10111,116.0,358.0,1.0
10112,97.0,467.0,1.0
10113,223.0,20.0,1.0
10114,262.0,45.0,1.0
10115,96.0,216.0,1.0
10116,82.0,119.0,1.0
10117,150.0,133.0,1.0
10118,162.0,47.0,1.0
10119,197.0,273.0,1.0
10120,226.0,283.0,1.0
10121,168.0,420.0,1.0
10122,160.0,484.0,1.0
10123,96.0,382.0,1.0
10124,126.0,416.0,1.0
10125,107.0,334.0,1.0
10126,65.0,258.0,1.0
10127,183.0,186.0,1.0
10128,264.0,56.0,1.0
10129,149.0,157.0,1.0
10130,72.0,463.0,1.0
10131,242.0,221.0,1.0
10132,48.0,113.0,1.0
10133,241.0,10.0,1.0
10134,182.0,459.0,1.0
10135,170.0,120.0,1.0
10136,28.0,51.0,1.0
10137,181.0,118.0,1.0
10138,106.0,107.0,1.0
10139,182.0,225.0,1.0
10140,68.0,20.0,1.0
10141,172.0,192.0,1.0
10142,67.0,388.0,1.0
10143,178.0,49.0,1.0
10144,104.0,100.0,1.0
10145,52.0,116.0,1.0
10146,203.0,395.0,1.0
10147,154.0,112.0,1.0
10148,34.0,90.0,1.0
10149,230.0,201.0,1.0
10150,149.0,290.0,1.0
10151,186.0,311.0,1.0
10152,2.0,127.0,1.0
10153,89.0,100.0,1.0
10154,212.0,146.0,1.0
10155,128.0,378.0,1.0
10156,31.0,202.0,1.0
10157,175.0,17.0,1.0
10158,91.0,31.0,1.0
10159,147.0,568.0,1.0
10160,74.0,241.0,1.0
10161,158.0,120.0,1.0
10162,259.0,251.0,1.0
10163,263.0,65.0,1.0
10164,170.0,24.0,1.0
10165,34.0,152.0,1.0
10166,65.0,209.0,1.0
10167,77.0,17.0,1.0
10168,89.0,460.0,1.0
10169,218.0,88.0,1.0
10170,258.0,232.0,1.0
10171,223.0,511.0,1.0
10172,183.0,36.0,1.0
10173,153.0,258.0,1.0
10174,104.0,35.0,1.0
10175,83.0,1.0,1.0
10176,209.0,256.0,1.0
10177,178.0,79.0,1.0
10178,79.0,398.0,1.0
10179,144.0,277.0,1.0
10180,197.0,257.0,1.0
10181,227.0,18.0,1.0
10182,175.0,191.0,1.0
10183,158.0,36.0,1.0
10184,248.0,58.0,1.0
10185,200.0,46.0,1.0
10186,91.0,36.0,1.0
10187,94.0,136.0,1.0
10188,69.0,337.0,1.0
10189,56.0,533.0,1.0
10190,171.0,378.0,1.0
10191,82.0,330.0,1.0
10192,91.0,466.0,1.0
10193,42.0,138.0,1.0
10194,86.0,388.0,1.0
10195,225.0,8.0,1.0
10196,58.0,168.0,1.0
10197,82.0,219.0,1.0
10198,184.0,450.0,1.0
10199,84.0,75.0,1.0
10200,25.0,166.0,1.0
10201,60.0,207.0,1.0
10202,56.0,116.0,1.0
10203,67.0,201.0,1.0
10204,21.0,343.0,1.0
10205,116.0,28.0,1.0
10206,22.0,157.0,1.0
10207,163.0,110.0,1.0
10208,164.0,113.0,1.0
10209,65.0,287.0,1.0
10210,71.0,201.0,1.0
10211,164.0,24.0,1.0
10212,143.0,253.0,1.0
10213,186.0,96.0,1.0
10214,248.0,223.0,1.0
10215,64.0,250.0,1.0
10216,79.0,353.0,1.0
10217,191.0,134.0,1.0
10218,250.0,207.0,1.0
10219,223.0,337.0,1.0
10220,200.0,107.0,1.0
10221,51.0,226.0,1.0
10222,178.0,438.0,1.0
10223,187.0,434.0,1.0
10224,183.0,120.0,1.0
10225,223.0,251.0,1.0
10226,155.0,76.0,1.0
10227,248.0,22.0,1.0
10228,115.0,195.0,1.0
10229,165.0,104.0,1.0
10230,176.0,58.0,1.0
10231,45.0,493.0,1.0
10232,56.0,170.0,1.0
10233,102.0,118.0,1.0
10234,256.0,225.0,1.0
10235,19.0,155.0,1.0
10236,81.0,111.0,1.0
10237,207.0,164.0,1.0
10238,113.0,175.0,1.0
10239,19.0,120.0,1.0
10240,10.0,292.0,1.0
10241,49.0,399.0,1.0
10242,223.0,256.0,1.0
10243,213.0,91.0,1.0
10244,228.0,230.0,1.0
10245,220.0,50.0,1.0
10246,200.0,269.0,1.0
10247,248.0,81.0,1.0
10248,223.0,254.0,1.0
10249,89.0,113.0,1.0
10250,223.0,220.0,1.0
10251,259.0,380.0,1.0
10252,219.0,391.0,1.0
10253,168.0,487.0,1.0
10254,147.0,234.0,1.0
10255,81.0,8.0,1.0
10256,247.0,97.0,1.0
10257,264.0,9.0,1.0
10258,102.0,336.0,1.0
10259,65.0,32.0,1.0
10260,84.0,177.0,1.0
10261,93.0,44.0,1.0
10262,141.0,44.0,1.0
10263,178.0,198.0,1.0
10264,128.0,113.0,1.0
10265,200.0,194.0,1.0
10266,201.0,227.0,1.0
10267,39.0,315.0,1.0
10268,147.0,299.0,1.0
10269,150.0,137.0,1.0
10270,16.0,70.0,1.0
10271,192.0,580.0,1.0
10272,126.0,45.0,1.0
10273,116.0,476.0,1.0
10274,230.0,241.0,1.0
10275,170.0,186.0,1.0
10276,84.0,283.0,1.0
10277,211.0,104.0,1.0
10278,148.0,208.0,1.0
10279,129.0,408.0,1.0
10280,165.0,362.0,1.0
10281,42.0,470.0,1.0
10282,83.0,193.0,1.0
10283,197.0,495.0,1.0
10284,78.0,7.0,1.0
10285,151.0,10.0,1.0
10286,101.0,147.0,1.0
10287,178.0,111.0,1.0
10288,216.0,256.0,1.0
10289,148.0,134.0,1.0
10290,162.0,286.0,1.0
10291,105.0,319.0,1.0
10292,78.0,473.0,1.0
10293,84.0,360.0,1.0
10294,17.0,195.0,1.0
10295,63.0,417.0,1.0
10296,79.0,464.0,1.0
10297,71.0,492.0,1.0
10298,238.0,45.0,1.0
10299,108.0,139.0,1.0
10300,165.0,294.0,1.0
10301,9.0,111.0,1.0
10302,49.0,311.0,1.0
10303,218.0,19.0,1.0
10304,183.0,507.0,1.0
10305,74.0,33.0,1.0
10306,0.0,1.0,1.0
10307,65.0,219.0,1.0
10308,75.0,219.0,1.0
10309,49.0,39.0,1.0
10310,31.0,332.0,1.0
10311,192.0,106.0,1.0
10312,47.0,213.0,1.0
10313,117.0,146.0,1.0
10314,155.0,306.0,1.0
10315,228.0,38.0,1.0
10316,149.0,256.0,1.0
10317,129.0,388.0,1.0
10318,137.0,36.0,1.0
10319,17.0,214.0,1.0
10320,42.0,185.0,1.0
10321,195.0,354.0,1.0
10322,141.0,31.0,1.0
10323,91.0,224.0,1.0
10324,35.0,36.0,1.0
10325,145.0,81.0,1.0
10326,168.0,378.0,1.0
10327,75.0,190.0,1.0
10328,101.0,191.0,1.0
10329,116.0,208.0,1.0
10330,56.0,111.0,1.0
10331,248.0,202.0,1.0
10332,158.0,505.0,1.0
10333,246.0,39.0,1.0
10334,223.0,89.0,1.0
10335,64.0,103.0,1.0
10336,82.0,324.0,1.0
10337,144.0,378.0,1.0
10338,197.0,131.0,1.0
10339,37.0,349.0,1.0
10340,74.0,3.0,1.0
10341,108.0,138.0,1.0
10342,38.0,30.0,1.0
10343,87.0,439.0,1.0
10344,74.0,226.0,1.0
10345,97.0,220.0,1.0
10346,147.0,325.0,1.0
10347,214.0,453.0,1.0
10348,203.0,577.0,1.0
10349,53.0,189.0,1.0
10350,65.0,143.0,1.0
10351,2.0,97.0,1.0
10352,5.0,191.0,1.0
10353,263.0,61.0,1.0
10354,94.0,92.0,1.0
10355,86.0,474.0,1.0
10356,30.0,388.0,1.0
10357,37.0,80.0,1.0
10358,217.0,12.0,1.0
10359,234.0,310.0,1.0
10360,164.0,186.0,1.0
10361,175.0,28.0,1.0
10362,182.0,64.0,1.0
10363,87.0,334.0,1.0
10364,83.0,10.0,1.0
10365,223.0,287.0,1.0
10366,116.0,230.0,1.0
10367,261.0,164.0,1.0
10368,175.0,5.0,1.0
10369,11.0,289.0,1.0
10370,230.0,103.0,1.0
10371,110.0,196.0,1.0
10372,178.0,89.0,1.0
10373,56.0,194.0,1.0
10374,266.0,147.0,1.0
10375,71.0,231.0,1.0
10376,264.0,164.0,1.0
10377,5.0,10.0,1.0
10378,75.0,117.0,1.0
10379,236.0,45.0,1.0
10380,74.0,255.0,1.0
10381,82.0,273.0,1.0
10382,82.0,14.0,1.0
10383,134.0,350.0,1.0
10384,153.0,235.0,1.0
10385,182.0,334.0,1.0
10386,53.0,191.0,1.0
10387,52.0,384.0,1.0
10388,256.0,185.0,1.0
10389,10.0,102.0,1.0
10390,147.0,326.0,1.0
10391,44.0,51.0,1.0
10392,93.0,25.0,1.0
10393,87.0,90.0,1.0
10394,129.0,307.0,1.0
10395,157.0,84.0,1.0
10396,189.0,514.0,1.0
10397,238.0,385.0,1.0
10398,10.0,47.0,1.0
10399,175.0,406.0,1.0
10400,117.0,74.0,1.0
10401,189.0,24.0,1.0
10402,104.0,154.0,1.0
10403,155.0,271.0,1.0
10404,71.0,91.0,1.0
10405,259.0,417.0,1.0
10406,42.0,415.0,1.0
10407,244.0,146.0,1.0
10408,190.0,12.0,1.0
10409,147.0,215.0,1.0
10410,39.0,10.0,1.0
10411,224.0,218.0,1.0
10412,168.0,309.0,1.0
10413,105.0,111.0,1.0
10414,82.0,179.0,1.0
10415,183.0,79.0,1.0
10416,250.0,92.0,1.0
10417,256.0,251.0,1.0
10418,96.0,1.0,1.0
10419,209.0,225.0,1.0
10420,108.0,10.0,1.0
10421,160.0,36.0,1.0
10422,87.0,349.0,1.0
10423,149.0,126.0,1.0
10424,193.0,251.0,1.0
10425,130.0,538.0,1.0
10426,147.0,459.0,1.0
10427,75.0,83.0,1.0
10428,229.0,181.0,1.0
10429,256.0,253.0,1.0
10430,241.0,190.0,1.0
10431,114.0,493.0,1.0
10432,59.0,398.0,1.0
10433,200.0,8.0,1.0
10434,102.0,395.0,1.0
10435,71.0,516.0,1.0
10436,228.0,222.0,1.0
10437,102.0,161.0,1.0
10438,164.0,374.0,1.0
10439,14.0,349.0,1.0
10440,78.0,49.0,1.0
10441,142.0,117.0,1.0
10442,114.0,46.0,1.0
10443,82.0,319.0,1.0
10444,85.0,594.0,1.0
10445,156.0,75.0,1.0
10446,218.0,127.0,1.0
10447,83.0,282.0,1.0
10448,239.0,492.0,1.0
10449,53.0,311.0,1.0
10450,44.0,386.0,1.0
10451,223.0,97.0,1.0
10452,82.0,382.0,1.0
10453,84.0,594.0,1.0
10454,226.0,51.0,1.0
10455,62.0,400.0,1.0
10456,90.0,203.0,1.0
10457,102.0,293.0,1.0
10458,79.0,202.0,1.0
10459,193.0,394.0,1.0
10460,222.0,113.0,1.0
10461,250.0,364.0,1.0
10462,44.0,480.0,1.0
10463,106.0,195.0,1.0
10464,168.0,494.0,1.0
10465,44.0,436.0,1.0
10466,193.0,512.0,1.0
10467,88.0,351.0,1.0
10468,247.0,349.0,1.0
10469,65.0,386.0,1.0
10470,183.0,443.0,1.0
10471,224.0,245.0,1.0
10472,130.0,440.0,1.0
10473,117.0,113.0,1.0
10474,21.0,52.0,1.0
10475,78.0,284.0,1.0
10476,97.0,360.0,1.0
10477,227.0,141.0,1.0
10478,51.0,526.0,1.0
10479,44.0,284.0,1.0
10480,203.0,539.0,1.0
10481,171.0,97.0,1.0
10482,248.0,245.0,1.0
10483,223.0,386.0,1.0
10484,75.0,418.0,1.0
10485,175.0,287.0,1.0
10486,129.0,409.0,1.0
10487,173.0,203.0,1.0
10488,225.0,264.0,1.0
10489,264.0,20.0,1.0
10490,222.0,312.0,1.0
10491,183.0,72.0,1.0
10492,234.0,48.0,1.0
10493,56.0,277.0,1.0
10494,182.0,57.0,1.0
10495,183.0,596.0,1.0
10496,218.0,282.0,1.0
10497,259.0,202.0,1.0
10498,51.0,287.0,1.0
10499,259.0,10.0,1.0
10500,219.0,402.0,1.0
10501,95.0,456.0,1.0
10502,1.0,65.0,1.0
10503,186.0,17.0,1.0
10504,78.0,471.0,1.0
10505,181.0,374.0,1.0
10506,163.0,362.0,1.0
10507,49.0,35.0,1.0
10508,1.0,21.0,1.0
10509,156.0,247.0,1.0
10510,160.0,487.0,1.0
10511,217.0,232.0,1.0
10512,238.0,95.0,1.0
10513,216.0,66.0,1.0
10514,248.0,456.0,1.0
10515,180.0,568.0,1.0
10516,65.0,89.0,1.0
10517,42.0,241.0,1.0
10518,81.0,225.0,1.0
10519,9.0,45.0,1.0
10520,233.0,93.0,1.0
10521,252.0,184.0,1.0
10522,267.0,44.0,1.0
10523,177.0,306.0,1.0
10524,74.0,195.0,1.0
10525,224.0,408.0,1.0
10526,75.0,35.0,1.0
10527,71.0,14.0,1.0
10528,141.0,419.0,1.0
10529,56.0,290.0,1.0
10530,101.0,111.0,1.0
10531,147.0,589.0,1.0
10532,69.0,62.0,1.0
10533,130.0,508.0,1.0
10534,65.0,188.0,1.0
10535,82.0,398.0,1.0
10536,256.0,92.0,1.0
10537,142.0,130.0,1.0
10538,69.0,44.0,1.0
10539,231.0,142.0,1.0
10540,74.0,521.0,1.0
10541,150.0,191.0,1.0
10542,116.0,434.0,1.0
10543,100.0,379.0,1.0
10544,136.0,1.0,1.0
10545,142.0,100.0,1.0
10546,1.0,70.0,1.0
10547,114.0,22.0,1.0
10548,147.0,302.0,1.0
10549,103.0,438.0,1.0
10550,42.0,87.0,1.0
10551,250.0,135.0,1.0
10552,77.0,521.0,1.0
10553,129.0,197.0,1.0
10554,189.0,474.0,1.0
10555,176.0,205.0,1.0
10556,219.0,219.0,1.0
10557,147.0,317.0,1.0
10558,244.0,253.0,1.0
10559,121.0,322.0,1.0
10560,138.0,32.0,1.0
10561,17.0,418.0,1.0
10562,185.0,193.0,1.0
10563,113.0,483.0,1.0
10564,175.0,236.0,1.0
10565,160.0,43.0,1.0
10566,123.0,81.0,1.0
10567,165.0,384.0,1.0
10568,135.0,207.0,1.0
10569,19.0,147.0,1.0
10570,183.0,77.0,1.0
10571,53.0,93.0,1.0
10572,170.0,44.0,1.0
10573,194.0,97.0,1.0
10574,257.0,47.0,1.0
10575,189.0,221.0,1.0
10576,165.0,224.0,1.0
10577,243.0,127.0,1.0
10578,26.0,313.0,1.0
10579,96.0,35.0,1.0
10580,125.0,49.0,1.0
10581,4.0,146.0,1.0
10582,223.0,330.0,1.0
10583,196.0,155.0,1.0
10584,220.0,7.0,1.0
10585,158.0,141.0,1.0
10586,82.0,254.0,1.0
10587,188.0,146.0,1.0
10588,178.0,218.0,1.0
10589,194.0,245.0,1.0
10590,132.0,118.0,1.0
10591,52.0,124.0,1.0
10592,156.0,10.0,1.0
10593,89.0,231.0,1.0
10594,87.0,195.0,1.0
10595,197.0,103.0,1.0
10596,65.0,305.0,1.0
10597,81.0,315.0,1.0
10598,38.0,11.0,1.0
10599,136.0,7.0,1.0
10600,74.0,47.0,1.0
10601,51.0,245.0,1.0
10602,200.0,70.0,1.0
10603,65.0,210.0,1.0
10604,178.0,553.0,1.0
10605,203.0,420.0,1.0
10606,96.0,143.0,1.0
10607,147.0,33.0,1.0
10608,49.0,125.0,1.0
10609,144.0,423.0,1.0
10610,65.0,137.0,1.0
10611,194.0,268.0,1.0
10612,211.0,551.0,1.0
10613,60.0,251.0,1.0
10614,87.0,458.0,1.0
10615,81.0,467.0,1.0
10616,223.0,68.0,1.0
10617,223.0,426.0,1.0
10618,104.0,487.0,1.0
10619,172.0,120.0,1.0
10620,48.0,182.0,1.0
10621,128.0,155.0,1.0
10622,175.0,4.0,1.0
10623,173.0,354.0,1.0
10624,43.0,133.0,1.0
10625,234.0,525.0,1.0
10626,11.0,166.0,1.0
10627,197.0,38.0,1.0
10628,52.0,106.0,1.0
10629,84.0,513.0,1.0
10630,44.0,68.0,1.0
10631,147.0,259.0,1.0
10632,134.0,452.0,1.0
10633,147.0,261.0,1.0
10634,168.0,84.0,1.0
10635,24.0,66.0,1.0
10636,243.0,149.0,1.0
10637,259.0,504.0,1.0
10638,178.0,118.0,1.0
10639,186.0,445.0,1.0
10640,9.0,61.0,1.0
10641,234.0,386.0,1.0
10642,165.0,143.0,1.0
10643,144.0,59.0,1.0
10644,162.0,220.0,1.0
10645,131.0,222.0,1.0
10646,60.0,5.0,1.0
10647,144.0,205.0,1.0
10648,217.0,596.0,1.0
10649,3.0,157.0,1.0
10650,222.0,510.0,1.0
10651,211.0,311.0,1.0
10652,10.0,296.0,1.0
10653,49.0,209.0,1.0
10654,135.0,573.0,1.0
10655,16.0,136.0,1.0
10656,136.0,400.0,1.0
10657,104.0,300.0,1.0
10658,203.0,140.0,1.0
10659,9.0,103.0,1.0
10660,56.0,356.0,1.0
10661,256.0,282.0,1.0
10662,40.0,469.0,1.0
10663,191.0,305.0,1.0
10664,238.0,190.0,1.0
10665,9.0,139.0,1.0
10666,264.0,77.0,1.0
10667,65.0,49.0,1.0
10668,130.0,395.0,1.0
10669,43.0,84.0,1.0
10670,147.0,49.0,1.0
10671,184.0,147.0,1.0
10672,245.0,5.0,1.0
10673,147.0,407.0,1.0
10674,247.0,191.0,1.0
10675,142.0,241.0,1.0
10676,44.0,225.0,1.0
10677,119.0,373.0,1.0
10678,58.0,143.0,1.0
10679,22.0,314.0,1.0
10680,236.0,47.0,1.0
10681,57.0,13.0,1.0
10682,123.0,24.0,1.0
10683,226.0,282.0,1.0
10684,82.0,109.0,1.0
10685,250.0,325.0,1.0
10686,207.0,304.0,1.0
10687,247.0,248.0,1.0
10688,106.0,520.0,1.0
10689,128.0,144.0,1.0
10690,264.0,246.0,1.0
10691,153.0,185.0,1.0
10692,148.0,203.0,1.0
10693,130.0,277.0,1.0
10694,10.0,308.0,1.0
10695,175.0,187.0,1.0
10696,102.0,209.0,1.0
10697,113.0,527.0,1.0
10698,103.0,69.0,1.0
10699,60.0,515.0,1.0
10700,71.0,118.0,1.0
10701,121.0,531.0,1.0
10702,181.0,386.0,1.0
10703,92.0,350.0,1.0
10704,134.0,220.0,1.0
10705,108.0,356.0,1.0
10706,116.0,162.0,1.0
10707,163.0,33.0,1.0
10708,71.0,133.0,1.0
10709,256.0,191.0,1.0
10710,122.0,57.0,1.0
10711,39.0,207.0,1.0
10712,208.0,415.0,1.0
10713,189.0,343.0,1.0
10714,147.0,41.0,1.0
10715,51.0,495.0,1.0
10716,28.0,20.0,1.0
10717,206.0,66.0,1.0
10718,266.0,407.0,1.0
10719,228.0,146.0,1.0
10720,209.0,193.0,1.0
10721,189.0,129.0,1.0
10722,183.0,256.0,1.0
10723,126.0,135.0,1.0
10724,52.0,268.0,1.0
10725,222.0,449.0,1.0
10726,96.0,563.0,1.0
10727,45.0,282.0,1.0
10728,3.0,160.0,1.0
10729,113.0,73.0,1.0
10730,82.0,426.0,1.0
10731,142.0,7.0,1.0
10732,225.0,60.0,1.0
10733,250.0,296.0,1.0
10734,258.0,233.0,1.0
10735,116.0,277.0,1.0
10736,87.0,59.0,1.0
10737,228.0,517.0,1.0
10738,78.0,121.0,1.0
10739,44.0,226.0,1.0
10740,147.0,463.0,1.0
10741,181.0,586.0,1.0
10742,225.0,49.0,1.0
10743,128.0,190.0,1.0
10744,142.0,423.0,1.0
10745,146.0,573.0,1.0
10746,74.0,70.0,1.0
10747,90.0,208.0,1.0
10748,149.0,33.0,1.0
10749,89.0,391.0,1.0
10750,104.0,163.0,1.0
10751,40.0,124.0,1.0
10752,225.0,77.0,1.0
10753,217.0,287.0,1.0
10754,31.0,171.0,1.0
10755,156.0,558.0,1.0
10756,149.0,62.0,1.0
10757,158.0,492.0,1.0
10758,138.0,143.0,1.0
10759,107.0,186.0,1.0
10760,80.0,146.0,1.0
10761,58.0,292.0,1.0
10762,169.0,156.0,1.0
10763,128.0,487.0,1.0
10764,196.0,204.0,1.0
10765,223.0,226.0,1.0
10766,118.0,394.0,1.0
10767,188.0,133.0,1.0
10768,264.0,47.0,1.0
10769,224.0,90.0,1.0
10770,65.0,525.0,1.0
10771,91.0,269.0,1.0
10772,183.0,106.0,1.0
10773,224.0,179.0,1.0
10774,226.0,106.0,1.0
10775,90.0,47.0,1.0
10776,189.0,399.0,1.0
10777,217.0,112.0,1.0
10778,52.0,5.0,1.0
10779,178.0,250.0,1.0
10780,218.0,76.0,1.0
10781,203.0,44.0,1.0
10782,71.0,18.0,1.0
10783,223.0,117.0,1.0
10784,13.0,327.0,1.0
10785,163.0,45.0,1.0
10786,9.0,257.0,1.0
10787,64.0,243.0,1.0
10788,189.0,266.0,1.0
10789,242.0,534.0,1.0
10790,189.0,195.0,1.0
10791,94.0,116.0,1.0
10792,165.0,234.0,1.0
10793,114.0,281.0,1.0
10794,187.0,389.0,1.0
10795,37.0,141.0,1.0
10796,100.0,218.0,1.0
10797,160.0,277.0,1.0
10798,53.0,239.0,1.0
10799,203.0,4.0,1.0
10800,226.0,263.0,1.0
10801,102.0,60.0,1.0
10802,108.0,91.0,1.0
10803,131.0,534.0,1.0
10804,7.0,90.0,1.0
10805,115.0,84.0,1.0
10806,150.0,31.0,1.0
10807,11.0,208.0,1.0
10808,59.0,267.0,1.0
10809,102.0,93.0,1.0
10810,163.0,126.0,1.0
10811,92.0,196.0,1.0
10812,149.0,544.0,1.0
10813,102.0,518.0,1.0
10814,182.0,51.0,1.0
10815,200.0,211.0,1.0
10816,214.0,310.0,1.0
10817,226.0,85.0,1.0
10818,211.0,138.0,1.0
10819,51.0,57.0,1.0
10820,128.0,2.0,1.0
10821,191.0,157.0,1.0
10822,225.0,35.0,1.0
10823,263.0,313.0,1.0
10824,150.0,80.0,1.0
10825,165.0,388.0,1.0
10826,90.0,256.0,1.0
10827,253.0,52.0,1.0
10828,28.0,11.0,1.0
10829,145.0,398.0,1.0
10830,226.0,201.0,1.0
10831,8.0,236.0,1.0
10832,132.0,222.0,1.0
10833,226.0,81.0,1.0
10834,177.0,50.0,1.0
10835,105.0,89.0,1.0
10836,135.0,38.0,1.0
10837,124.0,201.0,1.0
10838,79.0,5.0,1.0
10839,86.0,10.0,1.0
10840,234.0,202.0,1.0
10841,104.0,155.0,1.0
10842,182.0,314.0,1.0
10843,91.0,408.0,1.0
10844,159.0,219.0,1.0
10845,79.0,374.0,1.0
10846,78.0,131.0,1.0
10847,255.0,11.0,1.0
10848,164.0,257.0,1.0
10849,132.0,534.0,1.0
10850,132.0,429.0,1.0
10851,207.0,120.0,1.0
10852,59.0,460.0,1.0
10853,102.0,165.0,1.0
10854,31.0,60.0,1.0
10855,90.0,57.0,1.0
10856,149.0,103.0,1.0
10857,181.0,138.0,1.0
10858,15.0,352.0,1.0
10859,207.0,58.0,1.0
10860,208.0,374.0,1.0
10861,135.0,199.0,1.0
10862,165.0,253.0,1.0
10863,106.0,413.0,1.0
10864,60.0,407.0,1.0
10865,114.0,259.0,1.0
10866,213.0,106.0,1.0
10867,164.0,54.0,1.0
10868,226.0,491.0,1.0
10869,51.0,319.0,1.0
10870,22.0,328.0,1.0
10871,145.0,181.0,1.0
10872,82.0,513.0,1.0
10873,219.0,195.0,1.0
10874,133.0,434.0,1.0
10875,186.0,382.0,1.0
10876,49.0,117.0,1.0
10877,230.0,177.0,1.0
10878,223.0,564.0,1.0
10879,164.0,128.0,1.0
10880,16.0,367.0,1.0
10881,102.0,308.0,1.0
10882,219.0,231.0,1.0
10883,92.0,50.0,1.0
10884,153.0,5.0,1.0
10885,164.0,430.0,1.0
10886,49.0,185.0,1.0
10887,19.0,168.0,1.0
10888,176.0,47.0,1.0
10889,207.0,370.0,1.0
10890,224.0,429.0,1.0
10891,17.0,5.0,1.0
10892,173.0,437.0,1.0
10893,156.0,284.0,1.0
10894,176.0,127.0,1.0
10895,209.0,479.0,1.0
10896,145.0,141.0,1.0
10897,193.0,145.0,1.0
10898,252.0,289.0,1.0
10899,224.0,577.0,1.0
10900,112.0,111.0,1.0
10901,248.0,104.0,1.0
10902,48.0,194.0,1.0
10903,196.0,91.0,1.0
10904,250.0,201.0,1.0
10905,65.0,145.0,1.0
10906,165.0,110.0,1.0
10907,84.0,213.0,1.0
10908,39.0,466.0,1.0
10909,87.0,487.0,1.0
10910,102.0,366.0,1.0
10911,141.0,289.0,1.0
10912,226.0,42.0,1.0
10913,182.0,21.0,1.0
10914,113.0,459.0,1.0
10915,58.0,550.0,1.0
10916,94.0,38.0,1.0
10917,218.0,299.0,1.0
10918,249.0,146.0,1.0
10919,65.0,357.0,1.0
10920,156.0,40.0,1.0
10921,22.0,273.0,1.0
10922,101.0,100.0,1.0
10923,89.0,22.0,1.0
10924,130.0,485.0,1.0
10925,179.0,205.0,1.0
10926,130.0,201.0,1.0
10927,104.0,175.0,1.0
10928,182.0,188.0,1.0
10929,189.0,69.0,1.0
10930,223.0,40.0,1.0
10931,142.0,382.0,1.0
10932,227.0,44.0,1.0
10933,147.0,135.0,1.0
10934,108.0,61.0,1.0
10935,139.0,267.0,1.0
10936,56.0,255.0,1.0
10937,148.0,261.0,1.0
10938,112.0,42.0,1.0
10939,44.0,483.0,1.0
10940,40.0,349.0,1.0
10941,161.0,111.0,1.0
10942,89.0,1.0,1.0
10943,200.0,222.0,1.0
10944,22.0,146.0,1.0
10945,148.0,537.0,1.0
10946,108.0,527.0,1.0
10947,225.0,29.0,1.0
10948,182.0,400.0,1.0
10949,160.0,485.0,1.0
10950,231.0,147.0,1.0
10951,44.0,289.0,1.0
10952,123.0,124.0,1.0
10953,198.0,103.0,1.0
10954,223.0,468.0,1.0
10955,185.0,434.0,1.0
10956,150.0,434.0,1.0
10957,195.0,486.0,1.0
10958,182.0,422.0,1.0
10959,183.0,379.0,1.0
10960,143.0,310.0,1.0
10961,82.0,326.0,1.0
10962,65.0,236.0,1.0
10963,258.0,194.0,1.0
10964,53.0,218.0,1.0
10965,166.0,95.0,1.0
10966,96.0,58.0,1.0
10967,189.0,68.0,1.0
10968,81.0,400.0,1.0
10969,166.0,223.0,1.0
10970,210.0,209.0,1.0
10971,256.0,416.0,1.0
10972,44.0,256.0,1.0
10973,217.0,57.0,1.0
10974,183.0,58.0,1.0
10975,87.0,407.0,1.0
10976,56.0,362.0,1.0
10977,89.0,111.0,1.0
10978,181.0,471.0,1.0
10979,15.0,350.0,1.0
10980,45.0,257.0,1.0
10981,148.0,95.0,1.0
10982,87.0,107.0,1.0
10983,259.0,490.0,1.0
10984,208.0,191.0,1.0
10985,156.0,451.0,1.0
10986,262.0,1.0,1.0
10987,238.0,437.0,1.0
10988,247.0,89.0,1.0
10989,128.0,216.0,1.0
10990,162.0,146.0,1.0
10991,97.0,530.0,1.0
10992,218.0,277.0,1.0
10993,24.0,121.0,1.0
10994,194.0,230.0,1.0
10995,107.0,388.0,1.0
10996,126.0,103.0,1.0
10997,155.0,503.0,1.0
10998,11.0,291.0,1.0
10999,53.0,181.0,1.0
11000,200.0,307.0,1.0
11001,159.0,89.0,1.0
11002,128.0,425.0,1.0
11003,70.0,499.0,1.0
11004,8.0,242.0,1.0
11005,11.0,305.0,1.0
11006,131.0,342.0,1.0
11007,195.0,385.0,1.0
11008,183.0,35.0,1.0
11009,96.0,522.0,1.0
11010,74.0,216.0,1.0
11011,168.0,297.0,1.0
11012,189.0,84.0,1.0
11013,183.0,422.0,1.0
11014,16.0,24.0,1.0
11015,183.0,271.0,1.0
11016,53.0,205.0,1.0
11017,169.0,348.0,1.0
11018,105.0,454.0,1.0
11019,253.0,545.0,1.0
11020,117.0,280.0,1.0
11021,97.0,474.0,1.0
11022,195.0,433.0,1.0
11023,110.0,58.0,1.0
11024,222.0,321.0,1.0
11025,171.0,420.0,1.0
11026,60.0,223.0,1.0
11027,175.0,238.0,1.0
11028,224.0,111.0,1.0
11029,56.0,58.0,1.0
11030,196.0,99.0,1.0
11031,172.0,343.0,1.0
11032,31.0,302.0,1.0
11033,17.0,66.0,1.0
11034,103.0,282.0,1.0
11035,75.0,186.0,1.0
11036,78.0,393.0,1.0
11037,82.0,103.0,1.0
11038,12.0,317.0,1.0
11039,31.0,191.0,1.0
11040,108.0,168.0,1.0
11041,43.0,111.0,1.0
11042,45.0,490.0,1.0
11043,4.0,51.0,1.0
11044,248.0,342.0,1.0
11045,16.0,27.0,1.0
11046,177.0,9.0,1.0
11047,67.0,179.0,1.0
11048,156.0,184.0,1.0
11049,234.0,81.0,1.0
11050,48.0,126.0,1.0
11051,259.0,408.0,1.0
11052,240.0,149.0,1.0
11053,168.0,124.0,1.0
11054,1.0,46.0,1.0
11055,26.0,281.0,1.0
11056,44.0,208.0,1.0
11057,16.0,157.0,1.0
11058,94.0,12.0,1.0
11059,114.0,23.0,1.0
11060,39.0,185.0,1.0
11061,207.0,50.0,1.0
11062,256.0,13.0,1.0
11063,44.0,107.0,1.0
11064,32.0,215.0,1.0
11065,189.0,225.0,1.0
11066,81.0,217.0,1.0
11067,8.0,31.0,1.0
11068,16.0,368.0,1.0
11069,105.0,279.0,1.0
11070,173.0,264.0,1.0
11071,60.0,416.0,1.0
11072,226.0,10.0,1.0
11073,52.0,232.0,1.0
11074,96.0,388.0,1.0
11075,65.0,524.0,1.0
11076,109.0,81.0,1.0
11077,195.0,10.0,1.0
11078,104.0,90.0,1.0
11079,206.0,95.0,1.0
11080,158.0,257.0,1.0
11081,123.0,97.0,1.0
11082,105.0,62.0,1.0
11083,127.0,89.0,1.0
11084,147.0,191.0,1.0
11085,112.0,541.0,1.0
11086,31.0,281.0,1.0
11087,164.0,214.0,1.0
11088,223.0,207.0,1.0
11089,79.0,354.0,1.0
11090,161.0,386.0,1.0
11091,244.0,219.0,1.0
11092,67.0,352.0,1.0
11093,162.0,293.0,1.0
11094,140.0,81.0,1.0
11095,65.0,512.0,1.0
11096,26.0,181.0,1.0
11097,242.0,186.0,1.0
11098,147.0,283.0,1.0
11099,82.0,39.0,1.0
11100,228.0,93.0,1.0
11101,116.0,24.0,1.0
11102,46.0,24.0,1.0
11103,117.0,205.0,1.0
11104,189.0,21.0,1.0
11105,193.0,156.0,1.0
11106,31.0,111.0,1.0
11107,116.0,239.0,1.0
11108,26.0,50.0,1.0
11109,233.0,64.0,1.0
11110,183.0,81.0,1.0
11111,141.0,32.0,1.0
11112,81.0,457.0,1.0
11113,65.0,519.0,1.0
11114,44.0,441.0,1.0
11115,97.0,120.0,1.0
11116,75.0,459.0,1.0
11117,162.0,225.0,1.0
11118,82.0,207.0,1.0
11119,268.0,186.0,1.0
11120,200.0,18.0,1.0
11121,74.0,530.0,1.0
11122,178.0,133.0,1.0
11123,135.0,206.0,1.0
11124,94.0,147.0,1.0
11125,228.0,156.0,1.0
11126,84.0,463.0,1.0
11127,82.0,410.0,1.0
11128,223.0,166.0,1.0
11129,69.0,40.0,1.0
11130,150.0,12.0,1.0
11131,42.0,33.0,1.0
11132,16.0,69.0,1.0
11133,42.0,353.0,1.0
11134,52.0,125.0,1.0
11135,1.0,71.0,1.0
11136,164.0,34.0,1.0
11137,193.0,77.0,1.0
11138,22.0,114.0,1.0
11139,74.0,229.0,1.0
11140,165.0,168.0,1.0
11141,22.0,27.0,1.0
11142,51.0,349.0,1.0
11143,199.0,515.0,1.0
11144,214.0,31.0,1.0
11145,99.0,112.0,1.0
11146,102.0,1.0,1.0
11147,115.0,109.0,1.0
11148,129.0,49.0,1.0
11149,4.0,171.0,1.0
11150,147.0,550.0,1.0
11151,218.0,133.0,1.0
11152,78.0,191.0,1.0
11153,116.0,66.0,1.0
11154,90.0,130.0,1.0
11155,230.0,40.0,1.0
11156,258.0,266.0,1.0
11157,259.0,405.0,1.0
11158,12.0,59.0,1.0
11159,178.0,357.0,1.0
11160,53.0,38.0,1.0
11161,99.0,555.0,1.0
11162,71.0,267.0,1.0
11163,211.0,474.0,1.0
11164,259.0,227.0,1.0
11165,163.0,59.0,1.0
11166,183.0,524.0,1.0
11167,155.0,442.0,1.0
11168,169.0,9.0,1.0
11169,178.0,219.0,1.0
11170,82.0,499.0,1.0
11171,96.0,145.0,1.0
11172,246.0,423.0,1.0
11173,79.0,7.0,1.0
11174,84.0,241.0,1.0
11175,99.0,437.0,1.0
11176,94.0,222.0,1.0
11177,213.0,327.0,1.0
11178,136.0,192.0,1.0
11179,147.0,260.0,1.0
11180,74.0,529.0,1.0
11181,207.0,125.0,1.0
11182,196.0,467.0,1.0
11183,172.0,66.0,1.0
11184,108.0,475.0,1.0
11185,38.0,113.0,1.0
11186,130.0,540.0,1.0
11187,63.0,191.0,1.0
11188,259.0,156.0,1.0
11189,191.0,583.0,1.0
11190,149.0,10.0,1.0
11191,197.0,256.0,1.0
11192,224.0,384.0,1.0
11193,79.0,379.0,1.0
11194,22.0,345.0,1.0
11195,62.0,254.0,1.0
11196,175.0,153.0,1.0
11197,16.0,358.0,1.0
11198,74.0,481.0,1.0
11199,200.0,534.0,1.0
11200,119.0,405.0,1.0
11201,196.0,381.0,1.0
11202,147.0,96.0,1.0
11203,223.0,327.0,1.0
11204,135.0,190.0,1.0
11205,119.0,385.0,1.0
11206,128.0,356.0,1.0
11207,74.0,14.0,1.0
11208,101.0,202.0,1.0
11209,139.0,357.0,1.0
11210,183.0,252.0,1.0
11211,171.0,111.0,1.0
11212,63.0,35.0,1.0
11213,248.0,540.0,1.0
11214,117.0,31.0,1.0
11215,227.0,285.0,1.0
11216,86.0,207.0,1.0
11217,255.0,256.0,1.0
11218,89.0,374.0,1.0
11219,261.0,138.0,1.0
11220,116.0,533.0,1.0
11221,106.0,112.0,1.0
11222,94.0,479.0,1.0
11223,200.0,40.0,1.0
11224,262.0,478.0,1.0
11225,113.0,38.0,1.0
11226,56.0,252.0,1.0
11227,82.0,215.0,1.0
11228,13.0,339.0,1.0
11229,52.0,180.0,1.0
11230,105.0,204.0,1.0
11231,141.0,60.0,1.0
11232,226.0,281.0,1.0
11233,197.0,51.0,1.0
11234,191.0,235.0,1.0
11235,87.0,12.0,1.0
11236,178.0,116.0,1.0
11237,115.0,411.0,1.0
11238,84.0,526.0,1.0
11239,83.0,19.0,1.0
11240,30.0,84.0,1.0
11241,74.0,423.0,1.0
11242,185.0,9.0,1.0
11243,103.0,0.0,1.0
11244,193.0,45.0,1.0
11245,44.0,336.0,1.0
11246,71.0,329.0,1.0
11247,178.0,179.0,1.0
11248,230.0,312.0,1.0
11249,169.0,103.0,1.0
11250,70.0,66.0,1.0
11251,114.0,53.0,1.0
11252,87.0,53.0,1.0
11253,128.0,239.0,1.0
11254,56.0,83.0,1.0
11255,242.0,207.0,1.0
11256,217.0,48.0,1.0
11257,96.0,11.0,1.0
11258,112.0,91.0,1.0
11259,12.0,321.0,1.0
11260,69.0,436.0,1.0
11261,102.0,113.0,1.0
11262,44.0,58.0,1.0
11263,114.0,335.0,1.0
11264,175.0,3.0,1.0
11265,224.0,89.0,1.0
11266,29.0,76.0,1.0
11267,207.0,55.0,1.0
11268,44.0,115.0,1.0
11269,54.0,40.0,1.0
11270,264.0,283.0,1.0
11271,34.0,47.0,1.0
11272,116.0,49.0,1.0
11273,2.0,109.0,1.0
11274,178.0,95.0,1.0
11275,53.0,298.0,1.0
11276,95.0,418.0,1.0
11277,160.0,88.0,1.0
11278,163.0,233.0,1.0
11279,232.0,85.0,1.0
11280,90.0,113.0,1.0
11281,207.0,238.0,1.0
11282,261.0,89.0,1.0
11283,71.0,10.0,1.0
11284,65.0,371.0,1.0
11285,166.0,12.0,1.0
11286,133.0,219.0,1.0
11287,247.0,293.0,1.0
11288,82.0,589.0,1.0
11289,0.0,13.0,1.0
11290,244.0,91.0,1.0
11291,184.0,146.0,1.0
11292,87.0,269.0,1.0
11293,129.0,360.0,1.0
11294,223.0,261.0,1.0
11295,165.0,284.0,1.0
11296,28.0,442.0,1.0
11297,223.0,105.0,1.0
11298,238.0,202.0,1.0
11299,134.0,481.0,1.0
11300,16.0,362.0,1.0
11301,171.0,84.0,1.0
11302,160.0,135.0,1.0
11303,87.0,146.0,1.0
11304,49.0,20.0,1.0
11305,123.0,135.0,1.0
11306,165.0,112.0,1.0
11307,91.0,191.0,1.0
11308,197.0,430.0,1.0
11309,214.0,499.0,1.0
11310,87.0,271.0,1.0
11311,217.0,398.0,1.0
11312,144.0,91.0,1.0
11313,203.0,163.0,1.0
11314,89.0,295.0,1.0
11315,49.0,186.0,1.0
11316,223.0,418.0,1.0
11317,242.0,230.0,1.0
11318,262.0,428.0,1.0
11319,49.0,205.0,1.0
11320,256.0,189.0,1.0
11321,7.0,84.0,1.0
11322,257.0,111.0,1.0
11323,218.0,566.0,1.0
11324,233.0,226.0,1.0
11325,223.0,49.0,1.0
11326,250.0,220.0,1.0
11327,200.0,105.0,1.0
11328,81.0,219.0,1.0
11329,57.0,45.0,1.0
11330,108.0,565.0,1.0
11331,82.0,334.0,1.0
11332,173.0,47.0,1.0
11333,149.0,245.0,1.0
11334,123.0,302.0,1.0
11335,16.0,36.0,1.0
11336,165.0,567.0,1.0
11337,64.0,97.0,1.0
11338,234.0,473.0,1.0
11339,233.0,306.0,1.0
11340,143.0,97.0,1.0
11341,52.0,216.0,1.0
11342,259.0,217.0,1.0
11343,132.0,221.0,1.0
11344,147.0,221.0,1.0
11345,126.0,214.0,1.0
11346,101.0,0.0,1.0
11347,158.0,386.0,1.0
11348,72.0,527.0,1.0
11349,180.0,452.0,1.0
11350,127.0,81.0,1.0
11351,145.0,204.0,1.0
11352,68.0,400.0,1.0
11353,127.0,356.0,1.0
11354,248.0,146.0,1.0
11355,153.0,32.0,1.0
11356,256.0,403.0,1.0
11357,148.0,119.0,1.0
11358,256.0,320.0,1.0
11359,23.0,305.0,1.0
11360,31.0,9.0,1.0
11361,152.0,148.0,1.0
11362,185.0,164.0,1.0
11363,51.0,438.0,1.0
11364,199.0,193.0,1.0
11365,178.0,180.0,1.0
11366,199.0,491.0,1.0
11367,231.0,170.0,1.0
11368,113.0,100.0,1.0
11369,129.0,377.0,1.0
11370,44.0,321.0,1.0
11371,196.0,7.0,1.0
11372,168.0,107.0,1.0
11373,226.0,510.0,1.0
11374,207.0,68.0,1.0
11375,53.0,394.0,1.0
11376,176.0,66.0,1.0
11377,100.0,185.0,1.0
11378,75.0,211.0,1.0
11379,91.0,370.0,1.0
11380,142.0,96.0,1.0
11381,158.0,377.0,1.0
11382,116.0,265.0,1.0
11383,102.0,559.0,1.0
11384,52.0,146.0,1.0
11385,207.0,116.0,1.0
11386,90.0,172.0,1.0
11387,94.0,375.0,1.0
11388,88.0,219.0,1.0
11389,104.0,194.0,1.0
11390,230.0,202.0,1.0
11391,227.0,100.0,1.0
11392,19.0,24.0,1.0
11393,87.0,126.0,1.0
11394,60.0,426.0,1.0
11395,132.0,218.0,1.0
11396,232.0,366.0,1.0
11397,202.0,309.0,1.0
11398,216.0,113.0,1.0
11399,147.0,510.0,1.0
11400,13.0,156.0,1.0
11401,163.0,168.0,1.0
11402,177.0,192.0,1.0
11403,143.0,59.0,1.0
11404,64.0,95.0,1.0
11405,113.0,372.0,1.0
11406,250.0,348.0,1.0
11407,248.0,65.0,1.0
11408,102.0,296.0,1.0
11409,104.0,419.0,1.0
11410,129.0,148.0,1.0
11411,232.0,259.0,1.0
11412,149.0,220.0,1.0
11413,11.0,313.0,1.0
11414,130.0,11.0,1.0
11415,36.0,113.0,1.0
11416,82.0,523.0,1.0
11417,105.0,24.0,1.0
11418,104.0,106.0,1.0
11419,148.0,147.0,1.0
11420,135.0,209.0,1.0
11421,234.0,352.0,1.0
11422,47.0,437.0,1.0
11423,87.0,236.0,1.0
11424,129.0,59.0,1.0
11425,52.0,3.0,1.0
11426,207.0,152.0,1.0
11427,186.0,32.0,1.0
11428,97.0,51.0,1.0
11429,78.0,409.0,1.0
11430,175.0,100.0,1.0
11431,16.0,64.0,1.0
11432,68.0,319.0,1.0
11433,88.0,221.0,1.0
11434,155.0,97.0,1.0
11435,147.0,562.0,1.0
11436,207.0,468.0,1.0
11437,251.0,243.0,1.0
11438,2.0,128.0,1.0
11439,35.0,456.0,1.0
11440,69.0,45.0,1.0
11441,122.0,226.0,1.0
11442,147.0,116.0,1.0
11443,238.0,310.0,1.0
11444,22.0,313.0,1.0
11445,39.0,349.0,1.0
11446,172.0,255.0,1.0
11447,17.0,316.0,1.0
11448,165.0,587.0,1.0
11449,174.0,260.0,1.0
11450,37.0,126.0,1.0
11451,108.0,94.0,1.0
11452,131.0,496.0,1.0
11453,30.0,21.0,1.0
11454,232.0,246.0,1.0
11455,78.0,368.0,1.0
11456,97.0,195.0,1.0
11457,182.0,121.0,1.0
11458,230.0,247.0,1.0
11459,64.0,366.0,1.0
11460,102.0,508.0,1.0
11461,250.0,66.0,1.0
11462,226.0,47.0,1.0
11463,224.0,563.0,1.0
11464,52.0,208.0,1.0
11465,53.0,470.0,1.0
11466,74.0,120.0,1.0
11467,189.0,233.0,1.0
11468,136.0,66.0,1.0
11469,205.0,59.0,1.0
11470,210.0,386.0,1.0
11471,240.0,133.0,1.0
11472,90.0,175.0,1.0
11473,65.0,395.0,1.0
11474,2.0,138.0,1.0
11475,33.0,144.0,1.0
11476,193.0,39.0,1.0
11477,203.0,130.0,1.0
11478,115.0,501.0,1.0
11479,44.0,97.0,1.0
11480,66.0,485.0,1.0
11481,212.0,379.0,1.0
11482,133.0,495.0,1.0
11483,96.0,562.0,1.0
11484,211.0,43.0,1.0
11485,81.0,390.0,1.0
11486,58.0,175.0,1.0
11487,147.0,75.0,1.0
11488,185.0,342.0,1.0
11489,202.0,45.0,1.0
11490,218.0,440.0,1.0
11491,228.0,577.0,1.0
11492,31.0,97.0,1.0
11493,31.0,252.0,1.0
11494,141.0,125.0,1.0
11495,75.0,574.0,1.0
11496,109.0,261.0,1.0
11497,115.0,392.0,1.0
11498,65.0,423.0,1.0
11499,122.0,77.0,1.0
11500,87.0,554.0,1.0
11501,183.0,111.0,1.0
11502,228.0,441.0,1.0
11503,153.0,192.0,1.0
11504,242.0,253.0,1.0
11505,248.0,17.0,1.0
11506,231.0,156.0,1.0
11507,148.0,343.0,1.0
11508,64.0,57.0,1.0
11509,178.0,525.0,1.0
11510,99.0,47.0,1.0
11511,88.0,89.0,1.0
11512,159.0,378.0,1.0
11513,261.0,126.0,1.0
11514,82.0,419.0,1.0
11515,64.0,564.0,1.0
11516,255.0,18.0,1.0
11517,182.0,181.0,1.0
11518,124.0,388.0,1.0
11519,133.0,560.0,1.0
11520,168.0,262.0,1.0
11521,193.0,112.0,1.0
11522,133.0,460.0,1.0
11523,72.0,81.0,1.0
11524,234.0,14.0,1.0
11525,56.0,420.0,1.0
11526,78.0,394.0,1.0
11527,165.0,69.0,1.0
11528,115.0,320.0,1.0
11529,60.0,10.0,1.0
11530,119.0,12.0,1.0
11531,143.0,10.0,1.0
11532,196.0,111.0,1.0
11533,172.0,222.0,1.0
11534,244.0,148.0,1.0
11535,53.0,464.0,1.0
11536,49.0,232.0,1.0
11537,227.0,191.0,1.0
11538,237.0,147.0,1.0
11539,191.0,50.0,1.0
11540,87.0,76.0,1.0
11541,56.0,355.0,1.0
11542,164.0,37.0,1.0
11543,239.0,47.0,1.0
11544,178.0,5.0,1.0
11545,234.0,216.0,1.0
11546,268.0,134.0,1.0
11547,222.0,175.0,1.0
11548,1.0,68.0,1.0
11549,162.0,142.0,1.0
11550,171.0,21.0,1.0
11551,266.0,310.0,1.0
11552,113.0,455.0,1.0
11553,245.0,528.0,1.0
11554,186.0,99.0,1.0
11555,10.0,83.0,1.0
11556,52.0,378.0,1.0
11557,145.0,100.0,1.0
11558,87.0,278.0,1.0
11559,141.0,111.0,1.0
11560,241.0,175.0,1.0
11561,57.0,120.0,1.0
11562,74.0,181.0,1.0
11563,123.0,156.0,1.0
11564,75.0,210.0,1.0
11565,262.0,90.0,1.0
11566,175.0,50.0,1.0
11567,190.0,403.0,1.0
11568,17.0,408.0,1.0
11569,59.0,451.0,1.0
11570,138.0,289.0,1.0
11571,151.0,138.0,1.0
11572,229.0,66.0,1.0
11573,232.0,364.0,1.0
11574,71.0,462.0,1.0
11575,126.0,51.0,1.0
11576,101.0,388.0,1.0
11577,149.0,294.0,1.0
11578,259.0,188.0,1.0
11579,161.0,334.0,1.0
11580,47.0,25.0,1.0
11581,31.0,10.0,1.0
11582,157.0,91.0,1.0
11583,189.0,107.0,1.0
11584,37.0,23.0,1.0
11585,180.0,436.0,1.0
11586,150.0,32.0,1.0
11587,37.0,191.0,1.0
11588,130.0,54.0,1.0
11589,64.0,484.0,1.0
11590,197.0,476.0,1.0
11591,6.0,7.0,1.0
11592,71.0,268.0,1.0
11593,240.0,127.0,1.0
11594,162.0,122.0,1.0
11595,224.0,106.0,1.0
11596,224.0,472.0,1.0
11597,196.0,205.0,1.0
11598,97.0,64.0,1.0
11599,206.0,353.0,1.0
11600,65.0,195.0,1.0
11601,149.0,332.0,1.0
11602,31.0,27.0,1.0
11603,248.0,174.0,1.0
11604,102.0,67.0,1.0
11605,9.0,81.0,1.0
11606,262.0,342.0,1.0
11607,5.0,205.0,1.0
11608,127.0,186.0,1.0
11609,74.0,179.0,1.0
11610,51.0,22.0,1.0
11611,56.0,256.0,1.0
11612,144.0,496.0,1.0
11613,136.0,133.0,1.0
11614,115.0,111.0,1.0
11615,214.0,40.0,1.0
11616,53.0,179.0,1.0
11617,228.0,18.0,1.0
11618,98.0,518.0,1.0
11619,256.0,240.0,1.0
11620,144.0,413.0,1.0
11621,189.0,202.0,1.0
11622,223.0,223.0,1.0
11623,205.0,202.0,1.0
11624,90.0,356.0,1.0
11625,40.0,316.0,1.0
11626,65.0,199.0,1.0
11627,65.0,20.0,1.0
11628,155.0,535.0,1.0
11629,197.0,95.0,1.0
11630,141.0,15.0,1.0
11631,44.0,269.0,1.0
11632,144.0,32.0,1.0
11633,229.0,92.0,1.0
11634,240.0,241.0,1.0
11635,102.0,313.0,1.0
11636,218.0,561.0,1.0
11637,56.0,350.0,1.0
11638,254.0,146.0,1.0
11639,5.0,198.0,1.0
11640,231.0,316.0,1.0
11641,266.0,223.0,1.0
11642,264.0,120.0,1.0
11643,236.0,36.0,1.0
11644,82.0,216.0,1.0
11645,102.0,247.0,1.0
11646,10.0,269.0,1.0
11647,189.0,92.0,1.0
11648,202.0,452.0,1.0
11649,178.0,524.0,1.0
11650,217.0,146.0,1.0
11651,141.0,213.0,1.0
11652,255.0,345.0,1.0
11653,64.0,505.0,1.0
11654,186.0,483.0,1.0
11655,126.0,132.0,1.0
11656,117.0,44.0,1.0
11657,161.0,204.0,1.0
11658,227.0,105.0,1.0
11659,186.0,22.0,1.0
11660,203.0,147.0,1.0
11661,56.0,204.0,1.0
11662,153.0,197.0,1.0
11663,33.0,57.0,1.0
11664,82.0,190.0,1.0
11665,10.0,9.0,1.0
11666,46.0,111.0,1.0
11667,249.0,550.0,1.0
11668,85.0,443.0,1.0
11669,37.0,311.0,1.0
11670,230.0,156.0,1.0
11671,115.0,49.0,1.0
11672,176.0,386.0,1.0
11673,189.0,384.0,1.0
11674,115.0,597.0,1.0
11675,65.0,535.0,1.0
11676,214.0,343.0,1.0
11677,9.0,40.0,1.0
11678,82.0,282.0,1.0
11679,128.0,365.0,1.0
11680,90.0,245.0,1.0
11681,234.0,0.0,1.0
11682,71.0,227.0,1.0
11683,147.0,353.0,1.0
11684,232.0,333.0,1.0
11685,74.0,133.0,1.0
11686,132.0,451.0,1.0
11687,199.0,81.0,1.0
11688,147.0,451.0,1.0
11689,14.0,347.0,1.0
11690,52.0,423.0,1.0
11691,22.0,128.0,1.0
11692,211.0,384.0,1.0
11693,115.0,571.0,1.0
11694,52.0,195.0,1.0
11695,68.0,201.0,1.0
11696,207.0,141.0,1.0
11697,263.0,289.0,1.0
11698,211.0,81.0,1.0
11699,58.0,538.0,1.0
11700,229.0,275.0,1.0
11701,79.0,157.0,1.0
11702,31.0,297.0,1.0
11703,160.0,69.0,1.0
11704,175.0,125.0,1.0
11705,78.0,219.0,1.0
11706,255.0,54.0,1.0
11707,218.0,67.0,1.0
11708,178.0,334.0,1.0
11709,74.0,486.0,1.0
11710,19.0,35.0,1.0
11711,26.0,351.0,1.0
11712,96.0,207.0,1.0
11713,38.0,17.0,1.0
11714,60.0,12.0,1.0
11715,149.0,551.0,1.0
11716,154.0,38.0,1.0
11717,218.0,53.0,1.0
11718,266.0,430.0,1.0
11719,248.0,56.0,1.0
11720,139.0,190.0,1.0
11721,175.0,307.0,1.0
11722,212.0,227.0,1.0
11723,149.0,517.0,1.0
11724,61.0,420.0,1.0
11725,228.0,50.0,1.0
11726,212.0,202.0,1.0
11727,52.0,10.0,1.0
11728,32.0,57.0,1.0
11729,81.0,143.0,1.0
11730,81.0,95.0,1.0
11731,201.0,315.0,1.0
11732,126.0,96.0,1.0
11733,113.0,141.0,1.0
11734,175.0,32.0,1.0
11735,84.0,447.0,1.0
11736,189.0,222.0,1.0
11737,71.0,550.0,1.0
11738,99.0,195.0,1.0
11739,182.0,156.0,1.0
11740,150.0,93.0,1.0
11741,47.0,45.0,1.0
11742,261.0,1.0,1.0
11743,78.0,375.0,1.0
11744,178.0,395.0,1.0
11745,79.0,587.0,1.0
11746,169.0,549.0,1.0
11747,158.0,282.0,1.0
11748,93.0,111.0,1.0
11749,228.0,89.0,1.0
11750,148.0,12.0,1.0
11751,90.0,89.0,1.0
11752,155.0,502.0,1.0
11753,30.0,106.0,1.0
11754,136.0,474.0,1.0
11755,114.0,50.0,1.0
11756,103.0,513.0,1.0
11757,147.0,269.0,1.0
11758,128.0,408.0,1.0
11759,216.0,235.0,1.0
11760,6.0,227.0,1.0
11761,117.0,411.0,1.0
11762,127.0,285.0,1.0
11763,91.0,52.0,1.0
11764,65.0,196.0,1.0
11765,37.0,194.0,1.0
11766,5.0,116.0,1.0
11767,156.0,3.0,1.0
11768,74.0,86.0,1.0
11769,113.0,22.0,1.0
11770,75.0,39.0,1.0
11771,219.0,379.0,1.0
11772,189.0,57.0,1.0
11773,59.0,10.0,1.0
11774,52.0,133.0,1.0
11775,141.0,47.0,1.0
11776,164.0,138.0,1.0
11777,153.0,209.0,1.0
11778,71.0,382.0,1.0
11779,124.0,247.0,1.0
11780,135.0,453.0,1.0
11781,81.0,290.0,1.0
11782,203.0,45.0,1.0
11783,244.0,241.0,1.0
11784,203.0,441.0,1.0
11785,220.0,272.0,1.0
11786,81.0,130.0,1.0
11787,136.0,497.0,1.0
11788,44.0,80.0,1.0
11789,79.0,330.0,1.0
11790,145.0,191.0,1.0
11791,178.0,66.0,1.0
11792,65.0,319.0,1.0
11793,263.0,326.0,1.0
11794,218.0,209.0,1.0
11795,254.0,133.0,1.0
11796,264.0,150.0,1.0
11797,205.0,272.0,1.0
11798,178.0,360.0,1.0
11799,199.0,342.0,1.0
11800,74.0,146.0,1.0
11801,85.0,120.0,1.0
11802,171.0,243.0,1.0
11803,134.0,36.0,1.0
11804,86.0,12.0,1.0
11805,207.0,252.0,1.0
11806,261.0,100.0,1.0
11807,81.0,393.0,1.0
11808,223.0,158.0,1.0
11809,15.0,128.0,1.0
11810,229.0,321.0,1.0
11811,102.0,153.0,1.0
11812,32.0,50.0,1.0
11813,164.0,109.0,1.0
11814,47.0,127.0,1.0
11815,148.0,426.0,1.0
11816,233.0,136.0,1.0
11817,17.0,402.0,1.0
11818,82.0,86.0,1.0
11819,203.0,491.0,1.0
11820,256.0,222.0,1.0
11821,201.0,224.0,1.0
11822,65.0,367.0,1.0
11823,88.0,423.0,1.0
11824,74.0,64.0,1.0
11825,56.0,184.0,1.0
11826,148.0,219.0,1.0
11827,87.0,394.0,1.0
11828,183.0,247.0,1.0
11829,132.0,378.0,1.0
11830,178.0,190.0,1.0
11831,214.0,387.0,1.0
11832,10.0,287.0,1.0
11833,168.0,154.0,1.0
11834,144.0,148.0,1.0
11835,150.0,24.0,1.0
11836,223.0,451.0,1.0
11837,245.0,7.0,1.0
11838,82.0,6.0,1.0
11839,114.0,17.0,1.0
11840,81.0,146.0,1.0
11841,186.0,238.0,1.0
11842,47.0,501.0,1.0
11843,89.0,126.0,1.0
11844,55.0,28.0,1.0
11845,39.0,83.0,1.0
11846,64.0,155.0,1.0
11847,87.0,123.0,1.0
11848,136.0,451.0,1.0
11849,124.0,290.0,1.0
11850,175.0,205.0,1.0
11851,77.0,223.0,1.0
11852,162.0,290.0,1.0
11853,160.0,354.0,1.0
11854,145.0,168.0,1.0
11855,223.0,368.0,1.0
11856,12.0,325.0,1.0
11857,147.0,270.0,1.0
11858,64.0,209.0,1.0
11859,124.0,84.0,1.0
11860,128.0,238.0,1.0
11861,164.0,104.0,1.0
11862,149.0,442.0,1.0
11863,81.0,100.0,1.0
11864,127.0,95.0,1.0
11865,127.0,224.0,1.0
11866,161.0,126.0,1.0
11867,84.0,496.0,1.0
11868,114.0,64.0,1.0
11869,242.0,25.0,1.0
11870,64.0,298.0,1.0
11871,57.0,130.0,1.0
11872,108.0,114.0,1.0
11873,224.0,272.0,1.0
11874,1.0,56.0,1.0
11875,70.0,127.0,1.0
11876,225.0,10.0,1.0
11877,74.0,7.0,1.0
11878,200.0,300.0,1.0
11879,35.0,44.0,1.0
11880,189.0,190.0,1.0
11881,223.0,560.0,1.0
11882,17.0,386.0,1.0
11883,227.0,539.0,1.0
11884,15.0,355.0,1.0
11885,175.0,52.0,1.0
11886,183.0,38.0,1.0
11887,132.0,277.0,1.0
11888,145.0,189.0,1.0
11889,213.0,126.0,1.0
11890,57.0,196.0,1.0
11891,218.0,269.0,1.0
11892,189.0,492.0,1.0
11893,199.0,103.0,1.0
11894,234.0,125.0,1.0
11895,224.0,151.0,1.0
11896,224.0,62.0,1.0
11897,17.0,390.0,1.0
11898,128.0,175.0,1.0
11899,96.0,33.0,1.0
11900,164.0,337.0,1.0
11901,121.0,50.0,1.0
11902,178.0,343.0,1.0
11903,52.0,47.0,1.0
11904,175.0,356.0,1.0
11905,104.0,358.0,1.0
11906,96.0,111.0,1.0
11907,218.0,265.0,1.0
11908,116.0,361.0,1.0
11909,155.0,226.0,1.0
11910,78.0,232.0,1.0
11911,265.0,533.0,1.0
11912,96.0,394.0,1.0
11913,36.0,447.0,1.0
11914,139.0,219.0,1.0
11915,105.0,337.0,1.0
11916,114.0,85.0,1.0
11917,26.0,146.0,1.0
11918,147.0,431.0,1.0
11919,248.0,281.0,1.0
11920,105.0,3.0,1.0
11921,261.0,128.0,1.0
11922,164.0,95.0,1.0
11923,130.0,165.0,1.0
11924,141.0,51.0,1.0
11925,39.0,64.0,1.0
11926,258.0,100.0,1.0
11927,60.0,93.0,1.0
11928,109.0,146.0,1.0
11929,84.0,311.0,1.0
11930,159.0,216.0,1.0
11931,215.0,256.0,1.0
11932,262.0,346.0,1.0
11933,164.0,354.0,1.0
11934,257.0,365.0,1.0
11935,11.0,36.0,1.0
11936,147.0,219.0,1.0
11937,90.0,59.0,1.0
11938,129.0,202.0,1.0
11939,100.0,378.0,1.0
11940,147.0,3.0,1.0
11941,213.0,424.0,1.0
11942,104.0,70.0,1.0
11943,234.0,227.0,1.0
11944,159.0,81.0,1.0
11945,56.0,17.0,1.0
11946,4.0,72.0,1.0
11947,225.0,66.0,1.0
11948,262.0,147.0,1.0
11949,16.0,76.0,1.0
11950,228.0,281.0,1.0
11951,207.0,294.0,1.0
11952,57.0,460.0,1.0
11953,99.0,32.0,1.0
11954,227.0,175.0,1.0
11955,82.0,132.0,1.0
11956,189.0,116.0,1.0
11957,145.0,419.0,1.0
11958,165.0,352.0,1.0
11959,266.0,564.0,1.0
11960,39.0,186.0,1.0
11961,263.0,561.0,1.0
11962,233.0,44.0,1.0
11963,168.0,44.0,1.0
11964,223.0,222.0,1.0
11965,83.0,51.0,1.0
11966,141.0,95.0,1.0
11967,58.0,158.0,1.0
11968,71.0,68.0,1.0
11969,17.0,111.0,1.0
11970,36.0,159.0,1.0
11971,219.0,10.0,1.0
11972,145.0,146.0,1.0
11973,257.0,48.0,1.0
11974,183.0,287.0,1.0
11975,99.0,126.0,1.0
11976,164.0,547.0,1.0
11977,164.0,206.0,1.0
11978,116.0,266.0,1.0
11979,116.0,457.0,1.0
11980,103.0,456.0,1.0
11981,183.0,188.0,1.0
11982,160.0,64.0,1.0
11983,234.0,409.0,1.0
11984,133.0,255.0,1.0
11985,74.0,189.0,1.0
11986,94.0,277.0,1.0
11987,16.0,360.0,1.0
11988,232.0,270.0,1.0
11989,179.0,206.0,1.0
11990,223.0,208.0,1.0
11991,94.0,209.0,1.0
11992,150.0,152.0,1.0
11993,175.0,352.0,1.0
11994,166.0,543.0,1.0
11995,52.0,326.0,1.0
11996,207.0,220.0,1.0
11997,218.0,160.0,1.0
11998,219.0,224.0,1.0
11999,225.0,206.0,1.0
12000,42.0,191.0,1.0
12001,226.0,46.0,1.0
12002,180.0,154.0,1.0
12003,149.0,66.0,1.0
12004,104.0,241.0,1.0
12005,74.0,81.0,1.0
12006,218.0,119.0,1.0
12007,34.0,388.0,1.0
12008,71.0,472.0,1.0
12009,224.0,66.0,1.0
12010,108.0,238.0,1.0
12011,75.0,143.0,1.0
12012,17.0,100.0,1.0
12013,182.0,578.0,1.0
12014,160.0,226.0,1.0
12015,147.0,447.0,1.0
12016,8.0,194.0,1.0
12017,145.0,133.0,1.0
12018,212.0,117.0,1.0
12019,65.0,47.0,1.0
12020,53.0,22.0,1.0
12021,203.0,106.0,1.0
12022,65.0,170.0,1.0
12023,81.0,35.0,1.0
12024,165.0,93.0,1.0
12025,165.0,194.0,1.0
12026,200.0,302.0,1.0
12027,128.0,164.0,1.0
12028,214.0,252.0,1.0
12029,70.0,236.0,1.0
12030,16.0,20.0,1.0
12031,48.0,115.0,1.0
12032,84.0,258.0,1.0
12033,183.0,323.0,1.0
12034,20.0,287.0,1.0
12035,86.0,206.0,1.0
12036,39.0,118.0,1.0
12037,255.0,174.0,1.0
12038,64.0,555.0,1.0
12039,102.0,583.0,1.0
12040,210.0,216.0,1.0
12041,164.0,81.0,1.0
12042,101.0,343.0,1.0
12043,259.0,216.0,1.0
12044,130.0,150.0,1.0
12045,75.0,431.0,1.0
12046,16.0,73.0,1.0
12047,129.0,93.0,1.0
12048,208.0,38.0,1.0
12049,130.0,441.0,1.0
12050,120.0,527.0,1.0
12051,145.0,311.0,1.0
12052,32.0,348.0,1.0
12053,37.0,208.0,1.0
12054,223.0,326.0,1.0
12055,57.0,36.0,1.0
12056,175.0,530.0,1.0
12057,232.0,256.0,1.0
12058,57.0,57.0,1.0
12059,67.0,576.0,1.0
12060,52.0,519.0,1.0
12061,147.0,27.0,1.0
12062,189.0,217.0,1.0
12063,42.0,26.0,1.0
12064,172.0,492.0,1.0
12065,89.0,177.0,1.0
12066,37.0,159.0,1.0
12067,81.0,93.0,1.0
12068,44.0,222.0,1.0
12069,262.0,216.0,1.0
12070,108.0,152.0,1.0
12071,51.0,89.0,1.0
12072,52.0,351.0,1.0
12073,61.0,84.0,1.0
12074,159.0,111.0,1.0
12075,238.0,208.0,1.0
12076,118.0,185.0,1.0
12077,116.0,177.0,1.0
12078,249.0,90.0,1.0
12079,100.0,584.0,1.0
12080,82.0,378.0,1.0
12081,74.0,136.0,1.0
12082,117.0,418.0,1.0
12083,168.0,137.0,1.0
12084,225.0,52.0,1.0
12085,248.0,518.0,1.0
12086,90.0,241.0,1.0
12087,256.0,305.0,1.0
12088,125.0,84.0,1.0
12089,165.0,242.0,1.0
12090,85.0,155.0,1.0
12091,211.0,148.0,1.0
12092,71.0,0.0,1.0
12093,128.0,342.0,1.0
12094,248.0,361.0,1.0
12095,65.0,187.0,1.0
12096,266.0,96.0,1.0
12097,39.0,414.0,1.0
12098,128.0,48.0,1.0
12099,205.0,113.0,1.0
12100,57.0,549.0,1.0
12101,71.0,474.0,1.0
12102,149.0,418.0,1.0
12103,31.0,143.0,1.0
12104,136.0,236.0,1.0
12105,182.0,103.0,1.0
12106,128.0,327.0,1.0
12107,52.0,69.0,1.0
12108,195.0,512.0,1.0
12109,34.0,313.0,1.0
12110,45.0,95.0,1.0
12111,34.0,242.0,1.0
12112,129.0,504.0,1.0
12113,178.0,327.0,1.0
12114,211.0,411.0,1.0
12115,150.0,231.0,1.0
12116,158.0,192.0,1.0
12117,178.0,2.0,1.0
12118,248.0,370.0,1.0
12119,127.0,535.0,1.0
12120,185.0,120.0,1.0
12121,178.0,202.0,1.0
12122,44.0,59.0,1.0
12123,224.0,33.0,1.0
12124,71.0,78.0,1.0
12125,248.0,215.0,1.0
12126,105.0,132.0,1.0
12127,178.0,127.0,1.0
12128,89.0,229.0,1.0
12129,178.0,473.0,1.0
12130,230.0,287.0,1.0
12131,64.0,107.0,1.0
12132,54.0,443.0,1.0
12133,52.0,230.0,1.0
12134,114.0,532.0,1.0
12135,182.0,47.0,1.0
12136,56.0,484.0,1.0
12137,175.0,492.0,1.0
12138,196.0,27.0,1.0
12139,133.0,97.0,1.0
12140,65.0,221.0,1.0
12141,90.0,211.0,1.0
12142,130.0,436.0,1.0
12143,182.0,150.0,1.0
12144,214.0,112.0,1.0
12145,202.0,92.0,1.0
12146,46.0,352.0,1.0
12147,136.0,504.0,1.0
12148,2.0,96.0,1.0
12149,248.0,157.0,1.0
12150,184.0,164.0,1.0
12151,226.0,285.0,1.0
12152,69.0,525.0,1.0
12153,135.0,410.0,1.0
12154,81.0,280.0,1.0
12155,22.0,156.0,1.0
12156,83.0,520.0,1.0
12157,31.0,196.0,1.0
12158,264.0,356.0,1.0
12159,263.0,583.0,1.0
12160,67.0,252.0,1.0
12161,35.0,363.0,1.0
12162,144.0,536.0,1.0
12163,147.0,53.0,1.0
12164,178.0,62.0,1.0
12165,147.0,113.0,1.0
12166,178.0,146.0,1.0
12167,14.0,118.0,1.0
12168,65.0,279.0,1.0
12169,241.0,122.0,1.0
12170,69.0,367.0,1.0
12171,102.0,150.0,1.0
12172,6.0,226.0,1.0
12173,156.0,38.0,1.0
12174,171.0,216.0,1.0
12175,125.0,285.0,1.0
12176,225.0,352.0,1.0
12177,91.0,385.0,1.0
12178,161.0,35.0,1.0
12179,87.0,454.0,1.0
12180,46.0,218.0,1.0
12181,165.0,245.0,1.0
12182,1.0,67.0,1.0
12183,259.0,103.0,1.0
12184,150.0,0.0,1.0
12185,178.0,427.0,1.0
12186,218.0,60.0,1.0
12187,226.0,143.0,1.0
12188,183.0,45.0,1.0
12189,169.0,177.0,1.0
12190,141.0,12.0,1.0
12191,75.0,260.0,1.0
12192,259.0,402.0,1.0
12193,123.0,541.0,1.0
12194,22.0,167.0,1.0
12195,105.0,93.0,1.0
12196,51.0,119.0,1.0
12197,122.0,327.0,1.0
12198,248.0,16.0,1.0
12199,91.0,0.0,1.0
12200,153.0,382.0,1.0
12201,1.0,40.0,1.0
12202,208.0,153.0,1.0
12203,232.0,89.0,1.0
12204,89.0,81.0,1.0
12205,107.0,3.0,1.0
12206,138.0,253.0,1.0
12207,101.0,7.0,1.0
12208,256.0,7.0,1.0
12209,96.0,10.0,1.0
12210,88.0,470.0,1.0
12211,195.0,146.0,1.0
12212,242.0,97.0,1.0
12213,74.0,400.0,1.0
12214,248.0,76.0,1.0
12215,129.0,185.0,1.0
12216,264.0,301.0,1.0
12217,164.0,66.0,1.0
12218,123.0,436.0,1.0
12219,59.0,185.0,1.0
12220,75.0,8.0,1.0
12221,210.0,413.0,1.0
12222,165.0,6.0,1.0
12223,146.0,209.0,1.0
12224,242.0,248.0,1.0
12225,138.0,66.0,1.0
12226,255.0,236.0,1.0
12227,141.0,54.0,1.0
12228,89.0,376.0,1.0
12229,199.0,122.0,1.0
12230,140.0,218.0,1.0
12231,248.0,339.0,1.0
12232,261.0,154.0,1.0
12233,82.0,18.0,1.0
12234,128.0,410.0,1.0
12235,108.0,408.0,1.0
12236,91.0,27.0,1.0
12237,64.0,485.0,1.0
12238,16.0,342.0,1.0
12239,51.0,516.0,1.0
12240,122.0,186.0,1.0
12241,93.0,118.0,1.0
12242,97.0,433.0,1.0
12243,9.0,30.0,1.0
12244,7.0,11.0,1.0
12245,74.0,96.0,1.0
12246,39.0,467.0,1.0
12247,127.0,35.0,1.0
12248,102.0,71.0,1.0
12249,84.0,60.0,1.0
12250,166.0,10.0,1.0
12251,65.0,569.0,1.0
12252,60.0,230.0,1.0
12253,207.0,61.0,1.0
12254,238.0,194.0,1.0
12255,108.0,242.0,1.0
12256,180.0,321.0,1.0
12257,141.0,223.0,1.0
12258,130.0,125.0,1.0
12259,107.0,197.0,1.0
12260,55.0,194.0,1.0
12261,106.0,409.0,1.0
12262,145.0,106.0,1.0
12263,184.0,177.0,1.0
12264,219.0,120.0,1.0
12265,74.0,415.0,1.0
12266,217.0,266.0,1.0
12267,136.0,543.0,1.0
12268,223.0,143.0,1.0
12269,136.0,47.0,1.0
12270,218.0,169.0,1.0
12271,195.0,104.0,1.0
12272,117.0,536.0,1.0
12273,85.0,215.0,1.0
12274,84.0,45.0,1.0
12275,169.0,36.0,1.0
12276,208.0,380.0,1.0
12277,9.0,276.0,1.0
12278,83.0,578.0,1.0
12279,86.0,434.0,1.0
12280,155.0,81.0,1.0
12281,1.0,34.0,1.0
12282,123.0,282.0,1.0
12283,63.0,138.0,1.0
12284,135.0,70.0,1.0
12285,266.0,0.0,1.0
12286,82.0,331.0,1.0
12287,96.0,523.0,1.0
12288,8.0,60.0,1.0
12289,219.0,185.0,1.0
12290,88.0,146.0,1.0
12291,222.0,121.0,1.0
12292,223.0,114.0,1.0
12293,65.0,451.0,1.0
12294,45.0,204.0,1.0
12295,224.0,202.0,1.0
12296,181.0,596.0,1.0
12297,264.0,95.0,1.0
12298,147.0,72.0,1.0
12299,107.0,146.0,1.0
12300,245.0,222.0,1.0
12301,178.0,173.0,1.0
12302,165.0,453.0,1.0
12303,175.0,67.0,1.0
12304,107.0,219.0,1.0
12305,88.0,284.0,1.0
12306,117.0,556.0,1.0
12307,231.0,424.0,1.0
12308,117.0,92.0,1.0
12309,17.0,222.0,1.0
12310,9.0,256.0,1.0
12311,211.0,498.0,1.0
12312,128.0,351.0,1.0
12313,226.0,5.0,1.0
12314,203.0,269.0,1.0
12315,101.0,310.0,1.0
12316,132.0,121.0,1.0
12317,42.0,179.0,1.0
12318,87.0,57.0,1.0
12319,263.0,483.0,1.0
12320,29.0,445.0,1.0
12321,163.0,242.0,1.0
12322,97.0,1.0,1.0
12323,52.0,353.0,1.0
12324,13.0,326.0,1.0
12325,53.0,10.0,1.0
12326,226.0,17.0,1.0
12327,117.0,379.0,1.0
12328,82.0,385.0,1.0
12329,244.0,561.0,1.0
12330,223.0,482.0,1.0
12331,90.0,146.0,1.0
12332,197.0,224.0,1.0
12333,130.0,351.0,1.0
12334,207.0,256.0,1.0
12335,2.0,108.0,1.0
12336,145.0,219.0,1.0
12337,52.0,184.0,1.0
12338,58.0,242.0,1.0
12339,151.0,234.0,1.0
12340,175.0,204.0,1.0
12341,45.0,68.0,1.0
12342,117.0,215.0,1.0
12343,53.0,245.0,1.0
12344,104.0,31.0,1.0
12345,132.0,12.0,1.0
12346,123.0,36.0,1.0
12347,224.0,122.0,1.0
12348,14.0,57.0,1.0
12349,267.0,127.0,1.0
12350,29.0,446.0,1.0
12351,188.0,156.0,1.0
12352,182.0,1.0,1.0
12353,224.0,133.0,1.0
12354,54.0,71.0,1.0
12355,10.0,114.0,1.0
12356,264.0,233.0,1.0
12357,92.0,529.0,1.0
12358,225.0,47.0,1.0
12359,135.0,531.0,1.0
12360,113.0,84.0,1.0
12361,165.0,358.0,1.0
12362,195.0,92.0,1.0
12363,17.0,405.0,1.0
12364,248.0,366.0,1.0
12365,75.0,582.0,1.0
12366,249.0,208.0,1.0
12367,215.0,164.0,1.0
12368,124.0,107.0,1.0
12369,56.0,419.0,1.0
12370,105.0,239.0,1.0
12371,38.0,54.0,1.0
12372,29.0,367.0,1.0
12373,103.0,40.0,1.0
12374,16.0,23.0,1.0
12375,156.0,234.0,1.0
12376,38.0,201.0,1.0
12377,65.0,97.0,1.0
12378,223.0,200.0,1.0
12379,117.0,224.0,1.0
12380,90.0,45.0,1.0
12381,153.0,207.0,1.0
12382,51.0,24.0,1.0
12383,44.0,294.0,1.0
12384,262.0,107.0,1.0
12385,164.0,466.0,1.0
12386,100.0,84.0,1.0
12387,183.0,156.0,1.0
12388,223.0,138.0,1.0
12389,126.0,5.0,1.0
12390,29.0,268.0,1.0
12391,36.0,130.0,1.0
12392,244.0,433.0,1.0
12393,162.0,9.0,1.0
12394,185.0,262.0,1.0
12395,98.0,410.0,1.0
12396,219.0,398.0,1.0
12397,56.0,143.0,1.0
12398,87.0,33.0,1.0
12399,149.0,334.0,1.0
12400,32.0,12.0,1.0
12401,15.0,66.0,1.0
12402,189.0,186.0,1.0
12403,19.0,423.0,1.0
12404,19.0,290.0,1.0
12405,240.0,126.0,1.0
12406,103.0,196.0,1.0
12407,42.0,404.0,1.0
12408,168.0,120.0,1.0
12409,76.0,420.0,1.0
12410,98.0,206.0,1.0
12411,39.0,95.0,1.0
12412,105.0,255.0,1.0
12413,104.0,4.0,1.0
12414,52.0,204.0,1.0
12415,87.0,103.0,1.0
12416,164.0,27.0,1.0
12417,143.0,399.0,1.0
12418,15.0,281.0,1.0
12419,71.0,405.0,1.0
12420,8.0,241.0,1.0
12421,86.0,557.0,1.0
12422,127.0,465.0,1.0
12423,130.0,257.0,1.0
12424,227.0,226.0,1.0
12425,87.0,141.0,1.0
12426,81.0,208.0,1.0
12427,185.0,104.0,1.0
12428,222.0,208.0,1.0
12429,87.0,172.0,1.0
12430,24.0,354.0,1.0
12431,81.0,220.0,1.0
12432,248.0,308.0,1.0
12433,224.0,58.0,1.0
12434,225.0,271.0,1.0
12435,229.0,252.0,1.0
12436,181.0,127.0,1.0
12437,77.0,483.0,1.0
12438,81.0,528.0,1.0
12439,105.0,465.0,1.0
12440,57.0,157.0,1.0
12441,217.0,378.0,1.0
12442,178.0,480.0,1.0
12443,144.0,337.0,1.0
12444,79.0,219.0,1.0
12445,249.0,80.0,1.0
12446,53.0,58.0,1.0
12447,182.0,191.0,1.0
12448,259.0,557.0,1.0
12449,45.0,351.0,1.0
12450,258.0,204.0,1.0
12451,139.0,146.0,1.0
12452,117.0,207.0,1.0
12453,65.0,435.0,1.0
12454,84.0,554.0,1.0
12455,147.0,420.0,1.0
12456,64.0,456.0,1.0
12457,44.0,437.0,1.0
12458,175.0,64.0,1.0
12459,153.0,10.0,1.0
12460,95.0,356.0,1.0
12461,82.0,567.0,1.0
12462,266.0,206.0,1.0
12463,198.0,320.0,1.0
12464,145.0,127.0,1.0
12465,2.0,11.0,1.0
12466,22.0,220.0,1.0
12467,262.0,115.0,1.0
12468,102.0,52.0,1.0
12469,189.0,185.0,1.0
12470,89.0,440.0,1.0
12471,141.0,117.0,1.0
12472,164.0,496.0,1.0
12473,234.0,238.0,1.0
12474,226.0,519.0,1.0
12475,245.0,185.0,1.0
12476,147.0,534.0,1.0
12477,177.0,20.0,1.0
12478,235.0,483.0,1.0
12479,65.0,402.0,1.0
12480,31.0,153.0,1.0
12481,180.0,40.0,1.0
12482,183.0,259.0,1.0
12483,228.0,557.0,1.0
12484,22.0,57.0,1.0
12485,156.0,100.0,1.0
12486,163.0,266.0,1.0
12487,18.0,130.0,1.0
12488,178.0,352.0,1.0
12489,126.0,124.0,1.0
12490,181.0,23.0,1.0
12491,147.0,77.0,1.0
12492,186.0,66.0,1.0
12493,69.0,221.0,1.0
12494,123.0,11.0,1.0
12495,44.0,31.0,1.0
12496,90.0,103.0,1.0
12497,75.0,9.0,1.0
12498,129.0,217.0,1.0
12499,86.0,100.0,1.0
12500,189.0,22.0,1.0
12501,224.0,277.0,1.0
12502,132.0,216.0,1.0
12503,213.0,116.0,1.0
12504,189.0,178.0,1.0
12505,126.0,119.0,1.0
12506,182.0,503.0,1.0
12507,116.0,191.0,1.0
12508,95.0,358.0,1.0
12509,96.0,21.0,1.0
12510,29.0,444.0,1.0
12511,67.0,397.0,1.0
12512,75.0,10.0,1.0
12513,191.0,430.0,1.0
12514,154.0,597.0,1.0
12515,116.0,370.0,1.0
12516,153.0,223.0,1.0
12517,156.0,54.0,1.0
12518,159.0,62.0,1.0
12519,17.0,227.0,1.0
12520,197.0,26.0,1.0
12521,194.0,146.0,1.0
12522,197.0,496.0,1.0
12523,22.0,168.0,1.0
12524,248.0,30.0,1.0
12525,50.0,97.0,1.0
12526,248.0,43.0,1.0
12527,78.0,386.0,1.0
12528,53.0,396.0,1.0
12529,82.0,137.0,1.0
12530,123.0,296.0,1.0
12531,135.0,81.0,1.0
12532,130.0,190.0,1.0
12533,65.0,86.0,1.0
12534,48.0,9.0,1.0
12535,187.0,417.0,1.0
12536,9.0,285.0,1.0
12537,130.0,303.0,1.0
12538,162.0,494.0,1.0
12539,213.0,10.0,1.0
12540,155.0,44.0,1.0
12541,145.0,47.0,1.0
12542,122.0,173.0,1.0
12543,82.0,571.0,1.0
12544,124.0,292.0,1.0
12545,197.0,43.0,1.0
12546,44.0,13.0,1.0
12547,12.0,312.0,1.0
12548,87.0,209.0,1.0
12549,52.0,368.0,1.0
12550,164.0,301.0,1.0
12551,114.0,261.0,1.0
12552,3.0,47.0,1.0
12553,238.0,331.0,1.0
12554,207.0,357.0,1.0
12555,116.0,497.0,1.0
12556,223.0,442.0,1.0
12557,144.0,531.0,1.0
12558,81.0,179.0,1.0
12559,65.0,413.0,1.0
12560,114.0,81.0,1.0
12561,87.0,367.0,1.0
12562,71.0,92.0,1.0
12563,84.0,10.0,1.0
12564,51.0,434.0,1.0
12565,247.0,334.0,1.0
12566,194.0,148.0,1.0
12567,108.0,129.0,1.0
12568,112.0,9.0,1.0
12569,233.0,495.0,1.0
12570,135.0,10.0,1.0
12571,163.0,504.0,1.0
12572,85.0,238.0,1.0
12573,229.0,147.0,1.0
12574,164.0,277.0,1.0
12575,102.0,303.0,1.0
12576,183.0,69.0,1.0
12577,248.0,252.0,1.0
12578,70.0,12.0,1.0
12579,153.0,227.0,1.0
12580,88.0,188.0,1.0
12581,85.0,236.0,1.0
12582,149.0,570.0,1.0
12583,261.0,45.0,1.0
12584,241.0,81.0,1.0
12585,122.0,191.0,1.0
12586,223.0,189.0,1.0
12587,1.0,24.0,1.0
12588,250.0,44.0,1.0
12589,197.0,221.0,1.0
12590,256.0,393.0,1.0
12591,16.0,35.0,1.0
12592,130.0,294.0,1.0
12593,74.0,253.0,1.0
12594,10.0,294.0,1.0
12595,136.0,190.0,1.0
12596,78.0,195.0,1.0
12597,258.0,104.0,1.0
12598,141.0,17.0,1.0
12599,86.0,22.0,1.0
12600,228.0,266.0,1.0
12601,123.0,69.0,1.0
12602,82.0,53.0,1.0
12603,238.0,186.0,1.0
12604,123.0,532.0,1.0
12605,23.0,253.0,1.0
12606,246.0,138.0,1.0
12607,147.0,241.0,1.0
12608,49.0,96.0,1.0
12609,82.0,512.0,1.0
12610,203.0,575.0,1.0
12611,9.0,66.0,1.0
12612,117.0,434.0,1.0
12613,189.0,201.0,1.0
12614,162.0,66.0,1.0
12615,74.0,501.0,1.0
12616,164.0,213.0,1.0
12617,69.0,463.0,1.0
12618,51.0,149.0,1.0
12619,114.0,296.0,1.0
12620,53.0,282.0,1.0
12621,69.0,106.0,1.0
12622,181.0,110.0,1.0
12623,213.0,20.0,1.0
12624,261.0,129.0,1.0
12625,116.0,245.0,1.0
12626,249.0,94.0,1.0
12627,11.0,113.0,1.0
12628,115.0,126.0,1.0
12629,175.0,176.0,1.0
12630,82.0,590.0,1.0
12631,64.0,133.0,1.0
12632,35.0,35.0,1.0
12633,102.0,297.0,1.0
12634,165.0,380.0,1.0
12635,1.0,82.0,1.0
12636,147.0,262.0,1.0
12637,259.0,383.0,1.0
12638,172.0,92.0,1.0
12639,5.0,104.0,1.0
12640,129.0,337.0,1.0
12641,18.0,111.0,1.0
12642,220.0,180.0,1.0
12643,200.0,474.0,1.0
12644,85.0,219.0,1.0
12645,90.0,549.0,1.0
12646,242.0,79.0,1.0
12647,228.0,207.0,1.0
12648,128.0,453.0,1.0
12649,194.0,92.0,1.0
12650,82.0,223.0,1.0
12651,49.0,189.0,1.0
12652,130.0,421.0,1.0
12653,261.0,245.0,1.0
12654,256.0,62.0,1.0
12655,87.0,433.0,1.0
12656,106.0,234.0,1.0
12657,155.0,19.0,1.0
12658,100.0,420.0,1.0
12659,82.0,399.0,1.0
12660,148.0,407.0,1.0
12661,162.0,120.0,1.0
12662,181.0,126.0,1.0
12663,261.0,272.0,1.0
12664,147.0,537.0,1.0
12665,83.0,146.0,1.0
12666,15.0,9.0,1.0
12667,52.0,320.0,1.0
12668,129.0,91.0,1.0
12669,132.0,47.0,1.0
12670,51.0,282.0,1.0
12671,238.0,189.0,1.0
12672,81.0,227.0,1.0
12673,168.0,159.0,1.0
12674,230.0,70.0,1.0
12675,197.0,6.0,1.0
12676,10.0,306.0,1.0
12677,196.0,32.0,1.0
12678,189.0,9.0,1.0
12679,214.0,501.0,1.0
12680,102.0,429.0,1.0
12681,64.0,507.0,1.0
12682,256.0,208.0,1.0
12683,122.0,256.0,1.0
12684,60.0,103.0,1.0
12685,35.0,60.0,1.0
12686,49.0,23.0,1.0
12687,110.0,17.0,1.0
12688,17.0,409.0,1.0
12689,117.0,462.0,1.0
12690,139.0,7.0,1.0
12691,248.0,47.0,1.0
12692,217.0,404.0,1.0
12693,87.0,208.0,1.0
12694,194.0,39.0,1.0
12695,113.0,122.0,1.0
12696,234.0,124.0,1.0
12697,203.0,129.0,1.0
12698,241.0,33.0,1.0
12699,121.0,89.0,1.0
12700,255.0,169.0,1.0
12701,100.0,416.0,1.0
12702,261.0,147.0,1.0
12703,259.0,414.0,1.0
12704,144.0,141.0,1.0
12705,78.0,229.0,1.0
12706,52.0,422.0,1.0
12707,26.0,143.0,1.0
12708,136.0,533.0,1.0
12709,116.0,85.0,1.0
12710,9.0,7.0,1.0
12711,90.0,510.0,1.0
12712,104.0,122.0,1.0
12713,218.0,338.0,1.0
12714,89.0,189.0,1.0
12715,158.0,91.0,1.0
12716,216.0,9.0,1.0
12717,13.0,35.0,1.0
12718,90.0,194.0,1.0
12719,56.0,185.0,1.0
12720,75.0,245.0,1.0
12721,214.0,100.0,1.0
12722,85.0,70.0,1.0
12723,211.0,39.0,1.0
12724,69.0,579.0,1.0
12725,226.0,59.0,1.0
12726,44.0,252.0,1.0
12727,227.0,32.0,1.0
12728,61.0,47.0,1.0
12729,141.0,296.0,1.0
12730,242.0,131.0,1.0
12731,259.0,221.0,1.0
12732,75.0,191.0,1.0
12733,117.0,584.0,1.0
12734,17.0,393.0,1.0
12735,145.0,410.0,1.0
12736,117.0,197.0,1.0
12737,63.0,92.0,1.0
12738,141.0,138.0,1.0
12739,187.0,133.0,1.0
12740,200.0,115.0,1.0
12741,81.0,125.0,1.0
12742,200.0,255.0,1.0
12743,114.0,69.0,1.0
12744,233.0,280.0,1.0
12745,256.0,232.0,1.0
12746,128.0,163.0,1.0
12747,97.0,55.0,1.0
12748,259.0,145.0,1.0
12749,259.0,398.0,1.0
12750,189.0,499.0,1.0
12751,135.0,256.0,1.0
12752,9.0,266.0,1.0
12753,199.0,332.0,1.0
12754,17.0,413.0,1.0
12755,130.0,510.0,1.0
12756,178.0,270.0,1.0
12757,251.0,410.0,1.0
12758,261.0,116.0,1.0
12759,186.0,91.0,1.0
12760,208.0,44.0,1.0
12761,156.0,465.0,1.0
12762,64.0,320.0,1.0
12763,51.0,203.0,1.0
12764,189.0,97.0,1.0
12765,203.0,90.0,1.0
12766,115.0,266.0,1.0
12767,81.0,206.0,1.0
12768,160.0,447.0,1.0
12769,49.0,222.0,1.0
12770,1.0,81.0,1.0
12771,156.0,148.0,1.0
12772,6.0,143.0,1.0
12773,259.0,205.0,1.0
12774,75.0,403.0,1.0
12775,211.0,502.0,1.0
12776,257.0,226.0,1.0
12777,186.0,550.0,1.0
12778,187.0,36.0,1.0
12779,224.0,528.0,1.0
12780,123.0,112.0,1.0
12781,234.0,223.0,1.0
12782,245.0,197.0,1.0
12783,56.0,243.0,1.0
12784,116.0,256.0,1.0
12785,255.0,503.0,1.0
12786,82.0,412.0,1.0
12787,232.0,59.0,1.0
12788,266.0,205.0,1.0
12789,200.0,39.0,1.0
12790,110.0,141.0,1.0
12791,51.0,241.0,1.0
12792,3.0,84.0,1.0
12793,16.0,345.0,1.0
12794,114.0,366.0,1.0
12795,24.0,146.0,1.0
12796,160.0,567.0,1.0
12797,148.0,39.0,1.0
12798,89.0,394.0,1.0
12799,171.0,58.0,1.0
12800,234.0,141.0,1.0
12801,115.0,66.0,1.0
12802,182.0,535.0,1.0
12803,149.0,300.0,1.0
12804,90.0,574.0,1.0
12805,183.0,219.0,1.0
12806,114.0,61.0,1.0
12807,160.0,458.0,1.0
12808,232.0,6.0,1.0
12809,211.0,319.0,1.0
12810,143.0,460.0,1.0
12811,80.0,17.0,1.0
12812,197.0,512.0,1.0
12813,59.0,216.0,1.0
12814,81.0,59.0,1.0
12815,74.0,121.0,1.0
12816,226.0,79.0,1.0
12817,189.0,516.0,1.0
12818,71.0,534.0,1.0
12819,175.0,198.0,1.0
12820,248.0,301.0,1.0
12821,65.0,266.0,1.0
12822,17.0,406.0,1.0
12823,159.0,568.0,1.0
12824,44.0,148.0,1.0
12825,185.0,187.0,1.0
12826,249.0,291.0,1.0
12827,193.0,190.0,1.0
12828,156.0,487.0,1.0
12829,212.0,191.0,1.0
12830,133.0,83.0,1.0
12831,93.0,523.0,1.0
12832,178.0,25.0,1.0
12833,51.0,117.0,1.0
12834,186.0,547.0,1.0
12835,108.0,441.0,1.0
12836,228.0,23.0,1.0
12837,17.0,400.0,1.0
12838,82.0,126.0,1.0
12839,130.0,193.0,1.0
12840,200.0,527.0,1.0
12841,116.0,87.0,1.0
12842,109.0,150.0,1.0
12843,102.0,149.0,1.0
12844,224.0,522.0,1.0
12845,178.0,185.0,1.0
12846,22.0,116.0,1.0
12847,124.0,108.0,1.0
12848,52.0,533.0,1.0
12849,256.0,146.0,1.0
12850,105.0,147.0,1.0
12851,58.0,184.0,1.0
12852,6.0,225.0,1.0
12853,201.0,379.0,1.0
12854,135.0,116.0,1.0
12855,74.0,190.0,1.0
12856,183.0,150.0,1.0
12857,117.0,11.0,1.0
12858,107.0,215.0,1.0
12859,145.0,227.0,1.0
12860,213.0,43.0,1.0
12861,8.0,126.0,1.0
12862,114.0,275.0,1.0
12863,268.0,140.0,1.0
12864,116.0,68.0,1.0
12865,172.0,280.0,1.0
12866,33.0,304.0,1.0
12867,223.0,423.0,1.0
12868,69.0,70.0,1.0
12869,97.0,445.0,1.0
12870,164.0,216.0,1.0
12871,239.0,92.0,1.0
12872,30.0,91.0,1.0
12873,168.0,91.0,1.0
12874,204.0,275.0,1.0
12875,114.0,161.0,1.0
12876,226.0,593.0,1.0
12877,183.0,241.0,1.0
12878,214.0,251.0,1.0
12879,268.0,90.0,1.0
12880,124.0,120.0,1.0
12881,88.0,216.0,1.0
12882,267.0,146.0,1.0
12883,127.0,172.0,1.0
12884,116.0,64.0,1.0
12885,32.0,250.0,1.0
12886,58.0,485.0,1.0
12887,149.0,454.0,1.0
12888,136.0,498.0,1.0
12889,90.0,487.0,1.0
12890,35.0,443.0,1.0
12891,52.0,400.0,1.0
12892,119.0,409.0,1.0
12893,96.0,243.0,1.0
12894,79.0,536.0,1.0
12895,102.0,177.0,1.0
12896,116.0,223.0,1.0
12897,168.0,597.0,1.0
12898,188.0,522.0,1.0
12899,92.0,194.0,1.0
12900,78.0,47.0,1.0
12901,248.0,87.0,1.0
12902,71.0,434.0,1.0
12903,141.0,101.0,1.0
12904,233.0,51.0,1.0
12905,87.0,508.0,1.0
12906,207.0,269.0,1.0
12907,91.0,296.0,1.0
12908,208.0,61.0,1.0
12909,252.0,350.0,1.0
12910,119.0,217.0,1.0
12911,156.0,449.0,1.0
12912,147.0,218.0,1.0
12913,116.0,54.0,1.0
12914,106.0,320.0,1.0
12915,123.0,104.0,1.0
12916,97.0,100.0,1.0
12917,11.0,45.0,1.0
12918,189.0,541.0,1.0
12919,141.0,561.0,1.0
12920,47.0,126.0,1.0
12921,9.0,57.0,1.0
12922,90.0,86.0,1.0
12923,259.0,118.0,1.0
12924,51.0,10.0,1.0
12925,150.0,206.0,1.0
12926,87.0,171.0,1.0
12927,87.0,47.0,1.0
12928,24.0,428.0,1.0
12929,71.0,399.0,1.0
12930,156.0,12.0,1.0
12931,102.0,342.0,1.0
12932,235.0,425.0,1.0
12933,164.0,412.0,1.0
12934,214.0,221.0,1.0
12935,189.0,394.0,1.0
12936,71.0,111.0,1.0
12937,178.0,117.0,1.0
12938,107.0,544.0,1.0
12939,108.0,15.0,1.0
12940,69.0,413.0,1.0
12941,42.0,464.0,1.0
12942,181.0,10.0,1.0
12943,136.0,377.0,1.0
12944,37.0,129.0,1.0
12945,242.0,69.0,1.0
12946,185.0,365.0,1.0
12947,259.0,131.0,1.0
12948,183.0,363.0,1.0
12949,27.0,38.0,1.0
12950,195.0,143.0,1.0
12951,79.0,36.0,1.0
12952,50.0,128.0,1.0
12953,250.0,275.0,1.0
12954,128.0,73.0,1.0
12955,97.0,460.0,1.0
12956,1.0,57.0,1.0
12957,202.0,106.0,1.0
12958,82.0,1.0,1.0
12959,57.0,122.0,1.0
12960,158.0,197.0,1.0
12961,60.0,24.0,1.0
12962,60.0,399.0,1.0
12963,156.0,544.0,1.0
12964,122.0,90.0,1.0
12965,196.0,59.0,1.0
12966,259.0,96.0,1.0
12967,259.0,407.0,1.0
12968,51.0,77.0,1.0
12969,230.0,434.0,1.0
12970,182.0,22.0,1.0
12971,105.0,570.0,1.0
12972,33.0,143.0,1.0
12973,16.0,111.0,1.0
12974,57.0,469.0,1.0
12975,136.0,75.0,1.0
12976,208.0,168.0,1.0
12977,140.0,35.0,1.0
12978,136.0,384.0,1.0
12979,37.0,245.0,1.0
12980,66.0,39.0,1.0
12981,200.0,164.0,1.0
12982,202.0,104.0,1.0
12983,128.0,192.0,1.0
12984,4.0,183.0,1.0
12985,0.0,3.0,1.0
12986,115.0,378.0,1.0
12987,51.0,39.0,1.0
12988,60.0,133.0,1.0
12989,128.0,159.0,1.0
12990,182.0,242.0,1.0
12991,223.0,190.0,1.0
12992,212.0,39.0,1.0
12993,159.0,205.0,1.0
12994,206.0,57.0,1.0
12995,90.0,546.0,1.0
12996,123.0,146.0,1.0
12997,218.0,378.0,1.0
12998,234.0,207.0,1.0
12999,117.0,507.0,1.0
13000,87.0,351.0,1.0
13001,115.0,205.0,1.0
13002,102.0,358.0,1.0
13003,10.0,98.0,1.0
13004,93.0,89.0,1.0
13005,64.0,220.0,1.0
13006,268.0,100.0,1.0
13007,56.0,276.0,1.0
13008,81.0,460.0,1.0
13009,5.0,210.0,1.0
13010,162.0,89.0,1.0
13011,130.0,154.0,1.0
13012,30.0,45.0,1.0
13013,158.0,35.0,1.0
13014,218.0,533.0,1.0
13015,82.0,505.0,1.0
13016,232.0,45.0,1.0
13017,86.0,584.0,1.0
13018,82.0,285.0,1.0
13019,82.0,42.0,1.0
13020,102.0,155.0,1.0
13021,183.0,591.0,1.0
13022,9.0,270.0,1.0
13023,96.0,133.0,1.0
13024,84.0,585.0,1.0
13025,150.0,36.0,1.0
13026,130.0,53.0,1.0
13027,224.0,36.0,1.0
13028,258.0,273.0,1.0
13029,256.0,231.0,1.0
13030,226.0,259.0,1.0
13031,89.0,238.0,1.0
13032,56.0,66.0,1.0
13033,238.0,28.0,1.0
13034,218.0,41.0,1.0
13035,12.0,196.0,1.0
13036,168.0,279.0,1.0
13037,211.0,453.0,1.0
13038,62.0,205.0,1.0
13039,223.0,51.0,1.0
13040,2.0,45.0,1.0
13041,205.0,318.0,1.0
13042,201.0,213.0,1.0
13043,191.0,277.0,1.0
13044,87.0,279.0,1.0
13045,130.0,43.0,1.0
13046,141.0,38.0,1.0
13047,41.0,23.0,1.0
13048,99.0,391.0,1.0
13049,239.0,91.0,1.0
13050,147.0,123.0,1.0
13051,126.0,414.0,1.0
13052,144.0,184.0,1.0
13053,195.0,40.0,1.0
13054,97.0,205.0,1.0
13055,252.0,220.0,1.0
13056,102.0,111.0,1.0
13057,122.0,1.0,1.0
13058,39.0,189.0,1.0
13059,175.0,592.0,1.0
13060,175.0,391.0,1.0
13061,129.0,61.0,1.0
13062,17.0,103.0,1.0
13063,246.0,92.0,1.0
13064,169.0,154.0,1.0
13065,255.0,70.0,1.0
13066,89.0,216.0,1.0
13067,167.0,292.0,1.0
13068,82.0,560.0,1.0
13069,256.0,219.0,1.0
13070,230.0,81.0,1.0
13071,174.0,578.0,1.0
13072,81.0,66.0,1.0
13073,155.0,161.0,1.0
13074,248.0,168.0,1.0
13075,69.0,192.0,1.0
13076,74.0,100.0,1.0
13077,230.0,323.0,1.0
13078,101.0,112.0,1.0
13079,83.0,143.0,1.0
13080,165.0,40.0,1.0
13081,124.0,242.0,1.0
13082,130.0,259.0,1.0
13083,28.0,61.0,1.0
13084,16.0,364.0,1.0
13085,26.0,171.0,1.0
13086,17.0,415.0,1.0
13087,63.0,214.0,1.0
13088,99.0,133.0,1.0
13089,211.0,222.0,1.0
13090,65.0,37.0,1.0
13091,194.0,222.0,1.0
13092,144.0,229.0,1.0
13093,160.0,143.0,1.0
13094,250.0,156.0,1.0
13095,148.0,20.0,1.0
13096,63.0,415.0,1.0
13097,89.0,438.0,1.0
13098,81.0,245.0,1.0
13099,17.0,81.0,1.0
13100,228.0,52.0,1.0
13101,48.0,305.0,1.0
13102,17.0,224.0,1.0
13103,37.0,1.0,1.0
13104,87.0,238.0,1.0
13105,116.0,262.0,1.0
13106,135.0,91.0,1.0
13107,136.0,251.0,1.0
13108,56.0,363.0,1.0
13109,259.0,459.0,1.0
13110,97.0,192.0,1.0
13111,205.0,147.0,1.0
13112,242.0,77.0,1.0
13113,45.0,492.0,1.0
13114,87.0,372.0,1.0
13115,266.0,426.0,1.0
13116,98.0,24.0,1.0
13117,225.0,273.0,1.0
13118,185.0,133.0,1.0
13119,113.0,47.0,1.0
13120,68.0,62.0,1.0
13121,199.0,57.0,1.0
13122,102.0,127.0,1.0
13123,233.0,522.0,1.0
13124,200.0,156.0,1.0
13125,196.0,22.0,1.0
13126,69.0,279.0,1.0
13127,228.0,111.0,1.0
13128,130.0,450.0,1.0
13129,3.0,143.0,1.0
13130,82.0,0.0,1.0
13131,40.0,323.0,1.0
13132,45.0,69.0,1.0
13133,217.0,230.0,1.0
13134,153.0,438.0,1.0
13135,183.0,346.0,1.0
13136,116.0,411.0,1.0
13137,17.0,36.0,1.0
13138,126.0,505.0,1.0
13139,126.0,434.0,1.0
13140,30.0,61.0,1.0
13141,49.0,416.0,1.0
13142,138.0,316.0,1.0
13143,51.0,509.0,1.0
13144,149.0,230.0,1.0
13145,2.0,117.0,1.0
13146,168.0,155.0,1.0
13147,37.0,120.0,1.0
13148,64.0,30.0,1.0
13149,74.0,66.0,1.0
13150,74.0,206.0,1.0
13151,82.0,356.0,1.0
13152,35.0,20.0,1.0
13153,49.0,130.0,1.0
13154,130.0,355.0,1.0
13155,128.0,44.0,1.0
13156,78.0,516.0,1.0
13157,165.0,272.0,1.0
13158,234.0,388.0,1.0
13159,136.0,31.0,1.0
13160,101.0,434.0,1.0
13161,102.0,38.0,1.0
13162,108.0,378.0,1.0
13163,84.0,556.0,1.0
13164,189.0,352.0,1.0
13165,224.0,263.0,1.0
13166,98.0,482.0,1.0
13167,199.0,360.0,1.0
13168,138.0,147.0,1.0
13169,259.0,378.0,1.0
13170,91.0,480.0,1.0
13171,127.0,514.0,1.0
13172,81.0,352.0,1.0
13173,202.0,257.0,1.0
13174,183.0,317.0,1.0
13175,83.0,209.0,1.0
13176,261.0,450.0,1.0
13177,196.0,562.0,1.0
13178,68.0,51.0,1.0
13179,191.0,113.0,1.0
13180,207.0,313.0,1.0
13181,61.0,36.0,1.0
13182,44.0,286.0,1.0
13183,164.0,147.0,1.0
13184,43.0,91.0,1.0
13185,155.0,559.0,1.0
13186,123.0,59.0,1.0
13187,183.0,173.0,1.0
13188,5.0,204.0,1.0
13189,259.0,583.0,1.0
13190,221.0,581.0,1.0
13191,115.0,257.0,1.0
13192,145.0,233.0,1.0
13193,101.0,45.0,1.0
13194,254.0,150.0,1.0
13195,56.0,138.0,1.0
13196,128.0,318.0,1.0
13197,84.0,285.0,1.0
13198,43.0,126.0,1.0
13199,93.0,522.0,1.0
13200,128.0,66.0,1.0
13201,216.0,150.0,1.0
13202,82.0,532.0,1.0
13203,153.0,352.0,1.0
13204,121.0,108.0,1.0
13205,256.0,473.0,1.0
13206,207.0,512.0,1.0
13207,52.0,394.0,1.0
13208,44.0,487.0,1.0
13209,83.0,57.0,1.0
13210,156.0,122.0,1.0
13211,74.0,214.0,1.0
13212,176.0,411.0,1.0
13213,56.0,253.0,1.0
13214,177.0,546.0,1.0
13215,108.0,315.0,1.0
13216,104.0,533.0,1.0
13217,226.0,591.0,1.0
13218,268.0,141.0,1.0
13219,94.0,418.0,1.0
13220,130.0,95.0,1.0
13221,107.0,58.0,1.0
13222,94.0,137.0,1.0
13223,228.0,65.0,1.0
13224,148.0,342.0,1.0
13225,9.0,259.0,1.0
13226,150.0,494.0,1.0
13227,196.0,235.0,1.0
13228,149.0,194.0,1.0
13229,115.0,32.0,1.0
13230,105.0,59.0,1.0
13231,218.0,254.0,1.0
13232,117.0,35.0,1.0
13233,60.0,552.0,1.0
13234,126.0,127.0,1.0
13235,197.0,380.0,1.0
13236,168.0,165.0,1.0
13237,147.0,592.0,1.0
13238,9.0,260.0,1.0
13239,126.0,195.0,1.0
13240,30.0,447.0,1.0
13241,216.0,97.0,1.0
13242,5.0,219.0,1.0
13243,250.0,47.0,1.0
13244,59.0,7.0,1.0
13245,177.0,452.0,1.0
13246,75.0,150.0,1.0
13247,232.0,66.0,1.0
13248,165.0,204.0,1.0
13249,34.0,191.0,1.0
13250,103.0,371.0,1.0
13251,227.0,143.0,1.0
13252,189.0,95.0,1.0
13253,84.0,85.0,1.0
13254,56.0,372.0,1.0
13255,17.0,218.0,1.0
13256,75.0,497.0,1.0
13257,74.0,97.0,1.0
13258,42.0,410.0,1.0
13259,51.0,234.0,1.0
13260,75.0,154.0,1.0
13261,132.0,81.0,1.0
13262,223.0,186.0,1.0
13263,130.0,196.0,1.0
13264,124.0,241.0,1.0
13265,266.0,222.0,1.0
13266,44.0,400.0,1.0
13267,65.0,513.0,1.0
13268,26.0,106.0,1.0
13269,107.0,71.0,1.0
13270,181.0,213.0,1.0
13271,226.0,89.0,1.0
13272,227.0,72.0,1.0
13273,203.0,304.0,1.0
13274,222.0,153.0,1.0
13275,87.0,143.0,1.0
13276,168.0,496.0,1.0
13277,79.0,47.0,1.0
13278,78.0,193.0,1.0
13279,52.0,282.0,1.0
13280,225.0,559.0,1.0
13281,128.0,317.0,1.0
13282,122.0,478.0,1.0
13283,144.0,570.0,1.0
13284,223.0,167.0,1.0
13285,87.0,207.0,1.0
13286,123.0,496.0,1.0
13287,182.0,43.0,1.0
13288,224.0,251.0,1.0
13289,29.0,161.0,1.0
13290,142.0,190.0,1.0
13291,164.0,492.0,1.0
13292,71.0,402.0,1.0
13293,132.0,202.0,1.0
13294,110.0,208.0,1.0
13295,203.0,77.0,1.0
13296,178.0,228.0,1.0
13297,185.0,150.0,1.0
13298,147.0,543.0,1.0
13299,44.0,320.0,1.0
13300,248.0,118.0,1.0
13301,168.0,66.0,1.0
13302,194.0,99.0,1.0
13303,175.0,95.0,1.0
13304,170.0,2.0,1.0
13305,20.0,50.0,1.0
13306,51.0,72.0,1.0
13307,223.0,47.0,1.0
13308,144.0,388.0,1.0
13309,116.0,44.0,1.0
13310,105.0,137.0,1.0
13311,101.0,186.0,1.0
13312,116.0,78.0,1.0
13313,104.0,147.0,1.0
13314,223.0,177.0,1.0
13315,82.0,517.0,1.0
13316,65.0,254.0,1.0
13317,117.0,7.0,1.0
13318,79.0,190.0,1.0
13319,168.0,52.0,1.0
13320,149.0,489.0,1.0
13321,72.0,338.0,1.0
13322,13.0,51.0,1.0
13323,259.0,247.0,1.0
13324,193.0,434.0,1.0
13325,248.0,394.0,1.0
13326,186.0,87.0,1.0
13327,197.0,112.0,1.0
13328,208.0,243.0,1.0
13329,145.0,411.0,1.0
13330,31.0,113.0,1.0
13331,114.0,197.0,1.0
13332,71.0,391.0,1.0
13333,132.0,195.0,1.0
13334,156.0,447.0,1.0
13335,232.0,388.0,1.0
13336,34.0,154.0,1.0
13337,45.0,438.0,1.0
13338,58.0,157.0,1.0
13339,136.0,368.0,1.0
13340,78.0,249.0,1.0
13341,98.0,44.0,1.0
13342,70.0,120.0,1.0
13343,29.0,441.0,1.0
13344,123.0,459.0,1.0
13345,127.0,595.0,1.0
13346,234.0,138.0,1.0
13347,149.0,211.0,1.0
13348,87.0,95.0,1.0
13349,105.0,127.0,1.0
13350,97.0,505.0,1.0
13351,153.0,111.0,1.0
13352,105.0,43.0,1.0
13353,234.0,206.0,1.0
13354,85.0,326.0,1.0
13355,218.0,443.0,1.0
13356,136.0,231.0,1.0
13357,226.0,502.0,1.0
13358,98.0,94.0,1.0
13359,223.0,50.0,1.0
13360,75.0,253.0,1.0
13361,160.0,66.0,1.0
13362,177.0,64.0,1.0
13363,60.0,191.0,1.0
13364,71.0,114.0,1.0
13365,160.0,211.0,1.0
13366,153.0,454.0,1.0
13367,74.0,130.0,1.0
13368,232.0,302.0,1.0
13369,248.0,20.0,1.0
13370,165.0,237.0,1.0
13371,225.0,282.0,1.0
13372,78.0,399.0,1.0
13373,196.0,118.0,1.0
13374,93.0,284.0,1.0
13375,264.0,308.0,1.0
13376,61.0,92.0,1.0
13377,205.0,90.0,1.0
13378,187.0,492.0,1.0
13379,259.0,120.0,1.0
13380,28.0,281.0,1.0
13381,249.0,11.0,1.0
13382,44.0,124.0,1.0
13383,210.0,168.0,1.0
13384,186.0,296.0,1.0
13385,56.0,147.0,1.0
13386,77.0,203.0,1.0
13387,160.0,181.0,1.0
13388,147.0,150.0,1.0
13389,82.0,115.0,1.0
13390,243.0,196.0,1.0
13391,248.0,10.0,1.0
13392,25.0,435.0,1.0
13393,263.0,355.0,1.0
13394,207.0,95.0,1.0
13395,82.0,407.0,1.0
13396,69.0,59.0,1.0
13397,185.0,45.0,1.0
13398,182.0,554.0,1.0
13399,116.0,556.0,1.0
13400,117.0,410.0,1.0
13401,101.0,384.0,1.0
13402,17.0,47.0,1.0
13403,146.0,423.0,1.0
13404,116.0,121.0,1.0
13405,133.0,226.0,1.0
13406,3.0,156.0,1.0
13407,2.0,89.0,1.0
13408,185.0,35.0,1.0
13409,102.0,9.0,1.0
13410,149.0,431.0,1.0
13411,48.0,293.0,1.0
13412,178.0,256.0,1.0
13413,245.0,388.0,1.0
13414,7.0,235.0,1.0
13415,141.0,175.0,1.0
13416,177.0,172.0,1.0
13417,116.0,392.0,1.0
13418,108.0,62.0,1.0
13419,197.0,190.0,1.0
13420,130.0,177.0,1.0
13421,205.0,484.0,1.0
13422,158.0,531.0,1.0
13423,104.0,187.0,1.0
13424,130.0,491.0,1.0
13425,155.0,281.0,1.0
13426,65.0,146.0,1.0
13427,42.0,22.0,1.0
13428,15.0,50.0,1.0
13429,88.0,207.0,1.0
13430,117.0,66.0,1.0
13431,128.0,296.0,1.0
13432,121.0,40.0,1.0
13433,2.0,146.0,1.0
13434,19.0,157.0,1.0
13435,75.0,36.0,1.0
13436,262.0,57.0,1.0
13437,182.0,562.0,1.0
13438,72.0,48.0,1.0
13439,205.0,289.0,1.0
13440,172.0,496.0,1.0
13441,156.0,378.0,1.0
13442,74.0,32.0,1.0
13443,126.0,413.0,1.0
13444,260.0,117.0,1.0
13445,86.0,1.0,1.0
13446,125.0,336.0,1.0
13447,248.0,500.0,1.0
13448,149.0,476.0,1.0
13449,141.0,239.0,1.0
13450,11.0,290.0,1.0
13451,217.0,214.0,1.0
13452,130.0,427.0,1.0
13453,27.0,1.0,1.0
13454,108.0,434.0,1.0
13455,106.0,358.0,1.0
13456,32.0,136.0,1.0
13457,247.0,228.0,1.0
13458,248.0,446.0,1.0
13459,31.0,265.0,1.0
13460,153.0,216.0,1.0
13461,89.0,571.0,1.0
13462,73.0,178.0,1.0
13463,180.0,70.0,1.0
13464,102.0,575.0,1.0
13465,53.0,266.0,1.0
13466,90.0,225.0,1.0
13467,155.0,388.0,1.0
13468,170.0,384.0,1.0
13469,56.0,67.0,1.0
13470,13.0,335.0,1.0
13471,248.0,52.0,1.0
13472,53.0,216.0,1.0
13473,218.0,271.0,1.0
13474,223.0,95.0,1.0
13475,128.0,196.0,1.0
13476,265.0,253.0,1.0
13477,56.0,332.0,1.0
13478,13.0,330.0,1.0
13479,37.0,287.0,1.0
13480,102.0,443.0,1.0
13481,65.0,284.0,1.0
13482,88.0,195.0,1.0
13483,65.0,280.0,1.0
13484,13.0,184.0,1.0
13485,2.0,118.0,1.0
13486,30.0,210.0,1.0
13487,51.0,69.0,1.0
13488,262.0,226.0,1.0
13489,187.0,92.0,1.0
13490,266.0,185.0,1.0
13491,134.0,11.0,1.0
13492,104.0,196.0,1.0
13493,117.0,185.0,1.0
13494,220.0,323.0,1.0
13495,116.0,145.0,1.0
13496,264.0,50.0,1.0
13497,104.0,98.0,1.0
13498,201.0,47.0,1.0
13499,158.0,92.0,1.0
13500,45.0,197.0,1.0
13501,127.0,183.0,1.0
13502,267.0,273.0,1.0
13503,165.0,201.0,1.0
13504,87.0,26.0,1.0
13505,228.0,392.0,1.0
13506,10.0,178.0,1.0
13507,107.0,132.0,1.0
13508,129.0,470.0,1.0
13509,81.0,471.0,1.0
13510,44.0,47.0,1.0
13511,51.0,190.0,1.0
13512,108.0,205.0,1.0
13513,183.0,164.0,1.0
13514,17.0,186.0,1.0
13515,250.0,59.0,1.0
13516,234.0,348.0,1.0
13517,222.0,287.0,1.0
13518,172.0,91.0,1.0
13519,68.0,57.0,1.0
13520,119.0,126.0,1.0
13521,223.0,81.0,1.0
13522,250.0,190.0,1.0
13523,115.0,496.0,1.0
13524,150.0,50.0,1.0
13525,132.0,282.0,1.0
13526,74.0,236.0,1.0
13527,164.0,36.0,1.0
13528,81.0,18.0,1.0
13529,140.0,20.0,1.0
13530,81.0,194.0,1.0
13531,90.0,408.0,1.0
13532,90.0,58.0,1.0
13533,268.0,178.0,1.0
13534,256.0,505.0,1.0
13535,205.0,161.0,1.0
13536,116.0,441.0,1.0
13537,34.0,9.0,1.0
13538,21.0,124.0,1.0
13539,149.0,75.0,1.0
13540,182.0,172.0,1.0
13541,225.0,215.0,1.0
13542,78.0,415.0,1.0
13543,116.0,81.0,1.0
13544,114.0,420.0,1.0
13545,175.0,117.0,1.0
13546,57.0,194.0,1.0
13547,207.0,275.0,1.0
13548,138.0,287.0,1.0
13549,227.0,295.0,1.0
13550,266.0,191.0,1.0
13551,114.0,73.0,1.0
13552,166.0,451.0,1.0
13553,89.0,197.0,1.0
13554,106.0,179.0,1.0
13555,187.0,217.0,1.0
13556,211.0,245.0,1.0
13557,117.0,49.0,1.0
13558,145.0,95.0,1.0
13559,85.0,69.0,1.0
13560,116.0,76.0,1.0
13561,126.0,402.0,1.0
13562,94.0,280.0,1.0
13563,93.0,77.0,1.0
13564,257.0,38.0,1.0
13565,107.0,91.0,1.0
13566,200.0,196.0,1.0
13567,5.0,68.0,1.0
13568,65.0,338.0,1.0
13569,17.0,91.0,1.0
13570,144.0,89.0,1.0
13571,184.0,349.0,1.0
13572,78.0,586.0,1.0
13573,51.0,467.0,1.0
13574,65.0,69.0,1.0
13575,132.0,587.0,1.0
13576,189.0,44.0,1.0
13577,145.0,250.0,1.0
13578,5.0,188.0,1.0
13579,16.0,67.0,1.0
13580,205.0,526.0,1.0
13581,35.0,9.0,1.0
13582,99.0,227.0,1.0
13583,52.0,511.0,1.0
13584,97.0,330.0,1.0
13585,105.0,150.0,1.0
13586,197.0,164.0,1.0
13587,84.0,308.0,1.0
13588,82.0,442.0,1.0
13589,165.0,175.0,1.0
13590,202.0,31.0,1.0
13591,132.0,133.0,1.0
13592,57.0,260.0,1.0
13593,4.0,11.0,1.0
13594,229.0,126.0,1.0
13595,261.0,158.0,1.0
13596,67.0,51.0,1.0
13597,82.0,242.0,1.0
13598,8.0,156.0,1.0
13599,250.0,464.0,1.0
13600,242.0,95.0,1.0
13601,200.0,365.0,1.0
13602,105.0,36.0,1.0
13603,64.0,280.0,1.0
13604,175.0,174.0,1.0
13605,21.0,45.0,1.0
13606,121.0,33.0,1.0
13607,232.0,69.0,1.0
13608,65.0,245.0,1.0
13609,82.0,186.0,1.0
13610,84.0,579.0,1.0
13611,56.0,342.0,1.0
13612,96.0,127.0,1.0
13613,102.0,352.0,1.0
13614,132.0,191.0,1.0
13615,141.0,92.0,1.0
13616,122.0,95.0,1.0
13617,65.0,342.0,1.0
13618,165.0,91.0,1.0
13619,237.0,136.0,1.0
13620,34.0,300.0,1.0
13621,116.0,17.0,1.0
13622,45.0,84.0,1.0
13623,134.0,113.0,1.0
13624,156.0,91.0,1.0
13625,226.0,3.0,1.0
13626,130.0,289.0,1.0
13627,267.0,326.0,1.0
13628,35.0,300.0,1.0
13629,105.0,22.0,1.0
13630,26.0,89.0,1.0
13631,128.0,481.0,1.0
13632,183.0,216.0,1.0
13633,74.0,583.0,1.0
13634,115.0,104.0,1.0
13635,262.0,525.0,1.0
13636,127.0,532.0,1.0
13637,245.0,125.0,1.0
13638,33.0,113.0,1.0
13639,84.0,407.0,1.0
13640,156.0,241.0,1.0
13641,174.0,10.0,1.0
13642,236.0,134.0,1.0
13643,146.0,532.0,1.0
13644,226.0,400.0,1.0
13645,230.0,146.0,1.0
13646,219.0,186.0,1.0
13647,52.0,434.0,1.0
13648,64.0,180.0,1.0
13649,156.0,92.0,1.0
13650,178.0,36.0,1.0
13651,132.0,368.0,1.0
13652,191.0,54.0,1.0
13653,205.0,122.0,1.0
13654,107.0,79.0,1.0
13655,225.0,81.0,1.0
13656,115.0,202.0,1.0
13657,147.0,80.0,1.0
13658,93.0,117.0,1.0
13659,62.0,282.0,1.0
13660,168.0,195.0,1.0
13661,81.0,407.0,1.0
13662,98.0,143.0,1.0
13663,256.0,460.0,1.0
13664,82.0,455.0,1.0
13665,182.0,164.0,1.0
13666,158.0,374.0,1.0
13667,262.0,128.0,1.0
13668,145.0,279.0,1.0
13669,257.0,241.0,1.0
13670,150.0,101.0,1.0
13671,132.0,66.0,1.0
13672,104.0,165.0,1.0
13673,128.0,452.0,1.0
13674,147.0,125.0,1.0
13675,21.0,272.0,1.0
13676,42.0,59.0,1.0
13677,128.0,59.0,1.0
13678,100.0,15.0,1.0
13679,165.0,251.0,1.0
13680,31.0,66.0,1.0
13681,175.0,159.0,1.0
13682,235.0,480.0,1.0
13683,89.0,131.0,1.0
13684,130.0,229.0,1.0
13685,178.0,566.0,1.0
13686,77.0,295.0,1.0
13687,250.0,509.0,1.0
13688,67.0,165.0,1.0
13689,143.0,436.0,1.0
13690,147.0,190.0,1.0
13691,51.0,81.0,1.0
13692,26.0,150.0,1.0
13693,251.0,73.0,1.0
13694,86.0,111.0,1.0
13695,82.0,251.0,1.0
13696,149.0,119.0,1.0
13697,233.0,147.0,1.0
13698,229.0,77.0,1.0
13699,78.0,286.0,1.0
13700,223.0,335.0,1.0
13701,32.0,45.0,1.0
13702,56.0,453.0,1.0
13703,22.0,90.0,1.0
13704,81.0,38.0,1.0
13705,134.0,97.0,1.0
13706,224.0,416.0,1.0
13707,226.0,407.0,1.0
13708,42.0,401.0,1.0
13709,67.0,215.0,1.0
13710,177.0,282.0,1.0
13711,177.0,18.0,1.0
13712,128.0,161.0,1.0
13713,53.0,386.0,1.0
13714,3.0,163.0,1.0
13715,145.0,285.0,1.0
13716,181.0,97.0,1.0
13717,256.0,396.0,1.0
13718,75.0,327.0,1.0
13719,31.0,351.0,1.0
13720,5.0,187.0,1.0
13721,97.0,111.0,1.0
13722,44.0,53.0,1.0
13723,223.0,510.0,1.0
13724,196.0,515.0,1.0
13725,56.0,387.0,1.0
13726,153.0,257.0,1.0
13727,86.0,33.0,1.0
13728,39.0,290.0,1.0
13729,208.0,229.0,1.0
13730,205.0,241.0,1.0
13731,132.0,356.0,1.0
13732,141.0,58.0,1.0
13733,164.0,436.0,1.0
13734,256.0,202.0,1.0
13735,138.0,105.0,1.0
13736,64.0,314.0,1.0
13737,128.0,126.0,1.0
13738,203.0,99.0,1.0
13739,16.0,372.0,1.0
13740,199.0,535.0,1.0
13741,147.0,147.0,1.0
13742,155.0,59.0,1.0
13743,67.0,97.0,1.0
13744,245.0,310.0,1.0
13745,16.0,72.0,1.0
13746,56.0,426.0,1.0
13747,127.0,194.0,1.0
13748,26.0,354.0,1.0
13749,52.0,91.0,1.0
13750,94.0,31.0,1.0
13751,156.0,360.0,1.0
13752,218.0,181.0,1.0
13753,203.0,158.0,1.0
13754,127.0,104.0,1.0
13755,112.0,420.0,1.0
13756,8.0,238.0,1.0
13757,110.0,95.0,1.0
13758,228.0,175.0,1.0
13759,30.0,40.0,1.0
13760,9.0,27.0,1.0
13761,149.0,270.0,1.0
13762,81.0,236.0,1.0
13763,130.0,235.0,1.0
13764,82.0,574.0,1.0
13765,146.0,217.0,1.0
13766,32.0,73.0,1.0
13767,2.0,100.0,1.0
13768,84.0,211.0,1.0
13769,256.0,558.0,1.0
13770,81.0,196.0,1.0
13771,135.0,66.0,1.0
13772,98.0,133.0,1.0
13773,209.0,89.0,1.0
13774,214.0,24.0,1.0
13775,124.0,146.0,1.0
13776,100.0,219.0,1.0
13777,189.0,100.0,1.0
13778,182.0,514.0,1.0
13779,86.0,66.0,1.0
13780,214.0,107.0,1.0
13781,78.0,133.0,1.0
13782,44.0,257.0,1.0
13783,149.0,122.0,1.0
13784,96.0,539.0,1.0
13785,116.0,357.0,1.0
13786,37.0,460.0,1.0
13787,32.0,111.0,1.0
13788,188.0,1.0,1.0
13789,262.0,120.0,1.0
13790,182.0,59.0,1.0
13791,241.0,343.0,1.0
13792,17.0,126.0,1.0
13793,60.0,391.0,1.0
13794,225.0,263.0,1.0
13795,227.0,66.0,1.0
13796,141.0,354.0,1.0
13797,91.0,176.0,1.0
13798,225.0,16.0,1.0
13799,242.0,35.0,1.0
13800,115.0,190.0,1.0
13801,85.0,89.0,1.0
13802,86.0,315.0,1.0
13803,65.0,534.0,1.0
13804,46.0,206.0,1.0
13805,219.0,394.0,1.0
13806,193.0,241.0,1.0
13807,86.0,125.0,1.0
13808,262.0,281.0,1.0
13809,117.0,214.0,1.0
13810,193.0,503.0,1.0
13811,123.0,223.0,1.0
13812,266.0,131.0,1.0
13813,1.0,86.0,1.0
13814,148.0,472.0,1.0
13815,257.0,59.0,1.0
13816,223.0,125.0,1.0
13817,158.0,428.0,1.0
13818,60.0,310.0,1.0
13819,235.0,235.0,1.0
13820,3.0,150.0,1.0
13821,256.0,391.0,1.0
13822,106.0,587.0,1.0
13823,56.0,130.0,1.0
13824,178.0,84.0,1.0
13825,141.0,85.0,1.0
13826,104.0,220.0,1.0
13827,223.0,352.0,1.0
13828,167.0,136.0,1.0
13829,96.0,92.0,1.0
13830,256.0,401.0,1.0
13831,9.0,44.0,1.0
13832,69.0,356.0,1.0
13833,261.0,300.0,1.0
13834,191.0,443.0,1.0
13835,82.0,62.0,1.0
13836,75.0,218.0,1.0
13837,69.0,570.0,1.0
13838,257.0,124.0,1.0
13839,102.0,64.0,1.0
13840,79.0,205.0,1.0
13841,187.0,104.0,1.0
13842,15.0,172.0,1.0
13843,136.0,223.0,1.0
13844,9.0,269.0,1.0
13845,197.0,151.0,1.0
13846,256.0,420.0,1.0
13847,112.0,218.0,1.0
13848,226.0,274.0,1.0
13849,56.0,326.0,1.0
13850,47.0,62.0,1.0
13851,102.0,145.0,1.0
13852,65.0,11.0,1.0
13853,183.0,264.0,1.0
13854,42.0,103.0,1.0
13855,44.0,477.0,1.0
13856,226.0,50.0,1.0
13857,183.0,361.0,1.0
13858,84.0,260.0,1.0
13859,144.0,232.0,1.0
13860,104.0,137.0,1.0
13861,195.0,27.0,1.0
13862,136.0,371.0,1.0
13863,115.0,143.0,1.0
13864,234.0,571.0,1.0
13865,119.0,230.0,1.0
13866,123.0,395.0,1.0
13867,81.0,415.0,1.0
13868,227.0,309.0,1.0
13869,222.0,38.0,1.0
13870,226.0,529.0,1.0
13871,178.0,220.0,1.0
13872,141.0,416.0,1.0
13873,226.0,303.0,1.0
13874,197.0,64.0,1.0
13875,156.0,352.0,1.0
13876,168.0,127.0,1.0
13877,199.0,574.0,1.0
13878,161.0,112.0,1.0
13879,95.0,121.0,1.0
13880,185.0,103.0,1.0
13881,125.0,143.0,1.0
13882,146.0,226.0,1.0
13883,99.0,542.0,1.0
13884,261.0,141.0,1.0
13885,144.0,87.0,1.0
13886,117.0,47.0,1.0
13887,129.0,220.0,1.0
13888,175.0,220.0,1.0
13889,35.0,143.0,1.0
13890,29.0,55.0,1.0
13891,268.0,47.0,1.0
13892,45.0,35.0,1.0
13893,148.0,245.0,1.0
13894,248.0,74.0,1.0
13895,185.0,563.0,1.0
13896,159.0,122.0,1.0
13897,59.0,416.0,1.0
13898,127.0,426.0,1.0
13899,106.0,386.0,1.0
13900,259.0,31.0,1.0
13901,156.0,534.0,1.0
13902,147.0,11.0,1.0
13903,113.0,134.0,1.0
13904,163.0,84.0,1.0
13905,164.0,14.0,1.0
13906,177.0,77.0,1.0
13907,90.0,141.0,1.0
13908,29.0,52.0,1.0
13909,149.0,99.0,1.0
13910,117.0,367.0,1.0
13911,182.0,122.0,1.0
13912,84.0,282.0,1.0
13913,126.0,95.0,1.0
13914,37.0,220.0,1.0
13915,35.0,154.0,1.0
13916,127.0,378.0,1.0
13917,64.0,301.0,1.0
13918,91.0,47.0,1.0
13919,149.0,87.0,1.0
13920,223.0,276.0,1.0
13921,13.0,164.0,1.0
13922,183.0,397.0,1.0
13923,103.0,64.0,1.0
13924,153.0,376.0,1.0
13925,224.0,141.0,1.0
13926,144.0,121.0,1.0
13927,251.0,408.0,1.0
13928,60.0,100.0,1.0
13929,193.0,221.0,1.0
13930,132.0,454.0,1.0
13931,89.0,185.0,1.0
13932,16.0,365.0,1.0
13933,152.0,20.0,1.0
13934,216.0,116.0,1.0
13935,65.0,206.0,1.0
13936,228.0,186.0,1.0
13937,262.0,122.0,1.0
13938,194.0,64.0,1.0
13939,259.0,410.0,1.0
13940,121.0,241.0,1.0
13941,266.0,190.0,1.0
13942,153.0,267.0,1.0
13943,103.0,194.0,1.0
13944,90.0,196.0,1.0
13945,190.0,219.0,1.0
13946,60.0,97.0,1.0
13947,65.0,234.0,1.0
13948,207.0,320.0,1.0
13949,139.0,398.0,1.0
13950,175.0,256.0,1.0
13951,168.0,50.0,1.0
13952,126.0,193.0,1.0
13953,205.0,532.0,1.0
13954,57.0,171.0,1.0
13955,217.0,217.0,1.0
13956,37.0,59.0,1.0
13957,177.0,100.0,1.0
13958,69.0,57.0,1.0
13959,211.0,204.0,1.0
13960,160.0,103.0,1.0
13961,136.0,24.0,1.0
13962,207.0,516.0,1.0
13963,150.0,429.0,1.0
13964,178.0,547.0,1.0
13965,35.0,226.0,1.0
13966,145.0,213.0,1.0
13967,160.0,160.0,1.0
13968,91.0,488.0,1.0
13969,127.0,159.0,1.0
13970,223.0,99.0,1.0
13971,168.0,273.0,1.0
13972,70.0,433.0,1.0
13973,4.0,176.0,1.0
13974,58.0,289.0,1.0
13975,11.0,300.0,1.0
13976,10.0,305.0,1.0
13977,133.0,220.0,1.0
13978,225.0,342.0,1.0
13979,3.0,134.0,1.0
13980,9.0,89.0,1.0
13981,51.0,337.0,1.0
13982,1.0,79.0,1.0
13983,256.0,214.0,1.0
13984,251.0,91.0,1.0
13985,234.0,337.0,1.0
13986,24.0,317.0,1.0
13987,2.0,125.0,1.0
13988,17.0,31.0,1.0
13989,156.0,553.0,1.0
13990,164.0,204.0,1.0
13991,165.0,185.0,1.0
13992,120.0,146.0,1.0
13993,84.0,39.0,1.0
13994,56.0,43.0,1.0
13995,82.0,58.0,1.0
13996,22.0,133.0,1.0
13997,160.0,109.0,1.0
13998,57.0,277.0,1.0
13999,178.0,8.0,1.0
14000,82.0,317.0,1.0
14001,82.0,15.0,1.0
14002,79.0,413.0,1.0
14003,113.0,348.0,1.0
14004,64.0,110.0,1.0
14005,9.0,47.0,1.0
14006,259.0,133.0,1.0
14007,19.0,143.0,1.0
14008,128.0,143.0,1.0
14009,158.0,569.0,1.0
14010,65.0,125.0,1.0
14011,259.0,415.0,1.0
14012,207.0,298.0,1.0
14013,68.0,386.0,1.0
14014,196.0,92.0,1.0
14015,230.0,400.0,1.0
14016,51.0,194.0,1.0
14017,99.0,59.0,1.0
14018,115.0,89.0,1.0
14019,223.0,217.0,1.0
14020,258.0,358.0,1.0
14021,57.0,75.0,1.0
14022,178.0,374.0,1.0
14023,106.0,243.0,1.0
14024,75.0,268.0,1.0
14025,229.0,500.0,1.0
14026,129.0,213.0,1.0
14027,103.0,38.0,1.0
14028,175.0,493.0,1.0
14029,105.0,44.0,1.0
14030,210.0,111.0,1.0
14031,108.0,480.0,1.0
14032,224.0,44.0,1.0
14033,149.0,519.0,1.0
14034,12.0,225.0,1.0
14035,19.0,146.0,1.0
14036,232.0,37.0,1.0
14037,65.0,320.0,1.0
14038,79.0,9.0,1.0
14039,205.0,235.0,1.0
14040,96.0,214.0,1.0
14041,202.0,496.0,1.0
14042,83.0,517.0,1.0
14043,179.0,382.0,1.0
14044,183.0,215.0,1.0
14045,137.0,10.0,1.0
14046,114.0,495.0,1.0
14047,189.0,94.0,1.0
14048,251.0,134.0,1.0
14049,228.0,437.0,1.0
14050,88.0,125.0,1.0
14051,48.0,201.0,1.0
14052,84.0,294.0,1.0
14053,145.0,137.0,1.0
14054,33.0,124.0,1.0
14055,96.0,95.0,1.0
14056,88.0,14.0,1.0
14057,251.0,150.0,1.0
14058,123.0,110.0,1.0
14059,141.0,573.0,1.0
14060,150.0,332.0,1.0
14061,119.0,379.0,1.0
14062,74.0,194.0,1.0
14063,64.0,429.0,1.0
14064,224.0,25.0,1.0
14065,218.0,89.0,1.0
14066,32.0,396.0,1.0
14067,248.0,125.0,1.0
14068,218.0,58.0,1.0
14069,64.0,217.0,1.0
14070,230.0,186.0,1.0
14071,222.0,215.0,1.0
14072,132.0,95.0,1.0
14073,165.0,375.0,1.0
14074,43.0,97.0,1.0
14075,208.0,31.0,1.0
14076,56.0,120.0,1.0
14077,90.0,35.0,1.0
14078,185.0,276.0,1.0
14079,129.0,47.0,1.0
14080,224.0,1.0,1.0
14081,165.0,349.0,1.0
14082,132.0,344.0,1.0
14083,47.0,309.0,1.0
14084,213.0,220.0,1.0
14085,164.0,382.0,1.0
14086,162.0,40.0,1.0
14087,205.0,538.0,1.0
14088,87.0,7.0,1.0
14089,165.0,132.0,1.0
14090,179.0,378.0,1.0
14091,256.0,83.0,1.0
14092,256.0,464.0,1.0
14093,262.0,334.0,1.0
14094,82.0,153.0,1.0
14095,71.0,39.0,1.0
14096,137.0,571.0,1.0
14097,149.0,280.0,1.0
14098,94.0,451.0,1.0
14099,16.0,306.0,1.0
14100,26.0,122.0,1.0
14101,116.0,144.0,1.0
14102,87.0,294.0,1.0
14103,29.0,11.0,1.0
14104,226.0,102.0,1.0
14105,224.0,104.0,1.0
14106,150.0,38.0,1.0
14107,177.0,424.0,1.0
14108,49.0,12.0,1.0
14109,84.0,87.0,1.0
14110,10.0,128.0,1.0
14111,75.0,220.0,1.0
14112,82.0,32.0,1.0
14113,211.0,128.0,1.0
14114,81.0,279.0,1.0
14115,267.0,38.0,1.0
14116,85.0,184.0,1.0
14117,109.0,252.0,1.0
14118,86.0,373.0,1.0
14119,165.0,9.0,1.0
14120,176.0,126.0,1.0
14121,56.0,88.0,1.0
14122,208.0,159.0,1.0
14123,183.0,83.0,1.0
14124,105.0,192.0,1.0
14125,238.0,62.0,1.0
14126,136.0,234.0,1.0
14127,178.0,460.0,1.0
14128,72.0,164.0,1.0
14129,232.0,247.0,1.0
14130,60.0,205.0,1.0
14131,97.0,410.0,1.0
14132,107.0,7.0,1.0
14133,214.0,286.0,1.0
14134,79.0,201.0,1.0
14135,37.0,9.0,1.0
14136,191.0,102.0,1.0
14137,225.0,246.0,1.0
14138,52.0,410.0,1.0
14139,56.0,27.0,1.0
14140,264.0,124.0,1.0
14141,253.0,86.0,1.0
14142,57.0,343.0,1.0
14143,63.0,393.0,1.0
14144,99.0,552.0,1.0
14145,106.0,80.0,1.0
14146,64.0,66.0,1.0
14147,147.0,170.0,1.0
14148,129.0,33.0,1.0
14149,69.0,257.0,1.0
14150,58.0,22.0,1.0
14151,103.0,215.0,1.0
14152,175.0,485.0,1.0
14153,53.0,89.0,1.0
14154,188.0,126.0,1.0
14155,178.0,91.0,1.0
14156,212.0,219.0,1.0
14157,49.0,505.0,1.0
14158,1.0,64.0,1.0
14159,118.0,400.0,1.0
14160,82.0,151.0,1.0
14161,75.0,342.0,1.0
14162,262.0,300.0,1.0
14163,87.0,70.0,1.0
14164,199.0,222.0,1.0
14165,105.0,251.0,1.0
14166,22.0,58.0,1.0
14167,154.0,103.0,1.0
14168,256.0,241.0,1.0
14169,266.0,100.0,1.0
14170,178.0,37.0,1.0
14171,135.0,117.0,1.0
14172,266.0,373.0,1.0
14173,161.0,374.0,1.0
14174,184.0,327.0,1.0
14175,79.0,138.0,1.0
14176,75.0,50.0,1.0
14177,176.0,90.0,1.0
14178,77.0,282.0,1.0
14179,208.0,116.0,1.0
14180,162.0,139.0,1.0
14181,87.0,305.0,1.0
14182,3.0,152.0,1.0
14183,71.0,530.0,1.0
14184,183.0,327.0,1.0
14185,69.0,94.0,1.0
14186,81.0,7.0,1.0
14187,110.0,44.0,1.0
14188,78.0,63.0,1.0
14189,247.0,72.0,1.0
14190,259.0,404.0,1.0
14191,249.0,152.0,1.0
14192,218.0,251.0,1.0
14193,1.0,38.0,1.0
14194,65.0,186.0,1.0
14195,82.0,389.0,1.0
14196,84.0,426.0,1.0
14197,82.0,243.0,1.0
14198,132.0,219.0,1.0
14199,228.0,22.0,1.0
14200,70.0,469.0,1.0
14201,185.0,384.0,1.0
14202,182.0,269.0,1.0
14203,217.0,190.0,1.0
14204,121.0,160.0,1.0
14205,256.0,49.0,1.0
14206,13.0,121.0,1.0
14207,94.0,523.0,1.0
14208,251.0,114.0,1.0
14209,250.0,422.0,1.0
14210,177.0,38.0,1.0
14211,218.0,305.0,1.0
14212,195.0,489.0,1.0
14213,164.0,196.0,1.0
14214,62.0,477.0,1.0
14215,229.0,319.0,1.0
14216,136.0,89.0,1.0
14217,3.0,166.0,1.0
14218,39.0,51.0,1.0
14219,183.0,459.0,1.0
14220,51.0,520.0,1.0
14221,92.0,524.0,1.0
14222,87.0,308.0,1.0
14223,160.0,79.0,1.0
14224,234.0,92.0,1.0
14225,102.0,345.0,1.0
14226,210.0,383.0,1.0
14227,147.0,567.0,1.0
14228,194.0,247.0,1.0
14229,256.0,86.0,1.0
14230,65.0,504.0,1.0
14231,182.0,11.0,1.0
14232,142.0,95.0,1.0
14233,89.0,264.0,1.0
14234,72.0,121.0,1.0
14235,117.0,231.0,1.0
14236,104.0,134.0,1.0
14237,203.0,508.0,1.0
14238,182.0,441.0,1.0
14239,81.0,473.0,1.0
14240,170.0,213.0,1.0
14241,228.0,136.0,1.0
14242,17.0,185.0,1.0
14243,64.0,58.0,1.0
14244,223.0,532.0,1.0
14245,130.0,360.0,1.0
14246,64.0,125.0,1.0
14247,241.0,120.0,1.0
14248,98.0,582.0,1.0
14249,160.0,150.0,1.0
14250,136.0,81.0,1.0
14251,39.0,191.0,1.0
14252,34.0,415.0,1.0
14253,48.0,196.0,1.0
14254,50.0,66.0,1.0
14255,86.0,119.0,1.0
14256,239.0,266.0,1.0
14257,64.0,9.0,1.0
14258,62.0,191.0,1.0
14259,174.0,148.0,1.0
14260,97.0,253.0,1.0
14261,149.0,216.0,1.0
14262,147.0,490.0,1.0
14263,237.0,111.0,1.0
14264,158.0,186.0,1.0
14265,82.0,47.0,1.0
14266,116.0,369.0,1.0
14267,178.0,209.0,1.0
14268,184.0,90.0,1.0
14269,260.0,205.0,1.0
14270,114.0,364.0,1.0
14271,82.0,2.0,1.0
14272,10.0,298.0,1.0
14273,209.0,485.0,1.0
14274,175.0,183.0,1.0
14275,105.0,249.0,1.0
14276,250.0,218.0,1.0
14277,114.0,271.0,1.0
14278,13.0,122.0,1.0
14279,175.0,419.0,1.0
14280,44.0,482.0,1.0
14281,50.0,420.0,1.0
14282,116.0,89.0,1.0
14283,74.0,46.0,1.0
14284,218.0,228.0,1.0
14285,56.0,259.0,1.0
14286,60.0,385.0,1.0
14287,245.0,11.0,1.0
14288,155.0,219.0,1.0
14289,93.0,104.0,1.0
14290,183.0,95.0,1.0
14291,250.0,121.0,1.0
14292,115.0,398.0,1.0
14293,132.0,127.0,1.0
14294,107.0,5.0,1.0
14295,203.0,67.0,1.0
14296,178.0,397.0,1.0
14297,72.0,241.0,1.0
14298,200.0,556.0,1.0
14299,1.0,80.0,1.0
14300,162.0,227.0,1.0
14301,10.0,208.0,1.0
14302,143.0,496.0,1.0
14303,51.0,525.0,1.0
14304,189.0,522.0,1.0
14305,116.0,69.0,1.0
14306,17.0,398.0,1.0
14307,57.0,420.0,1.0
14308,250.0,186.0,1.0
14309,203.0,366.0,1.0
14310,44.0,178.0,1.0
14311,82.0,421.0,1.0
14312,51.0,214.0,1.0
14313,130.0,426.0,1.0
14314,178.0,351.0,1.0
14315,52.0,399.0,1.0
14316,51.0,108.0,1.0
14317,44.0,235.0,1.0
14318,101.0,530.0,1.0
14319,161.0,10.0,1.0
14320,210.0,205.0,1.0
14321,51.0,215.0,1.0
14322,60.0,467.0,1.0
14323,180.0,68.0,1.0
14324,151.0,111.0,1.0
14325,224.0,43.0,1.0
14326,123.0,77.0,1.0
14327,210.0,180.0,1.0
14328,50.0,253.0,1.0
14329,57.0,7.0,1.0
14330,175.0,400.0,1.0
14331,58.0,518.0,1.0
14332,81.0,64.0,1.0
14333,69.0,419.0,1.0
14334,183.0,17.0,1.0
14335,146.0,130.0,1.0
14336,178.0,507.0,1.0
14337,51.0,7.0,1.0
14338,51.0,501.0,1.0
14339,92.0,146.0,1.0
14340,117.0,248.0,1.0
14341,150.0,279.0,1.0
14342,188.0,100.0,1.0
14343,189.0,192.0,1.0
14344,14.0,297.0,1.0
14345,148.0,257.0,1.0
14346,165.0,177.0,1.0
14347,200.0,51.0,1.0
14348,17.0,127.0,1.0
14349,229.0,459.0,1.0
14350,206.0,116.0,1.0
14351,211.0,500.0,1.0
14352,251.0,90.0,1.0
14353,79.0,230.0,1.0
14354,163.0,47.0,1.0
14355,229.0,57.0,1.0
14356,203.0,478.0,1.0
14357,196.0,328.0,1.0
14358,205.0,27.0,1.0
14359,147.0,410.0,1.0
14360,155.0,24.0,1.0
14361,211.0,125.0,1.0
14362,192.0,216.0,1.0
14363,57.0,488.0,1.0
14364,86.0,138.0,1.0
14365,129.0,120.0,1.0
14366,178.0,200.0,1.0
14367,115.0,575.0,1.0
14368,109.0,206.0,1.0
14369,181.0,59.0,1.0
14370,226.0,238.0,1.0
14371,1.0,18.0,1.0
14372,178.0,387.0,1.0
14373,105.0,273.0,1.0
14374,183.0,19.0,1.0
14375,126.0,39.0,1.0
14376,52.0,252.0,1.0
14377,224.0,0.0,1.0
14378,17.0,10.0,1.0
14379,81.0,311.0,1.0
14380,85.0,226.0,1.0
14381,139.0,230.0,1.0
14382,237.0,106.0,1.0
14383,5.0,218.0,1.0
14384,165.0,97.0,1.0
14385,13.0,334.0,1.0
14386,114.0,18.0,1.0
14387,117.0,186.0,1.0
14388,172.0,352.0,1.0
14389,212.0,221.0,1.0
14390,175.0,11.0,1.0
14391,147.0,337.0,1.0
14392,156.0,66.0,1.0
14393,101.0,81.0,1.0
14394,218.0,365.0,1.0
14395,81.0,466.0,1.0
14396,130.0,430.0,1.0
14397,156.0,124.0,1.0
14398,147.0,88.0,1.0
14399,144.0,207.0,1.0
14400,172.0,84.0,1.0
14401,182.0,340.0,1.0
14402,87.0,276.0,1.0
14403,137.0,11.0,1.0
14404,136.0,126.0,1.0
14405,81.0,378.0,1.0
14406,5.0,103.0,1.0
14407,148.0,201.0,1.0
14408,245.0,201.0,1.0
14409,167.0,36.0,1.0
14410,94.0,233.0,1.0
14411,104.0,272.0,1.0
14412,160.0,350.0,1.0
14413,175.0,180.0,1.0
14414,56.0,294.0,1.0
14415,189.0,597.0,1.0
14416,263.0,294.0,1.0
14417,256.0,145.0,1.0
14418,188.0,136.0,1.0
14419,259.0,132.0,1.0
14420,64.0,294.0,1.0
14421,13.0,256.0,1.0
14422,156.0,192.0,1.0
14423,97.0,222.0,1.0
14424,162.0,208.0,1.0
14425,14.0,243.0,1.0
14426,133.0,31.0,1.0
14427,129.0,466.0,1.0
14428,87.0,354.0,1.0
14429,31.0,449.0,1.0
14430,75.0,24.0,1.0
14431,53.0,278.0,1.0
14432,174.0,447.0,1.0
14433,9.0,124.0,1.0
14434,188.0,137.0,1.0
14435,56.0,357.0,1.0
14436,119.0,534.0,1.0
14437,113.0,221.0,1.0
14438,129.0,464.0,1.0
14439,225.0,51.0,1.0
14440,74.0,202.0,1.0
14441,212.0,416.0,1.0
14442,164.0,453.0,1.0
14443,82.0,448.0,1.0
14444,147.0,593.0,1.0
14445,44.0,398.0,1.0
14446,223.0,566.0,1.0
14447,209.0,168.0,1.0
14448,223.0,332.0,1.0
14449,65.0,218.0,1.0
14450,219.0,148.0,1.0
14451,232.0,62.0,1.0
14452,39.0,393.0,1.0
14453,208.0,432.0,1.0
14454,132.0,7.0,1.0
14455,49.0,412.0,1.0
14456,82.0,20.0,1.0
14457,209.0,35.0,1.0
14458,91.0,105.0,1.0
14459,17.0,392.0,1.0
14460,72.0,256.0,1.0
14461,43.0,429.0,1.0
14462,209.0,299.0,1.0
14463,244.0,55.0,1.0
14464,122.0,61.0,1.0
14465,266.0,95.0,1.0
14466,130.0,77.0,1.0
14467,244.0,251.0,1.0
14468,87.0,258.0,1.0
14469,74.0,269.0,1.0
14470,49.0,219.0,1.0
14471,138.0,346.0,1.0
14472,223.0,543.0,1.0
14473,10.0,299.0,1.0
14474,132.0,69.0,1.0
14475,234.0,410.0,1.0
14476,94.0,493.0,1.0
14477,74.0,192.0,1.0
14478,18.0,76.0,1.0
14479,163.0,100.0,1.0
14480,128.0,222.0,1.0
14481,64.0,455.0,1.0
14482,105.0,74.0,1.0
14483,117.0,223.0,1.0
14484,224.0,4.0,1.0
14485,261.0,152.0,1.0
14486,71.0,378.0,1.0
14487,185.0,59.0,1.0
14488,87.0,215.0,1.0
14489,114.0,74.0,1.0
14490,102.0,263.0,1.0
14491,259.0,117.0,1.0
14492,220.0,190.0,1.0
14493,108.0,133.0,1.0
14494,77.0,385.0,1.0
14495,226.0,146.0,1.0
14496,234.0,117.0,1.0
14497,164.0,252.0,1.0
14498,186.0,131.0,1.0
14499,31.0,73.0,1.0
14500,31.0,46.0,1.0
14501,51.0,523.0,1.0
14502,74.0,472.0,1.0
14503,85.0,493.0,1.0
14504,52.0,416.0,1.0
14505,189.0,145.0,1.0
14506,162.0,287.0,1.0
14507,40.0,293.0,1.0
14508,35.0,457.0,1.0
14509,116.0,285.0,1.0
14510,218.0,37.0,1.0
14511,44.0,111.0,1.0
14512,17.0,321.0,1.0
14513,45.0,238.0,1.0
14514,203.0,159.0,1.0
14515,87.0,381.0,1.0
14516,126.0,389.0,1.0
14517,89.0,92.0,1.0
14518,158.0,111.0,1.0
14519,182.0,203.0,1.0
14520,101.0,407.0,1.0
14521,116.0,302.0,1.0
14522,53.0,84.0,1.0
14523,89.0,71.0,1.0
14524,115.0,374.0,1.0
14525,160.0,9.0,1.0
14526,168.0,382.0,1.0
14527,189.0,131.0,1.0
14528,52.0,189.0,1.0
14529,149.0,547.0,1.0
14530,117.0,516.0,1.0
14531,238.0,11.0,1.0
14532,84.0,230.0,1.0
14533,5.0,206.0,1.0
14534,234.0,33.0,1.0
14535,46.0,47.0,1.0
14536,230.0,482.0,1.0
14537,168.0,129.0,1.0
14538,52.0,104.0,1.0
14539,116.0,498.0,1.0
14540,150.0,403.0,1.0
14541,103.0,89.0,1.0
14542,58.0,103.0,1.0
14543,35.0,183.0,1.0
14544,164.0,417.0,1.0
14545,136.0,197.0,1.0
14546,243.0,55.0,1.0
14547,218.0,439.0,1.0
14548,150.0,153.0,1.0
14549,130.0,44.0,1.0
14550,119.0,186.0,1.0
14551,262.0,293.0,1.0
14552,180.0,351.0,1.0
14553,149.0,380.0,1.0
14554,178.0,12.0,1.0
14555,152.0,146.0,1.0
14556,223.0,61.0,1.0
14557,223.0,32.0,1.0
14558,262.0,134.0,1.0
14559,67.0,485.0,1.0
14560,50.0,507.0,1.0
14561,84.0,194.0,1.0
14562,199.0,424.0,1.0
14563,124.0,166.0,1.0
14564,266.0,393.0,1.0
14565,75.0,527.0,1.0
14566,148.0,125.0,1.0
14567,201.0,10.0,1.0
14568,158.0,7.0,1.0
14569,178.0,201.0,1.0
14570,52.0,398.0,1.0
14571,64.0,386.0,1.0
14572,60.0,217.0,1.0
14573,82.0,173.0,1.0
14574,189.0,159.0,1.0
14575,82.0,125.0,1.0
14576,155.0,124.0,1.0
14577,252.0,344.0,1.0
14578,121.0,147.0,1.0
14579,68.0,92.0,1.0
14580,259.0,406.0,1.0
14581,81.0,112.0,1.0
14582,79.0,227.0,1.0
14583,182.0,101.0,1.0
14584,193.0,343.0,1.0
14585,223.0,314.0,1.0
14586,211.0,147.0,1.0
14587,145.0,358.0,1.0
14588,87.0,545.0,1.0
14589,248.0,85.0,1.0
14590,139.0,10.0,1.0
14591,64.0,260.0,1.0
14592,5.0,193.0,1.0
14593,179.0,413.0,1.0
14594,60.0,277.0,1.0
14595,114.0,593.0,1.0
14596,226.0,120.0,1.0
14597,9.0,245.0,1.0
14598,17.0,89.0,1.0
14599,222.0,226.0,1.0
14600,52.0,148.0,1.0
14601,116.0,511.0,1.0
14602,229.0,67.0,1.0
14603,60.0,126.0,1.0
14604,108.0,535.0,1.0
14605,65.0,570.0,1.0
14606,182.0,537.0,1.0
14607,175.0,188.0,1.0
14608,150.0,320.0,1.0
14609,239.0,195.0,1.0
14610,84.0,28.0,1.0
14611,145.0,53.0,1.0
14612,218.0,59.0,1.0
14613,164.0,289.0,1.0
14614,102.0,85.0,1.0
14615,132.0,132.0,1.0
14616,135.0,315.0,1.0
14617,114.0,88.0,1.0
14618,130.0,263.0,1.0
14619,101.0,33.0,1.0
14620,56.0,187.0,1.0
14621,231.0,242.0,1.0
14622,69.0,14.0,1.0
14623,74.0,511.0,1.0
14624,134.0,459.0,1.0
14625,123.0,179.0,1.0
14626,160.0,113.0,1.0
14627,209.0,343.0,1.0
14628,75.0,135.0,1.0
14629,193.0,50.0,1.0
14630,160.0,379.0,1.0
14631,83.0,68.0,1.0
14632,141.0,378.0,1.0
14633,109.0,372.0,1.0
14634,249.0,181.0,1.0
14635,202.0,10.0,1.0
14636,90.0,533.0,1.0
14637,82.0,470.0,1.0
14638,185.0,97.0,1.0
14639,258.0,24.0,1.0
14640,178.0,38.0,1.0
14641,194.0,570.0,1.0
14642,75.0,259.0,1.0
14643,84.0,61.0,1.0
14644,81.0,368.0,1.0
14645,60.0,225.0,1.0
14646,135.0,87.0,1.0
14647,42.0,409.0,1.0
14648,264.0,422.0,1.0
14649,23.0,122.0,1.0
14650,65.0,324.0,1.0
14651,71.0,104.0,1.0
14652,202.0,508.0,1.0
14653,200.0,554.0,1.0
14654,185.0,343.0,1.0
14655,105.0,233.0,1.0
14656,20.0,111.0,1.0
14657,256.0,571.0,1.0
14658,162.0,57.0,1.0
14659,44.0,22.0,1.0
14660,207.0,67.0,1.0
14661,16.0,18.0,1.0
14662,117.0,583.0,1.0
14663,147.0,480.0,1.0
14664,73.0,156.0,1.0
14665,232.0,81.0,1.0
14666,127.0,36.0,1.0
14667,9.0,271.0,1.0
14668,206.0,111.0,1.0
14669,56.0,298.0,1.0
14670,230.0,582.0,1.0
14671,156.0,400.0,1.0
14672,100.0,398.0,1.0
14673,242.0,146.0,1.0
14674,223.0,588.0,1.0
14675,207.0,162.0,1.0
14676,133.0,133.0,1.0
14677,141.0,313.0,1.0
14678,211.0,280.0,1.0
14679,32.0,157.0,1.0
14680,75.0,7.0,1.0
14681,236.0,111.0,1.0
14682,187.0,203.0,1.0
14683,30.0,149.0,1.0
14684,148.0,251.0,1.0
14685,150.0,21.0,1.0
14686,183.0,321.0,1.0
14687,199.0,226.0,1.0
14688,119.0,185.0,1.0
14689,248.0,72.0,1.0
14690,219.0,378.0,1.0
14691,42.0,11.0,1.0
14692,178.0,388.0,1.0
14693,217.0,195.0,1.0
14694,258.0,66.0,1.0
14695,193.0,181.0,1.0
14696,45.0,496.0,1.0
14697,53.0,410.0,1.0
14698,17.0,74.0,1.0
14699,231.0,89.0,1.0
14700,104.0,81.0,1.0
14701,113.0,369.0,1.0
14702,107.0,211.0,1.0
14703,124.0,168.0,1.0
14704,82.0,240.0,1.0
14705,53.0,204.0,1.0
14706,143.0,234.0,1.0
14707,44.0,209.0,1.0
14708,86.0,59.0,1.0
14709,223.0,218.0,1.0
14710,263.0,113.0,1.0
14711,82.0,424.0,1.0
14712,195.0,189.0,1.0
14713,126.0,382.0,1.0
14714,237.0,45.0,1.0
14715,153.0,126.0,1.0
14716,113.0,131.0,1.0
14717,2.0,130.0,1.0
14718,211.0,91.0,1.0
14719,72.0,222.0,1.0
14720,16.0,81.0,1.0
14721,181.0,202.0,1.0
14722,237.0,150.0,1.0
14723,178.0,419.0,1.0
14724,232.0,51.0,1.0
14725,259.0,290.0,1.0
14726,69.0,423.0,1.0
14727,102.0,45.0,1.0
14728,160.0,40.0,1.0
14729,113.0,497.0,1.0
14730,250.0,103.0,1.0
14731,164.0,314.0,1.0
14732,114.0,130.0,1.0
14733,148.0,216.0,1.0
14734,85.0,194.0,1.0
14735,75.0,438.0,1.0
14736,165.0,156.0,1.0
14737,42.0,100.0,1.0
14738,223.0,9.0,1.0
14739,164.0,92.0,1.0
14740,119.0,394.0,1.0
14741,177.0,287.0,1.0
14742,60.0,378.0,1.0
14743,39.0,148.0,1.0
14744,141.0,584.0,1.0
14745,183.0,44.0,1.0
14746,141.0,534.0,1.0
14747,1.0,19.0,1.0
14748,249.0,115.0,1.0
14749,252.0,66.0,1.0
14750,74.0,205.0,1.0
14751,81.0,412.0,1.0
14752,230.0,194.0,1.0
14753,108.0,221.0,1.0
14754,75.0,203.0,1.0
14755,147.0,395.0,1.0
14756,51.0,262.0,1.0
14757,211.0,13.0,1.0
14758,189.0,106.0,1.0
14759,264.0,157.0,1.0
14760,44.0,356.0,1.0
14761,193.0,429.0,1.0
14762,224.0,286.0,1.0
14763,53.0,1.0,1.0
14764,87.0,431.0,1.0
14765,195.0,195.0,1.0
14766,155.0,551.0,1.0
14767,37.0,447.0,1.0
14768,182.0,81.0,1.0
14769,13.0,57.0,1.0
14770,8.0,120.0,1.0
14771,207.0,208.0,1.0
14772,113.0,298.0,1.0
14773,262.0,321.0,1.0
14774,175.0,209.0,1.0
14775,31.0,47.0,1.0
14776,206.0,120.0,1.0
14777,117.0,0.0,1.0
14778,65.0,216.0,1.0
14779,185.0,476.0,1.0
14780,214.0,130.0,1.0
14781,9.0,181.0,1.0
14782,116.0,91.0,1.0
14783,35.0,13.0,1.0
14784,103.0,397.0,1.0
14785,101.0,386.0,1.0
14786,227.0,103.0,1.0
14787,116.0,96.0,1.0
14788,180.0,272.0,1.0
14789,223.0,188.0,1.0
14790,250.0,77.0,1.0
14791,210.0,126.0,1.0
14792,56.0,157.0,1.0
14793,156.0,222.0,1.0
14794,182.0,135.0,1.0
14795,223.0,415.0,1.0
14796,109.0,73.0,1.0
14797,157.0,215.0,1.0
14798,207.0,178.0,1.0
14799,98.0,474.0,1.0
14800,147.0,181.0,1.0
14801,144.0,95.0,1.0
14802,259.0,460.0,1.0
14803,119.0,138.0,1.0
14804,232.0,52.0,1.0
14805,249.0,273.0,1.0
14806,178.0,15.0,1.0
14807,210.0,117.0,1.0
14808,160.0,549.0,1.0
14809,217.0,219.0,1.0
14810,159.0,130.0,1.0
14811,102.0,248.0,1.0
14812,102.0,75.0,1.0
14813,185.0,252.0,1.0
14814,201.0,392.0,1.0
14815,123.0,43.0,1.0
14816,217.0,248.0,1.0
14817,248.0,589.0,1.0
14818,138.0,124.0,1.0
14819,142.0,10.0,1.0
14820,10.0,22.0,1.0
14821,156.0,498.0,1.0
14822,87.0,193.0,1.0
14823,106.0,267.0,1.0
14824,25.0,73.0,1.0
14825,71.0,458.0,1.0
14826,238.0,40.0,1.0
14827,89.0,356.0,1.0
14828,66.0,264.0,1.0
14829,5.0,200.0,1.0
14830,90.0,268.0,1.0
14831,28.0,77.0,1.0
14832,170.0,311.0,1.0
14833,56.0,433.0,1.0
14834,105.0,84.0,1.0
14835,58.0,551.0,1.0
14836,223.0,187.0,1.0
14837,51.0,136.0,1.0
14838,132.0,70.0,1.0
14839,68.0,331.0,1.0
14840,61.0,57.0,1.0
14841,75.0,11.0,1.0
14842,77.0,216.0,1.0
14843,182.0,130.0,1.0
14844,186.0,146.0,1.0
14845,52.0,100.0,1.0
14846,71.0,570.0,1.0
14847,78.0,103.0,1.0
14848,180.0,58.0,1.0
14849,130.0,487.0,1.0
14850,102.0,595.0,1.0
14851,82.0,222.0,1.0
14852,186.0,70.0,1.0
14853,228.0,115.0,1.0
14854,51.0,518.0,1.0
14855,209.0,146.0,1.0
14856,145.0,315.0,1.0
14857,42.0,131.0,1.0
14858,196.0,480.0,1.0
14859,102.0,274.0,1.0
14860,79.0,571.0,1.0
14861,118.0,209.0,1.0
14862,9.0,77.0,1.0
14863,83.0,103.0,1.0
14864,91.0,552.0,1.0
14865,260.0,382.0,1.0
14866,197.0,237.0,1.0
14867,114.0,28.0,1.0
14868,226.0,444.0,1.0
14869,126.0,337.0,1.0
14870,211.0,223.0,1.0
14871,75.0,215.0,1.0
14872,56.0,36.0,1.0
14873,226.0,49.0,1.0
14874,93.0,190.0,1.0
14875,223.0,157.0,1.0
14876,164.0,41.0,1.0
14877,214.0,91.0,1.0
14878,177.0,44.0,1.0
14879,79.0,407.0,1.0
14880,130.0,120.0,1.0
14881,2.0,124.0,1.0
14882,49.0,411.0,1.0
14883,169.0,97.0,1.0
14884,148.0,194.0,1.0
14885,156.0,559.0,1.0
14886,1.0,52.0,1.0
14887,52.0,12.0,1.0
14888,155.0,196.0,1.0
14889,102.0,120.0,1.0
14890,130.0,106.0,1.0
14891,69.0,147.0,1.0
14892,39.0,403.0,1.0
14893,183.0,49.0,1.0
14894,94.0,127.0,1.0
14895,94.0,100.0,1.0
14896,82.0,463.0,1.0
14897,178.0,164.0,1.0
14898,98.0,280.0,1.0
14899,155.0,27.0,1.0
14900,103.0,47.0,1.0
14901,108.0,313.0,1.0
14902,3.0,28.0,1.0
14903,183.0,554.0,1.0
14904,96.0,84.0,1.0
14905,248.0,41.0,1.0
14906,227.0,89.0,1.0
14907,39.0,287.0,1.0
14908,245.0,227.0,1.0
14909,175.0,269.0,1.0
14910,133.0,66.0,1.0
14911,17.0,410.0,1.0
14912,266.0,69.0,1.0
14913,225.0,80.0,1.0
14914,122.0,50.0,1.0
14915,132.0,400.0,1.0
14916,148.0,146.0,1.0
14917,183.0,285.0,1.0
14918,130.0,288.0,1.0
14919,231.0,228.0,1.0
14920,168.0,570.0,1.0
14921,227.0,343.0,1.0
14922,149.0,510.0,1.0
14923,20.0,55.0,1.0
14924,257.0,251.0,1.0
14925,179.0,132.0,1.0
14926,65.0,27.0,1.0
14927,142.0,235.0,1.0
14928,51.0,382.0,1.0
14929,64.0,479.0,1.0
14930,189.0,142.0,1.0
14931,160.0,146.0,1.0
14932,141.0,559.0,1.0
14933,228.0,245.0,1.0
14934,6.0,124.0,1.0
14935,261.0,50.0,1.0
14936,256.0,100.0,1.0
14937,97.0,409.0,1.0
14938,106.0,10.0,1.0
14939,79.0,531.0,1.0
14940,84.0,537.0,1.0
14941,217.0,24.0,1.0
14942,247.0,103.0,1.0
14943,5.0,185.0,1.0
14944,211.0,124.0,1.0
14945,178.0,245.0,1.0
14946,31.0,230.0,1.0
14947,71.0,581.0,1.0
14948,71.0,251.0,1.0
14949,164.0,575.0,1.0
14950,84.0,592.0,1.0
14951,38.0,146.0,1.0
14952,126.0,390.0,1.0
14953,129.0,205.0,1.0
14954,130.0,438.0,1.0
14955,53.0,126.0,1.0
14956,109.0,226.0,1.0
14957,211.0,161.0,1.0
14958,183.0,364.0,1.0
14959,26.0,319.0,1.0
14960,195.0,205.0,1.0
14961,59.0,207.0,1.0
14962,183.0,116.0,1.0
14963,183.0,85.0,1.0
14964,41.0,130.0,1.0
14965,197.0,310.0,1.0
14966,209.0,122.0,1.0
14967,162.0,320.0,1.0
14968,69.0,468.0,1.0
14969,159.0,38.0,1.0
14970,105.0,429.0,1.0
14971,123.0,284.0,1.0
14972,156.0,245.0,1.0
14973,116.0,111.0,1.0
14974,83.0,95.0,1.0
14975,31.0,150.0,1.0
14976,89.0,474.0,1.0
14977,172.0,148.0,1.0
14978,56.0,56.0,1.0
14979,228.0,135.0,1.0
14980,101.0,72.0,1.0
14981,220.0,143.0,1.0
14982,226.0,40.0,1.0
14983,218.0,55.0,1.0
14984,250.0,81.0,1.0
14985,83.0,542.0,1.0
14986,84.0,261.0,1.0
14987,250.0,323.0,1.0
14988,165.0,47.0,1.0
14989,164.0,31.0,1.0
14990,189.0,80.0,1.0
14991,159.0,158.0,1.0
14992,241.0,105.0,1.0
14993,105.0,377.0,1.0
14994,165.0,413.0,1.0
14995,132.0,1.0,1.0
14996,181.0,205.0,1.0
14997,189.0,45.0,1.0
14998,124.0,395.0,1.0
14999,91.0,247.0,1.0
15000,211.0,284.0,1.0
15001,168.0,112.0,1.0
15002,22.0,161.0,1.0
15003,53.0,537.0,1.0
15004,45.0,147.0,1.0
15005,168.0,424.0,1.0
15006,216.0,268.0,1.0
15007,52.0,205.0,1.0
15008,177.0,497.0,1.0
15009,178.0,435.0,1.0
15010,228.0,343.0,1.0
15011,91.0,326.0,1.0
15012,33.0,293.0,1.0
15013,193.0,177.0,1.0
15014,102.0,496.0,1.0
15015,199.0,287.0,1.0
15016,182.0,245.0,1.0
15017,104.0,20.0,1.0
15018,71.0,89.0,1.0
15019,200.0,440.0,1.0
15020,232.0,77.0,1.0
15021,210.0,291.0,1.0
15022,116.0,30.0,1.0
15023,81.0,543.0,1.0
15024,74.0,10.0,1.0
15025,224.0,223.0,1.0
15026,194.0,103.0,1.0
15027,189.0,387.0,1.0
15028,257.0,120.0,1.0
15029,102.0,147.0,1.0
15030,210.0,102.0,1.0
15031,132.0,111.0,1.0
15032,164.0,114.0,1.0
15033,191.0,247.0,1.0
15034,138.0,349.0,1.0
15035,248.0,32.0,1.0
15036,86.0,531.0,1.0
15037,147.0,19.0,1.0
15038,149.0,202.0,1.0
15039,245.0,188.0,1.0
15040,132.0,103.0,1.0
15041,199.0,358.0,1.0
15042,31.0,289.0,1.0
15043,256.0,411.0,1.0
15044,203.0,166.0,1.0
15045,79.0,49.0,1.0
15046,91.0,66.0,1.0
15047,91.0,273.0,1.0
15048,49.0,31.0,1.0
15049,229.0,351.0,1.0
15050,96.0,153.0,1.0
15051,149.0,518.0,1.0
15052,53.0,217.0,1.0
15053,77.0,0.0,1.0
15054,185.0,228.0,1.0
15055,222.0,6.0,1.0
15056,53.0,195.0,1.0
15057,35.0,308.0,1.0
15058,258.0,150.0,1.0
15059,234.0,219.0,1.0
15060,75.0,512.0,1.0
15061,52.0,527.0,1.0
15062,108.0,304.0,1.0
15063,122.0,367.0,1.0
15064,114.0,595.0,1.0
15065,96.0,36.0,1.0
15066,246.0,79.0,1.0
15067,48.0,40.0,1.0
15068,150.0,69.0,1.0
15069,52.0,21.0,1.0
15070,176.0,50.0,1.0
15071,197.0,214.0,1.0
15072,11.0,310.0,1.0
15073,90.0,36.0,1.0
15074,35.0,156.0,1.0
15075,48.0,444.0,1.0
15076,24.0,324.0,1.0
15077,81.0,267.0,1.0
15078,178.0,194.0,1.0
15079,121.0,113.0,1.0
15080,168.0,92.0,1.0
15081,53.0,99.0,1.0
15082,129.0,89.0,1.0
15083,79.0,380.0,1.0
15084,250.0,210.0,1.0
15085,87.0,419.0,1.0
15086,110.0,532.0,1.0
15087,175.0,175.0,1.0
15088,214.0,66.0,1.0
15089,165.0,556.0,1.0
15090,178.0,125.0,1.0
15091,91.0,65.0,1.0
15092,258.0,245.0,1.0
15093,102.0,510.0,1.0
15094,142.0,116.0,1.0
15095,149.0,71.0,1.0
15096,148.0,522.0,1.0
15097,71.0,337.0,1.0
15098,226.0,38.0,1.0
15099,17.0,305.0,1.0
15100,81.0,476.0,1.0
15101,147.0,214.0,1.0
15102,49.0,379.0,1.0
15103,78.0,205.0,1.0
15104,250.0,32.0,1.0
15105,77.0,3.0,1.0
15106,202.0,178.0,1.0
15107,203.0,204.0,1.0
15108,191.0,362.0,1.0
15109,57.0,233.0,1.0
15110,117.0,530.0,1.0
15111,74.0,552.0,1.0
15112,186.0,378.0,1.0
15113,118.0,195.0,1.0
15114,45.0,141.0,1.0
15115,115.0,3.0,1.0
15116,207.0,226.0,1.0
15117,85.0,388.0,1.0
15118,2.0,103.0,1.0
15119,51.0,104.0,1.0
15120,90.0,220.0,1.0
15121,82.0,376.0,1.0
15122,94.0,95.0,1.0
15123,104.0,420.0,1.0
15124,128.0,115.0,1.0
15125,156.0,194.0,1.0
15126,26.0,194.0,1.0
15127,264.0,583.0,1.0
15128,197.0,47.0,1.0
15129,165.0,249.0,1.0
15130,130.0,105.0,1.0
15131,132.0,351.0,1.0
15132,101.0,195.0,1.0
15133,168.0,260.0,1.0
15134,110.0,189.0,1.0
15135,84.0,288.0,1.0
15136,10.0,291.0,1.0
15137,188.0,104.0,1.0
15138,224.0,546.0,1.0
15139,177.0,201.0,1.0
15140,144.0,251.0,1.0
15141,220.0,181.0,1.0
15142,218.0,306.0,1.0
15143,104.0,93.0,1.0
15144,17.0,411.0,1.0
15145,115.0,33.0,1.0
15146,164.0,350.0,1.0
15147,232.0,50.0,1.0
15148,91.0,58.0,1.0
15149,259.0,229.0,1.0
15150,179.0,395.0,1.0
15151,129.0,310.0,1.0
15152,79.0,33.0,1.0
15153,95.0,320.0,1.0
15154,28.0,17.0,1.0
15155,116.0,579.0,1.0
15156,10.0,273.0,1.0
15157,22.0,290.0,1.0
15158,173.0,39.0,1.0
15159,183.0,226.0,1.0
15160,52.0,26.0,1.0
15161,230.0,215.0,1.0
15162,208.0,114.0,1.0
15163,110.0,122.0,1.0
15164,168.0,374.0,1.0
15165,82.0,123.0,1.0
15166,82.0,141.0,1.0
15167,162.0,115.0,1.0
15168,65.0,248.0,1.0
15169,126.0,385.0,1.0
15170,83.0,178.0,1.0
15171,93.0,352.0,1.0
15172,264.0,463.0,1.0
15173,114.0,76.0,1.0
15174,19.0,111.0,1.0
15175,195.0,398.0,1.0
15176,58.0,120.0,1.0
15177,60.0,229.0,1.0
15178,263.0,435.0,1.0
15179,45.0,424.0,1.0
15180,183.0,300.0,1.0
15181,248.0,282.0,1.0
15182,13.0,336.0,1.0
15183,202.0,140.0,1.0
15184,226.0,518.0,1.0
15185,149.0,527.0,1.0
15186,263.0,46.0,1.0
15187,17.0,397.0,1.0
15188,223.0,356.0,1.0
15189,264.0,294.0,1.0
15190,56.0,544.0,1.0
15191,133.0,223.0,1.0
15192,52.0,530.0,1.0
15193,175.0,223.0,1.0
15194,141.0,209.0,1.0
15195,87.0,4.0,1.0
15196,52.0,389.0,1.0
15197,136.0,257.0,1.0
15198,89.0,492.0,1.0
15199,74.0,222.0,1.0
15200,160.0,421.0,1.0
15201,182.0,305.0,1.0
15202,126.0,426.0,1.0
15203,128.0,546.0,1.0
15204,121.0,282.0,1.0
15205,126.0,310.0,1.0
15206,130.0,216.0,1.0
15207,187.0,322.0,1.0
15208,115.0,492.0,1.0
15209,126.0,202.0,1.0
15210,222.0,178.0,1.0
15211,168.0,295.0,1.0
15212,225.0,45.0,1.0
15213,74.0,379.0,1.0
15214,102.0,116.0,1.0
15215,38.0,23.0,1.0
15216,98.0,111.0,1.0
15217,149.0,503.0,1.0
15218,149.0,324.0,1.0
15219,93.0,29.0,1.0
15220,226.0,459.0,1.0
15221,116.0,530.0,1.0
15222,207.0,321.0,1.0
15223,144.0,534.0,1.0
15224,7.0,134.0,1.0
15225,179.0,394.0,1.0
15226,63.0,117.0,1.0
15227,266.0,221.0,1.0
15228,144.0,398.0,1.0
15229,82.0,89.0,1.0
15230,193.0,436.0,1.0
15231,79.0,84.0,1.0
15232,130.0,215.0,1.0
15233,201.0,378.0,1.0
15234,253.0,555.0,1.0
15235,110.0,84.0,1.0
15236,150.0,506.0,1.0
15237,45.0,284.0,1.0
15238,186.0,27.0,1.0
15239,217.0,202.0,1.0
15240,199.0,77.0,1.0
15241,5.0,11.0,1.0
15242,142.0,12.0,1.0
15243,67.0,218.0,1.0
15244,193.0,32.0,1.0
15245,200.0,236.0,1.0
15246,98.0,479.0,1.0
15247,175.0,210.0,1.0
15248,19.0,112.0,1.0
15249,206.0,214.0,1.0
15250,9.0,17.0,1.0
15251,81.0,48.0,1.0
15252,102.0,20.0,1.0
15253,228.0,20.0,1.0
15254,108.0,22.0,1.0
15255,47.0,3.0,1.0
15256,196.0,310.0,1.0
15257,220.0,582.0,1.0
15258,191.0,149.0,1.0
15259,89.0,213.0,1.0
15260,189.0,556.0,1.0
15261,149.0,356.0,1.0
15262,247.0,168.0,1.0
15263,268.0,101.0,1.0
15264,250.0,132.0,1.0
15265,37.0,459.0,1.0
15266,218.0,487.0,1.0
15267,200.0,299.0,1.0
15268,229.0,508.0,1.0
15269,205.0,55.0,1.0
15270,71.0,226.0,1.0
15271,255.0,245.0,1.0
15272,145.0,433.0,1.0
15273,189.0,146.0,1.0
15274,209.0,365.0,1.0
15275,145.0,280.0,1.0
15276,15.0,113.0,1.0
15277,264.0,252.0,1.0
15278,91.0,61.0,1.0
15279,22.0,170.0,1.0
15280,183.0,595.0,1.0
15281,248.0,97.0,1.0
15282,225.0,48.0,1.0
15283,112.0,43.0,1.0
15284,211.0,103.0,1.0
15285,88.0,382.0,1.0
15286,103.0,439.0,1.0
15287,223.0,13.0,1.0
15288,31.0,318.0,1.0
15289,266.0,291.0,1.0
15290,135.0,80.0,1.0
15291,165.0,236.0,1.0
15292,117.0,384.0,1.0
15293,142.0,205.0,1.0
15294,234.0,401.0,1.0
15295,246.0,36.0,1.0
15296,175.0,123.0,1.0
15297,216.0,11.0,1.0
15298,224.0,326.0,1.0
15299,175.0,345.0,1.0
15300,177.0,299.0,1.0
15301,90.0,367.0,1.0
15302,5.0,217.0,1.0
15303,189.0,38.0,1.0
15304,193.0,132.0,1.0
15305,187.0,10.0,1.0
15306,52.0,63.0,1.0
15307,51.0,251.0,1.0
15308,51.0,329.0,1.0
15309,261.0,282.0,1.0
15310,181.0,251.0,1.0
15311,106.0,242.0,1.0
15312,224.0,191.0,1.0
15313,117.0,189.0,1.0
15314,68.0,197.0,1.0
15315,191.0,120.0,1.0
15316,242.0,234.0,1.0
15317,17.0,404.0,1.0
15318,228.0,226.0,1.0
15319,105.0,143.0,1.0
15320,181.0,7.0,1.0
15321,247.0,69.0,1.0
15322,85.0,76.0,1.0
15323,250.0,89.0,1.0
15324,160.0,355.0,1.0
15325,4.0,181.0,1.0
15326,116.0,58.0,1.0
15327,214.0,277.0,1.0
15328,207.0,244.0,1.0
15329,130.0,575.0,1.0
15330,52.0,348.0,1.0
15331,164.0,118.0,1.0
15332,193.0,400.0,1.0
15333,100.0,10.0,1.0
15334,52.0,231.0,1.0
15335,225.0,41.0,1.0
15336,266.0,11.0,1.0
15337,108.0,166.0,1.0
15338,122.0,481.0,1.0
15339,250.0,50.0,1.0
15340,144.0,1.0,1.0
15341,182.0,177.0,1.0
15342,85.0,522.0,1.0
15343,227.0,58.0,1.0
15344,200.0,53.0,1.0
15345,48.0,97.0,1.0
15346,214.0,53.0,1.0
15347,224.0,374.0,1.0
15348,262.0,556.0,1.0
15349,127.0,245.0,1.0
15350,211.0,247.0,1.0
15351,31.0,223.0,1.0
15352,74.0,191.0,1.0
15353,108.0,17.0,1.0
15354,88.0,232.0,1.0
15355,189.0,243.0,1.0
15356,229.0,10.0,1.0
15357,94.0,415.0,1.0
15358,156.0,547.0,1.0
15359,210.0,358.0,1.0
15360,89.0,403.0,1.0
15361,82.0,564.0,1.0
15362,243.0,581.0,1.0
15363,183.0,46.0,1.0
15364,65.0,294.0,1.0
15365,136.0,587.0,1.0
15366,79.0,382.0,1.0
15367,113.0,127.0,1.0
15368,127.0,116.0,1.0
15369,11.0,295.0,1.0
15370,228.0,103.0,1.0
15371,7.0,117.0,1.0
15372,114.0,11.0,1.0
15373,139.0,464.0,1.0
15374,207.0,552.0,1.0
15375,77.0,10.0,1.0
15376,192.0,146.0,1.0
15377,228.0,77.0,1.0
15378,161.0,498.0,1.0
15379,224.0,81.0,1.0
15380,90.0,337.0,1.0
15381,200.0,64.0,1.0
15382,126.0,267.0,1.0
15383,132.0,14.0,1.0
15384,147.0,429.0,1.0
15385,173.0,485.0,1.0
15386,108.0,162.0,1.0
15387,150.0,92.0,1.0
15388,1.0,44.0,1.0
15389,90.0,170.0,1.0
15390,97.0,248.0,1.0
15391,187.0,190.0,1.0
15392,230.0,388.0,1.0
15393,61.0,532.0,1.0
15394,191.0,259.0,1.0
15395,182.0,494.0,1.0
15396,199.0,241.0,1.0
15397,2.0,92.0,1.0
15398,65.0,179.0,1.0
15399,251.0,45.0,1.0
15400,144.0,138.0,1.0
15401,207.0,241.0,1.0
15402,262.0,242.0,1.0
15403,82.0,514.0,1.0
15404,156.0,8.0,1.0
15405,81.0,410.0,1.0
15406,259.0,552.0,1.0
15407,86.0,216.0,1.0
15408,164.0,146.0,1.0
15409,53.0,147.0,1.0
15410,130.0,32.0,1.0
15411,218.0,275.0,1.0
15412,207.0,265.0,1.0
15413,189.0,297.0,1.0
15414,142.0,569.0,1.0
15415,84.0,70.0,1.0
15416,259.0,185.0,1.0
15417,78.0,3.0,1.0
15418,205.0,69.0,1.0
15419,122.0,573.0,1.0
15420,252.0,468.0,1.0
15421,193.0,147.0,1.0
15422,63.0,492.0,1.0
15423,252.0,170.0,1.0
15424,42.0,195.0,1.0
15425,129.0,347.0,1.0
15426,56.0,150.0,1.0
15427,179.0,3.0,1.0
15428,186.0,385.0,1.0
15429,196.0,146.0,1.0
15430,181.0,100.0,1.0
15431,197.0,327.0,1.0
15432,107.0,319.0,1.0
15433,31.0,135.0,1.0
15434,102.0,478.0,1.0
15435,144.0,426.0,1.0
15436,119.0,417.0,1.0
15437,117.0,406.0,1.0
15438,185.0,25.0,1.0
15439,256.0,409.0,1.0
15440,182.0,208.0,1.0
15441,200.0,203.0,1.0
15442,242.0,145.0,1.0
15443,7.0,45.0,1.0
15444,197.0,377.0,1.0
15445,102.0,19.0,1.0
15446,249.0,91.0,1.0
15447,116.0,446.0,1.0
15448,65.0,571.0,1.0
15449,175.0,66.0,1.0
15450,141.0,100.0,1.0
15451,172.0,518.0,1.0
15452,1.0,25.0,1.0
15453,102.0,54.0,1.0
15454,18.0,159.0,1.0
15455,182.0,316.0,1.0
15456,217.0,382.0,1.0
15457,88.0,103.0,1.0
15458,119.0,100.0,1.0
15459,174.0,81.0,1.0
15460,83.0,299.0,1.0
15461,66.0,492.0,1.0
15462,255.0,81.0,1.0
15463,186.0,176.0,1.0
15464,185.0,20.0,1.0
15465,183.0,272.0,1.0
15466,148.0,189.0,1.0
15467,150.0,272.0,1.0
15468,190.0,112.0,1.0
15469,213.0,47.0,1.0
15470,164.0,451.0,1.0
15471,224.0,150.0,1.0
15472,202.0,153.0,1.0
15473,266.0,195.0,1.0
15474,147.0,76.0,1.0
15475,261.0,101.0,1.0
15476,78.0,148.0,1.0
15477,155.0,430.0,1.0
15478,246.0,78.0,1.0
15479,252.0,50.0,1.0
15480,114.0,246.0,1.0
15481,53.0,209.0,1.0
15482,226.0,78.0,1.0
15483,7.0,128.0,1.0
15484,130.0,41.0,1.0
15485,104.0,203.0,1.0
15486,53.0,148.0,1.0
15487,156.0,5.0,1.0
15488,174.0,539.0,1.0
15489,56.0,360.0,1.0
15490,83.0,50.0,1.0
15491,100.0,434.0,1.0
15492,153.0,202.0,1.0
15493,132.0,543.0,1.0
15494,129.0,7.0,1.0
15495,51.0,62.0,1.0
15496,203.0,153.0,1.0
15497,259.0,158.0,1.0
15498,64.0,25.0,1.0
15499,211.0,382.0,1.0
15500,264.0,215.0,1.0
15501,129.0,20.0,1.0
15502,128.0,220.0,1.0
15503,259.0,100.0,1.0
15504,196.0,117.0,1.0
15505,226.0,343.0,1.0
15506,171.0,219.0,1.0
15507,98.0,69.0,1.0
15508,138.0,456.0,1.0
15509,116.0,521.0,1.0
15510,177.0,537.0,1.0
15511,153.0,378.0,1.0
15512,60.0,43.0,1.0
15513,194.0,126.0,1.0
15514,89.0,558.0,1.0
15515,262.0,113.0,1.0
15516,175.0,173.0,1.0
15517,146.0,120.0,1.0
15518,164.0,353.0,1.0
15519,17.0,38.0,1.0
15520,207.0,230.0,1.0
15521,264.0,178.0,1.0
15522,102.0,88.0,1.0
15523,130.0,269.0,1.0
15524,130.0,222.0,1.0
15525,104.0,109.0,1.0
15526,86.0,564.0,1.0
15527,106.0,352.0,1.0
15528,69.0,81.0,1.0
15529,70.0,36.0,1.0
15530,56.0,20.0,1.0
15531,44.0,331.0,1.0
15532,15.0,11.0,1.0
15533,53.0,130.0,1.0
15534,56.0,53.0,1.0
15535,19.0,126.0,1.0
15536,117.0,109.0,1.0
15537,177.0,164.0,1.0
15538,211.0,126.0,1.0
15539,51.0,510.0,1.0
15540,42.0,216.0,1.0
15541,185.0,256.0,1.0
15542,53.0,535.0,1.0
15543,130.0,330.0,1.0
15544,178.0,527.0,1.0
15545,248.0,225.0,1.0
15546,13.0,135.0,1.0
15547,17.0,95.0,1.0
15548,109.0,65.0,1.0
15549,264.0,58.0,1.0
15550,201.0,216.0,1.0
15551,181.0,377.0,1.0
15552,226.0,255.0,1.0
15553,172.0,47.0,1.0
15554,243.0,315.0,1.0
15555,160.0,409.0,1.0
15556,60.0,315.0,1.0
15557,241.0,103.0,1.0
15558,264.0,57.0,1.0
15559,149.0,360.0,1.0
15560,223.0,75.0,1.0
15561,248.0,255.0,1.0
15562,258.0,79.0,1.0
15563,51.0,286.0,1.0
15564,141.0,204.0,1.0
15565,224.0,129.0,1.0
15566,26.0,117.0,1.0
15567,156.0,88.0,1.0
15568,201.0,412.0,1.0
15569,177.0,135.0,1.0
15570,126.0,147.0,1.0
15571,266.0,470.0,1.0
15572,21.0,89.0,1.0
15573,82.0,498.0,1.0
15574,130.0,52.0,1.0
15575,39.0,222.0,1.0
15576,115.0,37.0,1.0
15577,126.0,223.0,1.0
15578,34.0,24.0,1.0
15579,203.0,116.0,1.0
15580,126.0,218.0,1.0
15581,149.0,58.0,1.0
15582,96.0,178.0,1.0
15583,147.0,482.0,1.0
15584,147.0,344.0,1.0
15585,139.0,310.0,1.0
15586,182.0,94.0,1.0
15587,12.0,156.0,1.0
15588,149.0,174.0,1.0
15589,242.0,11.0,1.0
15590,105.0,78.0,1.0
15591,101.0,89.0,1.0
15592,65.0,66.0,1.0
15593,117.0,473.0,1.0
15594,82.0,160.0,1.0
15595,183.0,580.0,1.0
15596,164.0,583.0,1.0
15597,129.0,186.0,1.0
15598,65.0,485.0,1.0
15599,4.0,172.0,1.0
15600,224.0,92.0,1.0
15601,6.0,44.0,1.0
15602,175.0,120.0,1.0
15603,148.0,108.0,1.0
15604,168.0,521.0,1.0
15605,223.0,527.0,1.0
15606,262.0,457.0,1.0
15607,207.0,191.0,1.0
15608,16.0,97.0,1.0
15609,254.0,125.0,1.0
15610,105.0,131.0,1.0
15611,114.0,253.0,1.0
15612,144.0,190.0,1.0
15613,157.0,31.0,1.0
15614,218.0,39.0,1.0
15615,183.0,103.0,1.0
15616,138.0,89.0,1.0
15617,130.0,81.0,1.0
15618,242.0,343.0,1.0
15619,134.0,150.0,1.0
15620,74.0,282.0,1.0
15621,226.0,164.0,1.0
15622,3.0,147.0,1.0
15623,2.0,129.0,1.0
15624,140.0,3.0,1.0
15625,206.0,89.0,1.0
15626,81.0,316.0,1.0
15627,183.0,496.0,1.0
15628,156.0,22.0,1.0
15629,82.0,400.0,1.0
15630,99.0,111.0,1.0
15631,58.0,291.0,1.0
15632,201.0,190.0,1.0
15633,44.0,156.0,1.0
15634,51.0,178.0,1.0
15635,145.0,399.0,1.0
15636,162.0,155.0,1.0
15637,229.0,226.0,1.0
15638,107.0,439.0,1.0
15639,162.0,306.0,1.0
15640,56.0,39.0,1.0
15641,136.0,186.0,1.0
15642,200.0,27.0,1.0
15643,94.0,505.0,1.0
15644,266.0,309.0,1.0
15645,67.0,414.0,1.0
15646,185.0,190.0,1.0
15647,90.0,489.0,1.0
15648,204.0,50.0,1.0
15649,29.0,233.0,1.0
15650,42.0,224.0,1.0
15651,165.0,154.0,1.0
15652,129.0,131.0,1.0
15653,228.0,302.0,1.0
15654,122.0,103.0,1.0
15655,93.0,31.0,1.0
15656,126.0,207.0,1.0
15657,12.0,113.0,1.0
15658,132.0,104.0,1.0
15659,54.0,522.0,1.0
15660,241.0,59.0,1.0
15661,42.0,5.0,1.0
15662,41.0,444.0,1.0
15663,53.0,8.0,1.0
15664,164.0,30.0,1.0
15665,247.0,47.0,1.0
15666,129.0,188.0,1.0
15667,85.0,35.0,1.0
15668,242.0,122.0,1.0
15669,130.0,100.0,1.0
15670,82.0,579.0,1.0
15671,96.0,59.0,1.0
15672,69.0,125.0,1.0
15673,58.0,304.0,1.0
15674,211.0,48.0,1.0
15675,135.0,311.0,1.0
15676,205.0,164.0,1.0
15677,148.0,527.0,1.0
15678,196.0,379.0,1.0
15679,208.0,441.0,1.0
15680,226.0,148.0,1.0
15681,147.0,392.0,1.0
15682,117.0,375.0,1.0
15683,234.0,192.0,1.0
15684,225.0,148.0,1.0
15685,3.0,110.0,1.0
15686,94.0,66.0,1.0
15687,45.0,375.0,1.0
15688,87.0,35.0,1.0
15689,250.0,36.0,1.0
15690,168.0,213.0,1.0
15691,31.0,62.0,1.0
15692,35.0,43.0,1.0
15693,9.0,46.0,1.0
15694,84.0,146.0,1.0
15695,191.0,47.0,1.0
15696,129.0,156.0,1.0
15697,13.0,113.0,1.0
15698,107.0,216.0,1.0
15699,151.0,12.0,1.0
15700,210.0,12.0,1.0
15701,182.0,349.0,1.0
15702,230.0,32.0,1.0
15703,130.0,537.0,1.0
15704,29.0,156.0,1.0
15705,19.0,305.0,1.0
15706,136.0,104.0,1.0
15707,261.0,115.0,1.0
15708,148.0,202.0,1.0
15709,98.0,193.0,1.0
15710,74.0,35.0,1.0
15711,267.0,251.0,1.0
15712,226.0,73.0,1.0
15713,17.0,391.0,1.0
15714,84.0,179.0,1.0
15715,177.0,118.0,1.0
15716,64.0,186.0,1.0
15717,130.0,126.0,1.0
15718,99.0,406.0,1.0
15719,94.0,563.0,1.0
15720,9.0,282.0,1.0
15721,51.0,378.0,1.0
15722,67.0,544.0,1.0
15723,149.0,446.0,1.0
15724,9.0,86.0,1.0
15725,78.0,36.0,1.0
15726,146.0,1.0,1.0
15727,75.0,122.0,1.0
15728,127.0,584.0,1.0
15729,259.0,531.0,1.0
15730,114.0,577.0,1.0
15731,90.0,179.0,1.0
15732,179.0,17.0,1.0
15733,19.0,152.0,1.0
15734,165.0,392.0,1.0
15735,65.0,223.0,1.0
15736,117.0,393.0,1.0
15737,180.0,172.0,1.0
15738,102.0,228.0,1.0
15739,65.0,12.0,1.0
15740,90.0,118.0,1.0
15741,87.0,44.0,1.0
15742,130.0,45.0,1.0
15743,117.0,12.0,1.0
15744,3.0,50.0,1.0
15745,138.0,69.0,1.0
15746,150.0,156.0,1.0
15747,149.0,433.0,1.0
15748,73.0,374.0,1.0
15749,207.0,100.0,1.0
15750,83.0,38.0,1.0
15751,165.0,408.0,1.0
15752,56.0,225.0,1.0
15753,203.0,314.0,1.0
15754,82.0,182.0,1.0
15755,74.0,59.0,1.0
15756,147.0,419.0,1.0
15757,177.0,10.0,1.0
15758,94.0,388.0,1.0
15759,264.0,128.0,1.0
15760,154.0,130.0,1.0
15761,136.0,230.0,1.0
15762,17.0,385.0,1.0
15763,189.0,125.0,1.0
15764,150.0,9.0,1.0
15765,45.0,219.0,1.0
15766,129.0,219.0,1.0
15767,144.0,223.0,1.0
15768,17.0,175.0,1.0
15769,102.0,269.0,1.0
15770,224.0,571.0,1.0
15771,123.0,460.0,1.0
15772,67.0,344.0,1.0
15773,94.0,256.0,1.0
15774,84.0,37.0,1.0
15775,165.0,498.0,1.0
15776,257.0,208.0,1.0
15777,114.0,37.0,1.0
15778,83.0,269.0,1.0
15779,194.0,18.0,1.0
15780,102.0,79.0,1.0
15781,249.0,9.0,1.0
15782,71.0,394.0,1.0
15783,238.0,241.0,1.0
15784,71.0,568.0,1.0
15785,223.0,48.0,1.0
15786,215.0,447.0,1.0
15787,86.0,504.0,1.0
15788,94.0,1.0,1.0
15789,2.0,121.0,1.0
15790,90.0,465.0,1.0
15791,70.0,59.0,1.0
15792,239.0,151.0,1.0
15793,123.0,178.0,1.0
15794,112.0,147.0,1.0
15795,28.0,56.0,1.0
15796,213.0,6.0,1.0
15797,65.0,169.0,1.0
15798,6.0,186.0,1.0
15799,31.0,226.0,1.0
15800,87.0,22.0,1.0
15801,182.0,118.0,1.0
15802,87.0,27.0,1.0
15803,149.0,155.0,1.0
15804,102.0,132.0,1.0
15805,0.0,10.0,1.0
15806,10.0,220.0,1.0
15807,84.0,27.0,1.0
15808,51.0,12.0,1.0
15809,116.0,50.0,1.0
15810,133.0,146.0,1.0
15811,227.0,112.0,1.0
15812,99.0,472.0,1.0
15813,81.0,385.0,1.0
15814,147.0,352.0,1.0
15815,226.0,35.0,1.0
15816,79.0,501.0,1.0
15817,182.0,136.0,1.0
15818,185.0,332.0,1.0
15819,257.0,225.0,1.0
15820,83.0,85.0,1.0
15821,26.0,168.0,1.0
15822,154.0,410.0,1.0
15823,105.0,400.0,1.0
15824,56.0,245.0,1.0
15825,105.0,384.0,1.0
15826,84.0,277.0,1.0
15827,64.0,39.0,1.0
15828,130.0,452.0,1.0
15829,52.0,532.0,1.0
15830,136.0,58.0,1.0
15831,71.0,189.0,1.0
15832,267.0,434.0,1.0
15833,136.0,8.0,1.0
15834,226.0,258.0,1.0
15835,87.0,282.0,1.0
15836,119.0,10.0,1.0
15837,81.0,97.0,1.0
15838,148.0,256.0,1.0
15839,203.0,93.0,1.0
15840,212.0,217.0,1.0
15841,222.0,458.0,1.0
15842,83.0,400.0,1.0
15843,75.0,461.0,1.0
15844,117.0,378.0,1.0
15845,111.0,555.0,1.0
15846,19.0,153.0,1.0
15847,8.0,78.0,1.0
15848,141.0,113.0,1.0
15849,135.0,62.0,1.0
15850,84.0,551.0,1.0
15851,170.0,474.0,1.0
15852,184.0,196.0,1.0
15853,258.0,484.0,1.0
15854,196.0,39.0,1.0
15855,106.0,506.0,1.0
15856,103.0,100.0,1.0
15857,65.0,51.0,1.0
15858,248.0,143.0,1.0
15859,119.0,310.0,1.0
15860,64.0,251.0,1.0
15861,179.0,434.0,1.0
15862,56.0,539.0,1.0
15863,87.0,333.0,1.0
15864,89.0,505.0,1.0
15865,232.0,126.0,1.0
15866,136.0,174.0,1.0
15867,42.0,12.0,1.0
15868,183.0,113.0,1.0
15869,47.0,219.0,1.0
15870,178.0,382.0,1.0
15871,2.0,94.0,1.0
15872,189.0,415.0,1.0
15873,85.0,45.0,1.0
15874,198.0,281.0,1.0
15875,101.0,408.0,1.0
15876,119.0,195.0,1.0
15877,32.0,238.0,1.0
15878,116.0,474.0,1.0
15879,53.0,532.0,1.0
15880,67.0,208.0,1.0
15881,223.0,103.0,1.0
15882,79.0,199.0,1.0
15883,249.0,251.0,1.0
15884,224.0,385.0,1.0
15885,183.0,245.0,1.0
15886,224.0,94.0,1.0
15887,96.0,121.0,1.0
15888,7.0,9.0,1.0
15889,267.0,100.0,1.0
15890,55.0,484.0,1.0
15891,211.0,16.0,1.0
15892,28.0,88.0,1.0
15893,223.0,69.0,1.0
15894,2.0,126.0,1.0
15895,251.0,407.0,1.0
15896,223.0,505.0,1.0
15897,33.0,208.0,1.0
15898,0.0,5.0,1.0
15899,138.0,241.0,1.0
15900,191.0,462.0,1.0
15901,165.0,382.0,1.0
15902,23.0,127.0,1.0
15903,109.0,31.0,1.0
15904,68.0,68.0,1.0
15905,216.0,350.0,1.0
15906,56.0,175.0,1.0
15907,110.0,252.0,1.0
15908,1.0,83.0,1.0
15909,51.0,521.0,1.0
15910,224.0,334.0,1.0
15911,199.0,268.0,1.0
15912,224.0,205.0,1.0
15913,53.0,116.0,1.0
15914,223.0,235.0,1.0
15915,160.0,179.0,1.0
15916,75.0,436.0,1.0
15917,116.0,37.0,1.0
15918,71.0,407.0,1.0
15919,51.0,53.0,1.0
15920,145.0,464.0,1.0
15921,263.0,31.0,1.0
15922,123.0,38.0,1.0
15923,139.0,391.0,1.0
15924,88.0,394.0,1.0
15925,139.0,3.0,1.0
15926,71.0,146.0,1.0
15927,79.0,556.0,1.0
15928,45.0,123.0,1.0
15929,257.0,146.0,1.0
15930,218.0,35.0,1.0
15931,22.0,420.0,1.0
15932,227.0,96.0,1.0
15933,11.0,50.0,1.0
15934,183.0,20.0,1.0
15935,266.0,229.0,1.0
15936,85.0,146.0,1.0
15937,196.0,40.0,1.0
15938,74.0,491.0,1.0
15939,156.0,218.0,1.0
15940,183.0,143.0,1.0
15941,203.0,533.0,1.0
15942,257.0,364.0,1.0
15943,87.0,71.0,1.0
15944,62.0,558.0,1.0
15945,40.0,9.0,1.0
15946,240.0,38.0,1.0
15947,105.0,103.0,1.0
15948,192.0,172.0,1.0
15949,128.0,18.0,1.0
15950,182.0,343.0,1.0
15951,81.0,496.0,1.0
15952,122.0,100.0,1.0
15953,70.0,582.0,1.0
15954,171.0,202.0,1.0
15955,129.0,386.0,1.0
15956,200.0,329.0,1.0
15957,167.0,110.0,1.0
15958,147.0,51.0,1.0
15959,74.0,71.0,1.0
15960,154.0,509.0,1.0
15961,64.0,141.0,1.0
15962,199.0,484.0,1.0
15963,9.0,25.0,1.0
15964,259.0,44.0,1.0
15965,2.0,132.0,1.0
15966,168.0,143.0,1.0
15967,165.0,22.0,1.0
15968,102.0,86.0,1.0
15969,16.0,89.0,1.0
15970,155.0,259.0,1.0
15971,160.0,184.0,1.0
15972,225.0,9.0,1.0
15973,245.0,202.0,1.0
15974,116.0,104.0,1.0
15975,223.0,456.0,1.0
15976,35.0,102.0,1.0
15977,102.0,445.0,1.0
15978,266.0,460.0,1.0
15979,89.0,198.0,1.0
15980,203.0,9.0,1.0
15981,175.0,575.0,1.0
15982,102.0,62.0,1.0
15983,65.0,91.0,1.0
15984,85.0,293.0,1.0
15985,2.0,90.0,1.0
15986,261.0,313.0,1.0
15987,6.0,228.0,1.0
15988,147.0,211.0,1.0
15989,264.0,72.0,1.0
15990,36.0,120.0,1.0
15991,69.0,326.0,1.0
15992,235.0,113.0,1.0
15993,79.0,145.0,1.0
15994,51.0,11.0,1.0
15995,267.0,134.0,1.0
15996,191.0,175.0,1.0
15997,108.0,99.0,1.0
15998,44.0,490.0,1.0
15999,164.0,103.0,1.0
16000,74.0,223.0,1.0
16001,85.0,51.0,1.0
16002,160.0,89.0,1.0
16003,220.0,256.0,1.0
16004,51.0,40.0,1.0
16005,162.0,349.0,1.0
16006,51.0,465.0,1.0
16007,214.0,194.0,1.0
16008,155.0,592.0,1.0
16009,227.0,392.0,1.0
16010,115.0,145.0,1.0
16011,144.0,477.0,1.0
16012,199.0,203.0,1.0
16013,88.0,468.0,1.0
16014,197.0,206.0,1.0
16015,74.0,196.0,1.0
16016,139.0,425.0,1.0
16017,156.0,429.0,1.0
16018,175.0,178.0,1.0
16019,135.0,112.0,1.0
16020,64.0,221.0,1.0
16021,247.0,66.0,1.0
16022,129.0,530.0,1.0
16023,132.0,311.0,1.0
16024,218.0,266.0,1.0
16025,153.0,95.0,1.0
16026,141.0,426.0,1.0
16027,256.0,195.0,1.0
16028,97.0,126.0,1.0
16029,234.0,588.0,1.0
16030,143.0,467.0,1.0
16031,87.0,311.0,1.0
16032,33.0,90.0,1.0
16033,145.0,525.0,1.0
16034,147.0,495.0,1.0
16035,44.0,223.0,1.0
16036,67.0,364.0,1.0
16037,259.0,175.0,1.0
16038,259.0,64.0,1.0
16039,22.0,291.0,1.0
16040,89.0,223.0,1.0
16041,1.0,47.0,1.0
16042,191.0,52.0,1.0
16043,177.0,485.0,1.0
16044,84.0,271.0,1.0
16045,207.0,282.0,1.0
16046,29.0,27.0,1.0
16047,90.0,171.0,1.0
16048,183.0,436.0,1.0
16049,28.0,440.0,1.0
16050,256.0,3.0,1.0
16051,218.0,304.0,1.0
16052,193.0,14.0,1.0
16053,96.0,141.0,1.0
16054,183.0,5.0,1.0
16055,126.0,186.0,1.0
16056,177.0,208.0,1.0
16057,115.0,351.0,1.0
16058,232.0,145.0,1.0
16059,113.0,535.0,1.0
16060,247.0,7.0,1.0
16061,126.0,219.0,1.0
16062,261.0,167.0,1.0
16063,226.0,371.0,1.0
16064,172.0,227.0,1.0
16065,93.0,15.0,1.0
16066,250.0,343.0,1.0
16067,182.0,259.0,1.0
16068,56.0,459.0,1.0
16069,208.0,274.0,1.0
16070,258.0,500.0,1.0
16071,187.0,202.0,1.0
16072,92.0,282.0,1.0
16073,123.0,9.0,1.0
16074,183.0,274.0,1.0
16075,75.0,14.0,1.0
16076,117.0,232.0,1.0
16077,183.0,332.0,1.0
16078,75.0,282.0,1.0
16079,217.0,373.0,1.0
16080,160.0,336.0,1.0
16081,31.0,201.0,1.0
16082,220.0,11.0,1.0
16083,218.0,86.0,1.0
16084,150.0,136.0,1.0
16085,123.0,147.0,1.0
16086,254.0,251.0,1.0
16087,49.0,70.0,1.0
16088,108.0,191.0,1.0
16089,65.0,193.0,1.0
16090,28.0,29.0,1.0
16091,211.0,524.0,1.0
16092,37.0,238.0,1.0
16093,5.0,196.0,1.0
16094,245.0,356.0,1.0
16095,113.0,439.0,1.0
16096,117.0,310.0,1.0
16097,31.0,147.0,1.0
16098,102.0,24.0,1.0
16099,237.0,31.0,1.0
16100,226.0,356.0,1.0
16101,201.0,311.0,1.0
16102,199.0,544.0,1.0
16103,175.0,146.0,1.0
16104,149.0,42.0,1.0
16105,180.0,336.0,1.0
16106,33.0,147.0,1.0
16107,79.0,482.0,1.0
16108,189.0,140.0,1.0
16109,60.0,146.0,1.0
16110,182.0,124.0,1.0
16111,239.0,204.0,1.0
16112,5.0,202.0,1.0
16113,160.0,20.0,1.0
16114,105.0,317.0,1.0
16115,208.0,305.0,1.0
16116,165.0,12.0,1.0
16117,90.0,33.0,1.0
16118,164.0,328.0,1.0
16119,186.0,560.0,1.0
16120,135.0,368.0,1.0
16121,65.0,529.0,1.0
16122,242.0,465.0,1.0
16123,152.0,10.0,1.0
16124,194.0,81.0,1.0
16125,71.0,379.0,1.0
16126,56.0,289.0,1.0
16127,193.0,581.0,1.0
16128,166.0,148.0,1.0
16129,223.0,593.0,1.0
16130,82.0,482.0,1.0
16131,250.0,8.0,1.0
16132,241.0,11.0,1.0
16133,227.0,61.0,1.0
16134,65.0,183.0,1.0
16135,205.0,208.0,1.0
16136,162.0,215.0,1.0
16137,148.0,110.0,1.0
16138,141.0,186.0,1.0
16139,127.0,310.0,1.0
16140,264.0,147.0,1.0
16141,144.0,47.0,1.0
16142,19.0,314.0,1.0
16143,78.0,81.0,1.0
16144,189.0,109.0,1.0
16145,139.0,434.0,1.0
16146,102.0,94.0,1.0
16147,28.0,60.0,1.0
16148,122.0,236.0,1.0
16149,128.0,111.0,1.0
16150,28.0,254.0,1.0
16151,130.0,321.0,1.0
16152,83.0,352.0,1.0
16153,96.0,378.0,1.0
16154,266.0,214.0,1.0
16155,203.0,270.0,1.0
16156,83.0,81.0,1.0
16157,109.0,59.0,1.0
16158,133.0,59.0,1.0
16159,201.0,219.0,1.0
16160,200.0,354.0,1.0
16161,116.0,27.0,1.0
16162,144.0,191.0,1.0
16163,163.0,150.0,1.0
16164,56.0,456.0,1.0
16165,248.0,275.0,1.0
16166,42.0,215.0,1.0
16167,127.0,150.0,1.0
16168,170.0,597.0,1.0
16169,83.0,72.0,1.0
16170,136.0,239.0,1.0
16171,145.0,190.0,1.0
16172,71.0,413.0,1.0
16173,229.0,366.0,1.0
16174,222.0,157.0,1.0
16175,197.0,83.0,1.0
16176,227.0,97.0,1.0
16177,191.0,129.0,1.0
16178,61.0,204.0,1.0
16179,68.0,60.0,1.0
16180,79.0,251.0,1.0
16181,145.0,386.0,1.0
16182,74.0,39.0,1.0
16183,26.0,241.0,1.0
16184,200.0,59.0,1.0
16185,44.0,12.0,1.0
16186,92.0,208.0,1.0
16187,84.0,593.0,1.0
16188,90.0,390.0,1.0
16189,131.0,60.0,1.0
16190,69.0,486.0,1.0
16191,224.0,127.0,1.0
16192,182.0,247.0,1.0
16193,89.0,104.0,1.0
16194,199.0,40.0,1.0
16195,237.0,58.0,1.0
16196,89.0,257.0,1.0
16197,147.0,265.0,1.0
16198,102.0,365.0,1.0
16199,79.0,416.0,1.0
16200,62.0,208.0,1.0
16201,145.0,120.0,1.0
16202,244.0,434.0,1.0
16203,37.0,228.0,1.0
16204,90.0,100.0,1.0
16205,213.0,143.0,1.0
16206,71.0,36.0,1.0
16207,69.0,236.0,1.0
16208,94.0,242.0,1.0
16209,118.0,186.0,1.0
16210,261.0,168.0,1.0
16211,152.0,71.0,1.0
16212,162.0,168.0,1.0
16213,242.0,208.0,1.0
16214,250.0,146.0,1.0
16215,75.0,37.0,1.0
16216,155.0,285.0,1.0
16217,30.0,263.0,1.0
16218,102.0,83.0,1.0
16219,50.0,508.0,1.0
16220,240.0,107.0,1.0
16221,208.0,84.0,1.0
16222,2.0,135.0,1.0
16223,75.0,477.0,1.0
16224,147.0,175.0,1.0
16225,135.0,100.0,1.0
16226,145.0,238.0,1.0
16227,52.0,278.0,1.0
16228,123.0,588.0,1.0
16229,6.0,103.0,1.0
16230,12.0,146.0,1.0
16231,64.0,89.0,1.0
16232,155.0,344.0,1.0
16233,65.0,523.0,1.0
16234,87.0,66.0,1.0
16235,160.0,100.0,1.0
16236,69.0,170.0,1.0
16237,73.0,146.0,1.0
16238,207.0,181.0,1.0
16239,147.0,530.0,1.0
16240,182.0,228.0,1.0
16241,67.0,547.0,1.0
16242,217.0,89.0,1.0
16243,189.0,43.0,1.0
16244,232.0,274.0,1.0
16245,222.0,289.0,1.0
16246,98.0,388.0,1.0
16247,256.0,156.0,1.0
16248,77.0,510.0,1.0
16249,141.0,235.0,1.0
16250,155.0,46.0,1.0
16251,34.0,134.0,1.0
16252,93.0,24.0,1.0
16253,69.0,72.0,1.0
16254,75.0,192.0,1.0
16255,87.0,364.0,1.0
16256,22.0,11.0,1.0
16257,199.0,449.0,1.0
16258,168.0,85.0,1.0
16259,217.0,410.0,1.0
16260,82.0,391.0,1.0
16261,146.0,313.0,1.0
16262,144.0,92.0,1.0
16263,102.0,491.0,1.0
16264,256.0,310.0,1.0
16265,142.0,374.0,1.0
16266,104.0,126.0,1.0
16267,94.0,106.0,1.0
16268,149.0,277.0,1.0
16269,85.0,39.0,1.0
16270,116.0,356.0,1.0
16271,227.0,347.0,1.0
16272,189.0,79.0,1.0
16273,146.0,432.0,1.0
16274,71.0,385.0,1.0
16275,165.0,455.0,1.0
16276,98.0,251.0,1.0
16277,147.0,488.0,1.0
16278,45.0,320.0,1.0
16279,65.0,343.0,1.0
16280,82.0,217.0,1.0
16281,98.0,106.0,1.0
16282,37.0,252.0,1.0
16283,260.0,120.0,1.0
16284,59.0,217.0,1.0
16285,81.0,398.0,1.0
16286,224.0,132.0,1.0
16287,82.0,202.0,1.0
16288,102.0,361.0,1.0
16289,262.0,343.0,1.0
16290,6.0,230.0,1.0
16291,78.0,117.0,1.0
16292,51.0,153.0,1.0
16293,71.0,466.0,1.0
16294,10.0,87.0,1.0
16295,133.0,388.0,1.0
16296,127.0,111.0,1.0
16297,81.0,282.0,1.0
16298,160.0,592.0,1.0
16299,98.0,287.0,1.0
16300,16.0,38.0,1.0
16301,75.0,369.0,1.0
16302,139.0,201.0,1.0
16303,37.0,193.0,1.0
16304,3.0,161.0,1.0
16305,180.0,150.0,1.0
16306,135.0,401.0,1.0
16307,226.0,26.0,1.0
16308,147.0,578.0,1.0
16309,71.0,57.0,1.0
16310,239.0,59.0,1.0
16311,31.0,451.0,1.0
16312,101.0,203.0,1.0
16313,104.0,12.0,1.0
16314,175.0,9.0,1.0
16315,75.0,59.0,1.0
16316,262.0,575.0,1.0
16317,249.0,143.0,1.0
16318,190.0,471.0,1.0
16319,42.0,227.0,1.0
16320,266.0,114.0,1.0
16321,128.0,146.0,1.0
16322,130.0,48.0,1.0
16323,69.0,130.0,1.0
16324,81.0,209.0,1.0
16325,130.0,378.0,1.0
16326,189.0,118.0,1.0
16327,65.0,133.0,1.0
16328,114.0,20.0,1.0
16329,97.0,194.0,1.0
16330,89.0,543.0,1.0
16331,218.0,93.0,1.0
16332,223.0,7.0,1.0
16333,228.0,149.0,1.0
16334,17.0,293.0,1.0
16335,126.0,245.0,1.0
16336,113.0,36.0,1.0
16337,82.0,150.0,1.0
16338,75.0,544.0,1.0
16339,75.0,146.0,1.0
16340,162.0,362.0,1.0
16341,150.0,107.0,1.0
16342,259.0,387.0,1.0
16343,172.0,104.0,1.0
16344,86.0,219.0,1.0
16345,26.0,97.0,1.0
16346,199.0,343.0,1.0
16347,141.0,470.0,1.0
16348,142.0,208.0,1.0
16349,4.0,173.0,1.0
16350,8.0,243.0,1.0
16351,32.0,121.0,1.0
16352,121.0,527.0,1.0
16353,138.0,103.0,1.0
16354,147.0,151.0,1.0
16355,1.0,37.0,1.0
16356,225.0,85.0,1.0
16357,71.0,262.0,1.0
16358,123.0,190.0,1.0
16359,122.0,447.0,1.0
16360,158.0,33.0,1.0
16361,65.0,419.0,1.0
16362,144.0,260.0,1.0
16363,211.0,219.0,1.0
16364,259.0,153.0,1.0
16365,74.0,117.0,1.0
16366,17.0,205.0,1.0
16367,242.0,310.0,1.0
16368,166.0,492.0,1.0
16369,154.0,111.0,1.0
16370,67.0,12.0,1.0
16371,119.0,222.0,1.0
16372,56.0,495.0,1.0
16373,169.0,10.0,1.0
16374,259.0,12.0,1.0
16375,226.0,117.0,1.0
16376,195.0,186.0,1.0
16377,248.0,18.0,1.0
16378,62.0,12.0,1.0
16379,56.0,223.0,1.0
16380,133.0,394.0,1.0
16381,56.0,249.0,1.0
16382,35.0,146.0,1.0
16383,189.0,400.0,1.0
16384,160.0,115.0,1.0
16385,183.0,40.0,1.0
16386,180.0,146.0,1.0
16387,60.0,553.0,1.0
16388,81.0,405.0,1.0
16389,262.0,316.0,1.0
16390,216.0,419.0,1.0
16391,250.0,53.0,1.0
16392,16.0,51.0,1.0
16393,164.0,107.0,1.0
16394,39.0,388.0,1.0
16395,211.0,118.0,1.0
16396,130.0,10.0,1.0
16397,96.0,134.0,1.0
16398,147.0,230.0,1.0
16399,126.0,408.0,1.0
16400,132.0,88.0,1.0
16401,198.0,113.0,1.0
16402,182.0,582.0,1.0
16403,39.0,334.0,1.0
16404,93.0,127.0,1.0
16405,127.0,447.0,1.0
16406,124.0,222.0,1.0
16407,105.0,492.0,1.0
16408,138.0,115.0,1.0
16409,154.0,9.0,1.0
16410,70.0,10.0,1.0
16411,5.0,38.0,1.0
16412,44.0,141.0,1.0
16413,160.0,253.0,1.0
16414,125.0,133.0,1.0
16415,89.0,369.0,1.0
16416,63.0,48.0,1.0
16417,51.0,124.0,1.0
16418,238.0,136.0,1.0
16419,89.0,251.0,1.0
16420,227.0,75.0,1.0
16421,81.0,224.0,1.0
16422,108.0,459.0,1.0
16423,153.0,44.0,1.0
16424,65.0,551.0,1.0
16425,122.0,357.0,1.0
16426,82.0,321.0,1.0
16427,117.0,161.0,1.0
16428,68.0,430.0,1.0
16429,150.0,112.0,1.0
16430,150.0,118.0,1.0
16431,189.0,354.0,1.0
16432,195.0,43.0,1.0
16433,208.0,179.0,1.0
16434,233.0,61.0,1.0
16435,144.0,351.0,1.0
16436,81.0,408.0,1.0
16437,48.0,11.0,1.0
16438,123.0,267.0,1.0
16439,149.0,72.0,1.0
16440,222.0,130.0,1.0
16441,242.0,40.0,1.0
16442,168.0,400.0,1.0
16443,164.0,87.0,1.0
16444,240.0,319.0,1.0
16445,162.0,84.0,1.0
16446,7.0,59.0,1.0
16447,107.0,202.0,1.0
16448,264.0,309.0,1.0
16449,147.0,68.0,1.0
16450,190.0,378.0,1.0
16451,115.0,100.0,1.0
16452,82.0,169.0,1.0
16453,234.0,232.0,1.0
16454,52.0,92.0,1.0
16455,89.0,464.0,1.0
16456,207.0,205.0,1.0
16457,108.0,50.0,1.0
16458,182.0,70.0,1.0
16459,82.0,9.0,1.0
16460,165.0,205.0,1.0
16461,147.0,365.0,1.0
16462,75.0,517.0,1.0
16463,123.0,177.0,1.0
16464,147.0,54.0,1.0
16465,114.0,226.0,1.0
16466,87.0,38.0,1.0
16467,79.0,121.0,1.0
16468,94.0,384.0,1.0
16469,199.0,86.0,1.0
16470,58.0,203.0,1.0
16471,8.0,202.0,1.0
16472,234.0,241.0,1.0
16473,123.0,79.0,1.0
16474,82.0,44.0,1.0
16475,203.0,115.0,1.0
16476,79.0,360.0,1.0
16477,102.0,289.0,1.0
16478,98.0,523.0,1.0
16479,100.0,279.0,1.0
16480,99.0,388.0,1.0
16481,21.0,147.0,1.0
16482,185.0,202.0,1.0
16483,232.0,54.0,1.0
16484,16.0,161.0,1.0
16485,144.0,206.0,1.0
16486,116.0,359.0,1.0
16487,238.0,179.0,1.0
16488,156.0,504.0,1.0
16489,178.0,64.0,1.0
16490,230.0,147.0,1.0
16491,82.0,201.0,1.0
16492,263.0,36.0,1.0
16493,256.0,360.0,1.0
16494,260.0,66.0,1.0
16495,160.0,378.0,1.0
16496,0.0,11.0,1.0
16497,81.0,314.0,1.0
16498,129.0,126.0,1.0
16499,259.0,224.0,1.0
16500,129.0,320.0,1.0
16501,81.0,168.0,1.0
16502,268.0,418.0,1.0
16503,51.0,400.0,1.0
16504,164.0,570.0,1.0
16505,136.0,216.0,1.0
16506,150.0,125.0,1.0
16507,130.0,255.0,1.0
16508,83.0,261.0,1.0
16509,145.0,394.0,1.0
16510,250.0,35.0,1.0
16511,259.0,69.0,1.0
16512,106.0,310.0,1.0
16513,157.0,325.0,1.0
16514,116.0,143.0,1.0
16515,150.0,127.0,1.0
16516,17.0,376.0,1.0
16517,197.0,178.0,1.0
16518,51.0,94.0,1.0
16519,182.0,591.0,1.0
16520,209.0,517.0,1.0
16521,250.0,83.0,1.0
16522,205.0,156.0,1.0
16523,248.0,194.0,1.0
16524,148.0,287.0,1.0
16525,87.0,306.0,1.0
16526,203.0,66.0,1.0
16527,130.0,59.0,1.0
16528,211.0,487.0,1.0
16529,56.0,81.0,1.0
16530,168.0,109.0,1.0
16531,262.0,247.0,1.0
16532,75.0,434.0,1.0
16533,67.0,449.0,1.0
16534,20.0,58.0,1.0
16535,116.0,59.0,1.0
16536,70.0,253.0,1.0
16537,101.0,125.0,1.0
16538,96.0,128.0,1.0
16539,259.0,343.0,1.0
16540,65.0,241.0,1.0
16541,18.0,320.0,1.0
16542,243.0,434.0,1.0
16543,162.0,339.0,1.0
16544,211.0,390.0,1.0
16545,182.0,346.0,1.0
16546,107.0,124.0,1.0
16547,17.0,116.0,1.0
16548,91.0,78.0,1.0
16549,94.0,133.0,1.0
16550,48.0,68.0,1.0
16551,234.0,322.0,1.0
16552,262.0,491.0,1.0
16553,17.0,231.0,1.0
16554,35.0,201.0,1.0
16555,187.0,130.0,1.0
16556,61.0,11.0,1.0
16557,175.0,45.0,1.0
16558,102.0,119.0,1.0
16559,69.0,100.0,1.0
16560,31.0,120.0,1.0
16561,60.0,202.0,1.0
16562,183.0,96.0,1.0
16563,178.0,3.0,1.0
16564,47.0,92.0,1.0
16565,109.0,36.0,1.0
16566,175.0,54.0,1.0
16567,170.0,127.0,1.0
16568,0.0,14.0,1.0
16569,248.0,457.0,1.0
16570,87.0,84.0,1.0
16571,223.0,83.0,1.0
16572,53.0,188.0,1.0
16573,264.0,587.0,1.0
16574,34.0,401.0,0.0
16575,78.0,293.0,0.0
16576,90.0,48.0,0.0
16577,146.0,159.0,0.0
16578,222.0,509.0,0.0
16579,0.0,82.0,0.0
16580,113.0,120.0,0.0
16581,4.0,192.0,0.0
16582,226.0,241.0,0.0
16583,126.0,453.0,0.0
16584,213.0,410.0,0.0
16585,248.0,487.0,0.0
16586,108.0,199.0,0.0
16587,74.0,475.0,0.0
16588,105.0,190.0,0.0
16589,106.0,477.0,0.0
16590,162.0,127.0,0.0
16591,144.0,320.0,0.0
16592,132.0,516.0,0.0
16593,128.0,35.0,0.0
16594,17.0,569.0,0.0
16595,60.0,200.0,0.0
16596,199.0,513.0,0.0
16597,136.0,505.0,0.0
16598,59.0,204.0,0.0
16599,153.0,129.0,0.0
16600,91.0,239.0,0.0
16601,2.0,73.0,0.0
16602,43.0,219.0,0.0
16603,24.0,482.0,0.0
16604,215.0,140.0,0.0
16605,245.0,42.0,0.0
16606,123.0,432.0,0.0
16607,252.0,100.0,0.0
16608,33.0,320.0,0.0
16609,45.0,298.0,0.0
16610,243.0,515.0,0.0
16611,136.0,155.0,0.0
16612,114.0,339.0,0.0
16613,34.0,517.0,0.0
16614,137.0,211.0,0.0
16615,54.0,501.0,0.0
16616,96.0,556.0,0.0
16617,97.0,154.0,0.0
16618,67.0,465.0,0.0
16619,107.0,472.0,0.0
16620,66.0,488.0,0.0
16621,90.0,586.0,0.0
16622,50.0,204.0,0.0
16623,91.0,436.0,0.0
16624,168.0,423.0,0.0
16625,170.0,18.0,0.0
16626,180.0,125.0,0.0
16627,158.0,31.0,0.0
16628,171.0,22.0,0.0
16629,194.0,533.0,0.0
16630,133.0,214.0,0.0
16631,46.0,261.0,0.0
16632,172.0,269.0,0.0
16633,58.0,583.0,0.0
16634,43.0,122.0,0.0
16635,239.0,290.0,0.0
16636,73.0,462.0,0.0
16637,251.0,120.0,0.0
16638,114.0,510.0,0.0
16639,230.0,96.0,0.0
16640,19.0,25.0,0.0
16641,65.0,417.0,0.0
16642,169.0,230.0,0.0
16643,157.0,124.0,0.0
16644,120.0,188.0,0.0
16645,60.0,352.0,0.0
16646,122.0,547.0,0.0
16647,209.0,573.0,0.0
16648,190.0,169.0,0.0
16649,192.0,75.0,0.0
16650,30.0,383.0,0.0
16651,53.0,441.0,0.0
16652,227.0,399.0,0.0
16653,177.0,310.0,0.0
16654,251.0,487.0,0.0
16655,92.0,519.0,0.0
16656,164.0,105.0,0.0
16657,29.0,255.0,0.0
16658,171.0,581.0,0.0
16659,192.0,351.0,0.0
16660,4.0,361.0,0.0
16661,170.0,442.0,0.0
16662,207.0,87.0,0.0
16663,236.0,458.0,0.0
16664,221.0,143.0,0.0
16665,139.0,126.0,0.0
16666,198.0,290.0,0.0
16667,206.0,481.0,0.0
16668,80.0,15.0,0.0
16669,37.0,588.0,0.0
16670,43.0,475.0,0.0
16671,166.0,547.0,0.0
16672,115.0,341.0,0.0
16673,4.0,477.0,0.0
16674,174.0,69.0,0.0
16675,68.0,240.0,0.0
16676,177.0,525.0,0.0
16677,22.0,184.0,0.0
16678,120.0,115.0,0.0
16679,118.0,134.0,0.0
16680,249.0,367.0,0.0
16681,66.0,570.0,0.0
16682,109.0,196.0,0.0
16683,179.0,285.0,0.0
16684,24.0,183.0,0.0
16685,115.0,495.0,0.0
16686,242.0,140.0,0.0
16687,187.0,595.0,0.0
16688,246.0,74.0,0.0
16689,63.0,88.0,0.0
16690,37.0,397.0,0.0
16691,227.0,333.0,0.0
16692,160.0,23.0,0.0
16693,207.0,446.0,0.0
16694,250.0,586.0,0.0
16695,211.0,508.0,0.0
16696,128.0,388.0,0.0
16697,221.0,425.0,0.0
16698,156.0,141.0,0.0
16699,156.0,443.0,0.0
16700,232.0,154.0,0.0
16701,140.0,425.0,0.0
16702,18.0,264.0,0.0
16703,31.0,224.0,0.0
16704,81.0,539.0,0.0
16705,253.0,185.0,0.0
16706,44.0,473.0,0.0
16707,164.0,203.0,0.0
16708,73.0,123.0,0.0
16709,38.0,191.0,0.0
16710,213.0,132.0,0.0
16711,192.0,552.0,0.0
16712,143.0,484.0,0.0
16713,222.0,88.0,0.0
16714,144.0,103.0,0.0
16715,69.0,409.0,0.0
16716,142.0,343.0,0.0
16717,95.0,415.0,0.0
16718,131.0,89.0,0.0
16719,1.0,175.0,0.0
16720,11.0,374.0,0.0
16721,254.0,288.0,0.0
16722,70.0,545.0,0.0
16723,191.0,299.0,0.0
16724,251.0,431.0,0.0
16725,187.0,148.0,0.0
16726,81.0,248.0,0.0
16727,72.0,325.0,0.0
16728,188.0,144.0,0.0
16729,152.0,427.0,0.0
16730,2.0,357.0,0.0
16731,2.0,465.0,0.0
16732,162.0,267.0,0.0
16733,251.0,197.0,0.0
16734,167.0,17.0,0.0
16735,107.0,561.0,0.0
16736,46.0,419.0,0.0
16737,71.0,168.0,0.0
16738,43.0,558.0,0.0
16739,133.0,551.0,0.0
16740,180.0,25.0,0.0
16741,1.0,502.0,0.0
16742,100.0,57.0,0.0
16743,208.0,361.0,0.0
16744,97.0,392.0,0.0
16745,78.0,240.0,0.0
16746,182.0,556.0,0.0
16747,68.0,419.0,0.0
16748,34.0,208.0,0.0
16749,67.0,180.0,0.0
16750,19.0,302.0,0.0
16751,89.0,245.0,0.0
16752,235.0,107.0,0.0
16753,188.0,402.0,0.0
16754,188.0,208.0,0.0
16755,242.0,164.0,0.0
16756,191.0,216.0,0.0
16757,219.0,491.0,0.0
16758,132.0,90.0,0.0
16759,235.0,257.0,0.0
16760,177.0,33.0,0.0
16761,263.0,290.0,0.0
16762,267.0,341.0,0.0
16763,229.0,60.0,0.0
16764,116.0,258.0,0.0
16765,236.0,447.0,0.0
16766,4.0,478.0,0.0
16767,246.0,361.0,0.0
16768,42.0,429.0,0.0
16769,63.0,163.0,0.0
16770,233.0,55.0,0.0
16771,26.0,591.0,0.0
16772,9.0,417.0,0.0
16773,144.0,437.0,0.0
16774,80.0,83.0,0.0
16775,105.0,456.0,0.0
16776,47.0,151.0,0.0
16777,75.0,303.0,0.0
16778,143.0,139.0,0.0
16779,14.0,14.0,0.0
16780,238.0,155.0,0.0
16781,193.0,509.0,0.0
16782,31.0,328.0,0.0
16783,18.0,36.0,0.0
16784,89.0,268.0,0.0
16785,230.0,33.0,0.0
16786,139.0,226.0,0.0
16787,156.0,71.0,0.0
16788,221.0,374.0,0.0
16789,46.0,173.0,0.0
16790,62.0,231.0,0.0
16791,107.0,352.0,0.0
16792,177.0,224.0,0.0
16793,19.0,91.0,0.0
16794,181.0,452.0,0.0
16795,253.0,6.0,0.0
16796,206.0,435.0,0.0
16797,182.0,560.0,0.0
16798,104.0,597.0,0.0
16799,134.0,31.0,0.0
16800,170.0,537.0,0.0
16801,128.0,444.0,0.0
16802,198.0,7.0,0.0
16803,118.0,89.0,0.0
16804,117.0,268.0,0.0
16805,145.0,215.0,0.0
16806,108.0,442.0,0.0
16807,24.0,194.0,0.0
16808,30.0,356.0,0.0
16809,146.0,86.0,0.0
16810,36.0,287.0,0.0
16811,167.0,569.0,0.0
16812,96.0,318.0,0.0
16813,12.0,263.0,0.0
16814,75.0,511.0,0.0
16815,106.0,0.0,0.0
16816,192.0,447.0,0.0
16817,79.0,426.0,0.0
16818,30.0,203.0,0.0
16819,251.0,440.0,0.0
16820,69.0,11.0,0.0
16821,232.0,368.0,0.0
16822,4.0,215.0,0.0
16823,261.0,384.0,0.0
16824,40.0,346.0,0.0
16825,48.0,418.0,0.0
16826,253.0,457.0,0.0
16827,120.0,324.0,0.0
16828,261.0,197.0,0.0
16829,144.0,111.0,0.0
16830,114.0,110.0,0.0
16831,92.0,72.0,0.0
16832,50.0,134.0,0.0
16833,21.0,525.0,0.0
16834,54.0,5.0,0.0
16835,175.0,94.0,0.0
16836,249.0,237.0,0.0
16837,50.0,357.0,0.0
16838,21.0,351.0,0.0
16839,53.0,487.0,0.0
16840,261.0,573.0,0.0
16841,106.0,573.0,0.0
16842,257.0,495.0,0.0
16843,194.0,257.0,0.0
16844,263.0,350.0,0.0
16845,14.0,426.0,0.0
16846,115.0,272.0,0.0
16847,243.0,519.0,0.0
16848,129.0,352.0,0.0
16849,117.0,101.0,0.0
16850,243.0,213.0,0.0
16851,154.0,580.0,0.0
16852,143.0,41.0,0.0
16853,77.0,213.0,0.0
16854,116.0,109.0,0.0
16855,34.0,46.0,0.0
16856,57.0,486.0,0.0
16857,238.0,140.0,0.0
16858,118.0,325.0,0.0
16859,213.0,486.0,0.0
16860,86.0,135.0,0.0
16861,4.0,149.0,0.0
16862,144.0,290.0,0.0
16863,203.0,271.0,0.0
16864,128.0,557.0,0.0
16865,268.0,440.0,0.0
16866,83.0,98.0,0.0
16867,98.0,157.0,0.0
16868,208.0,495.0,0.0
16869,196.0,582.0,0.0
16870,92.0,105.0,0.0
16871,70.0,590.0,0.0
16872,200.0,482.0,0.0
16873,51.0,590.0,0.0
16874,151.0,79.0,0.0
16875,114.0,507.0,0.0
16876,95.0,272.0,0.0
16877,231.0,445.0,0.0
16878,248.0,134.0,0.0
16879,158.0,470.0,0.0
16880,212.0,581.0,0.0
16881,247.0,322.0,0.0
16882,57.0,161.0,0.0
16883,155.0,549.0,0.0
16884,13.0,76.0,0.0
16885,69.0,410.0,0.0
16886,267.0,511.0,0.0
16887,45.0,448.0,0.0
16888,101.0,198.0,0.0
16889,115.0,58.0,0.0
16890,97.0,273.0,0.0
16891,79.0,369.0,0.0
16892,105.0,281.0,0.0
16893,248.0,327.0,0.0
16894,36.0,88.0,0.0
16895,161.0,289.0,0.0
16896,176.0,34.0,0.0
16897,97.0,435.0,0.0
16898,29.0,245.0,0.0
16899,138.0,299.0,0.0
16900,96.0,399.0,0.0
16901,118.0,347.0,0.0
16902,31.0,149.0,0.0
16903,221.0,432.0,0.0
16904,254.0,588.0,0.0
16905,116.0,255.0,0.0
16906,48.0,531.0,0.0
16907,126.0,575.0,0.0
16908,133.0,279.0,0.0
16909,12.0,40.0,0.0
16910,194.0,469.0,0.0
16911,18.0,478.0,0.0
16912,224.0,144.0,0.0
16913,147.0,244.0,0.0
16914,16.0,148.0,0.0
16915,6.0,486.0,0.0
16916,226.0,131.0,0.0
16917,18.0,63.0,0.0
16918,57.0,542.0,0.0
16919,266.0,30.0,0.0
16920,161.0,239.0,0.0
16921,184.0,135.0,0.0
16922,124.0,362.0,0.0
16923,15.0,137.0,0.0
16924,97.0,210.0,0.0
16925,122.0,507.0,0.0
16926,204.0,135.0,0.0
16927,42.0,449.0,0.0
16928,107.0,274.0,0.0
16929,187.0,257.0,0.0
16930,91.0,442.0,0.0
16931,162.0,555.0,0.0
16932,169.0,68.0,0.0
16933,76.0,514.0,0.0
16934,4.0,358.0,0.0
16935,201.0,460.0,0.0
16936,114.0,183.0,0.0
16937,16.0,389.0,0.0
16938,6.0,475.0,0.0
16939,40.0,550.0,0.0
16940,111.0,1.0,0.0
16941,57.0,561.0,0.0
16942,229.0,221.0,0.0
16943,187.0,223.0,0.0
16944,38.0,73.0,0.0
16945,172.0,140.0,0.0
16946,135.0,137.0,0.0
16947,255.0,487.0,0.0
16948,128.0,334.0,0.0
16949,71.0,299.0,0.0
16950,264.0,180.0,0.0
16951,19.0,124.0,0.0
16952,3.0,349.0,0.0
16953,121.0,353.0,0.0
16954,267.0,287.0,0.0
16955,252.0,447.0,0.0
16956,76.0,540.0,0.0
16957,31.0,499.0,0.0
16958,24.0,450.0,0.0
16959,181.0,559.0,0.0
16960,149.0,27.0,0.0
16961,228.0,328.0,0.0
16962,52.0,38.0,0.0
16963,92.0,517.0,0.0
16964,73.0,296.0,0.0
16965,223.0,71.0,0.0
16966,132.0,163.0,0.0
16967,198.0,493.0,0.0
16968,42.0,93.0,0.0
16969,122.0,558.0,0.0
16970,228.0,432.0,0.0
16971,34.0,552.0,0.0
16972,215.0,171.0,0.0
16973,70.0,299.0,0.0
16974,123.0,300.0,0.0
16975,20.0,292.0,0.0
16976,251.0,281.0,0.0
16977,1.0,413.0,0.0
16978,187.0,586.0,0.0
16979,24.0,269.0,0.0
16980,229.0,463.0,0.0
16981,73.0,244.0,0.0
16982,51.0,5.0,0.0
16983,133.0,545.0,0.0
16984,72.0,174.0,0.0
16985,3.0,351.0,0.0
16986,177.0,83.0,0.0
16987,75.0,1.0,0.0
16988,210.0,315.0,0.0
16989,246.0,563.0,0.0
16990,80.0,322.0,0.0
16991,257.0,53.0,0.0
16992,44.0,155.0,0.0
16993,228.0,19.0,0.0
16994,18.0,122.0,0.0
16995,33.0,310.0,0.0
16996,184.0,111.0,0.0
16997,243.0,52.0,0.0
16998,148.0,573.0,0.0
16999,153.0,497.0,0.0
17000,128.0,583.0,0.0
17001,72.0,384.0,0.0
17002,255.0,528.0,0.0
17003,18.0,521.0,0.0
17004,100.0,496.0,0.0
17005,187.0,543.0,0.0
17006,41.0,186.0,0.0
17007,114.0,86.0,0.0
17008,205.0,282.0,0.0
17009,43.0,279.0,0.0
17010,37.0,169.0,0.0
17011,34.0,403.0,0.0
17012,161.0,364.0,0.0
17013,135.0,77.0,0.0
17014,96.0,430.0,0.0
17015,20.0,463.0,0.0
17016,110.0,30.0,0.0
17017,50.0,368.0,0.0
17018,27.0,425.0,0.0
17019,101.0,542.0,0.0
17020,136.0,33.0,0.0
17021,180.0,161.0,0.0
17022,197.0,271.0,0.0
17023,111.0,46.0,0.0
17024,15.0,596.0,0.0
17025,94.0,15.0,0.0
17026,209.0,405.0,0.0
17027,107.0,410.0,0.0
17028,206.0,75.0,0.0
17029,3.0,217.0,0.0
17030,261.0,354.0,0.0
17031,164.0,421.0,0.0
17032,154.0,31.0,0.0
17033,266.0,98.0,0.0
17034,111.0,37.0,0.0
17035,22.0,413.0,0.0
17036,122.0,183.0,0.0
17037,60.0,468.0,0.0
17038,110.0,538.0,0.0
17039,246.0,18.0,0.0
17040,244.0,380.0,0.0
17041,0.0,54.0,0.0
17042,1.0,572.0,0.0
17043,59.0,35.0,0.0
17044,127.0,228.0,0.0
17045,242.0,289.0,0.0
17046,234.0,108.0,0.0
17047,51.0,470.0,0.0
17048,1.0,457.0,0.0
17049,144.0,299.0,0.0
17050,261.0,214.0,0.0
17051,161.0,258.0,0.0
17052,246.0,142.0,0.0
17053,173.0,316.0,0.0
17054,119.0,397.0,0.0
17055,52.0,240.0,0.0
17056,18.0,70.0,0.0
17057,151.0,340.0,0.0
17058,245.0,129.0,0.0
17059,12.0,370.0,0.0
17060,110.0,378.0,0.0
17061,178.0,93.0,0.0
17062,197.0,428.0,0.0
17063,246.0,42.0,0.0
17064,7.0,454.0,0.0
17065,247.0,493.0,0.0
17066,32.0,281.0,0.0
17067,204.0,7.0,0.0
17068,17.0,14.0,0.0
17069,22.0,572.0,0.0
17070,32.0,377.0,0.0
17071,167.0,386.0,0.0
17072,190.0,26.0,0.0
17073,124.0,444.0,0.0
17074,205.0,504.0,0.0
17075,189.0,220.0,0.0
17076,43.0,443.0,0.0
17077,51.0,582.0,0.0
17078,181.0,411.0,0.0
17079,218.0,344.0,0.0
17080,106.0,545.0,0.0
17081,118.0,453.0,0.0
17082,62.0,91.0,0.0
17083,228.0,110.0,0.0
17084,177.0,526.0,0.0
17085,106.0,200.0,0.0
17086,100.0,435.0,0.0
17087,22.0,414.0,0.0
17088,208.0,227.0,0.0
17089,203.0,214.0,0.0
17090,181.0,106.0,0.0
17091,96.0,23.0,0.0
17092,113.0,16.0,0.0
17093,100.0,462.0,0.0
17094,257.0,7.0,0.0
17095,107.0,343.0,0.0
17096,126.0,106.0,0.0
17097,153.0,151.0,0.0
17098,246.0,292.0,0.0
17099,91.0,482.0,0.0
17100,128.0,545.0,0.0
17101,203.0,596.0,0.0
17102,240.0,151.0,0.0
17103,48.0,358.0,0.0
17104,10.0,533.0,0.0
17105,62.0,404.0,0.0
17106,255.0,129.0,0.0
17107,9.0,49.0,0.0
17108,159.0,186.0,0.0
17109,63.0,550.0,0.0
17110,84.0,116.0,0.0
17111,149.0,193.0,0.0
17112,97.0,68.0,0.0
17113,163.0,590.0,0.0
17114,10.0,572.0,0.0
17115,142.0,261.0,0.0
17116,202.0,263.0,0.0
17117,255.0,354.0,0.0
17118,143.0,315.0,0.0
17119,62.0,412.0,0.0
17120,72.0,321.0,0.0
17121,145.0,68.0,0.0
17122,207.0,105.0,0.0
17123,10.0,528.0,0.0
17124,12.0,143.0,0.0
17125,71.0,51.0,0.0
17126,183.0,224.0,0.0
17127,75.0,492.0,0.0
17128,73.0,522.0,0.0
17129,86.0,229.0,0.0
17130,72.0,293.0,0.0
17131,111.0,410.0,0.0
17132,118.0,461.0,0.0
17133,70.0,465.0,0.0
17134,42.0,563.0,0.0
17135,135.0,449.0,0.0
17136,237.0,421.0,0.0
17137,208.0,26.0,0.0
17138,155.0,134.0,0.0
17139,173.0,397.0,0.0
17140,195.0,479.0,0.0
17141,43.0,224.0,0.0
17142,247.0,291.0,0.0
17143,37.0,29.0,0.0
17144,258.0,25.0,0.0
17145,255.0,165.0,0.0
17146,160.0,17.0,0.0
17147,197.0,571.0,0.0
17148,203.0,237.0,0.0
17149,139.0,431.0,0.0
17150,117.0,595.0,0.0
17151,243.0,281.0,0.0
17152,222.0,427.0,0.0
17153,241.0,480.0,0.0
17154,21.0,287.0,0.0
17155,231.0,396.0,0.0
17156,114.0,305.0,0.0
17157,245.0,394.0,0.0
17158,40.0,354.0,0.0
17159,108.0,568.0,0.0
17160,168.0,575.0,0.0
17161,43.0,545.0,0.0
17162,127.0,229.0,0.0
17163,142.0,560.0,0.0
17164,15.0,418.0,0.0
17165,10.0,17.0,0.0
17166,151.0,284.0,0.0
17167,120.0,98.0,0.0
17168,99.0,4.0,0.0
17169,153.0,364.0,0.0
17170,228.0,256.0,0.0
17171,222.0,279.0,0.0
17172,18.0,393.0,0.0
17173,48.0,263.0,0.0
17174,206.0,304.0,0.0
17175,84.0,501.0,0.0
17176,246.0,266.0,0.0
17177,252.0,572.0,0.0
17178,240.0,387.0,0.0
17179,29.0,589.0,0.0
17180,266.0,83.0,0.0
17181,125.0,117.0,0.0
17182,169.0,455.0,0.0
17183,217.0,264.0,0.0
17184,192.0,168.0,0.0
17185,8.0,319.0,0.0
17186,68.0,492.0,0.0
17187,110.0,136.0,0.0
17188,99.0,282.0,0.0
17189,214.0,470.0,0.0
17190,241.0,338.0,0.0
17191,139.0,353.0,0.0
17192,121.0,421.0,0.0
17193,217.0,517.0,0.0
17194,15.0,575.0,0.0
17195,35.0,400.0,0.0
17196,49.0,528.0,0.0
17197,149.0,188.0,0.0
17198,230.0,439.0,0.0
17199,47.0,225.0,0.0
17200,238.0,440.0,0.0
17201,205.0,205.0,0.0
17202,262.0,315.0,0.0
17203,12.0,309.0,0.0
17204,120.0,496.0,0.0
17205,58.0,571.0,0.0
17206,121.0,462.0,0.0
17207,256.0,569.0,0.0
17208,7.0,276.0,0.0
17209,177.0,275.0,0.0
17210,213.0,376.0,0.0
17211,8.0,124.0,0.0
17212,258.0,234.0,0.0
17213,78.0,351.0,0.0
17214,73.0,167.0,0.0
17215,49.0,473.0,0.0
17216,212.0,372.0,0.0
17217,157.0,156.0,0.0
17218,108.0,334.0,0.0
17219,222.0,9.0,0.0
17220,115.0,15.0,0.0
17221,191.0,334.0,0.0
17222,220.0,547.0,0.0
17223,183.0,505.0,0.0
17224,188.0,571.0,0.0
17225,196.0,134.0,0.0
17226,247.0,62.0,0.0
17227,216.0,384.0,0.0
17228,167.0,422.0,0.0
17229,25.0,490.0,0.0
17230,227.0,11.0,0.0
17231,23.0,532.0,0.0
17232,71.0,124.0,0.0
17233,72.0,196.0,0.0
17234,173.0,548.0,0.0
17235,180.0,510.0,0.0
17236,266.0,331.0,0.0
17237,25.0,425.0,0.0
17238,243.0,511.0,0.0
17239,253.0,158.0,0.0
17240,183.0,381.0,0.0
17241,237.0,496.0,0.0
17242,7.0,237.0,0.0
17243,148.0,515.0,0.0
17244,74.0,373.0,0.0
17245,125.0,184.0,0.0
17246,235.0,596.0,0.0
17247,250.0,321.0,0.0
17248,23.0,44.0,0.0
17249,63.0,377.0,0.0
17250,21.0,234.0,0.0
17251,249.0,458.0,0.0
17252,238.0,174.0,0.0
17253,162.0,23.0,0.0
17254,156.0,161.0,0.0
17255,45.0,105.0,0.0
17256,182.0,250.0,0.0
17257,148.0,476.0,0.0
17258,142.0,557.0,0.0
17259,62.0,4.0,0.0
17260,23.0,443.0,0.0
17261,2.0,424.0,0.0
17262,242.0,268.0,0.0
17263,32.0,21.0,0.0
17264,244.0,2.0,0.0
17265,28.0,69.0,0.0
17266,22.0,483.0,0.0
17267,112.0,328.0,0.0
17268,130.0,541.0,0.0
17269,84.0,279.0,0.0
17270,78.0,144.0,0.0
17271,244.0,306.0,0.0
17272,87.0,314.0,0.0
17273,130.0,486.0,0.0
17274,232.0,205.0,0.0
17275,103.0,365.0,0.0
17276,138.0,140.0,0.0
17277,21.0,576.0,0.0
17278,111.0,125.0,0.0
17279,118.0,569.0,0.0
17280,149.0,419.0,0.0
17281,124.0,184.0,0.0
17282,116.0,159.0,0.0
17283,59.0,149.0,0.0
17284,202.0,476.0,0.0
17285,88.0,501.0,0.0
17286,161.0,444.0,0.0
17287,255.0,512.0,0.0
17288,208.0,528.0,0.0
17289,266.0,243.0,0.0
17290,90.0,68.0,0.0
17291,232.0,231.0,0.0
17292,179.0,164.0,0.0
17293,29.0,430.0,0.0
17294,32.0,168.0,0.0
17295,230.0,180.0,0.0
17296,148.0,492.0,0.0
17297,125.0,344.0,0.0
17298,94.0,491.0,0.0
17299,198.0,246.0,0.0
17300,236.0,202.0,0.0
17301,23.0,511.0,0.0
17302,60.0,322.0,0.0
17303,249.0,238.0,0.0
17304,21.0,296.0,0.0
17305,34.0,64.0,0.0
17306,143.0,557.0,0.0
17307,107.0,340.0,0.0
17308,134.0,290.0,0.0
17309,46.0,327.0,0.0
17310,169.0,16.0,0.0
17311,168.0,223.0,0.0
17312,2.0,535.0,0.0
17313,174.0,175.0,0.0
17314,184.0,567.0,0.0
17315,167.0,25.0,0.0
17316,112.0,503.0,0.0
17317,207.0,367.0,0.0
17318,250.0,527.0,0.0
17319,134.0,211.0,0.0
17320,208.0,57.0,0.0
17321,260.0,462.0,0.0
17322,153.0,359.0,0.0
17323,170.0,320.0,0.0
17324,124.0,508.0,0.0
17325,90.0,23.0,0.0
17326,19.0,418.0,0.0
17327,199.0,221.0,0.0
17328,30.0,327.0,0.0
17329,50.0,140.0,0.0
17330,12.0,328.0,0.0
17331,0.0,195.0,0.0
17332,41.0,226.0,0.0
17333,206.0,324.0,0.0
17334,222.0,594.0,0.0
17335,165.0,26.0,0.0
17336,244.0,244.0,0.0
17337,72.0,264.0,0.0
17338,2.0,525.0,0.0
17339,127.0,471.0,0.0
17340,27.0,7.0,0.0
17341,55.0,161.0,0.0
17342,168.0,402.0,0.0
17343,82.0,90.0,0.0
17344,76.0,539.0,0.0
17345,169.0,54.0,0.0
17346,125.0,19.0,0.0
17347,89.0,591.0,0.0
17348,243.0,273.0,0.0
17349,2.0,81.0,0.0
17350,236.0,540.0,0.0
17351,14.0,557.0,0.0
17352,151.0,83.0,0.0
17353,53.0,408.0,0.0
17354,25.0,273.0,0.0
17355,39.0,302.0,0.0
17356,162.0,6.0,0.0
17357,242.0,550.0,0.0
17358,55.0,275.0,0.0
17359,186.0,45.0,0.0
17360,258.0,161.0,0.0
17361,32.0,463.0,0.0
17362,143.0,202.0,0.0
17363,175.0,47.0,0.0
17364,259.0,497.0,0.0
17365,159.0,395.0,0.0
17366,183.0,565.0,0.0
17367,124.0,348.0,0.0
17368,208.0,230.0,0.0
17369,259.0,421.0,0.0
17370,255.0,332.0,0.0
17371,223.0,46.0,0.0
17372,200.0,78.0,0.0
17373,182.0,355.0,0.0
17374,71.0,469.0,0.0
17375,186.0,584.0,0.0
17376,16.0,570.0,0.0
17377,144.0,519.0,0.0
17378,233.0,4.0,0.0
17379,72.0,189.0,0.0
17380,239.0,500.0,0.0
17381,180.0,394.0,0.0
17382,42.0,259.0,0.0
17383,62.0,237.0,0.0
17384,244.0,390.0,0.0
17385,248.0,110.0,0.0
17386,112.0,230.0,0.0
17387,212.0,287.0,0.0
17388,252.0,162.0,0.0
17389,56.0,48.0,0.0
17390,21.0,273.0,0.0
17391,45.0,252.0,0.0
17392,237.0,396.0,0.0
17393,119.0,332.0,0.0
17394,187.0,288.0,0.0
17395,19.0,266.0,0.0
17396,194.0,117.0,0.0
17397,210.0,542.0,0.0
17398,39.0,541.0,0.0
17399,213.0,31.0,0.0
17400,120.0,331.0,0.0
17401,41.0,112.0,0.0
17402,266.0,436.0,0.0
17403,191.0,572.0,0.0
17404,44.0,466.0,0.0
17405,242.0,142.0,0.0
17406,80.0,370.0,0.0
17407,188.0,350.0,0.0
17408,143.0,269.0,0.0
17409,230.0,463.0,0.0
17410,59.0,415.0,0.0
17411,88.0,492.0,0.0
17412,40.0,237.0,0.0
17413,172.0,395.0,0.0
17414,136.0,512.0,0.0
17415,59.0,271.0,0.0
17416,69.0,137.0,0.0
17417,71.0,535.0,0.0
17418,168.0,481.0,0.0
17419,247.0,450.0,0.0
17420,3.0,470.0,0.0
17421,206.0,347.0,0.0
17422,20.0,23.0,0.0
17423,5.0,355.0,0.0
17424,29.0,551.0,0.0
17425,41.0,72.0,0.0
17426,255.0,424.0,0.0
17427,238.0,163.0,0.0
17428,99.0,382.0,0.0
17429,119.0,545.0,0.0
17430,29.0,406.0,0.0
17431,201.0,358.0,0.0
17432,256.0,266.0,0.0
17433,267.0,294.0,0.0
17434,112.0,194.0,0.0
17435,135.0,130.0,0.0
17436,17.0,63.0,0.0
17437,70.0,559.0,0.0
17438,18.0,359.0,0.0
17439,212.0,359.0,0.0
17440,257.0,28.0,0.0
17441,195.0,198.0,0.0
17442,0.0,115.0,0.0
17443,116.0,183.0,0.0
17444,48.0,56.0,0.0
17445,164.0,115.0,0.0
17446,213.0,381.0,0.0
17447,33.0,420.0,0.0
17448,146.0,470.0,0.0
17449,238.0,12.0,0.0
17450,228.0,144.0,0.0
17451,33.0,137.0,0.0
17452,160.0,251.0,0.0
17453,141.0,429.0,0.0
17454,81.0,34.0,0.0
17455,61.0,148.0,0.0
17456,64.0,142.0,0.0
17457,37.0,288.0,0.0
17458,30.0,363.0,0.0
17459,62.0,513.0,0.0
17460,145.0,542.0,0.0
17461,84.0,486.0,0.0
17462,148.0,107.0,0.0
17463,221.0,163.0,0.0
17464,180.0,311.0,0.0
17465,201.0,45.0,0.0
17466,265.0,416.0,0.0
17467,196.0,156.0,0.0
17468,182.0,209.0,0.0
17469,212.0,190.0,0.0
17470,144.0,341.0,0.0
17471,125.0,441.0,0.0
17472,88.0,42.0,0.0
17473,186.0,417.0,0.0
17474,22.0,187.0,0.0
17475,122.0,16.0,0.0
17476,13.0,139.0,0.0
17477,137.0,580.0,0.0
17478,132.0,151.0,0.0
17479,236.0,583.0,0.0
17480,3.0,493.0,0.0
17481,174.0,554.0,0.0
17482,209.0,590.0,0.0
17483,165.0,186.0,0.0
17484,148.0,298.0,0.0
17485,52.0,426.0,0.0
17486,4.0,566.0,0.0
17487,24.0,553.0,0.0
17488,150.0,528.0,0.0
17489,21.0,577.0,0.0
17490,101.0,528.0,0.0
17491,130.0,571.0,0.0
17492,220.0,574.0,0.0
17493,99.0,444.0,0.0
17494,196.0,389.0,0.0
17495,12.0,235.0,0.0
17496,251.0,25.0,0.0
17497,60.0,8.0,0.0
17498,70.0,227.0,0.0
17499,176.0,278.0,0.0
17500,95.0,406.0,0.0
17501,174.0,518.0,0.0
17502,180.0,429.0,0.0
17503,80.0,158.0,0.0
17504,47.0,119.0,0.0
17505,182.0,402.0,0.0
17506,194.0,252.0,0.0
17507,137.0,456.0,0.0
17508,126.0,19.0,0.0
17509,5.0,390.0,0.0
17510,29.0,66.0,0.0
17511,241.0,60.0,0.0
17512,245.0,575.0,0.0
17513,233.0,342.0,0.0
17514,150.0,527.0,0.0
17515,43.0,376.0,0.0
17516,9.0,402.0,0.0
17517,6.0,289.0,0.0
17518,123.0,544.0,0.0
17519,27.0,407.0,0.0
17520,226.0,57.0,0.0
17521,110.0,461.0,0.0
17522,89.0,508.0,0.0
17523,39.0,339.0,0.0
17524,210.0,381.0,0.0
17525,200.0,309.0,0.0
17526,3.0,491.0,0.0
17527,111.0,328.0,0.0
17528,114.0,159.0,0.0
17529,196.0,130.0,0.0
17530,215.0,440.0,0.0
17531,46.0,414.0,0.0
17532,30.0,484.0,0.0
17533,196.0,200.0,0.0
17534,263.0,30.0,0.0
17535,164.0,259.0,0.0
17536,67.0,487.0,0.0
17537,140.0,239.0,0.0
17538,20.0,258.0,0.0
17539,186.0,134.0,0.0
17540,37.0,5.0,0.0
17541,221.0,576.0,0.0
17542,122.0,134.0,0.0
17543,222.0,482.0,0.0
17544,94.0,80.0,0.0
17545,178.0,278.0,0.0
17546,13.0,171.0,0.0
17547,60.0,432.0,0.0
17548,219.0,24.0,0.0
17549,76.0,81.0,0.0
17550,109.0,530.0,0.0
17551,34.0,399.0,0.0
17552,236.0,313.0,0.0
17553,0.0,130.0,0.0
17554,27.0,158.0,0.0
17555,116.0,582.0,0.0
17556,124.0,200.0,0.0
17557,1.0,467.0,0.0
17558,230.0,472.0,0.0
17559,127.0,212.0,0.0
17560,130.0,363.0,0.0
17561,161.0,312.0,0.0
17562,231.0,70.0,0.0
17563,201.0,363.0,0.0
17564,38.0,550.0,0.0
17565,15.0,206.0,0.0
17566,188.0,261.0,0.0
17567,217.0,182.0,0.0
17568,246.0,370.0,0.0
17569,52.0,364.0,0.0
17570,31.0,258.0,0.0
17571,166.0,534.0,0.0
17572,180.0,505.0,0.0
17573,209.0,16.0,0.0
17574,159.0,442.0,0.0
17575,101.0,154.0,0.0
17576,179.0,26.0,0.0
17577,155.0,9.0,0.0
17578,256.0,292.0,0.0
17579,70.0,132.0,0.0
17580,179.0,41.0,0.0
17581,254.0,7.0,0.0
17582,41.0,470.0,0.0
17583,236.0,479.0,0.0
17584,168.0,355.0,0.0
17585,156.0,342.0,0.0
17586,218.0,459.0,0.0
17587,102.0,549.0,0.0
17588,214.0,418.0,0.0
17589,92.0,408.0,0.0
17590,129.0,546.0,0.0
17591,168.0,301.0,0.0
17592,104.0,564.0,0.0
17593,171.0,62.0,0.0
17594,10.0,491.0,0.0
17595,12.0,26.0,0.0
17596,126.0,582.0,0.0
17597,26.0,184.0,0.0
17598,261.0,596.0,0.0
17599,50.0,596.0,0.0
17600,143.0,337.0,0.0
17601,14.0,544.0,0.0
17602,36.0,351.0,0.0
17603,72.0,285.0,0.0
17604,230.0,278.0,0.0
17605,213.0,212.0,0.0
17606,47.0,357.0,0.0
17607,267.0,312.0,0.0
17608,143.0,409.0,0.0
17609,204.0,218.0,0.0
17610,229.0,369.0,0.0
17611,148.0,349.0,0.0
17612,186.0,273.0,0.0
17613,163.0,314.0,0.0
17614,134.0,543.0,0.0
17615,149.0,286.0,0.0
17616,167.0,301.0,0.0
17617,32.0,474.0,0.0
17618,170.0,518.0,0.0
17619,137.0,375.0,0.0
17620,164.0,491.0,0.0
17621,43.0,524.0,0.0
17622,250.0,402.0,0.0
17623,189.0,445.0,0.0
17624,264.0,491.0,0.0
17625,22.0,456.0,0.0
17626,165.0,335.0,0.0
17627,70.0,381.0,0.0
17628,226.0,480.0,0.0
17629,141.0,359.0,0.0
17630,250.0,123.0,0.0
17631,41.0,69.0,0.0
17632,180.0,559.0,0.0
17633,69.0,41.0,0.0
17634,24.0,73.0,0.0
17635,116.0,297.0,0.0
17636,242.0,435.0,0.0
17637,87.0,87.0,0.0
17638,131.0,502.0,0.0
17639,127.0,574.0,0.0
17640,243.0,367.0,0.0
17641,104.0,520.0,0.0
17642,264.0,542.0,0.0
17643,45.0,264.0,0.0
17644,87.0,139.0,0.0
17645,217.0,377.0,0.0
17646,101.0,252.0,0.0
17647,135.0,477.0,0.0
17648,6.0,155.0,0.0
17649,218.0,268.0,0.0
17650,137.0,174.0,0.0
17651,85.0,205.0,0.0
17652,81.0,80.0,0.0
17653,170.0,589.0,0.0
17654,236.0,433.0,0.0
17655,138.0,526.0,0.0
17656,119.0,27.0,0.0
17657,29.0,326.0,0.0
17658,26.0,309.0,0.0
17659,237.0,350.0,0.0
17660,245.0,208.0,0.0
17661,200.0,562.0,0.0
17662,68.0,294.0,0.0
17663,68.0,517.0,0.0
17664,223.0,264.0,0.0
17665,54.0,403.0,0.0
17666,44.0,67.0,0.0
17667,110.0,300.0,0.0
17668,194.0,221.0,0.0
17669,73.0,150.0,0.0
17670,181.0,322.0,0.0
17671,268.0,205.0,0.0
17672,204.0,145.0,0.0
17673,110.0,423.0,0.0
17674,142.0,384.0,0.0
17675,205.0,195.0,0.0
17676,153.0,552.0,0.0
17677,236.0,106.0,0.0
17678,19.0,336.0,0.0
17679,45.0,541.0,0.0
17680,178.0,554.0,0.0
17681,165.0,441.0,0.0
17682,159.0,443.0,0.0
17683,223.0,540.0,0.0
17684,160.0,205.0,0.0
17685,139.0,387.0,0.0
17686,218.0,154.0,0.0
17687,264.0,248.0,0.0
17688,150.0,200.0,0.0
17689,6.0,350.0,0.0
17690,78.0,87.0,0.0
17691,226.0,130.0,0.0
17692,103.0,203.0,0.0
17693,147.0,347.0,0.0
17694,128.0,478.0,0.0
17695,219.0,275.0,0.0
17696,207.0,568.0,0.0
17697,129.0,13.0,0.0
17698,169.0,578.0,0.0
17699,95.0,433.0,0.0
17700,75.0,293.0,0.0
17701,111.0,340.0,0.0
17702,249.0,116.0,0.0
17703,172.0,394.0,0.0
17704,250.0,54.0,0.0
17705,3.0,440.0,0.0
17706,135.0,554.0,0.0
17707,29.0,393.0,0.0
17708,134.0,402.0,0.0
17709,32.0,275.0,0.0
17710,17.0,25.0,0.0
17711,121.0,423.0,0.0
17712,50.0,39.0,0.0
17713,264.0,531.0,0.0
17714,123.0,213.0,0.0
17715,238.0,22.0,0.0
17716,214.0,379.0,0.0
17717,38.0,293.0,0.0
17718,33.0,495.0,0.0
17719,128.0,581.0,0.0
17720,253.0,39.0,0.0
17721,159.0,73.0,0.0
17722,134.0,197.0,0.0
17723,65.0,540.0,0.0
17724,106.0,468.0,0.0
17725,29.0,333.0,0.0
17726,28.0,566.0,0.0
17727,72.0,390.0,0.0
17728,162.0,319.0,0.0
17729,86.0,182.0,0.0
17730,39.0,462.0,0.0
17731,127.0,454.0,0.0
17732,15.0,442.0,0.0
17733,119.0,501.0,0.0
17734,26.0,580.0,0.0
17735,144.0,373.0,0.0
17736,136.0,565.0,0.0
17737,21.0,190.0,0.0
17738,29.0,15.0,0.0
17739,152.0,485.0,0.0
17740,109.0,433.0,0.0
17741,257.0,464.0,0.0
17742,248.0,224.0,0.0
17743,244.0,449.0,0.0
17744,115.0,391.0,0.0
17745,212.0,364.0,0.0
17746,129.0,589.0,0.0
17747,200.0,389.0,0.0
17748,246.0,143.0,0.0
17749,247.0,35.0,0.0
17750,11.0,48.0,0.0
17751,92.0,275.0,0.0
17752,24.0,63.0,0.0
17753,97.0,158.0,0.0
17754,214.0,348.0,0.0
17755,28.0,556.0,0.0
17756,247.0,475.0,0.0
17757,112.0,413.0,0.0
17758,158.0,309.0,0.0
17759,112.0,166.0,0.0
17760,37.0,408.0,0.0
17761,164.0,553.0,0.0
17762,152.0,166.0,0.0
17763,63.0,171.0,0.0
17764,19.0,403.0,0.0
17765,62.0,533.0,0.0
17766,228.0,268.0,0.0
17767,1.0,433.0,0.0
17768,202.0,426.0,0.0
17769,106.0,106.0,0.0
17770,9.0,490.0,0.0
17771,4.0,535.0,0.0
17772,231.0,578.0,0.0
17773,217.0,558.0,0.0
17774,35.0,323.0,0.0
17775,252.0,519.0,0.0
17776,263.0,418.0,0.0
17777,266.0,530.0,0.0
17778,10.0,144.0,0.0
17779,15.0,364.0,0.0
17780,128.0,99.0,0.0
17781,112.0,248.0,0.0
17782,142.0,193.0,0.0
17783,88.0,349.0,0.0
17784,208.0,232.0,0.0
17785,42.0,127.0,0.0
17786,81.0,513.0,0.0
17787,101.0,104.0,0.0
17788,255.0,115.0,0.0
17789,196.0,26.0,0.0
17790,217.0,572.0,0.0
17791,29.0,41.0,0.0
17792,192.0,476.0,0.0
17793,205.0,207.0,0.0
17794,195.0,366.0,0.0
17795,178.0,53.0,0.0
17796,79.0,144.0,0.0
17797,38.0,63.0,0.0
17798,196.0,109.0,0.0
17799,127.0,113.0,0.0
17800,19.0,270.0,0.0
17801,95.0,200.0,0.0
17802,200.0,260.0,0.0
17803,114.0,469.0,0.0
17804,264.0,545.0,0.0
17805,222.0,317.0,0.0
17806,72.0,553.0,0.0
17807,207.0,482.0,0.0
17808,42.0,8.0,0.0
17809,243.0,34.0,0.0
17810,99.0,268.0,0.0
17811,94.0,553.0,0.0
17812,221.0,341.0,0.0
17813,26.0,534.0,0.0
17814,46.0,492.0,0.0
17815,128.0,564.0,0.0
17816,76.0,451.0,0.0
17817,159.0,272.0,0.0
17818,68.0,370.0,0.0
17819,94.0,134.0,0.0
17820,73.0,280.0,0.0
17821,71.0,239.0,0.0
17822,25.0,431.0,0.0
17823,135.0,144.0,0.0
17824,1.0,320.0,0.0
17825,268.0,576.0,0.0
17826,50.0,232.0,0.0
17827,251.0,49.0,0.0
17828,199.0,388.0,0.0
17829,246.0,237.0,0.0
17830,191.0,437.0,0.0
17831,135.0,303.0,0.0
17832,182.0,161.0,0.0
17833,144.0,509.0,0.0
17834,58.0,154.0,0.0
17835,254.0,252.0,0.0
17836,149.0,149.0,0.0
17837,49.0,169.0,0.0
17838,15.0,510.0,0.0
17839,194.0,435.0,0.0
17840,116.0,249.0,0.0
17841,110.0,124.0,0.0
17842,153.0,514.0,0.0
17843,9.0,168.0,0.0
17844,125.0,86.0,0.0
17845,188.0,81.0,0.0
17846,45.0,221.0,0.0
17847,177.0,553.0,0.0
17848,213.0,569.0,0.0
17849,264.0,209.0,0.0
17850,101.0,570.0,0.0
17851,85.0,329.0,0.0
17852,214.0,161.0,0.0
17853,146.0,446.0,0.0
17854,28.0,13.0,0.0
17855,62.0,68.0,0.0
17856,57.0,405.0,0.0
17857,221.0,11.0,0.0
17858,252.0,435.0,0.0
17859,178.0,316.0,0.0
17860,69.0,131.0,0.0
17861,102.0,469.0,0.0
17862,248.0,82.0,0.0
17863,161.0,84.0,0.0
17864,95.0,280.0,0.0
17865,133.0,332.0,0.0
17866,198.0,366.0,0.0
17867,10.0,494.0,0.0
17868,167.0,549.0,0.0
17869,78.0,367.0,0.0
17870,167.0,212.0,0.0
17871,177.0,470.0,0.0
17872,266.0,527.0,0.0
17873,137.0,267.0,0.0
17874,243.0,391.0,0.0
17875,150.0,96.0,0.0
17876,239.0,287.0,0.0
17877,208.0,550.0,0.0
17878,89.0,263.0,0.0
17879,39.0,128.0,0.0
17880,1.0,112.0,0.0
17881,241.0,36.0,0.0
17882,236.0,333.0,0.0
17883,167.0,522.0,0.0
17884,10.0,559.0,0.0
17885,169.0,187.0,0.0
17886,30.0,282.0,0.0
17887,225.0,140.0,0.0
17888,212.0,306.0,0.0
17889,72.0,322.0,0.0
17890,231.0,157.0,0.0
17891,99.0,292.0,0.0
17892,188.0,427.0,0.0
17893,15.0,292.0,0.0
17894,240.0,220.0,0.0
17895,54.0,142.0,0.0
17896,163.0,241.0,0.0
17897,46.0,403.0,0.0
17898,68.0,336.0,0.0
17899,21.0,64.0,0.0
17900,85.0,530.0,0.0
17901,221.0,332.0,0.0
17902,227.0,49.0,0.0
17903,92.0,81.0,0.0
17904,139.0,84.0,0.0
17905,28.0,483.0,0.0
17906,48.0,408.0,0.0
17907,139.0,530.0,0.0
17908,226.0,546.0,0.0
17909,111.0,380.0,0.0
17910,222.0,443.0,0.0
17911,48.0,18.0,0.0
17912,189.0,393.0,0.0
17913,134.0,102.0,0.0
17914,210.0,55.0,0.0
17915,202.0,338.0,0.0
17916,245.0,317.0,0.0
17917,118.0,379.0,0.0
17918,167.0,431.0,0.0
17919,71.0,363.0,0.0
17920,267.0,423.0,0.0
17921,65.0,154.0,0.0
17922,25.0,577.0,0.0
17923,99.0,468.0,0.0
17924,35.0,109.0,0.0
17925,121.0,570.0,0.0
17926,27.0,470.0,0.0
17927,72.0,419.0,0.0
17928,130.0,64.0,0.0
17929,188.0,326.0,0.0
17930,168.0,21.0,0.0
17931,185.0,502.0,0.0
17932,183.0,124.0,0.0
17933,125.0,400.0,0.0
17934,90.0,15.0,0.0
17935,24.0,191.0,0.0
17936,65.0,453.0,0.0
17937,80.0,25.0,0.0
17938,2.0,399.0,0.0
17939,95.0,205.0,0.0
17940,156.0,483.0,0.0
17941,26.0,253.0,0.0
17942,267.0,248.0,0.0
17943,263.0,85.0,0.0
17944,158.0,317.0,0.0
17945,233.0,526.0,0.0
17946,98.0,160.0,0.0
17947,3.0,276.0,0.0
17948,231.0,413.0,0.0
17949,64.0,34.0,0.0
17950,217.0,437.0,0.0
17951,22.0,509.0,0.0
17952,264.0,115.0,0.0
17953,210.0,331.0,0.0
17954,151.0,517.0,0.0
17955,236.0,81.0,0.0
17956,114.0,178.0,0.0
17957,159.0,235.0,0.0
17958,259.0,113.0,0.0
17959,268.0,411.0,0.0
17960,259.0,342.0,0.0
17961,147.0,458.0,0.0
17962,5.0,222.0,0.0
17963,114.0,139.0,0.0
17964,172.0,288.0,0.0
17965,85.0,539.0,0.0
17966,33.0,368.0,0.0
17967,142.0,152.0,0.0
17968,266.0,382.0,0.0
17969,82.0,241.0,0.0
17970,53.0,550.0,0.0
17971,243.0,31.0,0.0
17972,180.0,185.0,0.0
17973,128.0,314.0,0.0
17974,247.0,374.0,0.0
17975,143.0,547.0,0.0
17976,223.0,375.0,0.0
17977,85.0,350.0,0.0
17978,242.0,93.0,0.0
17979,32.0,354.0,0.0
17980,215.0,519.0,0.0
17981,66.0,66.0,0.0
17982,213.0,517.0,0.0
17983,154.0,21.0,0.0
17984,176.0,521.0,0.0
17985,184.0,151.0,0.0
17986,209.0,501.0,0.0
17987,254.0,296.0,0.0
17988,158.0,296.0,0.0
17989,25.0,478.0,0.0
17990,237.0,449.0,0.0
17991,0.0,578.0,0.0
17992,77.0,172.0,0.0
17993,54.0,202.0,0.0
17994,221.0,352.0,0.0
17995,125.0,24.0,0.0
17996,175.0,415.0,0.0
17997,105.0,467.0,0.0
17998,79.0,320.0,0.0
17999,169.0,115.0,0.0
18000,85.0,392.0,0.0
18001,114.0,592.0,0.0
18002,208.0,174.0,0.0
18003,112.0,271.0,0.0
18004,233.0,555.0,0.0
18005,241.0,523.0,0.0
18006,77.0,37.0,0.0
18007,245.0,235.0,0.0
18008,14.0,438.0,0.0
18009,151.0,338.0,0.0
18010,131.0,102.0,0.0
18011,121.0,554.0,0.0
18012,167.0,484.0,0.0
18013,249.0,382.0,0.0
18014,124.0,21.0,0.0
18015,195.0,568.0,0.0
18016,123.0,492.0,0.0
18017,203.0,230.0,0.0
18018,223.0,553.0,0.0
18019,9.0,208.0,0.0
18020,12.0,33.0,0.0
18021,147.0,137.0,0.0
18022,185.0,241.0,0.0
18023,154.0,421.0,0.0
18024,102.0,331.0,0.0
18025,22.0,212.0,0.0
18026,59.0,441.0,0.0
18027,78.0,455.0,0.0
18028,96.0,592.0,0.0
18029,249.0,72.0,0.0
18030,17.0,128.0,0.0
18031,144.0,334.0,0.0
18032,30.0,161.0,0.0
18033,25.0,25.0,0.0
18034,238.0,300.0,0.0
18035,225.0,146.0,0.0
18036,51.0,65.0,0.0
18037,16.0,295.0,0.0
18038,120.0,504.0,0.0
18039,56.0,462.0,0.0
18040,177.0,65.0,0.0
18041,250.0,367.0,0.0
18042,220.0,493.0,0.0
18043,182.0,206.0,0.0
18044,257.0,583.0,0.0
18045,265.0,279.0,0.0
18046,227.0,545.0,0.0
18047,57.0,345.0,0.0
18048,45.0,184.0,0.0
18049,191.0,576.0,0.0
18050,4.0,462.0,0.0
18051,215.0,212.0,0.0
18052,193.0,407.0,0.0
18053,143.0,490.0,0.0
18054,176.0,338.0,0.0
18055,177.0,521.0,0.0
18056,57.0,563.0,0.0
18057,224.0,31.0,0.0
18058,169.0,587.0,0.0
18059,162.0,369.0,0.0
18060,217.0,73.0,0.0
18061,235.0,488.0,0.0
18062,5.0,465.0,0.0
18063,90.0,564.0,0.0
18064,260.0,13.0,0.0
18065,247.0,38.0,0.0
18066,148.0,172.0,0.0
18067,72.0,485.0,0.0
18068,49.0,191.0,0.0
18069,139.0,557.0,0.0
18070,116.0,397.0,0.0
18071,90.0,106.0,0.0
18072,145.0,552.0,0.0
18073,148.0,413.0,0.0
18074,43.0,498.0,0.0
18075,65.0,131.0,0.0
18076,4.0,441.0,0.0
18077,77.0,299.0,0.0
18078,157.0,472.0,0.0
18079,172.0,341.0,0.0
18080,189.0,484.0,0.0
18081,109.0,560.0,0.0
18082,44.0,352.0,0.0
18083,201.0,248.0,0.0
18084,132.0,78.0,0.0
18085,74.0,458.0,0.0
18086,265.0,488.0,0.0
18087,35.0,132.0,0.0
18088,219.0,230.0,0.0
18089,30.0,58.0,0.0
18090,77.0,91.0,0.0
18091,218.0,534.0,0.0
18092,248.0,537.0,0.0
18093,4.0,261.0,0.0
18094,268.0,213.0,0.0
18095,230.0,545.0,0.0
18096,160.0,127.0,0.0
18097,159.0,68.0,0.0
18098,218.0,510.0,0.0
18099,89.0,579.0,0.0
18100,199.0,460.0,0.0
18101,169.0,595.0,0.0
18102,141.0,467.0,0.0
18103,245.0,431.0,0.0
18104,1.0,289.0,0.0
18105,154.0,223.0,0.0
18106,110.0,338.0,0.0
18107,3.0,330.0,0.0
18108,223.0,557.0,0.0
18109,52.0,578.0,0.0
18110,134.0,201.0,0.0
18111,214.0,293.0,0.0
18112,73.0,211.0,0.0
18113,160.0,571.0,0.0
18114,180.0,191.0,0.0
18115,151.0,129.0,0.0
18116,121.0,294.0,0.0
18117,203.0,183.0,0.0
18118,133.0,215.0,0.0
18119,49.0,519.0,0.0
18120,216.0,523.0,0.0
18121,263.0,163.0,0.0
18122,8.0,217.0,0.0
18123,23.0,77.0,0.0
18124,221.0,497.0,0.0
18125,134.0,322.0,0.0
18126,22.0,562.0,0.0
18127,42.0,594.0,0.0
18128,226.0,526.0,0.0
18129,153.0,191.0,0.0
18130,27.0,448.0,0.0
18131,110.0,371.0,0.0
18132,254.0,200.0,0.0
18133,134.0,198.0,0.0
18134,61.0,366.0,0.0
18135,24.0,342.0,0.0
18136,168.0,80.0,0.0
18137,22.0,496.0,0.0
18138,205.0,357.0,0.0
18139,244.0,204.0,0.0
18140,198.0,559.0,0.0
18141,13.0,430.0,0.0
18142,69.0,528.0,0.0
18143,47.0,411.0,0.0
18144,252.0,374.0,0.0
18145,133.0,465.0,0.0
18146,120.0,406.0,0.0
18147,237.0,162.0,0.0
18148,212.0,96.0,0.0
18149,46.0,136.0,0.0
18150,64.0,329.0,0.0
18151,69.0,47.0,0.0
18152,72.0,320.0,0.0
18153,240.0,96.0,0.0
18154,126.0,255.0,0.0
18155,138.0,535.0,0.0
18156,171.0,589.0,0.0
18157,212.0,119.0,0.0
18158,147.0,167.0,0.0
18159,238.0,308.0,0.0
18160,70.0,414.0,0.0
18161,230.0,357.0,0.0
18162,155.0,107.0,0.0
18163,131.0,512.0,0.0
18164,40.0,144.0,0.0
18165,138.0,190.0,0.0
18166,131.0,55.0,0.0
18167,32.0,337.0,0.0
18168,144.0,234.0,0.0
18169,155.0,390.0,0.0
18170,215.0,29.0,0.0
18171,5.0,301.0,0.0
18172,123.0,351.0,0.0
18173,38.0,462.0,0.0
18174,18.0,534.0,0.0
18175,191.0,574.0,0.0
18176,138.0,176.0,0.0
18177,45.0,548.0,0.0
18178,89.0,215.0,0.0
18179,110.0,394.0,0.0
18180,215.0,211.0,0.0
18181,246.0,57.0,0.0
18182,36.0,343.0,0.0
18183,26.0,72.0,0.0
18184,174.0,254.0,0.0
18185,164.0,142.0,0.0
18186,17.0,248.0,0.0
18187,251.0,592.0,0.0
18188,252.0,30.0,0.0
18189,115.0,429.0,0.0
18190,179.0,521.0,0.0
18191,44.0,415.0,0.0
18192,62.0,376.0,0.0
18193,94.0,456.0,0.0
18194,219.0,559.0,0.0
18195,95.0,324.0,0.0
18196,95.0,10.0,0.0
18197,63.0,106.0,0.0
18198,31.0,215.0,0.0
18199,215.0,372.0,0.0
18200,58.0,396.0,0.0
18201,16.0,298.0,0.0
18202,154.0,529.0,0.0
18203,207.0,18.0,0.0
18204,5.0,27.0,0.0
18205,146.0,351.0,0.0
18206,180.0,504.0,0.0
18207,265.0,457.0,0.0
18208,157.0,247.0,0.0
18209,31.0,77.0,0.0
18210,221.0,9.0,0.0
18211,51.0,28.0,0.0
18212,125.0,432.0,0.0
18213,201.0,80.0,0.0
18214,185.0,482.0,0.0
18215,123.0,266.0,0.0
18216,145.0,296.0,0.0
18217,166.0,258.0,0.0
18218,78.0,297.0,0.0
18219,194.0,543.0,0.0
18220,212.0,255.0,0.0
18221,12.0,284.0,0.0
18222,38.0,547.0,0.0
18223,219.0,254.0,0.0
18224,98.0,264.0,0.0
18225,85.0,384.0,0.0
18226,91.0,336.0,0.0
18227,96.0,235.0,0.0
18228,153.0,337.0,0.0
18229,76.0,98.0,0.0
18230,5.0,505.0,0.0
18231,190.0,263.0,0.0
18232,223.0,113.0,0.0
18233,93.0,210.0,0.0
18234,202.0,26.0,0.0
18235,228.0,346.0,0.0
18236,64.0,482.0,0.0
18237,103.0,338.0,0.0
18238,15.0,565.0,0.0
18239,196.0,185.0,0.0
18240,136.0,545.0,0.0
18241,189.0,588.0,0.0
18242,168.0,299.0,0.0
18243,93.0,290.0,0.0
18244,229.0,132.0,0.0
18245,195.0,464.0,0.0
18246,143.0,505.0,0.0
18247,92.0,200.0,0.0
18248,184.0,451.0,0.0
18249,192.0,429.0,0.0
18250,234.0,133.0,0.0
18251,154.0,422.0,0.0
18252,194.0,447.0,0.0
18253,58.0,202.0,0.0
18254,64.0,509.0,0.0
18255,14.0,442.0,0.0
18256,264.0,45.0,0.0
18257,159.0,69.0,0.0
18258,225.0,133.0,0.0
18259,80.0,139.0,0.0
18260,177.0,348.0,0.0
18261,170.0,551.0,0.0
18262,79.0,437.0,0.0
18263,244.0,119.0,0.0
18264,62.0,149.0,0.0
18265,51.0,157.0,0.0
18266,174.0,2.0,0.0
18267,84.0,546.0,0.0
18268,100.0,30.0,0.0
18269,183.0,387.0,0.0
18270,88.0,79.0,0.0
18271,184.0,392.0,0.0
18272,52.0,166.0,0.0
18273,8.0,392.0,0.0
18274,135.0,593.0,0.0
18275,47.0,376.0,0.0
18276,156.0,6.0,0.0
18277,175.0,524.0,0.0
18278,125.0,239.0,0.0
18279,224.0,121.0,0.0
18280,199.0,2.0,0.0
18281,44.0,579.0,0.0
18282,46.0,12.0,0.0
18283,162.0,583.0,0.0
18284,65.0,96.0,0.0
18285,115.0,252.0,0.0
18286,268.0,166.0,0.0
18287,195.0,109.0,0.0
18288,21.0,378.0,0.0
18289,141.0,376.0,0.0
18290,99.0,200.0,0.0
18291,222.0,576.0,0.0
18292,2.0,72.0,0.0
18293,111.0,300.0,0.0
18294,68.0,519.0,0.0
18295,164.0,315.0,0.0
18296,146.0,44.0,0.0
18297,256.0,71.0,0.0
18298,77.0,326.0,0.0
18299,129.0,270.0,0.0
18300,259.0,329.0,0.0
18301,15.0,313.0,0.0
18302,203.0,254.0,0.0
18303,171.0,347.0,0.0
18304,173.0,117.0,0.0
18305,1.0,500.0,0.0
18306,164.0,548.0,0.0
18307,116.0,335.0,0.0
18308,254.0,480.0,0.0
18309,13.0,526.0,0.0
18310,35.0,545.0,0.0
18311,258.0,71.0,0.0
18312,228.0,236.0,0.0
18313,125.0,182.0,0.0
18314,142.0,70.0,0.0
18315,199.0,250.0,0.0
18316,105.0,228.0,0.0
18317,142.0,357.0,0.0
18318,124.0,123.0,0.0
18319,184.0,517.0,0.0
18320,181.0,76.0,0.0
18321,92.0,132.0,0.0
18322,44.0,36.0,0.0
18323,177.0,130.0,0.0
18324,216.0,242.0,0.0
18325,237.0,329.0,0.0
18326,173.0,65.0,0.0
18327,172.0,108.0,0.0
18328,183.0,21.0,0.0
18329,102.0,14.0,0.0
18330,18.0,39.0,0.0
18331,211.0,303.0,0.0
18332,247.0,55.0,0.0
18333,145.0,560.0,0.0
18334,249.0,444.0,0.0
18335,265.0,219.0,0.0
18336,186.0,508.0,0.0
18337,64.0,584.0,0.0
18338,261.0,475.0,0.0
18339,193.0,432.0,0.0
18340,125.0,180.0,0.0
18341,113.0,161.0,0.0
18342,185.0,144.0,0.0
18343,102.0,516.0,0.0
18344,121.0,437.0,0.0
18345,99.0,584.0,0.0
18346,60.0,587.0,0.0
18347,113.0,220.0,0.0
18348,75.0,52.0,0.0
18349,34.0,263.0,0.0
18350,246.0,340.0,0.0
18351,171.0,523.0,0.0
18352,96.0,237.0,0.0
18353,113.0,188.0,0.0
18354,243.0,142.0,0.0
18355,146.0,289.0,0.0
18356,11.0,248.0,0.0
18357,172.0,455.0,0.0
18358,251.0,376.0,0.0
18359,215.0,58.0,0.0
18360,67.0,160.0,0.0
18361,150.0,472.0,0.0
18362,3.0,216.0,0.0
18363,232.0,336.0,0.0
18364,69.0,523.0,0.0
18365,109.0,14.0,0.0
18366,176.0,138.0,0.0
18367,110.0,444.0,0.0
18368,217.0,568.0,0.0
18369,172.0,242.0,0.0
18370,130.0,83.0,0.0
18371,55.0,288.0,0.0
18372,113.0,138.0,0.0
18373,166.0,463.0,0.0
18374,172.0,502.0,0.0
18375,0.0,272.0,0.0
18376,167.0,308.0,0.0
18377,181.0,309.0,0.0
18378,121.0,434.0,0.0
18379,218.0,369.0,0.0
18380,115.0,137.0,0.0
18381,13.0,388.0,0.0
18382,170.0,197.0,0.0
18383,41.0,237.0,0.0
18384,161.0,368.0,0.0
18385,125.0,361.0,0.0
18386,134.0,456.0,0.0
18387,166.0,55.0,0.0
18388,65.0,389.0,0.0
18389,111.0,414.0,0.0
18390,254.0,338.0,0.0
18391,264.0,421.0,0.0
18392,211.0,193.0,0.0
18393,250.0,501.0,0.0
18394,250.0,264.0,0.0
18395,252.0,16.0,0.0
18396,95.0,333.0,0.0
18397,55.0,490.0,0.0
18398,9.0,107.0,0.0
18399,62.0,584.0,0.0
18400,181.0,124.0,0.0
18401,246.0,533.0,0.0
18402,225.0,138.0,0.0
18403,217.0,389.0,0.0
18404,134.0,193.0,0.0
18405,186.0,56.0,0.0
18406,34.0,327.0,0.0
18407,35.0,34.0,0.0
18408,196.0,172.0,0.0
18409,121.0,44.0,0.0
18410,68.0,314.0,0.0
18411,150.0,166.0,0.0
18412,231.0,48.0,0.0
18413,249.0,590.0,0.0
18414,13.0,273.0,0.0
18415,181.0,44.0,0.0
18416,218.0,292.0,0.0
18417,64.0,79.0,0.0
18418,77.0,263.0,0.0
18419,232.0,449.0,0.0
18420,99.0,254.0,0.0
18421,79.0,593.0,0.0
18422,111.0,224.0,0.0
18423,121.0,364.0,0.0
18424,104.0,0.0,0.0
18425,190.0,565.0,0.0
18426,179.0,239.0,0.0
18427,262.0,295.0,0.0
18428,151.0,411.0,0.0
18429,204.0,142.0,0.0
18430,77.0,100.0,0.0
18431,122.0,36.0,0.0
18432,245.0,515.0,0.0
18433,216.0,136.0,0.0
18434,201.0,581.0,0.0
18435,181.0,155.0,0.0
18436,125.0,396.0,0.0
18437,85.0,518.0,0.0
18438,159.0,248.0,0.0
18439,172.0,11.0,0.0
18440,123.0,355.0,0.0
18441,8.0,533.0,0.0
18442,27.0,109.0,0.0
18443,168.0,141.0,0.0
18444,13.0,176.0,0.0
18445,18.0,207.0,0.0
18446,200.0,541.0,0.0
18447,151.0,188.0,0.0
18448,206.0,193.0,0.0
18449,51.0,42.0,0.0
18450,173.0,51.0,0.0
18451,86.0,187.0,0.0
18452,49.0,527.0,0.0
18453,20.0,173.0,0.0
18454,93.0,412.0,0.0
18455,33.0,380.0,0.0
18456,204.0,533.0,0.0
18457,33.0,521.0,0.0
18458,239.0,135.0,0.0
18459,189.0,334.0,0.0
18460,102.0,15.0,0.0
18461,235.0,145.0,0.0
18462,251.0,417.0,0.0
18463,38.0,51.0,0.0
18464,77.0,84.0,0.0
18465,194.0,424.0,0.0
18466,117.0,575.0,0.0
18467,227.0,393.0,0.0
18468,6.0,261.0,0.0
18469,258.0,316.0,0.0
18470,158.0,364.0,0.0
18471,107.0,411.0,0.0
18472,175.0,465.0,0.0
18473,266.0,316.0,0.0
18474,29.0,157.0,0.0
18475,23.0,123.0,0.0
18476,197.0,115.0,0.0
18477,25.0,535.0,0.0
18478,30.0,351.0,0.0
18479,32.0,38.0,0.0
18480,59.0,513.0,0.0
18481,21.0,79.0,0.0
18482,57.0,108.0,0.0
18483,143.0,427.0,0.0
18484,222.0,32.0,0.0
18485,266.0,582.0,0.0
18486,179.0,404.0,0.0
18487,247.0,416.0,0.0
18488,189.0,406.0,0.0
18489,194.0,548.0,0.0
18490,96.0,558.0,0.0
18491,50.0,593.0,0.0
18492,11.0,228.0,0.0
18493,103.0,395.0,0.0
18494,135.0,402.0,0.0
18495,148.0,410.0,0.0
18496,54.0,559.0,0.0
18497,40.0,340.0,0.0
18498,235.0,123.0,0.0
18499,111.0,261.0,0.0
18500,219.0,348.0,0.0
18501,159.0,286.0,0.0
18502,185.0,15.0,0.0
18503,21.0,475.0,0.0
18504,78.0,427.0,0.0
18505,210.0,224.0,0.0
18506,101.0,167.0,0.0
18507,177.0,368.0,0.0
18508,238.0,206.0,0.0
18509,177.0,140.0,0.0
18510,255.0,180.0,0.0
18511,165.0,329.0,0.0
18512,9.0,163.0,0.0
18513,163.0,456.0,0.0
18514,47.0,518.0,0.0
18515,137.0,38.0,0.0
18516,62.0,500.0,0.0
18517,94.0,478.0,0.0
18518,32.0,344.0,0.0
18519,59.0,328.0,0.0
18520,123.0,299.0,0.0
18521,174.0,170.0,0.0
18522,188.0,368.0,0.0
18523,252.0,83.0,0.0
18524,120.0,189.0,0.0
18525,23.0,86.0,0.0
18526,108.0,215.0,0.0
18527,144.0,563.0,0.0
18528,205.0,403.0,0.0
18529,92.0,541.0,0.0
18530,220.0,481.0,0.0
18531,196.0,259.0,0.0
18532,136.0,207.0,0.0
18533,2.0,422.0,0.0
18534,170.0,327.0,0.0
18535,156.0,401.0,0.0
18536,239.0,270.0,0.0
18537,184.0,502.0,0.0
18538,223.0,224.0,0.0
18539,93.0,112.0,0.0
18540,30.0,315.0,0.0
18541,121.0,152.0,0.0
18542,67.0,217.0,0.0
18543,164.0,359.0,0.0
18544,54.0,9.0,0.0
18545,25.0,430.0,0.0
18546,84.0,183.0,0.0
18547,237.0,542.0,0.0
18548,18.0,450.0,0.0
18549,193.0,326.0,0.0
18550,76.0,421.0,0.0
18551,184.0,329.0,0.0
18552,195.0,158.0,0.0
18553,120.0,164.0,0.0
18554,161.0,324.0,0.0
18555,37.0,206.0,0.0
18556,152.0,476.0,0.0
18557,83.0,531.0,0.0
18558,129.0,486.0,0.0
18559,257.0,239.0,0.0
18560,156.0,405.0,0.0
18561,235.0,197.0,0.0
18562,92.0,64.0,0.0
18563,231.0,325.0,0.0
18564,189.0,524.0,0.0
18565,208.0,166.0,0.0
18566,106.0,235.0,0.0
18567,66.0,566.0,0.0
18568,228.0,535.0,0.0
18569,134.0,279.0,0.0
18570,138.0,414.0,0.0
18571,65.0,431.0,0.0
18572,133.0,427.0,0.0
18573,225.0,12.0,0.0
18574,236.0,592.0,0.0
18575,229.0,373.0,0.0
18576,58.0,460.0,0.0
18577,87.0,24.0,0.0
18578,237.0,485.0,0.0
18579,167.0,317.0,0.0
18580,211.0,376.0,0.0
18581,18.0,594.0,0.0
18582,213.0,478.0,0.0
18583,85.0,559.0,0.0
18584,144.0,455.0,0.0
18585,253.0,124.0,0.0
18586,142.0,158.0,0.0
18587,160.0,299.0,0.0
18588,170.0,145.0,0.0
18589,76.0,318.0,0.0
18590,107.0,356.0,0.0
18591,60.0,482.0,0.0
18592,105.0,95.0,0.0
18593,96.0,463.0,0.0
18594,64.0,227.0,0.0
18595,206.0,67.0,0.0
18596,127.0,171.0,0.0
18597,72.0,261.0,0.0
18598,176.0,527.0,0.0
18599,47.0,230.0,0.0
18600,7.0,377.0,0.0
18601,131.0,23.0,0.0
18602,206.0,380.0,0.0
18603,92.0,320.0,0.0
18604,41.0,585.0,0.0
18605,223.0,331.0,0.0
18606,107.0,324.0,0.0
18607,100.0,392.0,0.0
18608,2.0,492.0,0.0
18609,81.0,494.0,0.0
18610,104.0,202.0,0.0
18611,1.0,117.0,0.0
18612,177.0,540.0,0.0
18613,212.0,182.0,0.0
18614,255.0,5.0,0.0
18615,20.0,127.0,0.0
18616,249.0,142.0,0.0
18617,235.0,17.0,0.0
18618,263.0,527.0,0.0
18619,137.0,346.0,0.0
18620,85.0,213.0,0.0
18621,69.0,457.0,0.0
18622,79.0,162.0,0.0
18623,64.0,300.0,0.0
18624,221.0,262.0,0.0
18625,47.0,365.0,0.0
18626,76.0,296.0,0.0
18627,152.0,119.0,0.0
18628,90.0,555.0,0.0
18629,152.0,303.0,0.0
18630,94.0,535.0,0.0
18631,136.0,200.0,0.0
18632,53.0,59.0,0.0
18633,28.0,192.0,0.0
18634,56.0,297.0,0.0
18635,61.0,61.0,0.0
18636,42.0,469.0,0.0
18637,80.0,426.0,0.0
18638,72.0,580.0,0.0
18639,37.0,407.0,0.0
18640,102.0,550.0,0.0
18641,180.0,535.0,0.0
18642,80.0,596.0,0.0
18643,203.0,353.0,0.0
18644,251.0,548.0,0.0
18645,43.0,569.0,0.0
18646,217.0,567.0,0.0
18647,227.0,550.0,0.0
18648,160.0,174.0,0.0
18649,116.0,282.0,0.0
18650,231.0,291.0,0.0
18651,254.0,6.0,0.0
18652,260.0,510.0,0.0
18653,170.0,167.0,0.0
18654,22.0,231.0,0.0
18655,197.0,82.0,0.0
18656,171.0,124.0,0.0
18657,155.0,397.0,0.0
18658,120.0,381.0,0.0
18659,22.0,338.0,0.0
18660,205.0,401.0,0.0
18661,260.0,14.0,0.0
18662,41.0,370.0,0.0
18663,7.0,177.0,0.0
18664,179.0,159.0,0.0
18665,153.0,567.0,0.0
18666,83.0,301.0,0.0
18667,211.0,283.0,0.0
18668,240.0,32.0,0.0
18669,166.0,159.0,0.0
18670,70.0,95.0,0.0
18671,26.0,269.0,0.0
18672,29.0,137.0,0.0
18673,167.0,449.0,0.0
18674,187.0,582.0,0.0
18675,221.0,533.0,0.0
18676,219.0,276.0,0.0
18677,135.0,44.0,0.0
18678,164.0,540.0,0.0
18679,262.0,44.0,0.0
18680,203.0,515.0,0.0
18681,227.0,421.0,0.0
18682,124.0,218.0,0.0
18683,37.0,43.0,0.0
18684,151.0,217.0,0.0
18685,234.0,483.0,0.0
18686,87.0,121.0,0.0
18687,52.0,267.0,0.0
18688,111.0,578.0,0.0
18689,246.0,432.0,0.0
18690,115.0,337.0,0.0
18691,14.0,185.0,0.0
18692,22.0,13.0,0.0
18693,127.0,410.0,0.0
18694,26.0,596.0,0.0
18695,143.0,574.0,0.0
18696,97.0,386.0,0.0
18697,251.0,266.0,0.0
18698,217.0,503.0,0.0
18699,184.0,95.0,0.0
18700,214.0,439.0,0.0
18701,108.0,200.0,0.0
18702,165.0,488.0,0.0
18703,181.0,174.0,0.0
18704,190.0,279.0,0.0
18705,14.0,83.0,0.0
18706,120.0,472.0,0.0
18707,52.0,443.0,0.0
18708,260.0,2.0,0.0
18709,115.0,517.0,0.0
18710,63.0,37.0,0.0
18711,58.0,55.0,0.0
18712,207.0,505.0,0.0
18713,195.0,244.0,0.0
18714,211.0,423.0,0.0
18715,151.0,342.0,0.0
18716,0.0,35.0,0.0
18717,59.0,523.0,0.0
18718,35.0,366.0,0.0
18719,121.0,326.0,0.0
18720,250.0,573.0,0.0
18721,9.0,326.0,0.0
18722,75.0,349.0,0.0
18723,129.0,110.0,0.0
18724,240.0,550.0,0.0
18725,203.0,265.0,0.0
18726,240.0,303.0,0.0
18727,213.0,541.0,0.0
18728,233.0,237.0,0.0
18729,45.0,520.0,0.0
18730,225.0,331.0,0.0
18731,122.0,517.0,0.0
18732,132.0,24.0,0.0
18733,246.0,311.0,0.0
18734,129.0,536.0,0.0
18735,208.0,247.0,0.0
18736,59.0,333.0,0.0
18737,85.0,548.0,0.0
18738,212.0,169.0,0.0
18739,19.0,40.0,0.0
18740,268.0,56.0,0.0
18741,169.0,34.0,0.0
18742,112.0,459.0,0.0
18743,65.0,34.0,0.0
18744,211.0,549.0,0.0
18745,180.0,353.0,0.0
18746,182.0,392.0,0.0
18747,204.0,355.0,0.0
18748,116.0,380.0,0.0
18749,40.0,554.0,0.0
18750,171.0,95.0,0.0
18751,253.0,480.0,0.0
18752,131.0,538.0,0.0
18753,20.0,490.0,0.0
18754,140.0,286.0,0.0
18755,258.0,375.0,0.0
18756,89.0,512.0,0.0
18757,19.0,192.0,0.0
18758,181.0,65.0,0.0
18759,155.0,192.0,0.0
18760,142.0,463.0,0.0
18761,123.0,30.0,0.0
18762,62.0,162.0,0.0
18763,230.0,402.0,0.0
18764,178.0,586.0,0.0
18765,216.0,466.0,0.0
18766,28.0,82.0,0.0
18767,130.0,449.0,0.0
18768,83.0,411.0,0.0
18769,201.0,5.0,0.0
18770,24.0,229.0,0.0
18771,257.0,265.0,0.0
18772,219.0,140.0,0.0
18773,35.0,274.0,0.0
18774,258.0,521.0,0.0
18775,47.0,347.0,0.0
18776,229.0,288.0,0.0
18777,2.0,576.0,0.0
18778,62.0,589.0,0.0
18779,156.0,153.0,0.0
18780,4.0,16.0,0.0
18781,78.0,472.0,0.0
18782,67.0,468.0,0.0
18783,194.0,86.0,0.0
18784,152.0,439.0,0.0
18785,51.0,246.0,0.0
18786,189.0,295.0,0.0
18787,130.0,589.0,0.0
18788,52.0,263.0,0.0
18789,206.0,60.0,0.0
18790,26.0,0.0,0.0
18791,82.0,466.0,0.0
18792,8.0,109.0,0.0
18793,43.0,151.0,0.0
18794,116.0,197.0,0.0
18795,196.0,538.0,0.0
18796,261.0,117.0,0.0
18797,221.0,248.0,0.0
18798,51.0,581.0,0.0
18799,232.0,582.0,0.0
18800,71.0,325.0,0.0
18801,83.0,489.0,0.0
18802,141.0,481.0,0.0
18803,95.0,400.0,0.0
18804,8.0,256.0,0.0
18805,215.0,499.0,0.0
18806,21.0,34.0,0.0
18807,99.0,211.0,0.0
18808,124.0,162.0,0.0
18809,211.0,497.0,0.0
18810,81.0,318.0,0.0
18811,23.0,195.0,0.0
18812,97.0,211.0,0.0
18813,262.0,409.0,0.0
18814,162.0,541.0,0.0
18815,111.0,335.0,0.0
18816,202.0,386.0,0.0
18817,96.0,422.0,0.0
18818,21.0,406.0,0.0
18819,62.0,94.0,0.0
18820,207.0,195.0,0.0
18821,88.0,417.0,0.0
18822,13.0,434.0,0.0
18823,47.0,339.0,0.0
18824,80.0,152.0,0.0
18825,126.0,376.0,0.0
18826,189.0,444.0,0.0
18827,240.0,523.0,0.0
18828,225.0,591.0,0.0
18829,109.0,358.0,0.0
18830,201.0,111.0,0.0
18831,35.0,112.0,0.0
18832,104.0,63.0,0.0
18833,14.0,473.0,0.0
18834,224.0,35.0,0.0
18835,167.0,454.0,0.0
18836,258.0,564.0,0.0
18837,197.0,13.0,0.0
18838,100.0,76.0,0.0
18839,68.0,435.0,0.0
18840,104.0,6.0,0.0
18841,93.0,401.0,0.0
18842,137.0,210.0,0.0
18843,118.0,277.0,0.0
18844,160.0,527.0,0.0
18845,179.0,154.0,0.0
18846,236.0,510.0,0.0
18847,246.0,516.0,0.0
18848,123.0,488.0,0.0
18849,122.0,187.0,0.0
18850,36.0,198.0,0.0
18851,30.0,42.0,0.0
18852,153.0,183.0,0.0
18853,32.0,586.0,0.0
18854,137.0,91.0,0.0
18855,19.0,299.0,0.0
18856,206.0,397.0,0.0
18857,237.0,244.0,0.0
18858,167.0,123.0,0.0
18859,54.0,80.0,0.0
18860,51.0,309.0,0.0
18861,171.0,113.0,0.0
18862,179.0,547.0,0.0
18863,176.0,549.0,0.0
18864,54.0,179.0,0.0
18865,134.0,280.0,0.0
18866,145.0,539.0,0.0
18867,123.0,438.0,0.0
18868,268.0,458.0,0.0
18869,132.0,305.0,0.0
18870,37.0,564.0,0.0
18871,87.0,184.0,0.0
18872,242.0,132.0,0.0
18873,7.0,535.0,0.0
18874,250.0,301.0,0.0
18875,86.0,549.0,0.0
18876,87.0,132.0,0.0
18877,104.0,431.0,0.0
18878,194.0,32.0,0.0
18879,217.0,123.0,0.0
18880,34.0,376.0,0.0
18881,9.0,378.0,0.0
18882,96.0,299.0,0.0
18883,15.0,222.0,0.0
18884,251.0,245.0,0.0
18885,36.0,43.0,0.0
18886,185.0,432.0,0.0
18887,176.0,26.0,0.0
18888,111.0,164.0,0.0
18889,210.0,443.0,0.0
18890,54.0,218.0,0.0
18891,66.0,462.0,0.0
18892,30.0,80.0,0.0
18893,161.0,93.0,0.0
18894,142.0,373.0,0.0
18895,197.0,298.0,0.0
18896,6.0,513.0,0.0
18897,6.0,503.0,0.0
18898,105.0,33.0,0.0
18899,146.0,320.0,0.0
18900,258.0,505.0,0.0
18901,107.0,276.0,0.0
18902,63.0,164.0,0.0
18903,30.0,111.0,0.0
18904,2.0,467.0,0.0
18905,256.0,299.0,0.0
18906,111.0,548.0,0.0
18907,108.0,266.0,0.0
18908,112.0,490.0,0.0
18909,123.0,7.0,0.0
18910,226.0,181.0,0.0
18911,185.0,110.0,0.0
18912,23.0,59.0,0.0
18913,94.0,557.0,0.0
18914,65.0,291.0,0.0
18915,23.0,69.0,0.0
18916,224.0,49.0,0.0
18917,211.0,21.0,0.0
18918,233.0,67.0,0.0
18919,168.0,516.0,0.0
18920,216.0,480.0,0.0
18921,247.0,91.0,0.0
18922,76.0,271.0,0.0
18923,89.0,175.0,0.0
18924,76.0,25.0,0.0
18925,260.0,297.0,0.0
18926,210.0,547.0,0.0
18927,227.0,410.0,0.0
18928,17.0,98.0,0.0
18929,103.0,466.0,0.0
18930,97.0,464.0,0.0
18931,233.0,332.0,0.0
18932,263.0,287.0,0.0
18933,144.0,393.0,0.0
18934,160.0,536.0,0.0
18935,102.0,393.0,0.0
18936,88.0,178.0,0.0
18937,91.0,284.0,0.0
18938,113.0,563.0,0.0
18939,181.0,590.0,0.0
18940,259.0,238.0,0.0
18941,132.0,408.0,0.0
18942,219.0,250.0,0.0
18943,30.0,468.0,0.0
18944,39.0,442.0,0.0
18945,118.0,162.0,0.0
18946,206.0,262.0,0.0
18947,222.0,593.0,0.0
18948,261.0,522.0,0.0
18949,97.0,380.0,0.0
18950,180.0,529.0,0.0
18951,122.0,76.0,0.0
18952,44.0,412.0,0.0
18953,89.0,274.0,0.0
18954,45.0,167.0,0.0
18955,150.0,402.0,0.0
18956,137.0,472.0,0.0
18957,75.0,421.0,0.0
18958,102.0,237.0,0.0
18959,258.0,518.0,0.0
18960,212.0,59.0,0.0
18961,10.0,347.0,0.0
18962,141.0,384.0,0.0
18963,138.0,581.0,0.0
18964,186.0,38.0,0.0
18965,100.0,74.0,0.0
18966,79.0,500.0,0.0
18967,240.0,16.0,0.0
18968,39.0,340.0,0.0
18969,138.0,108.0,0.0
18970,0.0,149.0,0.0
18971,261.0,451.0,0.0
18972,245.0,553.0,0.0
18973,129.0,542.0,0.0
18974,39.0,470.0,0.0
18975,44.0,193.0,0.0
18976,98.0,489.0,0.0
18977,135.0,422.0,0.0
18978,170.0,176.0,0.0
18979,192.0,155.0,0.0
18980,204.0,456.0,0.0
18981,187.0,584.0,0.0
18982,72.0,562.0,0.0
18983,66.0,582.0,0.0
18984,111.0,190.0,0.0
18985,8.0,519.0,0.0
18986,132.0,524.0,0.0
18987,253.0,300.0,0.0
18988,44.0,585.0,0.0
18989,40.0,83.0,0.0
18990,86.0,347.0,0.0
18991,144.0,44.0,0.0
18992,70.0,483.0,0.0
18993,242.0,269.0,0.0
18994,146.0,236.0,0.0
18995,240.0,316.0,0.0
18996,134.0,156.0,0.0
18997,7.0,87.0,0.0
18998,109.0,499.0,0.0
18999,160.0,438.0,0.0
19000,225.0,260.0,0.0
19001,157.0,490.0,0.0
19002,26.0,560.0,0.0
19003,232.0,290.0,0.0
19004,75.0,375.0,0.0
19005,168.0,201.0,0.0
19006,218.0,454.0,0.0
19007,254.0,453.0,0.0
19008,153.0,574.0,0.0
19009,146.0,570.0,0.0
19010,26.0,424.0,0.0
19011,60.0,64.0,0.0
19012,268.0,218.0,0.0
19013,244.0,188.0,0.0
19014,204.0,271.0,0.0
19015,179.0,329.0,0.0
19016,167.0,327.0,0.0
19017,7.0,205.0,0.0
19018,118.0,96.0,0.0
19019,142.0,37.0,0.0
19020,109.0,477.0,0.0
19021,17.0,331.0,0.0
19022,57.0,585.0,0.0
19023,125.0,91.0,0.0
19024,218.0,128.0,0.0
19025,1.0,183.0,0.0
19026,241.0,187.0,0.0
19027,145.0,432.0,0.0
19028,156.0,448.0,0.0
19029,136.0,106.0,0.0
19030,153.0,543.0,0.0
19031,211.0,370.0,0.0
19032,44.0,327.0,0.0
19033,152.0,287.0,0.0
19034,18.0,383.0,0.0
19035,217.0,449.0,0.0
19036,95.0,294.0,0.0
19037,85.0,361.0,0.0
19038,230.0,3.0,0.0
19039,259.0,228.0,0.0
19040,123.0,142.0,0.0
19041,244.0,206.0,0.0
19042,49.0,500.0,0.0
19043,64.0,324.0,0.0
19044,119.0,487.0,0.0
19045,260.0,264.0,0.0
19046,261.0,495.0,0.0
19047,87.0,472.0,0.0
19048,216.0,362.0,0.0
19049,85.0,456.0,0.0
19050,171.0,580.0,0.0
19051,187.0,239.0,0.0
19052,99.0,299.0,0.0
19053,209.0,579.0,0.0
19054,31.0,364.0,0.0
19055,123.0,65.0,0.0
19056,235.0,302.0,0.0
19057,87.0,560.0,0.0
19058,163.0,30.0,0.0
19059,219.0,547.0,0.0
19060,231.0,53.0,0.0
19061,6.0,560.0,0.0
19062,167.0,208.0,0.0
19063,153.0,176.0,0.0
19064,187.0,465.0,0.0
19065,238.0,210.0,0.0
19066,103.0,229.0,0.0
19067,181.0,198.0,0.0
19068,155.0,69.0,0.0
19069,252.0,397.0,0.0
19070,195.0,249.0,0.0
19071,4.0,463.0,0.0
19072,212.0,425.0,0.0
19073,10.0,41.0,0.0
19074,247.0,553.0,0.0
19075,246.0,238.0,0.0
19076,128.0,29.0,0.0
19077,188.0,8.0,0.0
19078,15.0,441.0,0.0
19079,260.0,33.0,0.0
19080,126.0,319.0,0.0
19081,130.0,528.0,0.0
19082,189.0,160.0,0.0
19083,224.0,185.0,0.0
19084,15.0,538.0,0.0
19085,77.0,534.0,0.0
19086,49.0,320.0,0.0
19087,190.0,17.0,0.0
19088,211.0,102.0,0.0
19089,239.0,457.0,0.0
19090,70.0,370.0,0.0
19091,251.0,552.0,0.0
19092,66.0,170.0,0.0
19093,38.0,555.0,0.0
19094,102.0,560.0,0.0
19095,242.0,5.0,0.0
19096,78.0,533.0,0.0
19097,187.0,325.0,0.0
19098,130.0,396.0,0.0
19099,221.0,286.0,0.0
19100,76.0,552.0,0.0
19101,110.0,360.0,0.0
19102,190.0,432.0,0.0
19103,139.0,565.0,0.0
19104,163.0,352.0,0.0
19105,142.0,97.0,0.0
19106,134.0,26.0,0.0
19107,109.0,464.0,0.0
19108,21.0,458.0,0.0
19109,187.0,152.0,0.0
19110,256.0,553.0,0.0
19111,137.0,86.0,0.0
19112,138.0,504.0,0.0
19113,223.0,28.0,0.0
19114,57.0,249.0,0.0
19115,25.0,275.0,0.0
19116,138.0,64.0,0.0
19117,183.0,446.0,0.0
19118,59.0,197.0,0.0
19119,25.0,97.0,0.0
19120,185.0,347.0,0.0
19121,163.0,431.0,0.0
19122,105.0,271.0,0.0
19123,120.0,46.0,0.0
19124,137.0,83.0,0.0
19125,23.0,346.0,0.0
19126,106.0,215.0,0.0
19127,8.0,110.0,0.0
19128,90.0,387.0,0.0
19129,14.0,89.0,0.0
19130,9.0,101.0,0.0
19131,25.0,406.0,0.0
19132,132.0,579.0,0.0
19133,74.0,406.0,0.0
19134,232.0,492.0,0.0
19135,156.0,323.0,0.0
19136,106.0,53.0,0.0
19137,216.0,458.0,0.0
19138,152.0,483.0,0.0
19139,220.0,317.0,0.0
19140,260.0,516.0,0.0
19141,36.0,179.0,0.0
19142,213.0,152.0,0.0
19143,144.0,106.0,0.0
19144,158.0,106.0,0.0
19145,32.0,596.0,0.0
19146,189.0,239.0,0.0
19147,162.0,56.0,0.0
19148,239.0,99.0,0.0
19149,90.0,128.0,0.0
19150,118.0,340.0,0.0
19151,238.0,446.0,0.0
19152,92.0,97.0,0.0
19153,252.0,229.0,0.0
19154,224.0,305.0,0.0
19155,240.0,61.0,0.0
19156,240.0,572.0,0.0
19157,66.0,447.0,0.0
19158,21.0,263.0,0.0
19159,140.0,180.0,0.0
19160,187.0,416.0,0.0
19161,13.0,186.0,0.0
19162,68.0,518.0,0.0
19163,31.0,96.0,0.0
19164,92.0,339.0,0.0
19165,139.0,343.0,0.0
19166,100.0,4.0,0.0
19167,85.0,174.0,0.0
19168,222.0,110.0,0.0
19169,27.0,545.0,0.0
19170,186.0,464.0,0.0
19171,241.0,95.0,0.0
19172,166.0,163.0,0.0
19173,182.0,262.0,0.0
19174,93.0,178.0,0.0
19175,240.0,470.0,0.0
19176,207.0,4.0,0.0
19177,23.0,458.0,0.0
19178,167.0,276.0,0.0
19179,49.0,259.0,0.0
19180,17.0,591.0,0.0
19181,80.0,128.0,0.0
19182,255.0,556.0,0.0
19183,85.0,210.0,0.0
19184,151.0,523.0,0.0
19185,42.0,455.0,0.0
19186,197.0,27.0,0.0
19187,213.0,567.0,0.0
19188,122.0,372.0,0.0
19189,156.0,160.0,0.0
19190,146.0,403.0,0.0
19191,235.0,114.0,0.0
19192,139.0,79.0,0.0
19193,175.0,150.0,0.0
19194,189.0,442.0,0.0
19195,189.0,402.0,0.0
19196,21.0,369.0,0.0
19197,68.0,19.0,0.0
19198,134.0,432.0,0.0
19199,268.0,107.0,0.0
19200,147.0,456.0,0.0
19201,112.0,156.0,0.0
19202,32.0,6.0,0.0
19203,80.0,98.0,0.0
19204,235.0,211.0,0.0
19205,177.0,46.0,0.0
19206,120.0,78.0,0.0
19207,203.0,537.0,0.0
19208,103.0,486.0,0.0
19209,5.0,405.0,0.0
19210,152.0,456.0,0.0
19211,87.0,318.0,0.0
19212,14.0,581.0,0.0
19213,106.0,417.0,0.0
19214,161.0,120.0,0.0
19215,238.0,409.0,0.0
19216,141.0,393.0,0.0
19217,118.0,237.0,0.0
19218,245.0,37.0,0.0
19219,153.0,246.0,0.0
19220,254.0,373.0,0.0
19221,188.0,22.0,0.0
19222,77.0,369.0,0.0
19223,81.0,164.0,0.0
19224,191.0,141.0,0.0
19225,61.0,553.0,0.0
19226,0.0,256.0,0.0
19227,79.0,54.0,0.0
19228,220.0,249.0,0.0
19229,145.0,324.0,0.0
19230,86.0,171.0,0.0
19231,140.0,118.0,0.0
19232,223.0,465.0,0.0
19233,266.0,323.0,0.0
19234,83.0,199.0,0.0
19235,150.0,141.0,0.0
19236,126.0,485.0,0.0
19237,130.0,19.0,0.0
19238,54.0,232.0,0.0
19239,19.0,7.0,0.0
19240,137.0,370.0,0.0
19241,216.0,503.0,0.0
19242,109.0,320.0,0.0
19243,190.0,36.0,0.0
19244,209.0,198.0,0.0
19245,242.0,376.0,0.0
19246,42.0,73.0,0.0
19247,210.0,364.0,0.0
19248,133.0,295.0,0.0
19249,164.0,442.0,0.0
19250,131.0,592.0,0.0
19251,55.0,330.0,0.0
19252,265.0,157.0,0.0
19253,115.0,293.0,0.0
19254,47.0,597.0,0.0
19255,18.0,446.0,0.0
19256,148.0,152.0,0.0
19257,89.0,551.0,0.0
19258,23.0,397.0,0.0
19259,192.0,241.0,0.0
19260,247.0,571.0,0.0
19261,40.0,510.0,0.0
19262,180.0,286.0,0.0
19263,124.0,65.0,0.0
19264,31.0,321.0,0.0
19265,166.0,487.0,0.0
19266,87.0,178.0,0.0
19267,93.0,114.0,0.0
19268,168.0,131.0,0.0
19269,183.0,347.0,0.0
19270,1.0,515.0,0.0
19271,229.0,87.0,0.0
19272,243.0,22.0,0.0
19273,201.0,283.0,0.0
19274,169.0,583.0,0.0
19275,176.0,327.0,0.0
19276,95.0,381.0,0.0
19277,263.0,2.0,0.0
19278,120.0,462.0,0.0
19279,120.0,463.0,0.0
19280,170.0,224.0,0.0
19281,27.0,236.0,0.0
19282,23.0,48.0,0.0
19283,183.0,492.0,0.0
19284,225.0,53.0,0.0
19285,188.0,15.0,0.0
19286,189.0,236.0,0.0
19287,220.0,486.0,0.0
19288,99.0,536.0,0.0
19289,4.0,37.0,0.0
19290,78.0,403.0,0.0
19291,249.0,57.0,0.0
19292,171.0,99.0,0.0
19293,14.0,584.0,0.0
19294,23.0,564.0,0.0
19295,63.0,130.0,0.0
19296,50.0,190.0,0.0
19297,87.0,68.0,0.0
19298,220.0,448.0,0.0
19299,184.0,234.0,0.0
19300,159.0,529.0,0.0
19301,230.0,42.0,0.0
19302,63.0,111.0,0.0
19303,58.0,254.0,0.0
19304,107.0,256.0,0.0
19305,103.0,207.0,0.0
19306,39.0,304.0,0.0
19307,113.0,181.0,0.0
19308,264.0,518.0,0.0
19309,52.0,118.0,0.0
19310,204.0,487.0,0.0
19311,163.0,97.0,0.0
19312,241.0,509.0,0.0
19313,48.0,159.0,0.0
19314,214.0,578.0,0.0
19315,54.0,266.0,0.0
19316,264.0,118.0,0.0
19317,205.0,431.0,0.0
19318,28.0,242.0,0.0
19319,74.0,547.0,0.0
19320,177.0,265.0,0.0
19321,20.0,125.0,0.0
19322,97.0,279.0,0.0
19323,124.0,528.0,0.0
19324,68.0,269.0,0.0
19325,164.0,587.0,0.0
19326,43.0,184.0,0.0
19327,125.0,187.0,0.0
19328,176.0,234.0,0.0
19329,38.0,195.0,0.0
19330,40.0,175.0,0.0
19331,199.0,163.0,0.0
19332,140.0,102.0,0.0
19333,22.0,348.0,0.0
19334,205.0,136.0,0.0
19335,44.0,502.0,0.0
19336,227.0,74.0,0.0
19337,184.0,536.0,0.0
19338,242.0,576.0,0.0
19339,86.0,535.0,0.0
19340,29.0,535.0,0.0
19341,135.0,260.0,0.0
19342,41.0,418.0,0.0
19343,49.0,540.0,0.0
19344,214.0,374.0,0.0
19345,112.0,137.0,0.0
19346,127.0,23.0,0.0
19347,195.0,157.0,0.0
19348,248.0,277.0,0.0
19349,260.0,114.0,0.0
19350,198.0,447.0,0.0
19351,124.0,132.0,0.0
19352,255.0,58.0,0.0
19353,268.0,389.0,0.0
19354,166.0,552.0,0.0
19355,91.0,394.0,0.0
19356,179.0,198.0,0.0
19357,197.0,508.0,0.0
19358,138.0,423.0,0.0
19359,212.0,481.0,0.0
19360,130.0,333.0,0.0
19361,247.0,87.0,0.0
19362,20.0,364.0,0.0
19363,216.0,358.0,0.0
19364,138.0,3.0,0.0
19365,84.0,244.0,0.0
19366,174.0,117.0,0.0
19367,177.0,45.0,0.0
19368,194.0,335.0,0.0
19369,184.0,592.0,0.0
19370,110.0,578.0,0.0
19371,18.0,206.0,0.0
19372,222.0,251.0,0.0
19373,153.0,340.0,0.0
19374,236.0,500.0,0.0
19375,231.0,244.0,0.0
19376,48.0,529.0,0.0
19377,23.0,179.0,0.0
19378,236.0,559.0,0.0
19379,115.0,359.0,0.0
19380,193.0,120.0,0.0
19381,249.0,331.0,0.0
19382,26.0,193.0,0.0
19383,40.0,479.0,0.0
19384,55.0,45.0,0.0
19385,74.0,53.0,0.0
19386,167.0,101.0,0.0
19387,64.0,306.0,0.0
19388,30.0,173.0,0.0
19389,40.0,556.0,0.0
19390,79.0,335.0,0.0
19391,69.0,296.0,0.0
19392,240.0,428.0,0.0
19393,170.0,228.0,0.0
19394,9.0,286.0,0.0
19395,260.0,75.0,0.0
19396,139.0,67.0,0.0
19397,104.0,565.0,0.0
19398,209.0,24.0,0.0
19399,122.0,102.0,0.0
19400,251.0,463.0,0.0
19401,212.0,216.0,0.0
19402,84.0,3.0,0.0
19403,54.0,111.0,0.0
19404,24.0,57.0,0.0
19405,38.0,143.0,0.0
19406,42.0,25.0,0.0
19407,7.0,445.0,0.0
19408,49.0,549.0,0.0
19409,84.0,26.0,0.0
19410,181.0,270.0,0.0
19411,91.0,313.0,0.0
19412,69.0,477.0,0.0
19413,221.0,118.0,0.0
19414,254.0,240.0,0.0
19415,177.0,466.0,0.0
19416,65.0,349.0,0.0
19417,54.0,269.0,0.0
19418,95.0,553.0,0.0
19419,170.0,263.0,0.0
19420,29.0,160.0,0.0
19421,146.0,319.0,0.0
19422,4.0,541.0,0.0
19423,240.0,383.0,0.0
19424,168.0,318.0,0.0
19425,50.0,233.0,0.0
19426,18.0,228.0,0.0
19427,80.0,121.0,0.0
19428,146.0,210.0,0.0
19429,33.0,324.0,0.0
19430,95.0,525.0,0.0
19431,122.0,557.0,0.0
19432,182.0,200.0,0.0
19433,6.0,430.0,0.0
19434,57.0,227.0,0.0
19435,245.0,150.0,0.0
19436,82.0,462.0,0.0
19437,198.0,555.0,0.0
19438,124.0,299.0,0.0
19439,17.0,542.0,0.0
19440,91.0,490.0,0.0
19441,211.0,136.0,0.0
19442,122.0,433.0,0.0
19443,15.0,341.0,0.0
19444,103.0,14.0,0.0
19445,23.0,561.0,0.0
19446,160.0,440.0,0.0
19447,76.0,411.0,0.0
19448,160.0,434.0,0.0
19449,145.0,67.0,0.0
19450,253.0,31.0,0.0
19451,170.0,401.0,0.0
19452,129.0,184.0,0.0
19453,240.0,367.0,0.0
19454,236.0,154.0,0.0
19455,168.0,590.0,0.0
19456,98.0,194.0,0.0
19457,250.0,338.0,0.0
19458,262.0,527.0,0.0
19459,68.0,273.0,0.0
19460,66.0,511.0,0.0
19461,208.0,193.0,0.0
19462,222.0,367.0,0.0
19463,65.0,578.0,0.0
19464,92.0,162.0,0.0
19465,37.0,277.0,0.0
19466,97.0,303.0,0.0
19467,85.0,516.0,0.0
19468,151.0,216.0,0.0
19469,69.0,391.0,0.0
19470,53.0,155.0,0.0
19471,86.0,108.0,0.0
19472,254.0,412.0,0.0
19473,187.0,590.0,0.0
19474,262.0,507.0,0.0
19475,253.0,215.0,0.0
19476,163.0,529.0,0.0
19477,27.0,133.0,0.0
19478,3.0,511.0,0.0
19479,39.0,560.0,0.0
19480,3.0,318.0,0.0
19481,38.0,582.0,0.0
19482,151.0,289.0,0.0
19483,63.0,11.0,0.0
19484,190.0,57.0,0.0
19485,74.0,90.0,0.0
19486,34.0,129.0,0.0
19487,147.0,349.0,0.0
19488,15.0,224.0,0.0
19489,111.0,139.0,0.0
19490,38.0,236.0,0.0
19491,267.0,491.0,0.0
19492,226.0,287.0,0.0
19493,161.0,453.0,0.0
19494,230.0,588.0,0.0
19495,66.0,165.0,0.0
19496,240.0,587.0,0.0
19497,256.0,244.0,0.0
19498,263.0,199.0,0.0
19499,209.0,574.0,0.0
19500,119.0,242.0,0.0
19501,19.0,544.0,0.0
19502,201.0,482.0,0.0
19503,125.0,165.0,0.0
19504,126.0,449.0,0.0
19505,61.0,345.0,0.0
19506,115.0,114.0,0.0
19507,26.0,458.0,0.0
19508,266.0,515.0,0.0
19509,243.0,527.0,0.0
19510,178.0,177.0,0.0
19511,35.0,375.0,0.0
19512,28.0,50.0,0.0
19513,215.0,139.0,0.0
19514,188.0,248.0,0.0
19515,215.0,569.0,0.0
19516,115.0,488.0,0.0
19517,155.0,311.0,0.0
19518,267.0,114.0,0.0
19519,54.0,122.0,0.0
19520,173.0,465.0,0.0
19521,164.0,52.0,0.0
19522,161.0,182.0,0.0
19523,255.0,415.0,0.0
19524,228.0,228.0,0.0
19525,3.0,373.0,0.0
19526,104.0,144.0,0.0
19527,76.0,128.0,0.0
19528,187.0,587.0,0.0
19529,206.0,571.0,0.0
19530,209.0,338.0,0.0
19531,124.0,269.0,0.0
19532,199.0,344.0,0.0
19533,12.0,99.0,0.0
19534,143.0,235.0,0.0
19535,190.0,172.0,0.0
19536,144.0,328.0,0.0
19537,110.0,470.0,0.0
19538,66.0,96.0,0.0
19539,62.0,587.0,0.0
19540,80.0,597.0,0.0
19541,216.0,428.0,0.0
19542,175.0,219.0,0.0
19543,72.0,284.0,0.0
19544,2.0,46.0,0.0
19545,181.0,425.0,0.0
19546,186.0,552.0,0.0
19547,208.0,178.0,0.0
19548,189.0,144.0,0.0
19549,231.0,469.0,0.0
19550,63.0,188.0,0.0
19551,161.0,400.0,0.0
19552,110.0,160.0,0.0
19553,144.0,298.0,0.0
19554,13.0,319.0,0.0
19555,66.0,322.0,0.0
19556,264.0,385.0,0.0
19557,33.0,199.0,0.0
19558,39.0,479.0,0.0
19559,28.0,325.0,0.0
19560,15.0,403.0,0.0
19561,265.0,67.0,0.0
19562,22.0,224.0,0.0
19563,42.0,514.0,0.0
19564,235.0,540.0,0.0
19565,11.0,526.0,0.0
19566,12.0,560.0,0.0
19567,236.0,460.0,0.0
19568,107.0,293.0,0.0
19569,215.0,42.0,0.0
19570,195.0,503.0,0.0
19571,233.0,106.0,0.0
19572,99.0,360.0,0.0
19573,98.0,17.0,0.0
19574,245.0,236.0,0.0
19575,211.0,74.0,0.0
19576,22.0,70.0,0.0
19577,51.0,507.0,0.0
19578,187.0,175.0,0.0
19579,114.0,455.0,0.0
19580,39.0,210.0,0.0
19581,61.0,244.0,0.0
19582,146.0,569.0,0.0
19583,193.0,36.0,0.0
19584,51.0,592.0,0.0
19585,120.0,90.0,0.0
19586,236.0,473.0,0.0
19587,60.0,459.0,0.0
19588,147.0,0.0,0.0
19589,126.0,208.0,0.0
19590,217.0,211.0,0.0
19591,170.0,335.0,0.0
19592,95.0,550.0,0.0
19593,189.0,341.0,0.0
19594,18.0,256.0,0.0
19595,232.0,357.0,0.0
19596,180.0,514.0,0.0
19597,46.0,567.0,0.0
19598,107.0,339.0,0.0
19599,193.0,490.0,0.0
19600,32.0,435.0,0.0
19601,80.0,348.0,0.0
19602,146.0,524.0,0.0
19603,135.0,565.0,0.0
19604,57.0,111.0,0.0
19605,228.0,479.0,0.0
19606,251.0,260.0,0.0
19607,80.0,136.0,0.0
19608,38.0,151.0,0.0
19609,136.0,560.0,0.0
19610,16.0,537.0,0.0
19611,106.0,145.0,0.0
19612,146.0,274.0,0.0
19613,21.0,27.0,0.0
19614,76.0,531.0,0.0
19615,108.0,257.0,0.0
19616,70.0,249.0,0.0
19617,126.0,76.0,0.0
19618,194.0,14.0,0.0
19619,73.0,131.0,0.0
19620,42.0,56.0,0.0
19621,161.0,293.0,0.0
19622,65.0,450.0,0.0
19623,96.0,371.0,0.0
19624,207.0,255.0,0.0
19625,143.0,462.0,0.0
19626,48.0,231.0,0.0
19627,187.0,291.0,0.0
19628,190.0,379.0,0.0
19629,216.0,19.0,0.0
19630,162.0,440.0,0.0
19631,73.0,147.0,0.0
19632,134.0,320.0,0.0
19633,36.0,14.0,0.0
19634,238.0,432.0,0.0
19635,249.0,321.0,0.0
19636,133.0,11.0,0.0
19637,170.0,305.0,0.0
19638,80.0,481.0,0.0
19639,105.0,372.0,0.0
19640,26.0,418.0,0.0
19641,14.0,182.0,0.0
19642,127.0,519.0,0.0
19643,33.0,118.0,0.0
19644,151.0,292.0,0.0
19645,36.0,126.0,0.0
19646,245.0,203.0,0.0
19647,173.0,145.0,0.0
19648,38.0,554.0,0.0
19649,2.0,52.0,0.0
19650,109.0,529.0,0.0
19651,258.0,362.0,0.0
19652,116.0,527.0,0.0
19653,55.0,55.0,0.0
19654,126.0,264.0,0.0
19655,244.0,66.0,0.0
19656,68.0,97.0,0.0
19657,255.0,142.0,0.0
19658,189.0,158.0,0.0
19659,95.0,330.0,0.0
19660,50.0,123.0,0.0
19661,19.0,214.0,0.0
19662,64.0,282.0,0.0
19663,65.0,362.0,0.0
19664,201.0,268.0,0.0
19665,26.0,376.0,0.0
19666,15.0,501.0,0.0
19667,177.0,202.0,0.0
19668,44.0,522.0,0.0
19669,148.0,74.0,0.0
19670,53.0,57.0,0.0
19671,43.0,351.0,0.0
19672,39.0,219.0,0.0
19673,240.0,509.0,0.0
19674,116.0,155.0,0.0
19675,209.0,276.0,0.0
19676,245.0,522.0,0.0
19677,235.0,395.0,0.0
19678,230.0,121.0,0.0
19679,70.0,154.0,0.0
19680,107.0,514.0,0.0
19681,50.0,55.0,0.0
19682,146.0,408.0,0.0
19683,170.0,57.0,0.0
19684,250.0,506.0,0.0
19685,88.0,374.0,0.0
19686,242.0,212.0,0.0
19687,168.0,417.0,0.0
19688,68.0,293.0,0.0
19689,117.0,246.0,0.0
19690,207.0,395.0,0.0
19691,77.0,191.0,0.0
19692,210.0,371.0,0.0
19693,205.0,132.0,0.0
19694,62.0,374.0,0.0
19695,246.0,164.0,0.0
19696,69.0,313.0,0.0
19697,205.0,494.0,0.0
19698,218.0,557.0,0.0
19699,84.0,162.0,0.0
19700,32.0,0.0,0.0
19701,81.0,583.0,0.0
19702,72.0,398.0,0.0
19703,97.0,181.0,0.0
19704,218.0,213.0,0.0
19705,179.0,250.0,0.0
19706,21.0,323.0,0.0
19707,122.0,174.0,0.0
19708,238.0,398.0,0.0
19709,0.0,37.0,0.0
19710,42.0,234.0,0.0
19711,196.0,228.0,0.0
19712,193.0,44.0,0.0
19713,98.0,506.0,0.0
19714,31.0,559.0,0.0
19715,156.0,68.0,0.0
19716,171.0,162.0,0.0
19717,58.0,294.0,0.0
19718,60.0,171.0,0.0
19719,30.0,561.0,0.0
19720,209.0,99.0,0.0
19721,240.0,301.0,0.0
19722,97.0,160.0,0.0
19723,241.0,123.0,0.0
19724,66.0,433.0,0.0
19725,8.0,345.0,0.0
19726,56.0,321.0,0.0
19727,73.0,47.0,0.0
19728,76.0,262.0,0.0
19729,23.0,33.0,0.0
19730,4.0,512.0,0.0
19731,156.0,43.0,0.0
19732,185.0,320.0,0.0
19733,194.0,593.0,0.0
19734,28.0,189.0,0.0
19735,232.0,312.0,0.0
19736,111.0,302.0,0.0
19737,43.0,83.0,0.0
19738,20.0,443.0,0.0
19739,21.0,216.0,0.0
19740,159.0,56.0,0.0
19741,74.0,364.0,0.0
19742,204.0,558.0,0.0
19743,194.0,141.0,0.0
19744,203.0,419.0,0.0
19745,169.0,299.0,0.0
19746,206.0,486.0,0.0
19747,15.0,159.0,0.0
19748,161.0,1.0,0.0
19749,108.0,353.0,0.0
19750,49.0,147.0,0.0
19751,30.0,559.0,0.0
19752,97.0,581.0,0.0
19753,151.0,345.0,0.0
19754,28.0,236.0,0.0
19755,225.0,6.0,0.0
19756,87.0,568.0,0.0
19757,12.0,477.0,0.0
19758,202.0,149.0,0.0
19759,185.0,233.0,0.0
19760,187.0,572.0,0.0
19761,187.0,326.0,0.0
19762,70.0,278.0,0.0
19763,30.0,487.0,0.0
19764,173.0,356.0,0.0
19765,233.0,198.0,0.0
19766,23.0,238.0,0.0
19767,198.0,567.0,0.0
19768,228.0,97.0,0.0
19769,115.0,439.0,0.0
19770,266.0,499.0,0.0
19771,251.0,295.0,0.0
19772,54.0,359.0,0.0
19773,137.0,415.0,0.0
19774,267.0,137.0,0.0
19775,35.0,342.0,0.0
19776,0.0,163.0,0.0
19777,116.0,589.0,0.0
19778,171.0,386.0,0.0
19779,54.0,58.0,0.0
19780,84.0,437.0,0.0
19781,154.0,585.0,0.0
19782,122.0,394.0,0.0
19783,259.0,488.0,0.0
19784,4.0,528.0,0.0
19785,47.0,250.0,0.0
19786,179.0,173.0,0.0
19787,21.0,205.0,0.0
19788,121.0,263.0,0.0
19789,92.0,504.0,0.0
19790,164.0,487.0,0.0
19791,154.0,241.0,0.0
19792,24.0,289.0,0.0
19793,227.0,79.0,0.0
19794,38.0,468.0,0.0
19795,165.0,172.0,0.0
19796,116.0,417.0,0.0
19797,53.0,211.0,0.0
19798,41.0,516.0,0.0
19799,68.0,104.0,0.0
19800,199.0,149.0,0.0
19801,61.0,422.0,0.0
19802,69.0,503.0,0.0
19803,38.0,360.0,0.0
19804,143.0,331.0,0.0
19805,162.0,500.0,0.0
19806,165.0,64.0,0.0
19807,153.0,507.0,0.0
19808,18.0,387.0,0.0
19809,104.0,99.0,0.0
19810,174.0,389.0,0.0
19811,267.0,596.0,0.0
19812,99.0,121.0,0.0
19813,176.0,300.0,0.0
19814,190.0,324.0,0.0
19815,265.0,403.0,0.0
19816,268.0,159.0,0.0
19817,57.0,320.0,0.0
19818,198.0,323.0,0.0
19819,205.0,591.0,0.0
19820,206.0,170.0,0.0
19821,127.0,361.0,0.0
19822,103.0,33.0,0.0
19823,256.0,361.0,0.0
19824,97.0,298.0,0.0
19825,230.0,24.0,0.0
19826,50.0,167.0,0.0
19827,153.0,49.0,0.0
19828,210.0,106.0,0.0
19829,200.0,110.0,0.0
19830,93.0,84.0,0.0
19831,16.0,189.0,0.0
19832,265.0,383.0,0.0
19833,174.0,327.0,0.0
19834,96.0,485.0,0.0
19835,235.0,487.0,0.0
19836,256.0,177.0,0.0
19837,163.0,173.0,0.0
19838,133.0,552.0,0.0
19839,66.0,451.0,0.0
19840,17.0,88.0,0.0
19841,228.0,361.0,0.0
19842,83.0,99.0,0.0
19843,39.0,320.0,0.0
19844,171.0,259.0,0.0
19845,74.0,465.0,0.0
19846,25.0,269.0,0.0
19847,11.0,201.0,0.0
19848,50.0,168.0,0.0
19849,148.0,266.0,0.0
19850,129.0,76.0,0.0
19851,59.0,293.0,0.0
19852,191.0,473.0,0.0
19853,101.0,436.0,0.0
19854,237.0,469.0,0.0
19855,239.0,324.0,0.0
19856,227.0,3.0,0.0
19857,107.0,4.0,0.0
19858,244.0,550.0,0.0
19859,13.0,18.0,0.0
19860,87.0,119.0,0.0
19861,238.0,344.0,0.0
19862,56.0,153.0,0.0
19863,259.0,505.0,0.0
19864,194.0,165.0,0.0
19865,258.0,540.0,0.0
19866,104.0,86.0,0.0
19867,193.0,542.0,0.0
19868,224.0,335.0,0.0
19869,240.0,524.0,0.0
19870,261.0,580.0,0.0
19871,167.0,446.0,0.0
19872,97.0,26.0,0.0
19873,184.0,119.0,0.0
19874,68.0,447.0,0.0
19875,59.0,432.0,0.0
19876,192.0,152.0,0.0
19877,124.0,203.0,0.0
19878,66.0,194.0,0.0
19879,62.0,170.0,0.0
19880,68.0,402.0,0.0
19881,173.0,333.0,0.0
19882,134.0,4.0,0.0
19883,228.0,428.0,0.0
19884,10.0,594.0,0.0
19885,235.0,287.0,0.0
19886,41.0,324.0,0.0
19887,179.0,63.0,0.0
19888,110.0,533.0,0.0
19889,49.0,420.0,0.0
19890,258.0,335.0,0.0
19891,44.0,195.0,0.0
19892,260.0,142.0,0.0
19893,20.0,235.0,0.0
19894,208.0,411.0,0.0
19895,113.0,347.0,0.0
19896,229.0,30.0,0.0
19897,186.0,121.0,0.0
19898,184.0,585.0,0.0
19899,97.0,359.0,0.0
19900,131.0,205.0,0.0
19901,216.0,347.0,0.0
19902,203.0,315.0,0.0
19903,209.0,14.0,0.0
19904,7.0,14.0,0.0
19905,173.0,539.0,0.0
19906,196.0,153.0,0.0
19907,265.0,32.0,0.0
19908,181.0,366.0,0.0
19909,166.0,275.0,0.0
19910,111.0,390.0,0.0
19911,243.0,263.0,0.0
19912,140.0,568.0,0.0
19913,268.0,316.0,0.0
19914,177.0,562.0,0.0
19915,50.0,266.0,0.0
19916,218.0,483.0,0.0
19917,19.0,464.0,0.0
19918,154.0,289.0,0.0
19919,178.0,285.0,0.0
19920,168.0,163.0,0.0
19921,211.0,24.0,0.0
19922,154.0,233.0,0.0
19923,73.0,102.0,0.0
19924,250.0,329.0,0.0
19925,206.0,351.0,0.0
19926,77.0,301.0,0.0
19927,67.0,559.0,0.0
19928,59.0,292.0,0.0
19929,14.0,228.0,0.0
19930,40.0,51.0,0.0
19931,105.0,534.0,0.0
19932,242.0,572.0,0.0
19933,92.0,36.0,0.0
19934,124.0,72.0,0.0
19935,107.0,120.0,0.0
19936,27.0,96.0,0.0
19937,11.0,342.0,0.0
19938,154.0,81.0,0.0
19939,26.0,267.0,0.0
19940,199.0,338.0,0.0
19941,154.0,114.0,0.0
19942,257.0,356.0,0.0
19943,196.0,504.0,0.0
19944,117.0,169.0,0.0
19945,143.0,169.0,0.0
19946,257.0,230.0,0.0
19947,187.0,370.0,0.0
19948,249.0,412.0,0.0
19949,258.0,255.0,0.0
19950,63.0,516.0,0.0
19951,175.0,437.0,0.0
19952,217.0,52.0,0.0
19953,95.0,60.0,0.0
19954,113.0,192.0,0.0
19955,83.0,507.0,0.0
19956,197.0,360.0,0.0
19957,227.0,224.0,0.0
19958,204.0,209.0,0.0
19959,136.0,273.0,0.0
19960,243.0,432.0,0.0
19961,159.0,553.0,0.0
19962,80.0,220.0,0.0
19963,192.0,127.0,0.0
19964,247.0,398.0,0.0
19965,85.0,53.0,0.0
19966,24.0,415.0,0.0
19967,21.0,102.0,0.0
19968,16.0,198.0,0.0
19969,25.0,153.0,0.0
19970,177.0,455.0,0.0
19971,70.0,105.0,0.0
19972,110.0,261.0,0.0
19973,169.0,323.0,0.0
19974,115.0,592.0,0.0
19975,231.0,576.0,0.0
19976,254.0,235.0,0.0
19977,193.0,447.0,0.0
19978,149.0,448.0,0.0
19979,103.0,156.0,0.0
19980,190.0,489.0,0.0
19981,76.0,518.0,0.0
19982,24.0,279.0,0.0
19983,79.0,581.0,0.0
19984,243.0,94.0,0.0
19985,34.0,464.0,0.0
19986,110.0,312.0,0.0
19987,125.0,574.0,0.0
19988,99.0,355.0,0.0
19989,132.0,272.0,0.0
19990,213.0,412.0,0.0
19991,49.0,397.0,0.0
19992,209.0,471.0,0.0
19993,1.0,520.0,0.0
19994,237.0,407.0,0.0
19995,224.0,410.0,0.0
19996,66.0,302.0,0.0
19997,136.0,61.0,0.0
19998,244.0,167.0,0.0
19999,8.0,541.0,0.0
20000,244.0,215.0,0.0
20001,86.0,580.0,0.0
20002,10.0,414.0,0.0
20003,79.0,406.0,0.0
20004,197.0,532.0,0.0
20005,20.0,358.0,0.0
20006,219.0,374.0,0.0
20007,102.0,197.0,0.0
20008,48.0,564.0,0.0
20009,174.0,229.0,0.0
20010,31.0,271.0,0.0
20011,143.0,444.0,0.0
20012,163.0,152.0,0.0
20013,231.0,477.0,0.0
20014,240.0,324.0,0.0
20015,106.0,483.0,0.0
20016,142.0,274.0,0.0
20017,44.0,540.0,0.0
20018,257.0,352.0,0.0
20019,191.0,592.0,0.0
20020,170.0,99.0,0.0
20021,0.0,414.0,0.0
20022,106.0,3.0,0.0
20023,107.0,501.0,0.0
20024,208.0,282.0,0.0
20025,14.0,303.0,0.0
20026,116.0,468.0,0.0
20027,219.0,253.0,0.0
20028,230.0,571.0,0.0
20029,209.0,339.0,0.0
20030,227.0,415.0,0.0
20031,103.0,483.0,0.0
20032,36.0,119.0,0.0
20033,81.0,475.0,0.0
20034,40.0,437.0,0.0
20035,5.0,524.0,0.0
20036,150.0,244.0,0.0
20037,47.0,220.0,0.0
20038,76.0,311.0,0.0
20039,252.0,114.0,0.0
20040,209.0,126.0,0.0
20041,79.0,396.0,0.0
20042,205.0,45.0,0.0
20043,244.0,116.0,0.0
20044,112.0,329.0,0.0
20045,242.0,511.0,0.0
20046,151.0,266.0,0.0
20047,27.0,387.0,0.0
20048,55.0,35.0,0.0
20049,195.0,571.0,0.0
20050,50.0,403.0,0.0
20051,113.0,550.0,0.0
20052,10.0,579.0,0.0
20053,156.0,118.0,0.0
20054,78.0,585.0,0.0
20055,134.0,252.0,0.0
20056,111.0,169.0,0.0
20057,80.0,512.0,0.0
20058,227.0,243.0,0.0
20059,36.0,422.0,0.0
20060,192.0,479.0,0.0
20061,7.0,526.0,0.0
20062,222.0,382.0,0.0
20063,227.0,504.0,0.0
20064,95.0,73.0,0.0
20065,69.0,322.0,0.0
20066,54.0,467.0,0.0
20067,242.0,192.0,0.0
20068,54.0,287.0,0.0
20069,121.0,215.0,0.0
20070,206.0,183.0,0.0
20071,116.0,425.0,0.0
20072,265.0,360.0,0.0
20073,8.0,310.0,0.0
20074,104.0,548.0,0.0
20075,6.0,354.0,0.0
20076,110.0,234.0,0.0
20077,166.0,46.0,0.0
20078,213.0,324.0,0.0
20079,199.0,586.0,0.0
20080,118.0,235.0,0.0
20081,59.0,316.0,0.0
20082,247.0,249.0,0.0
20083,49.0,41.0,0.0
20084,165.0,340.0,0.0
20085,226.0,345.0,0.0
20086,7.0,395.0,0.0
20087,24.0,299.0,0.0
20088,253.0,459.0,0.0
20089,127.0,329.0,0.0
20090,154.0,596.0,0.0
20091,186.0,143.0,0.0
20092,77.0,354.0,0.0
20093,61.0,160.0,0.0
20094,154.0,574.0,0.0
20095,66.0,336.0,0.0
20096,228.0,132.0,0.0
20097,147.0,174.0,0.0
20098,249.0,558.0,0.0
20099,152.0,66.0,0.0
20100,59.0,80.0,0.0
20101,125.0,203.0,0.0
20102,206.0,508.0,0.0
20103,152.0,547.0,0.0
20104,183.0,369.0,0.0
20105,41.0,54.0,0.0
20106,23.0,591.0,0.0
20107,251.0,264.0,0.0
20108,61.0,355.0,0.0
20109,160.0,116.0,0.0
20110,129.0,477.0,0.0
20111,53.0,469.0,0.0
20112,207.0,361.0,0.0
20113,65.0,566.0,0.0
20114,57.0,301.0,0.0
20115,33.0,430.0,0.0
20116,87.0,586.0,0.0
20117,163.0,506.0,0.0
20118,15.0,587.0,0.0
20119,223.0,402.0,0.0
20120,228.0,329.0,0.0
20121,138.0,230.0,0.0
20122,167.0,115.0,0.0
20123,66.0,255.0,0.0
20124,261.0,43.0,0.0
20125,247.0,77.0,0.0
20126,264.0,320.0,0.0
20127,82.0,290.0,0.0
20128,233.0,96.0,0.0
20129,265.0,303.0,0.0
20130,251.0,572.0,0.0
20131,150.0,439.0,0.0
20132,109.0,120.0,0.0
20133,244.0,123.0,0.0
20134,99.0,51.0,0.0
20135,188.0,491.0,0.0
20136,168.0,34.0,0.0
20137,70.0,418.0,0.0
20138,70.0,541.0,0.0
20139,260.0,50.0,0.0
20140,121.0,49.0,0.0
20141,149.0,209.0,0.0
20142,263.0,81.0,0.0
20143,22.0,392.0,0.0
20144,124.0,372.0,0.0
20145,56.0,280.0,0.0
20146,165.0,569.0,0.0
20147,147.0,362.0,0.0
20148,238.0,419.0,0.0
20149,229.0,596.0,0.0
20150,183.0,80.0,0.0
20151,15.0,579.0,0.0
20152,232.0,557.0,0.0
20153,170.0,222.0,0.0
20154,115.0,258.0,0.0
20155,257.0,393.0,0.0
20156,191.0,530.0,0.0
20157,66.0,590.0,0.0
20158,154.0,589.0,0.0
20159,72.0,138.0,0.0
20160,133.0,413.0,0.0
20161,3.0,482.0,0.0
20162,118.0,255.0,0.0
20163,45.0,484.0,0.0
20164,17.0,267.0,0.0
20165,263.0,112.0,0.0
20166,249.0,414.0,0.0
20167,71.0,140.0,0.0
20168,220.0,446.0,0.0
20169,233.0,75.0,0.0
20170,30.0,72.0,0.0
20171,237.0,134.0,0.0
20172,189.0,249.0,0.0
20173,173.0,157.0,0.0
20174,227.0,263.0,0.0
20175,234.0,28.0,0.0
20176,68.0,391.0,0.0
20177,90.0,191.0,0.0
20178,252.0,14.0,0.0
20179,57.0,427.0,0.0
20180,125.0,456.0,0.0
20181,153.0,339.0,0.0
20182,224.0,414.0,0.0
20183,256.0,211.0,0.0
20184,146.0,498.0,0.0
20185,84.0,547.0,0.0
20186,69.0,542.0,0.0
20187,173.0,476.0,0.0
20188,67.0,560.0,0.0
20189,28.0,58.0,0.0
20190,136.0,536.0,0.0
20191,31.0,173.0,0.0
20192,229.0,403.0,0.0
20193,221.0,161.0,0.0
20194,105.0,407.0,0.0
20195,265.0,188.0,0.0
20196,41.0,490.0,0.0
20197,159.0,449.0,0.0
20198,177.0,473.0,0.0
20199,26.0,302.0,0.0
20200,52.0,286.0,0.0
20201,263.0,228.0,0.0
20202,134.0,8.0,0.0
20203,204.0,482.0,0.0
20204,90.0,192.0,0.0
20205,139.0,575.0,0.0
20206,162.0,108.0,0.0
20207,43.0,409.0,0.0
20208,159.0,229.0,0.0
20209,184.0,428.0,0.0
20210,9.0,589.0,0.0
20211,11.0,189.0,0.0
20212,153.0,379.0,0.0
20213,92.0,88.0,0.0
20214,66.0,61.0,0.0
20215,26.0,34.0,0.0
20216,212.0,342.0,0.0
20217,237.0,503.0,0.0
20218,247.0,272.0,0.0
20219,7.0,589.0,0.0
20220,29.0,279.0,0.0
20221,168.0,394.0,0.0
20222,140.0,428.0,0.0
20223,158.0,178.0,0.0
20224,184.0,205.0,0.0
20225,99.0,192.0,0.0
20226,49.0,584.0,0.0
20227,17.0,328.0,0.0
20228,232.0,494.0,0.0
20229,145.0,486.0,0.0
20230,202.0,507.0,0.0
20231,187.0,140.0,0.0
20232,191.0,108.0,0.0
20233,110.0,275.0,0.0
20234,103.0,20.0,0.0
20235,121.0,67.0,0.0
20236,37.0,353.0,0.0
20237,121.0,476.0,0.0
20238,23.0,373.0,0.0
20239,211.0,363.0,0.0
20240,94.0,78.0,0.0
20241,143.0,397.0,0.0
20242,200.0,405.0,0.0
20243,225.0,1.0,0.0
20244,240.0,357.0,0.0
20245,58.0,10.0,0.0
20246,250.0,224.0,0.0
20247,90.0,380.0,0.0
20248,89.0,30.0,0.0
20249,20.0,49.0,0.0
20250,93.0,533.0,0.0
20251,188.0,580.0,0.0
20252,17.0,500.0,0.0
20253,95.0,308.0,0.0
20254,187.0,345.0,0.0
20255,88.0,327.0,0.0
20256,12.0,556.0,0.0
20257,59.0,304.0,0.0
20258,18.0,319.0,0.0
20259,53.0,221.0,0.0
20260,8.0,450.0,0.0
20261,45.0,421.0,0.0
20262,240.0,212.0,0.0
20263,180.0,401.0,0.0
20264,235.0,327.0,0.0
20265,125.0,339.0,0.0
20266,210.0,487.0,0.0
20267,197.0,375.0,0.0
20268,103.0,232.0,0.0
20269,164.0,101.0,0.0
20270,69.0,584.0,0.0
20271,87.0,531.0,0.0
20272,159.0,223.0,0.0
20273,58.0,283.0,0.0
20274,174.0,414.0,0.0
20275,99.0,85.0,0.0
20276,83.0,297.0,0.0
20277,57.0,545.0,0.0
20278,202.0,91.0,0.0
20279,79.0,503.0,0.0
20280,229.0,528.0,0.0
20281,92.0,224.0,0.0
20282,129.0,518.0,0.0
20283,60.0,575.0,0.0
20284,68.0,203.0,0.0
20285,116.0,588.0,0.0
20286,5.0,65.0,0.0
20287,142.0,429.0,0.0
20288,32.0,192.0,0.0
20289,106.0,170.0,0.0
20290,68.0,357.0,0.0
20291,113.0,280.0,0.0
20292,183.0,543.0,0.0
20293,79.0,196.0,0.0
20294,229.0,451.0,0.0
20295,267.0,490.0,0.0
20296,179.0,542.0,0.0
20297,26.0,74.0,0.0
20298,57.0,43.0,0.0
20299,251.0,340.0,0.0
20300,58.0,278.0,0.0
20301,136.0,132.0,0.0
20302,110.0,91.0,0.0
20303,126.0,571.0,0.0
20304,5.0,490.0,0.0
20305,53.0,373.0,0.0
20306,180.0,174.0,0.0
20307,154.0,49.0,0.0
20308,162.0,352.0,0.0
20309,210.0,18.0,0.0
20310,246.0,419.0,0.0
20311,256.0,120.0,0.0
20312,62.0,468.0,0.0
20313,63.0,487.0,0.0
20314,158.0,297.0,0.0
20315,198.0,111.0,0.0
20316,124.0,257.0,0.0
20317,151.0,167.0,0.0
20318,38.0,199.0,0.0
20319,16.0,411.0,0.0
20320,197.0,411.0,0.0
20321,108.0,449.0,0.0
20322,13.0,24.0,0.0
20323,188.0,593.0,0.0
20324,78.0,508.0,0.0
20325,126.0,184.0,0.0
20326,167.0,344.0,0.0
20327,210.0,348.0,0.0
20328,148.0,487.0,0.0
20329,13.0,316.0,0.0
20330,47.0,381.0,0.0
20331,187.0,237.0,0.0
20332,62.0,212.0,0.0
20333,244.0,87.0,0.0
20334,159.0,329.0,0.0
20335,250.0,34.0,0.0
20336,234.0,177.0,0.0
20337,0.0,201.0,0.0
20338,158.0,544.0,0.0
20339,27.0,115.0,0.0
20340,117.0,472.0,0.0
20341,41.0,81.0,0.0
20342,49.0,499.0,0.0
20343,18.0,595.0,0.0
20344,212.0,72.0,0.0
20345,202.0,324.0,0.0
20346,156.0,311.0,0.0
20347,158.0,435.0,0.0
20348,264.0,549.0,0.0
20349,179.0,586.0,0.0
20350,146.0,322.0,0.0
20351,234.0,299.0,0.0
20352,168.0,554.0,0.0
20353,206.0,27.0,0.0
20354,20.0,313.0,0.0
20355,130.0,509.0,0.0
20356,229.0,178.0,0.0
20357,2.0,178.0,0.0
20358,237.0,118.0,0.0
20359,20.0,286.0,0.0
20360,22.0,460.0,0.0
20361,268.0,519.0,0.0
20362,1.0,119.0,0.0
20363,4.0,360.0,0.0
20364,207.0,359.0,0.0
20365,243.0,116.0,0.0
20366,134.0,592.0,0.0
20367,3.0,476.0,0.0
20368,173.0,344.0,0.0
20369,59.0,527.0,0.0
20370,82.0,446.0,0.0
20371,117.0,360.0,0.0
20372,170.0,59.0,0.0
20373,203.0,150.0,0.0
20374,85.0,230.0,0.0
20375,142.0,446.0,0.0
20376,236.0,27.0,0.0
20377,222.0,325.0,0.0
20378,129.0,296.0,0.0
20379,156.0,551.0,0.0
20380,154.0,65.0,0.0
20381,238.0,423.0,0.0
20382,96.0,344.0,0.0
20383,21.0,433.0,0.0
20384,245.0,233.0,0.0
20385,107.0,435.0,0.0
20386,17.0,296.0,0.0
20387,72.0,289.0,0.0
20388,187.0,284.0,0.0
20389,36.0,218.0,0.0
20390,12.0,157.0,0.0
20391,263.0,220.0,0.0
20392,121.0,581.0,0.0
20393,98.0,62.0,0.0
20394,60.0,392.0,0.0
20395,144.0,145.0,0.0
20396,35.0,164.0,0.0
20397,8.0,470.0,0.0
20398,74.0,149.0,0.0
20399,2.0,391.0,0.0
20400,146.0,160.0,0.0
20401,124.0,13.0,0.0
20402,108.0,32.0,0.0
20403,236.0,394.0,0.0
20404,42.0,62.0,0.0
20405,193.0,439.0,0.0
20406,97.0,336.0,0.0
20407,108.0,493.0,0.0
20408,96.0,99.0,0.0
20409,135.0,539.0,0.0
20410,66.0,181.0,0.0
20411,228.0,453.0,0.0
20412,78.0,390.0,0.0
20413,148.0,496.0,0.0
20414,37.0,519.0,0.0
20415,35.0,28.0,0.0
20416,18.0,586.0,0.0
20417,182.0,244.0,0.0
20418,268.0,571.0,0.0
20419,244.0,596.0,0.0
20420,24.0,547.0,0.0
20421,243.0,436.0,0.0
20422,216.0,443.0,0.0
20423,109.0,501.0,0.0
20424,189.0,170.0,0.0
20425,260.0,91.0,0.0
20426,76.0,494.0,0.0
20427,135.0,218.0,0.0
20428,253.0,234.0,0.0
20429,96.0,131.0,0.0
20430,225.0,350.0,0.0
20431,36.0,76.0,0.0
20432,33.0,174.0,0.0
20433,30.0,386.0,0.0
20434,240.0,118.0,0.0
20435,99.0,143.0,0.0
20436,251.0,583.0,0.0
20437,145.0,298.0,0.0
20438,49.0,80.0,0.0
20439,200.0,57.0,0.0
20440,86.0,165.0,0.0
20441,124.0,221.0,0.0
20442,179.0,371.0,0.0
20443,63.0,237.0,0.0
20444,64.0,208.0,0.0
20445,136.0,80.0,0.0
20446,123.0,506.0,0.0
20447,172.0,37.0,0.0
20448,139.0,563.0,0.0
20449,188.0,535.0,0.0
20450,69.0,7.0,0.0
20451,138.0,519.0,0.0
20452,173.0,303.0,0.0
20453,58.0,296.0,0.0
20454,256.0,286.0,0.0
20455,162.0,466.0,0.0
20456,123.0,293.0,0.0
20457,24.0,252.0,0.0
20458,233.0,471.0,0.0
20459,138.0,536.0,0.0
20460,2.0,293.0,0.0
20461,107.0,44.0,0.0
20462,154.0,127.0,0.0
20463,240.0,56.0,0.0
20464,67.0,24.0,0.0
20465,38.0,489.0,0.0
20466,28.0,313.0,0.0
20467,92.0,286.0,0.0
20468,60.0,158.0,0.0
20469,85.0,294.0,0.0
20470,138.0,132.0,0.0
20471,247.0,382.0,0.0
20472,30.0,314.0,0.0
20473,93.0,427.0,0.0
20474,195.0,309.0,0.0
20475,125.0,562.0,0.0
20476,167.0,102.0,0.0
20477,176.0,580.0,0.0
20478,84.0,188.0,0.0
20479,178.0,502.0,0.0
20480,235.0,581.0,0.0
20481,124.0,68.0,0.0
20482,204.0,495.0,0.0
20483,232.0,415.0,0.0
20484,240.0,339.0,0.0
20485,229.0,562.0,0.0
20486,43.0,395.0,0.0
20487,211.0,37.0,0.0
20488,155.0,75.0,0.0
20489,223.0,358.0,0.0
20490,227.0,211.0,0.0
20491,201.0,226.0,0.0
20492,204.0,505.0,0.0
20493,63.0,75.0,0.0
20494,256.0,68.0,0.0
20495,35.0,360.0,0.0
20496,240.0,148.0,0.0
20497,94.0,419.0,0.0
20498,94.0,39.0,0.0
20499,152.0,404.0,0.0
20500,76.0,313.0,0.0
20501,167.0,361.0,0.0
20502,31.0,476.0,0.0
20503,245.0,251.0,0.0
20504,123.0,461.0,0.0
20505,230.0,239.0,0.0
20506,174.0,359.0,0.0
20507,51.0,364.0,0.0
20508,171.0,502.0,0.0
20509,63.0,4.0,0.0
20510,161.0,44.0,0.0
20511,156.0,432.0,0.0
20512,267.0,27.0,0.0
20513,107.0,160.0,0.0
20514,115.0,502.0,0.0
20515,1.0,460.0,0.0
20516,48.0,405.0,0.0
20517,111.0,579.0,0.0
20518,196.0,84.0,0.0
20519,156.0,578.0,0.0
20520,1.0,151.0,0.0
20521,128.0,424.0,0.0
20522,71.0,296.0,0.0
20523,67.0,455.0,0.0
20524,238.0,529.0,0.0
20525,47.0,472.0,0.0
20526,101.0,454.0,0.0
20527,261.0,74.0,0.0
20528,240.0,422.0,0.0
20529,264.0,219.0,0.0
20530,189.0,358.0,0.0
20531,42.0,75.0,0.0
20532,225.0,286.0,0.0
20533,166.0,363.0,0.0
20534,171.0,491.0,0.0
20535,261.0,279.0,0.0
20536,237.0,246.0,0.0
20537,174.0,555.0,0.0
20538,154.0,329.0,0.0
20539,76.0,360.0,0.0
20540,188.0,469.0,0.0
20541,161.0,336.0,0.0
20542,50.0,419.0,0.0
20543,7.0,240.0,0.0
20544,141.0,165.0,0.0
20545,1.0,497.0,0.0
20546,89.0,447.0,0.0
20547,90.0,180.0,0.0
20548,26.0,425.0,0.0
20549,84.0,338.0,0.0
20550,197.0,150.0,0.0
20551,229.0,390.0,0.0
20552,108.0,336.0,0.0
20553,40.0,14.0,0.0
20554,258.0,290.0,0.0
20555,215.0,205.0,0.0
20556,18.0,192.0,0.0
20557,151.0,128.0,0.0
20558,173.0,495.0,0.0
20559,164.0,464.0,0.0
20560,216.0,377.0,0.0
20561,260.0,150.0,0.0
20562,35.0,48.0,0.0
20563,263.0,13.0,0.0
20564,5.0,88.0,0.0
20565,37.0,504.0,0.0
20566,69.0,144.0,0.0
20567,226.0,515.0,0.0
20568,114.0,432.0,0.0
20569,106.0,448.0,0.0
20570,261.0,410.0,0.0
20571,24.0,370.0,0.0
20572,163.0,171.0,0.0
20573,90.0,250.0,0.0
20574,156.0,233.0,0.0
20575,187.0,323.0,0.0
20576,115.0,85.0,0.0
20577,78.0,396.0,0.0
20578,137.0,30.0,0.0
20579,176.0,453.0,0.0
20580,216.0,208.0,0.0
20581,66.0,312.0,0.0
20582,230.0,513.0,0.0
20583,199.0,545.0,0.0
20584,20.0,302.0,0.0
20585,68.0,372.0,0.0
20586,107.0,386.0,0.0
20587,32.0,404.0,0.0
20588,161.0,5.0,0.0
20589,122.0,579.0,0.0
20590,158.0,414.0,0.0
20591,47.0,366.0,0.0
20592,230.0,486.0,0.0
20593,140.0,67.0,0.0
20594,260.0,259.0,0.0
20595,172.0,595.0,0.0
20596,189.0,29.0,0.0
20597,25.0,253.0,0.0
20598,10.0,85.0,0.0
20599,172.0,77.0,0.0
20600,5.0,112.0,0.0
20601,228.0,206.0,0.0
20602,96.0,497.0,0.0
20603,225.0,13.0,0.0
20604,197.0,509.0,0.0
20605,59.0,300.0,0.0
20606,150.0,52.0,0.0
20607,172.0,215.0,0.0
20608,193.0,84.0,0.0
20609,35.0,337.0,0.0
20610,69.0,414.0,0.0
20611,237.0,385.0,0.0
20612,23.0,237.0,0.0
20613,206.0,510.0,0.0
20614,256.0,27.0,0.0
20615,23.0,84.0,0.0
20616,119.0,505.0,0.0
20617,199.0,548.0,0.0
20618,101.0,504.0,0.0
20619,132.0,566.0,0.0
20620,26.0,475.0,0.0
20621,35.0,192.0,0.0
20622,202.0,434.0,0.0
20623,71.0,373.0,0.0
20624,93.0,571.0,0.0
20625,76.0,449.0,0.0
20626,200.0,94.0,0.0
20627,236.0,161.0,0.0
20628,38.0,112.0,0.0
20629,252.0,199.0,0.0
20630,242.0,365.0,0.0
20631,58.0,326.0,0.0
20632,184.0,145.0,0.0
20633,76.0,322.0,0.0
20634,180.0,578.0,0.0
20635,41.0,296.0,0.0
20636,232.0,439.0,0.0
20637,142.0,183.0,0.0
20638,204.0,535.0,0.0
20639,221.0,512.0,0.0
20640,115.0,158.0,0.0
20641,161.0,19.0,0.0
20642,51.0,335.0,0.0
20643,184.0,126.0,0.0
20644,206.0,318.0,0.0
20645,142.0,430.0,0.0
20646,255.0,538.0,0.0
20647,257.0,472.0,0.0
20648,42.0,553.0,0.0
20649,219.0,282.0,0.0
20650,76.0,39.0,0.0
20651,116.0,464.0,0.0
20652,150.0,249.0,0.0
20653,233.0,494.0,0.0
20654,12.0,593.0,0.0
20655,95.0,351.0,0.0
20656,84.0,301.0,0.0
20657,217.0,589.0,0.0
20658,118.0,90.0,0.0
20659,55.0,12.0,0.0
20660,19.0,319.0,0.0
20661,95.0,573.0,0.0
20662,236.0,584.0,0.0
20663,267.0,351.0,0.0
20664,189.0,427.0,0.0
20665,47.0,542.0,0.0
20666,211.0,527.0,0.0
20667,84.0,331.0,0.0
20668,33.0,216.0,0.0
20669,32.0,330.0,0.0
20670,83.0,431.0,0.0
20671,131.0,56.0,0.0
20672,187.0,338.0,0.0
20673,38.0,407.0,0.0
20674,102.0,446.0,0.0
20675,219.0,575.0,0.0
20676,90.0,480.0,0.0
20677,200.0,92.0,0.0
20678,256.0,239.0,0.0
20679,72.0,532.0,0.0
20680,182.0,205.0,0.0
20681,76.0,92.0,0.0
20682,15.0,254.0,0.0
20683,260.0,220.0,0.0
20684,262.0,505.0,0.0
20685,101.0,496.0,0.0
20686,119.0,101.0,0.0
20687,142.0,589.0,0.0
20688,238.0,275.0,0.0
20689,49.0,279.0,0.0
20690,260.0,118.0,0.0
20691,50.0,572.0,0.0
20692,243.0,220.0,0.0
20693,21.0,5.0,0.0
20694,89.0,96.0,0.0
20695,15.0,452.0,0.0
20696,183.0,386.0,0.0
20697,259.0,503.0,0.0
20698,262.0,361.0,0.0
20699,268.0,356.0,0.0
20700,76.0,283.0,0.0
20701,106.0,115.0,0.0
20702,197.0,155.0,0.0
20703,172.0,190.0,0.0
20704,146.0,97.0,0.0
20705,256.0,592.0,0.0
20706,179.0,366.0,0.0
20707,71.0,59.0,0.0
20708,10.0,518.0,0.0
20709,96.0,357.0,0.0
20710,120.0,222.0,0.0
20711,11.0,537.0,0.0
20712,35.0,209.0,0.0
20713,73.0,219.0,0.0
20714,27.0,358.0,0.0
20715,24.0,417.0,0.0
20716,120.0,163.0,0.0
20717,56.0,101.0,0.0
20718,262.0,350.0,0.0
20719,225.0,88.0,0.0
20720,114.0,167.0,0.0
20721,201.0,550.0,0.0
20722,173.0,448.0,0.0
20723,46.0,258.0,0.0
20724,198.0,359.0,0.0
20725,173.0,250.0,0.0
20726,40.0,531.0,0.0
20727,2.0,570.0,0.0
20728,104.0,170.0,0.0
20729,166.0,134.0,0.0
20730,187.0,90.0,0.0
20731,238.0,522.0,0.0
20732,118.0,113.0,0.0
20733,170.0,268.0,0.0
20734,264.0,220.0,0.0
20735,110.0,176.0,0.0
20736,73.0,104.0,0.0
20737,180.0,85.0,0.0
20738,55.0,292.0,0.0
20739,11.0,416.0,0.0
20740,52.0,102.0,0.0
20741,115.0,546.0,0.0
20742,61.0,83.0,0.0
20743,14.0,284.0,0.0
20744,198.0,324.0,0.0
20745,156.0,229.0,0.0
20746,7.0,164.0,0.0
20747,16.0,552.0,0.0
20748,145.0,142.0,0.0
20749,95.0,91.0,0.0
20750,118.0,531.0,0.0
20751,49.0,318.0,0.0
20752,218.0,225.0,0.0
20753,155.0,576.0,0.0
20754,157.0,451.0,0.0
20755,114.0,358.0,0.0
20756,242.0,280.0,0.0
20757,170.0,346.0,0.0
20758,108.0,483.0,0.0
20759,60.0,451.0,0.0
20760,19.0,385.0,0.0
20761,205.0,288.0,0.0
20762,52.0,512.0,0.0
20763,46.0,281.0,0.0
20764,40.0,37.0,0.0
20765,103.0,589.0,0.0
20766,94.0,48.0,0.0
20767,73.0,18.0,0.0
20768,199.0,59.0,0.0
20769,201.0,590.0,0.0
20770,238.0,527.0,0.0
20771,173.0,477.0,0.0
20772,34.0,331.0,0.0
20773,99.0,218.0,0.0
20774,213.0,512.0,0.0
20775,73.0,242.0,0.0
20776,254.0,570.0,0.0
20777,130.0,56.0,0.0
20778,163.0,522.0,0.0
20779,27.0,384.0,0.0
20780,47.0,245.0,0.0
20781,197.0,278.0,0.0
20782,40.0,180.0,0.0
20783,53.0,465.0,0.0
20784,4.0,317.0,0.0
20785,24.0,531.0,0.0
20786,169.0,422.0,0.0
20787,159.0,32.0,0.0
20788,138.0,119.0,0.0
20789,130.0,525.0,0.0
20790,209.0,421.0,0.0
20791,249.0,440.0,0.0
20792,220.0,329.0,0.0
20793,140.0,574.0,0.0
20794,119.0,143.0,0.0
20795,18.0,516.0,0.0
20796,115.0,51.0,0.0
20797,229.0,205.0,0.0
20798,81.0,140.0,0.0
20799,107.0,346.0,0.0
20800,0.0,282.0,0.0
20801,158.0,340.0,0.0
20802,39.0,489.0,0.0
20803,214.0,318.0,0.0
20804,143.0,204.0,0.0
20805,256.0,350.0,0.0
20806,113.0,457.0,0.0
20807,155.0,277.0,0.0
20808,74.0,553.0,0.0
20809,214.0,583.0,0.0
20810,7.0,350.0,0.0
20811,220.0,242.0,0.0
20812,95.0,480.0,0.0
20813,192.0,202.0,0.0
20814,41.0,132.0,0.0
20815,179.0,271.0,0.0
20816,74.0,65.0,0.0
20817,201.0,596.0,0.0
20818,38.0,380.0,0.0
20819,243.0,47.0,0.0
20820,41.0,290.0,0.0
20821,21.0,437.0,0.0
20822,244.0,225.0,0.0
20823,172.0,328.0,0.0
20824,103.0,212.0,0.0
20825,92.0,34.0,0.0
20826,87.0,577.0,0.0
20827,246.0,139.0,0.0
20828,66.0,310.0,0.0
20829,121.0,129.0,0.0
20830,77.0,357.0,0.0
20831,119.0,445.0,0.0
20832,60.0,114.0,0.0
20833,107.0,497.0,0.0
20834,149.0,191.0,0.0
20835,73.0,454.0,0.0
20836,191.0,163.0,0.0
20837,250.0,386.0,0.0
20838,260.0,31.0,0.0
20839,76.0,226.0,0.0
20840,125.0,563.0,0.0
20841,10.0,258.0,0.0
20842,171.0,352.0,0.0
20843,159.0,428.0,0.0
20844,210.0,578.0,0.0
20845,6.0,576.0,0.0
20846,238.0,56.0,0.0
20847,125.0,379.0,0.0
20848,124.0,432.0,0.0
20849,162.0,53.0,0.0
20850,110.0,103.0,0.0
20851,15.0,309.0,0.0
20852,59.0,150.0,0.0
20853,206.0,321.0,0.0
20854,263.0,327.0,0.0
20855,160.0,332.0,0.0
20856,119.0,42.0,0.0
20857,258.0,268.0,0.0
20858,163.0,72.0,0.0
20859,54.0,259.0,0.0
20860,71.0,209.0,0.0
20861,175.0,561.0,0.0
20862,5.0,297.0,0.0
20863,260.0,580.0,0.0
20864,96.0,198.0,0.0
20865,190.0,125.0,0.0
20866,8.0,525.0,0.0
20867,219.0,107.0,0.0
20868,167.0,590.0,0.0
20869,166.0,62.0,0.0
20870,200.0,358.0,0.0
20871,246.0,48.0,0.0
20872,154.0,404.0,0.0
20873,191.0,434.0,0.0
20874,95.0,479.0,0.0
20875,58.0,420.0,0.0
20876,41.0,119.0,0.0
20877,201.0,171.0,0.0
20878,238.0,581.0,0.0
20879,241.0,588.0,0.0
20880,194.0,294.0,0.0
20881,190.0,569.0,0.0
20882,245.0,262.0,0.0
20883,128.0,466.0,0.0
20884,69.0,80.0,0.0
20885,258.0,382.0,0.0
20886,247.0,513.0,0.0
20887,145.0,487.0,0.0
20888,261.0,512.0,0.0
20889,152.0,226.0,0.0
20890,252.0,312.0,0.0
20891,25.0,22.0,0.0
20892,258.0,433.0,0.0
20893,201.0,270.0,0.0
20894,58.0,221.0,0.0
20895,54.0,366.0,0.0
20896,31.0,579.0,0.0
20897,225.0,108.0,0.0
20898,210.0,376.0,0.0
20899,33.0,265.0,0.0
20900,184.0,123.0,0.0
20901,150.0,222.0,0.0
20902,16.0,174.0,0.0
20903,67.0,348.0,0.0
20904,136.0,15.0,0.0
20905,117.0,573.0,0.0
20906,253.0,101.0,0.0
20907,19.0,530.0,0.0
20908,116.0,0.0,0.0
20909,129.0,560.0,0.0
20910,3.0,477.0,0.0
20911,85.0,455.0,0.0
20912,260.0,319.0,0.0
20913,243.0,229.0,0.0
20914,28.0,426.0,0.0
20915,220.0,59.0,0.0
20916,179.0,62.0,0.0
20917,67.0,293.0,0.0
20918,246.0,466.0,0.0
20919,182.0,438.0,0.0
20920,93.0,430.0,0.0
20921,130.0,72.0,0.0
20922,74.0,592.0,0.0
20923,200.0,504.0,0.0
20924,263.0,575.0,0.0
20925,220.0,441.0,0.0
20926,29.0,36.0,0.0
20927,13.0,92.0,0.0
20928,150.0,13.0,0.0
20929,123.0,450.0,0.0
20930,201.0,160.0,0.0
20931,241.0,193.0,0.0
20932,41.0,257.0,0.0
20933,48.0,240.0,0.0
20934,29.0,483.0,0.0
20935,104.0,396.0,0.0
20936,205.0,571.0,0.0
20937,60.0,558.0,0.0
20938,33.0,382.0,0.0
20939,74.0,174.0,0.0
20940,132.0,553.0,0.0
20941,114.0,457.0,0.0
20942,246.0,468.0,0.0
20943,150.0,195.0,0.0
20944,90.0,364.0,0.0
20945,137.0,458.0,0.0
20946,265.0,384.0,0.0
20947,248.0,519.0,0.0
20948,18.0,184.0,0.0
20949,111.0,453.0,0.0
20950,227.0,414.0,0.0
20951,38.0,348.0,0.0
20952,261.0,513.0,0.0
20953,37.0,178.0,0.0
20954,56.0,232.0,0.0
20955,186.0,530.0,0.0
20956,254.0,396.0,0.0
20957,113.0,15.0,0.0
20958,173.0,579.0,0.0
20959,3.0,504.0,0.0
20960,246.0,19.0,0.0
20961,46.0,127.0,0.0
20962,96.0,540.0,0.0
20963,129.0,514.0,0.0
20964,137.0,0.0,0.0
20965,163.0,158.0,0.0
20966,33.0,237.0,0.0
20967,155.0,3.0,0.0
20968,93.0,30.0,0.0
20969,241.0,207.0,0.0
20970,97.0,285.0,0.0
20971,47.0,288.0,0.0
20972,231.0,417.0,0.0
20973,199.0,53.0,0.0
20974,209.0,424.0,0.0
20975,72.0,531.0,0.0
20976,25.0,561.0,0.0
20977,18.0,52.0,0.0
20978,94.0,253.0,0.0
20979,195.0,285.0,0.0
20980,19.0,139.0,0.0
20981,92.0,412.0,0.0
20982,178.0,75.0,0.0
20983,160.0,15.0,0.0
20984,35.0,596.0,0.0
20985,67.0,183.0,0.0
20986,85.0,66.0,0.0
20987,242.0,448.0,0.0
20988,4.0,570.0,0.0
20989,111.0,105.0,0.0
20990,11.0,584.0,0.0
20991,52.0,211.0,0.0
20992,107.0,208.0,0.0
20993,0.0,206.0,0.0
20994,159.0,517.0,0.0
20995,123.0,589.0,0.0
20996,135.0,37.0,0.0
20997,50.0,15.0,0.0
20998,163.0,98.0,0.0
20999,80.0,52.0,0.0
21000,156.0,297.0,0.0
21001,189.0,488.0,0.0
21002,36.0,100.0,0.0
21003,251.0,50.0,0.0
21004,192.0,454.0,0.0
21005,175.0,358.0,0.0
21006,64.0,592.0,0.0
21007,55.0,542.0,0.0
21008,250.0,360.0,0.0
21009,8.0,32.0,0.0
21010,138.0,185.0,0.0
21011,179.0,69.0,0.0
21012,1.0,382.0,0.0
21013,209.0,309.0,0.0
21014,39.0,252.0,0.0
21015,235.0,349.0,0.0
21016,202.0,357.0,0.0
21017,84.0,13.0,0.0
21018,106.0,132.0,0.0
21019,239.0,107.0,0.0
21020,154.0,288.0,0.0
21021,244.0,138.0,0.0
21022,62.0,201.0,0.0
21023,48.0,73.0,0.0
21024,3.0,65.0,0.0
21025,36.0,500.0,0.0
21026,231.0,583.0,0.0
21027,184.0,121.0,0.0
21028,262.0,379.0,0.0
21029,69.0,412.0,0.0
21030,146.0,416.0,0.0
21031,140.0,543.0,0.0
21032,109.0,458.0,0.0
21033,247.0,528.0,0.0
21034,216.0,325.0,0.0
21035,223.0,577.0,0.0
21036,256.0,365.0,0.0
21037,195.0,101.0,0.0
21038,96.0,590.0,0.0
21039,6.0,207.0,0.0
21040,132.0,297.0,0.0
21041,167.0,263.0,0.0
21042,25.0,184.0,0.0
21043,25.0,487.0,0.0
21044,139.0,254.0,0.0
21045,52.0,593.0,0.0
21046,179.0,347.0,0.0
21047,120.0,62.0,0.0
21048,206.0,102.0,0.0
21049,94.0,94.0,0.0
21050,198.0,102.0,0.0
21051,259.0,300.0,0.0
21052,241.0,571.0,0.0
21053,184.0,105.0,0.0
21054,167.0,503.0,0.0
21055,55.0,114.0,0.0
21056,104.0,375.0,0.0
21057,131.0,429.0,0.0
21058,261.0,555.0,0.0
21059,146.0,471.0,0.0
21060,213.0,83.0,0.0
21061,179.0,266.0,0.0
21062,229.0,349.0,0.0
21063,88.0,489.0,0.0
21064,217.0,213.0,0.0
21065,45.0,571.0,0.0
21066,83.0,165.0,0.0
21067,30.0,242.0,0.0
21068,65.0,502.0,0.0
21069,150.0,209.0,0.0
21070,80.0,265.0,0.0
21071,193.0,396.0,0.0
21072,121.0,402.0,0.0
21073,88.0,575.0,0.0
21074,220.0,200.0,0.0
21075,27.0,187.0,0.0
21076,136.0,564.0,0.0
21077,243.0,443.0,0.0
21078,74.0,568.0,0.0
21079,193.0,380.0,0.0
21080,58.0,76.0,0.0
21081,244.0,385.0,0.0
21082,176.0,590.0,0.0
21083,50.0,24.0,0.0
21084,247.0,463.0,0.0
21085,161.0,205.0,0.0
21086,68.0,32.0,0.0
21087,146.0,285.0,0.0
21088,162.0,474.0,0.0
21089,188.0,207.0,0.0
21090,56.0,446.0,0.0
21091,46.0,323.0,0.0
21092,82.0,253.0,0.0
21093,156.0,503.0,0.0
21094,43.0,456.0,0.0
21095,118.0,179.0,0.0
21096,94.0,82.0,0.0
21097,140.0,580.0,0.0
21098,256.0,300.0,0.0
21099,266.0,351.0,0.0
21100,53.0,46.0,0.0
21101,230.0,360.0,0.0
21102,170.0,502.0,0.0
21103,235.0,217.0,0.0
21104,7.0,534.0,0.0
21105,248.0,357.0,0.0
21106,13.0,254.0,0.0
21107,143.0,281.0,0.0
21108,23.0,330.0,0.0
21109,55.0,68.0,0.0
21110,171.0,430.0,0.0
21111,22.0,71.0,0.0
21112,96.0,236.0,0.0
21113,112.0,528.0,0.0
21114,57.0,414.0,0.0
21115,163.0,306.0,0.0
21116,161.0,149.0,0.0
21117,146.0,293.0,0.0
21118,240.0,431.0,0.0
21119,124.0,46.0,0.0
21120,157.0,575.0,0.0
21121,195.0,71.0,0.0
21122,160.0,561.0,0.0
21123,63.0,27.0,0.0
21124,94.0,345.0,0.0
21125,55.0,457.0,0.0
21126,124.0,147.0,0.0
21127,258.0,27.0,0.0
21128,255.0,494.0,0.0
21129,234.0,96.0,0.0
21130,210.0,129.0,0.0
21131,135.0,495.0,0.0
21132,21.0,357.0,0.0
21133,67.0,109.0,0.0
21134,220.0,492.0,0.0
21135,250.0,575.0,0.0
21136,218.0,586.0,0.0
21137,73.0,58.0,0.0
21138,78.0,71.0,0.0
21139,79.0,240.0,0.0
21140,221.0,296.0,0.0
21141,18.0,129.0,0.0
21142,223.0,52.0,0.0
21143,89.0,513.0,0.0
21144,121.0,275.0,0.0
21145,197.0,196.0,0.0
21146,98.0,291.0,0.0
21147,127.0,341.0,0.0
21148,65.0,249.0,0.0
21149,3.0,517.0,0.0
21150,201.0,476.0,0.0
21151,188.0,113.0,0.0
21152,236.0,359.0,0.0
21153,83.0,296.0,0.0
21154,237.0,425.0,0.0
21155,239.0,182.0,0.0
21156,94.0,538.0,0.0
21157,178.0,34.0,0.0
21158,70.0,270.0,0.0
21159,137.0,209.0,0.0
21160,171.0,0.0,0.0
21161,268.0,318.0,0.0
21162,101.0,484.0,0.0
21163,92.0,496.0,0.0
21164,181.0,541.0,0.0
21165,23.0,508.0,0.0
21166,225.0,535.0,0.0
21167,243.0,406.0,0.0
21168,187.0,118.0,0.0
21169,204.0,416.0,0.0
21170,259.0,192.0,0.0
21171,31.0,597.0,0.0
21172,256.0,87.0,0.0
21173,130.0,278.0,0.0
21174,75.0,30.0,0.0
21175,182.0,19.0,0.0
21176,193.0,578.0,0.0
21177,34.0,332.0,0.0
21178,33.0,280.0,0.0
21179,164.0,460.0,0.0
21180,190.0,310.0,0.0
21181,167.0,365.0,0.0
21182,160.0,500.0,0.0
21183,215.0,454.0,0.0
21184,106.0,319.0,0.0
21185,12.0,221.0,0.0
21186,240.0,581.0,0.0
21187,166.0,367.0,0.0
21188,79.0,192.0,0.0
21189,248.0,309.0,0.0
21190,226.0,563.0,0.0
21191,148.0,193.0,0.0
21192,37.0,176.0,0.0
21193,142.0,220.0,0.0
21194,155.0,360.0,0.0
21195,92.0,173.0,0.0
21196,136.0,590.0,0.0
21197,170.0,481.0,0.0
21198,118.0,456.0,0.0
21199,253.0,253.0,0.0
21200,111.0,597.0,0.0
21201,66.0,386.0,0.0
21202,150.0,519.0,0.0
21203,50.0,60.0,0.0
21204,77.0,387.0,0.0
21205,207.0,107.0,0.0
21206,144.0,29.0,0.0
21207,169.0,554.0,0.0
21208,229.0,490.0,0.0
21209,246.0,383.0,0.0
21210,119.0,365.0,0.0
21211,43.0,465.0,0.0
21212,261.0,542.0,0.0
21213,265.0,262.0,0.0
21214,164.0,72.0,0.0
21215,57.0,388.0,0.0
21216,125.0,156.0,0.0
21217,99.0,535.0,0.0
21218,247.0,328.0,0.0
21219,103.0,580.0,0.0
21220,91.0,44.0,0.0
21221,253.0,414.0,0.0
21222,124.0,329.0,0.0
21223,103.0,243.0,0.0
21224,39.0,301.0,0.0
21225,73.0,520.0,0.0
21226,72.0,496.0,0.0
21227,194.0,25.0,0.0
21228,222.0,18.0,0.0
21229,183.0,232.0,0.0
21230,212.0,212.0,0.0
21231,162.0,22.0,0.0
21232,208.0,436.0,0.0
21233,157.0,467.0,0.0
21234,152.0,165.0,0.0
21235,120.0,191.0,0.0
21236,112.0,212.0,0.0
21237,156.0,172.0,0.0
21238,236.0,445.0,0.0
21239,100.0,247.0,0.0
21240,18.0,167.0,0.0
21241,43.0,99.0,0.0
21242,102.0,315.0,0.0
21243,211.0,160.0,0.0
21244,125.0,262.0,0.0
21245,72.0,162.0,0.0
21246,87.0,251.0,0.0
21247,8.0,451.0,0.0
21248,133.0,159.0,0.0
21249,29.0,527.0,0.0
21250,170.0,229.0,0.0
21251,104.0,302.0,0.0
21252,184.0,69.0,0.0
21253,84.0,388.0,0.0
21254,5.0,110.0,0.0
21255,110.0,535.0,0.0
21256,11.0,194.0,0.0
21257,63.0,281.0,0.0
21258,262.0,380.0,0.0
21259,45.0,230.0,0.0
21260,230.0,454.0,0.0
21261,136.0,594.0,0.0
21262,96.0,359.0,0.0
21263,123.0,446.0,0.0
21264,216.0,461.0,0.0
21265,145.0,501.0,0.0
21266,189.0,296.0,0.0
21267,205.0,85.0,0.0
21268,256.0,123.0,0.0
21269,0.0,321.0,0.0
21270,234.0,506.0,0.0
21271,2.0,333.0,0.0
21272,223.0,274.0,0.0
21273,95.0,34.0,0.0
21274,201.0,289.0,0.0
21275,150.0,120.0,0.0
21276,221.0,459.0,0.0
21277,13.0,458.0,0.0
21278,72.0,116.0,0.0
21279,221.0,439.0,0.0
21280,82.0,336.0,0.0
21281,181.0,310.0,0.0
21282,62.0,307.0,0.0
21283,47.0,470.0,0.0
21284,144.0,239.0,0.0
21285,153.0,327.0,0.0
21286,172.0,409.0,0.0
21287,70.0,362.0,0.0
21288,181.0,131.0,0.0
21289,251.0,304.0,0.0
21290,10.0,401.0,0.0
21291,8.0,562.0,0.0
21292,35.0,393.0,0.0
21293,199.0,375.0,0.0
21294,240.0,267.0,0.0
21295,44.0,62.0,0.0
21296,228.0,0.0,0.0
21297,133.0,303.0,0.0
21298,104.0,198.0,0.0
21299,112.0,200.0,0.0
21300,131.0,271.0,0.0
21301,214.0,82.0,0.0
21302,43.0,513.0,0.0
21303,139.0,489.0,0.0
21304,162.0,144.0,0.0
21305,188.0,495.0,0.0
21306,260.0,179.0,0.0
21307,100.0,278.0,0.0
21308,180.0,42.0,0.0
21309,84.0,438.0,0.0
21310,2.0,166.0,0.0
21311,67.0,594.0,0.0
21312,129.0,123.0,0.0
21313,100.0,391.0,0.0
21314,123.0,139.0,0.0
21315,116.0,342.0,0.0
21316,243.0,36.0,0.0
21317,139.0,94.0,0.0
21318,191.0,449.0,0.0
21319,59.0,467.0,0.0
21320,74.0,469.0,0.0
21321,136.0,575.0,0.0
21322,263.0,248.0,0.0
21323,196.0,506.0,0.0
21324,146.0,556.0,0.0
21325,235.0,38.0,0.0
21326,78.0,463.0,0.0
21327,215.0,108.0,0.0
21328,21.0,448.0,0.0
21329,109.0,209.0,0.0
21330,104.0,87.0,0.0
21331,138.0,520.0,0.0
21332,12.0,562.0,0.0
21333,61.0,486.0,0.0
21334,72.0,57.0,0.0
21335,235.0,413.0,0.0
21336,223.0,171.0,0.0
21337,164.0,368.0,0.0
21338,133.0,449.0,0.0
21339,83.0,482.0,0.0
21340,257.0,34.0,0.0
21341,241.0,51.0,0.0
21342,187.0,266.0,0.0
21343,217.0,358.0,0.0
21344,135.0,299.0,0.0
21345,190.0,466.0,0.0
21346,109.0,46.0,0.0
21347,132.0,307.0,0.0
21348,242.0,575.0,0.0
21349,247.0,369.0,0.0
21350,135.0,240.0,0.0
21351,176.0,380.0,0.0
21352,241.0,88.0,0.0
21353,16.0,581.0,0.0
21354,261.0,437.0,0.0
21355,35.0,494.0,0.0
21356,17.0,325.0,0.0
21357,218.0,513.0,0.0
21358,98.0,242.0,0.0
21359,174.0,500.0,0.0
21360,135.0,139.0,0.0
21361,260.0,559.0,0.0
21362,6.0,60.0,0.0
21363,69.0,271.0,0.0
21364,66.0,394.0,0.0
21365,240.0,531.0,0.0
21366,106.0,64.0,0.0
21367,70.0,581.0,0.0
21368,108.0,486.0,0.0
21369,208.0,434.0,0.0
21370,243.0,16.0,0.0
21371,140.0,58.0,0.0
21372,0.0,221.0,0.0
21373,78.0,307.0,0.0
21374,15.0,28.0,0.0
21375,201.0,115.0,0.0
21376,160.0,415.0,0.0
21377,258.0,538.0,0.0
21378,12.0,149.0,0.0
21379,132.0,150.0,0.0
21380,5.0,542.0,0.0
21381,14.0,371.0,0.0
21382,260.0,210.0,0.0
21383,51.0,420.0,0.0
21384,88.0,120.0,0.0
21385,240.0,306.0,0.0
21386,57.0,339.0,0.0
21387,233.0,28.0,0.0
21388,215.0,427.0,0.0
21389,221.0,57.0,0.0
21390,84.0,536.0,0.0
21391,1.0,366.0,0.0
21392,234.0,130.0,0.0
21393,265.0,248.0,0.0
21394,139.0,460.0,0.0
21395,100.0,453.0,0.0
21396,83.0,206.0,0.0
21397,42.0,118.0,0.0
21398,57.0,326.0,0.0
21399,265.0,297.0,0.0
21400,240.0,474.0,0.0
21401,240.0,201.0,0.0
21402,52.0,467.0,0.0
21403,203.0,568.0,0.0
21404,21.0,137.0,0.0
21405,152.0,233.0,0.0
21406,85.0,142.0,0.0
21407,228.0,348.0,0.0
21408,235.0,346.0,0.0
21409,122.0,477.0,0.0
21410,238.0,158.0,0.0
21411,107.0,20.0,0.0
21412,128.0,90.0,0.0
21413,147.0,566.0,0.0
21414,98.0,406.0,0.0
21415,51.0,26.0,0.0
21416,205.0,394.0,0.0
21417,111.0,124.0,0.0
21418,184.0,554.0,0.0
21419,221.0,85.0,0.0
21420,221.0,303.0,0.0
21421,111.0,317.0,0.0
21422,98.0,461.0,0.0
21423,238.0,192.0,0.0
21424,181.0,493.0,0.0
21425,252.0,133.0,0.0
21426,0.0,447.0,0.0
21427,100.0,588.0,0.0
21428,109.0,484.0,0.0
21429,212.0,85.0,0.0
21430,122.0,91.0,0.0
21431,15.0,560.0,0.0
21432,31.0,510.0,0.0
21433,92.0,136.0,0.0
21434,42.0,496.0,0.0
21435,69.0,465.0,0.0
21436,124.0,90.0,0.0
21437,268.0,307.0,0.0
21438,104.0,366.0,0.0
21439,144.0,581.0,0.0
21440,122.0,252.0,0.0
21441,90.0,334.0,0.0
21442,18.0,208.0,0.0
21443,54.0,574.0,0.0
21444,190.0,434.0,0.0
21445,4.0,446.0,0.0
21446,76.0,197.0,0.0
21447,100.0,155.0,0.0
21448,106.0,13.0,0.0
21449,96.0,577.0,0.0
21450,111.0,51.0,0.0
21451,43.0,531.0,0.0
21452,113.0,522.0,0.0
21453,197.0,303.0,0.0
21454,133.0,473.0,0.0
21455,122.0,319.0,0.0
21456,44.0,595.0,0.0
21457,91.0,236.0,0.0
21458,128.0,579.0,0.0
21459,10.0,231.0,0.0
21460,3.0,452.0,0.0
21461,191.0,429.0,0.0
21462,266.0,81.0,0.0
21463,227.0,17.0,0.0
21464,116.0,586.0,0.0
21465,51.0,536.0,0.0
21466,115.0,376.0,0.0
21467,112.0,596.0,0.0
21468,244.0,396.0,0.0
21469,213.0,407.0,0.0
21470,21.0,232.0,0.0
21471,155.0,209.0,0.0
21472,94.0,514.0,0.0
21473,241.0,359.0,0.0
21474,124.0,183.0,0.0
21475,215.0,457.0,0.0
21476,38.0,252.0,0.0
21477,27.0,328.0,0.0
21478,20.0,81.0,0.0
21479,175.0,510.0,0.0
21480,143.0,134.0,0.0
21481,42.0,124.0,0.0
21482,152.0,496.0,0.0
21483,97.0,249.0,0.0
21484,137.0,161.0,0.0
21485,205.0,493.0,0.0
21486,123.0,239.0,0.0
21487,228.0,491.0,0.0
21488,264.0,418.0,0.0
21489,98.0,393.0,0.0
21490,133.0,520.0,0.0
21491,12.0,202.0,0.0
21492,148.0,486.0,0.0
21493,232.0,545.0,0.0
21494,198.0,568.0,0.0
21495,174.0,65.0,0.0
21496,75.0,447.0,0.0
21497,74.0,541.0,0.0
21498,6.0,112.0,0.0
21499,36.0,382.0,0.0
21500,210.0,131.0,0.0
21501,167.0,216.0,0.0
21502,139.0,298.0,0.0
21503,29.0,343.0,0.0
21504,135.0,203.0,0.0
21505,137.0,222.0,0.0
21506,89.0,468.0,0.0
21507,14.0,266.0,0.0
21508,91.0,400.0,0.0
21509,35.0,7.0,0.0
21510,164.0,393.0,0.0
21511,133.0,366.0,0.0
21512,99.0,257.0,0.0
21513,113.0,41.0,0.0
21514,5.0,9.0,0.0
21515,182.0,66.0,0.0
21516,70.0,417.0,0.0
21517,158.0,149.0,0.0
21518,123.0,528.0,0.0
21519,46.0,190.0,0.0
21520,258.0,457.0,0.0
21521,129.0,15.0,0.0
21522,172.0,431.0,0.0
21523,102.0,517.0,0.0
21524,141.0,441.0,0.0
21525,222.0,337.0,0.0
21526,74.0,225.0,0.0
21527,113.0,253.0,0.0
21528,83.0,556.0,0.0
21529,173.0,305.0,0.0
21530,96.0,349.0,0.0
21531,181.0,116.0,0.0
21532,83.0,503.0,0.0
21533,126.0,440.0,0.0
21534,114.0,250.0,0.0
21535,220.0,290.0,0.0
21536,267.0,39.0,0.0
21537,91.0,307.0,0.0
21538,212.0,447.0,0.0
21539,95.0,129.0,0.0
21540,260.0,567.0,0.0
21541,154.0,312.0,0.0
21542,220.0,212.0,0.0
21543,173.0,325.0,0.0
21544,231.0,294.0,0.0
21545,138.0,255.0,0.0
21546,198.0,371.0,0.0
21547,56.0,550.0,0.0
21548,148.0,466.0,0.0
21549,196.0,137.0,0.0
21550,48.0,582.0,0.0
21551,199.0,428.0,0.0
21552,6.0,592.0,0.0
21553,178.0,350.0,0.0
21554,38.0,525.0,0.0
21555,188.0,566.0,0.0
21556,37.0,417.0,0.0
21557,107.0,150.0,0.0
21558,106.0,305.0,0.0
21559,43.0,26.0,0.0
21560,265.0,462.0,0.0
21561,15.0,304.0,0.0
21562,172.0,549.0,0.0
21563,127.0,370.0,0.0
21564,36.0,128.0,0.0
21565,125.0,245.0,0.0
21566,95.0,44.0,0.0
21567,264.0,291.0,0.0
21568,181.0,24.0,0.0
21569,83.0,360.0,0.0
21570,169.0,107.0,0.0
21571,23.0,338.0,0.0
21572,114.0,557.0,0.0
21573,53.0,592.0,0.0
21574,264.0,334.0,0.0
21575,174.0,219.0,0.0
21576,109.0,166.0,0.0
21577,62.0,119.0,0.0
21578,191.0,183.0,0.0
21579,157.0,438.0,0.0
21580,70.0,462.0,0.0
21581,211.0,408.0,0.0
21582,130.0,199.0,0.0
21583,27.0,444.0,0.0
21584,240.0,135.0,0.0
21585,96.0,566.0,0.0
21586,152.0,321.0,0.0
21587,92.0,280.0,0.0
21588,200.0,166.0,0.0
21589,163.0,349.0,0.0
21590,238.0,355.0,0.0
21591,134.0,465.0,0.0
21592,113.0,490.0,0.0
21593,56.0,182.0,0.0
21594,36.0,105.0,0.0
21595,66.0,523.0,0.0
21596,10.0,150.0,0.0
21597,48.0,278.0,0.0
21598,262.0,276.0,0.0
21599,29.0,510.0,0.0
21600,39.0,42.0,0.0
21601,268.0,535.0,0.0
21602,2.0,386.0,0.0
21603,18.0,22.0,0.0
21604,231.0,299.0,0.0
21605,102.0,362.0,0.0
21606,25.0,178.0,0.0
21607,169.0,347.0,0.0
21608,205.0,125.0,0.0
21609,70.0,48.0,0.0
21610,168.0,212.0,0.0
21611,40.0,117.0,0.0
21612,216.0,592.0,0.0
21613,22.0,565.0,0.0
21614,103.0,528.0,0.0
21615,205.0,565.0,0.0
21616,24.0,508.0,0.0
21617,262.0,541.0,0.0
21618,3.0,126.0,0.0
21619,204.0,571.0,0.0
21620,73.0,336.0,0.0
21621,58.0,522.0,0.0
21622,225.0,382.0,0.0
21623,258.0,242.0,0.0
21624,44.0,296.0,0.0
21625,43.0,371.0,0.0
21626,65.0,31.0,0.0
21627,215.0,237.0,0.0
21628,187.0,479.0,0.0
21629,36.0,217.0,0.0
21630,140.0,551.0,0.0
21631,145.0,306.0,0.0
21632,66.0,199.0,0.0
21633,209.0,17.0,0.0
21634,87.0,520.0,0.0
21635,160.0,480.0,0.0
21636,235.0,192.0,0.0
21637,143.0,238.0,0.0
21638,204.0,300.0,0.0
21639,143.0,115.0,0.0
21640,255.0,1.0,0.0
21641,201.0,526.0,0.0
21642,167.0,489.0,0.0
21643,263.0,295.0,0.0
21644,89.0,260.0,0.0
21645,26.0,562.0,0.0
21646,119.0,201.0,0.0
21647,5.0,445.0,0.0
21648,140.0,8.0,0.0
21649,165.0,232.0,0.0
21650,40.0,205.0,0.0
21651,219.0,521.0,0.0
21652,29.0,83.0,0.0
21653,42.0,499.0,0.0
21654,99.0,136.0,0.0
21655,51.0,277.0,0.0
21656,192.0,582.0,0.0
21657,217.0,479.0,0.0
21658,99.0,518.0,0.0
21659,59.0,284.0,0.0
21660,195.0,24.0,0.0
21661,153.0,302.0,0.0
21662,181.0,197.0,0.0
21663,18.0,427.0,0.0
21664,193.0,577.0,0.0
21665,91.0,578.0,0.0
21666,101.0,157.0,0.0
21667,62.0,440.0,0.0
21668,90.0,548.0,0.0
21669,207.0,309.0,0.0
21670,214.0,110.0,0.0
21671,259.0,506.0,0.0
21672,154.0,194.0,0.0
21673,165.0,210.0,0.0
21674,55.0,339.0,0.0
21675,82.0,547.0,0.0
21676,230.0,552.0,0.0
21677,252.0,493.0,0.0
21678,218.0,329.0,0.0
21679,6.0,91.0,0.0
21680,67.0,29.0,0.0
21681,36.0,568.0,0.0
21682,107.0,456.0,0.0
21683,92.0,532.0,0.0
21684,252.0,523.0,0.0
21685,240.0,290.0,0.0
21686,49.0,570.0,0.0
21687,113.0,290.0,0.0
21688,232.0,273.0,0.0
21689,222.0,201.0,0.0
21690,247.0,344.0,0.0
21691,268.0,537.0,0.0
21692,168.0,18.0,0.0
21693,229.0,495.0,0.0
21694,245.0,294.0,0.0
21695,34.0,158.0,0.0
21696,32.0,359.0,0.0
21697,240.0,168.0,0.0
21698,97.0,133.0,0.0
21699,165.0,389.0,0.0
21700,42.0,463.0,0.0
21701,44.0,43.0,0.0
21702,128.0,577.0,0.0
21703,134.0,178.0,0.0
21704,112.0,391.0,0.0
21705,123.0,202.0,0.0
21706,82.0,335.0,0.0
21707,230.0,566.0,0.0
21708,164.0,75.0,0.0
21709,120.0,394.0,0.0
21710,233.0,576.0,0.0
21711,122.0,150.0,0.0
21712,257.0,156.0,0.0
21713,31.0,534.0,0.0
21714,211.0,316.0,0.0
21715,255.0,469.0,0.0
21716,174.0,210.0,0.0
21717,177.0,193.0,0.0
21718,258.0,579.0,0.0
21719,222.0,466.0,0.0
21720,166.0,335.0,0.0
21721,78.0,450.0,0.0
21722,151.0,85.0,0.0
21723,197.0,326.0,0.0
21724,186.0,168.0,0.0
21725,61.0,290.0,0.0
21726,180.0,343.0,0.0
21727,134.0,349.0,0.0
21728,230.0,9.0,0.0
21729,132.0,508.0,0.0
21730,219.0,412.0,0.0
21731,165.0,216.0,0.0
21732,152.0,477.0,0.0
21733,154.0,53.0,0.0
21734,18.0,203.0,0.0
21735,251.0,122.0,0.0
21736,15.0,34.0,0.0
21737,1.0,311.0,0.0
21738,4.0,292.0,0.0
21739,218.0,131.0,0.0
21740,257.0,531.0,0.0
21741,234.0,153.0,0.0
21742,171.0,79.0,0.0
21743,84.0,30.0,0.0
21744,173.0,347.0,0.0
21745,55.0,46.0,0.0
21746,6.0,436.0,0.0
21747,88.0,179.0,0.0
21748,161.0,586.0,0.0
21749,170.0,536.0,0.0
21750,194.0,319.0,0.0
21751,153.0,25.0,0.0
21752,54.0,572.0,0.0
21753,192.0,287.0,0.0
21754,12.0,558.0,0.0
21755,158.0,87.0,0.0
21756,150.0,345.0,0.0
21757,117.0,45.0,0.0
21758,131.0,361.0,0.0
21759,106.0,308.0,0.0
21760,99.0,407.0,0.0
21761,52.0,290.0,0.0
21762,79.0,543.0,0.0
21763,3.0,322.0,0.0
21764,254.0,579.0,0.0
21765,127.0,155.0,0.0
21766,95.0,343.0,0.0
21767,179.0,202.0,0.0
21768,195.0,530.0,0.0
21769,71.0,83.0,0.0
21770,127.0,4.0,0.0
21771,35.0,247.0,0.0
21772,5.0,345.0,0.0
21773,145.0,402.0,0.0
21774,110.0,376.0,0.0
21775,195.0,376.0,0.0
21776,42.0,279.0,0.0
21777,218.0,16.0,0.0
21778,42.0,338.0,0.0
21779,16.0,327.0,0.0
21780,171.0,155.0,0.0
21781,112.0,99.0,0.0
21782,50.0,530.0,0.0
21783,137.0,294.0,0.0
21784,120.0,220.0,0.0
21785,182.0,430.0,0.0
21786,52.0,236.0,0.0
21787,215.0,358.0,0.0
21788,2.0,0.0,0.0
21789,215.0,339.0,0.0
21790,213.0,186.0,0.0
21791,72.0,359.0,0.0
21792,23.0,383.0,0.0
21793,154.0,169.0,0.0
21794,42.0,222.0,0.0
21795,50.0,294.0,0.0
21796,77.0,204.0,0.0
21797,253.0,531.0,0.0
21798,264.0,232.0,0.0
21799,48.0,246.0,0.0
21800,76.0,97.0,0.0
21801,54.0,568.0,0.0
21802,250.0,312.0,0.0
21803,57.0,265.0,0.0
21804,34.0,305.0,0.0
21805,195.0,336.0,0.0
21806,237.0,447.0,0.0
21807,103.0,45.0,0.0
21808,70.0,92.0,0.0
21809,188.0,347.0,0.0
21810,200.0,141.0,0.0
21811,255.0,559.0,0.0
21812,36.0,381.0,0.0
21813,226.0,82.0,0.0
21814,161.0,159.0,0.0
21815,89.0,269.0,0.0
21816,177.0,67.0,0.0
21817,184.0,575.0,0.0
21818,17.0,581.0,0.0
21819,17.0,456.0,0.0
21820,220.0,71.0,0.0
21821,206.0,387.0,0.0
21822,188.0,509.0,0.0
21823,258.0,422.0,0.0
21824,155.0,526.0,0.0
21825,222.0,533.0,0.0
21826,154.0,136.0,0.0
21827,236.0,113.0,0.0
21828,11.0,547.0,0.0
21829,210.0,526.0,0.0
21830,121.0,497.0,0.0
21831,111.0,417.0,0.0
21832,3.0,259.0,0.0
21833,23.0,482.0,0.0
21834,33.0,505.0,0.0
21835,71.0,482.0,0.0
21836,237.0,140.0,0.0
21837,253.0,515.0,0.0
21838,173.0,121.0,0.0
21839,217.0,341.0,0.0
21840,134.0,265.0,0.0
21841,165.0,470.0,0.0
21842,262.0,323.0,0.0
21843,72.0,410.0,0.0
21844,194.0,519.0,0.0
21845,198.0,510.0,0.0
21846,111.0,504.0,0.0
21847,32.0,90.0,0.0
21848,93.0,468.0,0.0
21849,112.0,560.0,0.0
21850,229.0,236.0,0.0
21851,251.0,570.0,0.0
21852,50.0,466.0,0.0
21853,62.0,449.0,0.0
21854,193.0,204.0,0.0
21855,112.0,285.0,0.0
21856,169.0,503.0,0.0
21857,133.0,328.0,0.0
21858,166.0,23.0,0.0
21859,220.0,113.0,0.0
21860,194.0,190.0,0.0
21861,160.0,510.0,0.0
21862,250.0,554.0,0.0
21863,41.0,494.0,0.0
21864,151.0,290.0,0.0
21865,257.0,99.0,0.0
21866,175.0,562.0,0.0
21867,133.0,463.0,0.0
21868,45.0,232.0,0.0
21869,116.0,494.0,0.0
21870,42.0,50.0,0.0
21871,140.0,553.0,0.0
21872,268.0,553.0,0.0
21873,177.0,247.0,0.0
21874,257.0,338.0,0.0
21875,206.0,413.0,0.0
21876,171.0,452.0,0.0
21877,80.0,342.0,0.0
21878,3.0,223.0,0.0
21879,36.0,333.0,0.0
21880,79.0,537.0,0.0
21881,132.0,324.0,0.0
21882,225.0,413.0,0.0
21883,24.0,501.0,0.0
21884,125.0,61.0,0.0
21885,168.0,525.0,0.0
21886,132.0,40.0,0.0
21887,48.0,120.0,0.0
21888,228.0,210.0,0.0
21889,224.0,37.0,0.0
21890,41.0,397.0,0.0
21891,127.0,479.0,0.0
21892,35.0,161.0,0.0
21893,178.0,383.0,0.0
21894,231.0,104.0,0.0
21895,44.0,2.0,0.0
21896,60.0,436.0,0.0
21897,107.0,349.0,0.0
21898,110.0,146.0,0.0
21899,50.0,260.0,0.0
21900,75.0,437.0,0.0
21901,213.0,29.0,0.0
21902,126.0,56.0,0.0
21903,234.0,457.0,0.0
21904,87.0,386.0,0.0
21905,191.0,12.0,0.0
21906,193.0,424.0,0.0
21907,190.0,0.0,0.0
21908,83.0,229.0,0.0
21909,238.0,152.0,0.0
21910,1.0,199.0,0.0
21911,126.0,284.0,0.0
21912,27.0,92.0,0.0
21913,182.0,139.0,0.0
21914,179.0,577.0,0.0
21915,129.0,256.0,0.0
21916,167.0,368.0,0.0
21917,132.0,169.0,0.0
21918,17.0,508.0,0.0
21919,163.0,436.0,0.0
21920,172.0,247.0,0.0
21921,225.0,375.0,0.0
21922,115.0,328.0,0.0
21923,34.0,22.0,0.0
21924,128.0,558.0,0.0
21925,95.0,23.0,0.0
21926,225.0,440.0,0.0
21927,238.0,106.0,0.0
21928,13.0,583.0,0.0
21929,166.0,351.0,0.0
21930,260.0,45.0,0.0
21931,101.0,394.0,0.0
21932,261.0,516.0,0.0
21933,209.0,22.0,0.0
21934,229.0,441.0,0.0
21935,36.0,439.0,0.0
21936,170.0,425.0,0.0
21937,265.0,521.0,0.0
21938,157.0,582.0,0.0
21939,25.0,120.0,0.0
21940,6.0,203.0,0.0
21941,151.0,332.0,0.0
21942,253.0,34.0,0.0
21943,16.0,416.0,0.0
21944,221.0,229.0,0.0
21945,208.0,339.0,0.0
21946,222.0,27.0,0.0
21947,268.0,183.0,0.0
21948,257.0,557.0,0.0
21949,173.0,79.0,0.0
21950,221.0,561.0,0.0
21951,51.0,350.0,0.0
21952,239.0,259.0,0.0
21953,99.0,21.0,0.0
21954,241.0,322.0,0.0
21955,181.0,568.0,0.0
21956,56.0,394.0,0.0
21957,171.0,428.0,0.0
21958,239.0,449.0,0.0
21959,53.0,249.0,0.0
21960,125.0,558.0,0.0
21961,87.0,264.0,0.0
21962,186.0,132.0,0.0
21963,221.0,149.0,0.0
21964,78.0,301.0,0.0
21965,235.0,120.0,0.0
21966,103.0,142.0,0.0
21967,190.0,554.0,0.0
21968,195.0,181.0,0.0
21969,67.0,568.0,0.0
21970,33.0,292.0,0.0
21971,241.0,200.0,0.0
21972,39.0,418.0,0.0
21973,231.0,36.0,0.0
21974,32.0,399.0,0.0
21975,9.0,110.0,0.0
21976,45.0,242.0,0.0
21977,246.0,110.0,0.0
21978,242.0,490.0,0.0
21979,192.0,44.0,0.0
21980,126.0,347.0,0.0
21981,120.0,535.0,0.0
21982,234.0,166.0,0.0
21983,78.0,420.0,0.0
21984,182.0,112.0,0.0
21985,74.0,161.0,0.0
21986,263.0,210.0,0.0
21987,171.0,353.0,0.0
21988,56.0,587.0,0.0
21989,9.0,9.0,0.0
21990,90.0,573.0,0.0
21991,117.0,576.0,0.0
21992,85.0,536.0,0.0
21993,6.0,459.0,0.0
21994,207.0,151.0,0.0
21995,60.0,516.0,0.0
21996,64.0,580.0,0.0
21997,36.0,194.0,0.0
21998,164.0,407.0,0.0
21999,159.0,320.0,0.0
22000,5.0,484.0,0.0
22001,160.0,462.0,0.0
22002,203.0,325.0,0.0
22003,253.0,100.0,0.0
22004,243.0,106.0,0.0
22005,40.0,67.0,0.0
22006,37.0,307.0,0.0
22007,33.0,396.0,0.0
22008,128.0,449.0,0.0
22009,50.0,339.0,0.0
22010,142.0,282.0,0.0
22011,41.0,168.0,0.0
22012,162.0,458.0,0.0
22013,258.0,57.0,0.0
22014,128.0,543.0,0.0
22015,53.0,45.0,0.0
22016,99.0,261.0,0.0
22017,76.0,277.0,0.0
22018,141.0,195.0,0.0
22019,87.0,353.0,0.0
22020,237.0,236.0,0.0
22021,155.0,338.0,0.0
22022,102.0,278.0,0.0
22023,157.0,243.0,0.0
22024,188.0,353.0,0.0
22025,173.0,328.0,0.0
22026,212.0,539.0,0.0
22027,205.0,8.0,0.0
22028,105.0,574.0,0.0
22029,115.0,425.0,0.0
22030,204.0,114.0,0.0
22031,47.0,9.0,0.0
22032,128.0,177.0,0.0
22033,184.0,458.0,0.0
22034,49.0,64.0,0.0
22035,124.0,5.0,0.0
22036,86.0,559.0,0.0
22037,113.0,361.0,0.0
22038,198.0,75.0,0.0
22039,66.0,58.0,0.0
22040,195.0,102.0,0.0
22041,192.0,262.0,0.0
22042,34.0,411.0,0.0
22043,232.0,433.0,0.0
22044,48.0,53.0,0.0
22045,236.0,73.0,0.0
22046,243.0,11.0,0.0
22047,229.0,370.0,0.0
22048,69.0,459.0,0.0
22049,4.0,137.0,0.0
22050,102.0,519.0,0.0
22051,266.0,571.0,0.0
22052,77.0,466.0,0.0
22053,141.0,349.0,0.0
22054,104.0,377.0,0.0
22055,260.0,84.0,0.0
22056,11.0,523.0,0.0
22057,197.0,317.0,0.0
22058,43.0,340.0,0.0
22059,11.0,101.0,0.0
22060,251.0,323.0,0.0
22061,268.0,77.0,0.0
22062,227.0,320.0,0.0
22063,213.0,78.0,0.0
22064,212.0,163.0,0.0
22065,25.0,389.0,0.0
22066,266.0,358.0,0.0
22067,7.0,471.0,0.0
22068,197.0,436.0,0.0
22069,85.0,558.0,0.0
22070,131.0,197.0,0.0
22071,192.0,531.0,0.0
22072,99.0,183.0,0.0
22073,42.0,89.0,0.0
22074,250.0,524.0,0.0
22075,198.0,161.0,0.0
22076,259.0,88.0,0.0
22077,23.0,102.0,0.0
22078,159.0,25.0,0.0
22079,246.0,154.0,0.0
22080,166.0,43.0,0.0
22081,90.0,365.0,0.0
22082,168.0,14.0,0.0
22083,105.0,475.0,0.0
22084,110.0,595.0,0.0
22085,48.0,184.0,0.0
22086,98.0,392.0,0.0
22087,101.0,201.0,0.0
22088,133.0,432.0,0.0
22089,65.0,257.0,0.0
22090,215.0,310.0,0.0
22091,98.0,408.0,0.0
22092,108.0,591.0,0.0
22093,175.0,69.0,0.0
22094,182.0,370.0,0.0
22095,110.0,197.0,0.0
22096,225.0,250.0,0.0
22097,113.0,412.0,0.0
22098,203.0,456.0,0.0
22099,250.0,415.0,0.0
22100,198.0,212.0,0.0
22101,192.0,210.0,0.0
22102,222.0,439.0,0.0
22103,75.0,472.0,0.0
22104,82.0,200.0,0.0
22105,147.0,90.0,0.0
22106,92.0,87.0,0.0
22107,234.0,139.0,0.0
22108,156.0,11.0,0.0
22109,241.0,516.0,0.0
22110,19.0,405.0,0.0
22111,9.0,442.0,0.0
22112,14.0,351.0,0.0
22113,61.0,399.0,0.0
22114,206.0,243.0,0.0
22115,180.0,23.0,0.0
22116,158.0,539.0,0.0
22117,138.0,560.0,0.0
22118,116.0,275.0,0.0
22119,69.0,223.0,0.0
22120,240.0,554.0,0.0
22121,47.0,545.0,0.0
22122,202.0,563.0,0.0
22123,117.0,558.0,0.0
22124,197.0,126.0,0.0
22125,26.0,459.0,0.0
22126,188.0,411.0,0.0
22127,58.0,178.0,0.0
22128,169.0,476.0,0.0
22129,142.0,561.0,0.0
22130,17.0,13.0,0.0
22131,232.0,224.0,0.0
22132,9.0,229.0,0.0
22133,72.0,473.0,0.0
22134,225.0,102.0,0.0
22135,201.0,443.0,0.0
22136,37.0,36.0,0.0
22137,53.0,548.0,0.0
22138,68.0,408.0,0.0
22139,167.0,95.0,0.0
22140,109.0,549.0,0.0
22141,80.0,587.0,0.0
22142,193.0,417.0,0.0
22143,162.0,521.0,0.0
22144,12.0,387.0,0.0
22145,94.0,579.0,0.0
22146,129.0,389.0,0.0
22147,218.0,293.0,0.0
22148,241.0,217.0,0.0
22149,177.0,188.0,0.0
22150,122.0,417.0,0.0
22151,213.0,463.0,0.0
22152,67.0,384.0,0.0
22153,127.0,330.0,0.0
22154,91.0,280.0,0.0
22155,216.0,569.0,0.0
22156,50.0,166.0,0.0
22157,68.0,329.0,0.0
22158,117.0,63.0,0.0
22159,110.0,591.0,0.0
22160,163.0,162.0,0.0
22161,258.0,220.0,0.0
22162,28.0,552.0,0.0
22163,196.0,16.0,0.0
22164,71.0,450.0,0.0
22165,112.0,144.0,0.0
22166,188.0,551.0,0.0
22167,159.0,339.0,0.0
22168,237.0,82.0,0.0
22169,11.0,10.0,0.0
22170,118.0,72.0,0.0
22171,179.0,245.0,0.0
22172,243.0,334.0,0.0
22173,71.0,454.0,0.0
22174,131.0,505.0,0.0
22175,103.0,237.0,0.0
22176,115.0,370.0,0.0
22177,194.0,293.0,0.0
22178,66.0,305.0,0.0
22179,108.0,564.0,0.0
22180,41.0,474.0,0.0
22181,9.0,136.0,0.0
22182,36.0,575.0,0.0
22183,240.0,519.0,0.0
22184,161.0,556.0,0.0
22185,111.0,235.0,0.0
22186,176.0,461.0,0.0
22187,59.0,371.0,0.0
22188,230.0,335.0,0.0
22189,212.0,83.0,0.0
22190,4.0,427.0,0.0
22191,118.0,508.0,0.0
22192,112.0,294.0,0.0
22193,87.0,310.0,0.0
22194,203.0,593.0,0.0
22195,266.0,534.0,0.0
22196,229.0,161.0,0.0
22197,93.0,81.0,0.0
22198,74.0,562.0,0.0
22199,248.0,464.0,0.0
22200,237.0,569.0,0.0
22201,115.0,179.0,0.0
22202,55.0,183.0,0.0
22203,31.0,121.0,0.0
22204,256.0,371.0,0.0
22205,191.0,266.0,0.0
22206,214.0,257.0,0.0
22207,146.0,219.0,0.0
22208,29.0,23.0,0.0
22209,30.0,385.0,0.0
22210,170.0,15.0,0.0
22211,241.0,53.0,0.0
22212,152.0,15.0,0.0
22213,125.0,438.0,0.0
22214,114.0,208.0,0.0
22215,179.0,560.0,0.0
22216,9.0,567.0,0.0
22217,153.0,133.0,0.0
22218,261.0,256.0,0.0
22219,256.0,52.0,0.0
22220,211.0,579.0,0.0
22221,96.0,376.0,0.0
22222,152.0,145.0,0.0
22223,77.0,331.0,0.0
22224,127.0,473.0,0.0
22225,130.0,5.0,0.0
22226,266.0,557.0,0.0
22227,258.0,426.0,0.0
22228,205.0,544.0,0.0
22229,158.0,417.0,0.0
22230,49.0,251.0,0.0
22231,1.0,419.0,0.0
22232,49.0,516.0,0.0
22233,202.0,341.0,0.0
22234,224.0,324.0,0.0
22235,19.0,577.0,0.0
22236,256.0,201.0,0.0
22237,65.0,595.0,0.0
22238,185.0,510.0,0.0
22239,256.0,213.0,0.0
22240,183.0,360.0,0.0
22241,215.0,433.0,0.0
22242,113.0,8.0,0.0
22243,20.0,298.0,0.0
22244,26.0,155.0,0.0
22245,1.0,480.0,0.0
22246,186.0,128.0,0.0
22247,182.0,151.0,0.0
22248,81.0,271.0,0.0
22249,212.0,576.0,0.0
22250,225.0,116.0,0.0
22251,246.0,30.0,0.0
22252,210.0,238.0,0.0
22253,92.0,585.0,0.0
22254,141.0,450.0,0.0
22255,113.0,312.0,0.0
22256,223.0,417.0,0.0
22257,6.0,141.0,0.0
22258,125.0,94.0,0.0
22259,191.0,75.0,0.0
22260,131.0,167.0,0.0
22261,69.0,428.0,0.0
22262,258.0,556.0,0.0
22263,215.0,36.0,0.0
22264,202.0,558.0,0.0
22265,42.0,30.0,0.0
22266,129.0,553.0,0.0
22267,51.0,148.0,0.0
22268,137.0,238.0,0.0
22269,23.0,202.0,0.0
22270,252.0,84.0,0.0
22271,229.0,300.0,0.0
22272,231.0,281.0,0.0
22273,135.0,334.0,0.0
22274,170.0,338.0,0.0
22275,214.0,338.0,0.0
22276,45.0,526.0,0.0
22277,173.0,9.0,0.0
22278,45.0,565.0,0.0
22279,259.0,194.0,0.0
22280,88.0,552.0,0.0
22281,49.0,486.0,0.0
22282,219.0,511.0,0.0
22283,175.0,235.0,0.0
22284,81.0,82.0,0.0
22285,108.0,67.0,0.0
22286,231.0,92.0,0.0
22287,122.0,572.0,0.0
22288,213.0,532.0,0.0
22289,8.0,130.0,0.0
22290,210.0,344.0,0.0
22291,167.0,322.0,0.0
22292,127.0,0.0,0.0
22293,230.0,172.0,0.0
22294,43.0,461.0,0.0
22295,18.0,366.0,0.0
22296,6.0,388.0,0.0
22297,98.0,73.0,0.0
22298,69.0,79.0,0.0
22299,106.0,556.0,0.0
22300,268.0,254.0,0.0
22301,70.0,288.0,0.0
22302,97.0,21.0,0.0
22303,220.0,506.0,0.0
22304,216.0,161.0,0.0
22305,35.0,116.0,0.0
22306,137.0,358.0,0.0
22307,29.0,257.0,0.0
22308,143.0,418.0,0.0
22309,25.0,438.0,0.0
22310,90.0,60.0,0.0
22311,13.0,406.0,0.0
22312,0.0,98.0,0.0
22313,96.0,537.0,0.0
22314,80.0,585.0,0.0
22315,267.0,467.0,0.0
22316,192.0,243.0,0.0
22317,92.0,332.0,0.0
22318,166.0,8.0,0.0
22319,127.0,325.0,0.0
22320,86.0,537.0,0.0
22321,179.0,255.0,0.0
22322,99.0,69.0,0.0
22323,30.0,399.0,0.0
22324,231.0,489.0,0.0
22325,69.0,194.0,0.0
22326,110.0,353.0,0.0
22327,192.0,587.0,0.0
22328,177.0,549.0,0.0
22329,205.0,511.0,0.0
22330,80.0,313.0,0.0
22331,37.0,406.0,0.0
22332,111.0,450.0,0.0
22333,27.0,211.0,0.0
22334,25.0,563.0,0.0
22335,120.0,41.0,0.0
22336,52.0,264.0,0.0
22337,119.0,142.0,0.0
22338,243.0,540.0,0.0
22339,136.0,21.0,0.0
22340,85.0,218.0,0.0
22341,175.0,65.0,0.0
22342,43.0,515.0,0.0
22343,115.0,552.0,0.0
22344,73.0,284.0,0.0
22345,218.0,43.0,0.0
22346,8.0,559.0,0.0
22347,94.0,288.0,0.0
22348,29.0,566.0,0.0
22349,11.0,443.0,0.0
22350,232.0,243.0,0.0
22351,122.0,576.0,0.0
22352,164.0,379.0,0.0
22353,32.0,209.0,0.0
22354,176.0,82.0,0.0
22355,144.0,186.0,0.0
22356,235.0,490.0,0.0
22357,53.0,433.0,0.0
22358,3.0,257.0,0.0
22359,186.0,580.0,0.0
22360,175.0,63.0,0.0
22361,142.0,91.0,0.0
22362,11.0,179.0,0.0
22363,21.0,487.0,0.0
22364,265.0,137.0,0.0
22365,18.0,27.0,0.0
22366,39.0,147.0,0.0
22367,6.0,212.0,0.0
22368,229.0,228.0,0.0
22369,114.0,57.0,0.0
22370,68.0,536.0,0.0
22371,125.0,547.0,0.0
22372,243.0,44.0,0.0
22373,159.0,454.0,0.0
22374,181.0,259.0,0.0
22375,171.0,403.0,0.0
22376,187.0,427.0,0.0
22377,34.0,320.0,0.0
22378,207.0,489.0,0.0
22379,41.0,236.0,0.0
22380,141.0,479.0,0.0
22381,142.0,90.0,0.0
22382,146.0,538.0,0.0
22383,140.0,244.0,0.0
22384,59.0,537.0,0.0
22385,139.0,265.0,0.0
22386,266.0,552.0,0.0
22387,143.0,511.0,0.0
22388,190.0,438.0,0.0
22389,52.0,256.0,0.0
22390,261.0,428.0,0.0
22391,262.0,298.0,0.0
22392,21.0,182.0,0.0
22393,64.0,481.0,0.0
22394,204.0,230.0,0.0
22395,153.0,248.0,0.0
22396,259.0,136.0,0.0
22397,233.0,382.0,0.0
22398,214.0,540.0,0.0
22399,265.0,363.0,0.0
22400,35.0,18.0,0.0
22401,18.0,12.0,0.0
22402,41.0,560.0,0.0
22403,101.0,453.0,0.0
22404,24.0,226.0,0.0
22405,225.0,421.0,0.0
22406,264.0,73.0,0.0
22407,219.0,476.0,0.0
22408,161.0,523.0,0.0
22409,139.0,375.0,0.0
22410,132.0,345.0,0.0
22411,20.0,252.0,0.0
22412,159.0,105.0,0.0
22413,121.0,88.0,0.0
22414,212.0,53.0,0.0
22415,53.0,295.0,0.0
22416,98.0,346.0,0.0
22417,114.0,383.0,0.0
22418,229.0,519.0,0.0
22419,86.0,399.0,0.0
22420,92.0,116.0,0.0
22421,158.0,57.0,0.0
22422,163.0,27.0,0.0
22423,12.0,289.0,0.0
22424,82.0,75.0,0.0
22425,40.0,307.0,0.0
22426,63.0,503.0,0.0
22427,26.0,298.0,0.0
22428,218.0,135.0,0.0
22429,93.0,120.0,0.0
22430,51.0,425.0,0.0
22431,81.0,449.0,0.0
22432,110.0,157.0,0.0
22433,44.0,414.0,0.0
22434,142.0,106.0,0.0
22435,183.0,356.0,0.0
22436,166.0,233.0,0.0
22437,61.0,301.0,0.0
22438,27.0,462.0,0.0
22439,84.0,453.0,0.0
22440,261.0,314.0,0.0
22441,9.0,121.0,0.0
22442,89.0,49.0,0.0
22443,159.0,564.0,0.0
22444,126.0,338.0,0.0
22445,249.0,284.0,0.0
22446,118.0,73.0,0.0
22447,257.0,354.0,0.0
22448,204.0,98.0,0.0
22449,188.0,18.0,0.0
22450,195.0,99.0,0.0
22451,177.0,254.0,0.0
22452,89.0,76.0,0.0
22453,42.0,369.0,0.0
22454,38.0,435.0,0.0
22455,218.0,432.0,0.0
22456,221.0,275.0,0.0
22457,29.0,512.0,0.0
22458,113.0,537.0,0.0
22459,170.0,136.0,0.0
22460,200.0,513.0,0.0
22461,22.0,92.0,0.0
22462,18.0,158.0,0.0
22463,246.0,422.0,0.0
22464,210.0,577.0,0.0
22465,188.0,577.0,0.0
22466,219.0,166.0,0.0
22467,266.0,122.0,0.0
22468,45.0,297.0,0.0
22469,248.0,484.0,0.0
22470,203.0,407.0,0.0
22471,267.0,145.0,0.0
22472,233.0,24.0,0.0
22473,194.0,65.0,0.0
22474,56.0,318.0,0.0
22475,34.0,0.0,0.0
22476,24.0,475.0,0.0
22477,241.0,369.0,0.0
22478,214.0,457.0,0.0
22479,29.0,205.0,0.0
22480,205.0,61.0,0.0
22481,268.0,423.0,0.0
22482,96.0,362.0,0.0
22483,172.0,494.0,0.0
22484,27.0,135.0,0.0
22485,101.0,71.0,0.0
22486,73.0,494.0,0.0
22487,237.0,559.0,0.0
22488,88.0,82.0,0.0
22489,173.0,156.0,0.0
22490,134.0,506.0,0.0
22491,169.0,517.0,0.0
22492,176.0,459.0,0.0
22493,260.0,163.0,0.0
22494,213.0,128.0,0.0
22495,198.0,436.0,0.0
22496,38.0,406.0,0.0
22497,98.0,529.0,0.0
22498,24.0,447.0,0.0
22499,131.0,137.0,0.0
22500,205.0,520.0,0.0
22501,194.0,80.0,0.0
22502,113.0,418.0,0.0
22503,222.0,77.0,0.0
22504,50.0,376.0,0.0
22505,9.0,513.0,0.0
22506,89.0,531.0,0.0
22507,207.0,576.0,0.0
22508,85.0,260.0,0.0
22509,191.0,465.0,0.0
22510,211.0,544.0,0.0
22511,15.0,69.0,0.0
22512,75.0,448.0,0.0
22513,265.0,307.0,0.0
22514,51.0,554.0,0.0
22515,175.0,90.0,0.0
22516,125.0,476.0,0.0
22517,134.0,203.0,0.0
22518,1.0,547.0,0.0
22519,156.0,189.0,0.0
22520,265.0,98.0,0.0
22521,204.0,577.0,0.0
22522,21.0,83.0,0.0
22523,151.0,82.0,0.0
22524,43.0,5.0,0.0
22525,211.0,379.0,0.0
22526,90.0,202.0,0.0
22527,228.0,363.0,0.0
22528,136.0,391.0,0.0
22529,44.0,357.0,0.0
22530,227.0,149.0,0.0
22531,9.0,583.0,0.0
22532,134.0,91.0,0.0
22533,43.0,567.0,0.0
22534,132.0,124.0,0.0
22535,215.0,541.0,0.0
22536,78.0,267.0,0.0
22537,75.0,207.0,0.0
22538,221.0,22.0,0.0
22539,138.0,174.0,0.0
22540,95.0,165.0,0.0
22541,182.0,450.0,0.0
22542,109.0,283.0,0.0
22543,256.0,46.0,0.0
22544,129.0,315.0,0.0
22545,29.0,357.0,0.0
22546,214.0,539.0,0.0
22547,139.0,128.0,0.0
22548,11.0,551.0,0.0
22549,72.0,515.0,0.0
22550,268.0,61.0,0.0
22551,112.0,494.0,0.0
22552,1.0,536.0,0.0
22553,74.0,164.0,0.0
22554,18.0,260.0,0.0
22555,171.0,542.0,0.0
22556,119.0,380.0,0.0
22557,231.0,568.0,0.0
22558,228.0,88.0,0.0
22559,83.0,528.0,0.0
22560,222.0,502.0,0.0
22561,153.0,479.0,0.0
22562,239.0,144.0,0.0
22563,167.0,326.0,0.0
22564,89.0,360.0,0.0
22565,4.0,60.0,0.0
22566,206.0,421.0,0.0
22567,185.0,567.0,0.0
22568,70.0,94.0,0.0
22569,130.0,401.0,0.0
22570,241.0,420.0,0.0
22571,189.0,508.0,0.0
22572,136.0,333.0,0.0
22573,206.0,56.0,0.0
22574,148.0,171.0,0.0
22575,36.0,324.0,0.0
22576,159.0,276.0,0.0
22577,216.0,366.0,0.0
22578,139.0,317.0,0.0
22579,218.0,191.0,0.0
22580,252.0,270.0,0.0
22581,56.0,590.0,0.0
22582,33.0,96.0,0.0
22583,107.0,483.0,0.0
22584,14.0,404.0,0.0
22585,257.0,582.0,0.0
22586,12.0,138.0,0.0
22587,176.0,61.0,0.0
22588,53.0,306.0,0.0
22589,210.0,154.0,0.0
22590,108.0,589.0,0.0
22591,254.0,32.0,0.0
22592,48.0,238.0,0.0
22593,75.0,13.0,0.0
22594,178.0,442.0,0.0
22595,102.0,284.0,0.0
22596,194.0,87.0,0.0
22597,190.0,9.0,0.0
22598,0.0,534.0,0.0
22599,238.0,515.0,0.0
22600,152.0,542.0,0.0
22601,229.0,589.0,0.0
22602,136.0,203.0,0.0
22603,129.0,140.0,0.0
22604,16.0,530.0,0.0
22605,193.0,397.0,0.0
22606,160.0,367.0,0.0
22607,15.0,571.0,0.0
22608,261.0,161.0,0.0
22609,138.0,564.0,0.0
22610,136.0,484.0,0.0
22611,22.0,1.0,0.0
22612,191.0,179.0,0.0
22613,132.0,208.0,0.0
22614,130.0,132.0,0.0
22615,201.0,8.0,0.0
22616,60.0,86.0,0.0
22617,262.0,511.0,0.0
22618,184.0,586.0,0.0
22619,208.0,326.0,0.0
22620,96.0,324.0,0.0
22621,244.0,281.0,0.0
22622,12.0,85.0,0.0
22623,57.0,551.0,0.0
22624,54.0,503.0,0.0
22625,96.0,407.0,0.0
22626,227.0,474.0,0.0
22627,111.0,55.0,0.0
22628,174.0,491.0,0.0
22629,137.0,233.0,0.0
22630,122.0,207.0,0.0
22631,219.0,200.0,0.0
22632,112.0,415.0,0.0
22633,247.0,59.0,0.0
22634,251.0,420.0,0.0
22635,140.0,254.0,0.0
22636,58.0,195.0,0.0
22637,227.0,340.0,0.0
22638,77.0,540.0,0.0
22639,266.0,162.0,0.0
22640,208.0,391.0,0.0
22641,180.0,35.0,0.0
22642,107.0,88.0,0.0
22643,103.0,65.0,0.0
22644,176.0,515.0,0.0
22645,125.0,552.0,0.0
22646,247.0,485.0,0.0
22647,58.0,483.0,0.0
22648,84.0,112.0,0.0
22649,56.0,524.0,0.0
22650,38.0,487.0,0.0
22651,194.0,309.0,0.0
22652,210.0,464.0,0.0
22653,201.0,180.0,0.0
22654,38.0,375.0,0.0
22655,141.0,449.0,0.0
22656,128.0,513.0,0.0
22657,29.0,500.0,0.0
22658,56.0,568.0,0.0
22659,254.0,43.0,0.0
22660,132.0,480.0,0.0
22661,196.0,318.0,0.0
22662,91.0,154.0,0.0
22663,223.0,455.0,0.0
22664,247.0,508.0,0.0
22665,12.0,436.0,0.0
22666,245.0,318.0,0.0
22667,232.0,99.0,0.0
22668,116.0,225.0,0.0
22669,212.0,12.0,0.0
22670,31.0,521.0,0.0
22671,45.0,271.0,0.0
22672,57.0,451.0,0.0
22673,119.0,63.0,0.0
22674,207.0,245.0,0.0
22675,122.0,215.0,0.0
22676,19.0,576.0,0.0
22677,197.0,396.0,0.0
22678,176.0,113.0,0.0
22679,107.0,16.0,0.0
22680,57.0,151.0,0.0
22681,222.0,116.0,0.0
22682,172.0,553.0,0.0
22683,265.0,162.0,0.0
22684,155.0,145.0,0.0
22685,222.0,362.0,0.0
22686,156.0,296.0,0.0
22687,265.0,202.0,0.0
22688,10.0,45.0,0.0
22689,76.0,382.0,0.0
22690,253.0,206.0,0.0
22691,113.0,263.0,0.0
22692,137.0,225.0,0.0
22693,16.0,592.0,0.0
22694,231.0,159.0,0.0
22695,195.0,347.0,0.0
22696,144.0,243.0,0.0
22697,245.0,93.0,0.0
22698,229.0,360.0,0.0
22699,172.0,292.0,0.0
22700,205.0,177.0,0.0
22701,198.0,369.0,0.0
22702,46.0,384.0,0.0
22703,63.0,475.0,0.0
22704,30.0,353.0,0.0
22705,57.0,197.0,0.0
22706,32.0,386.0,0.0
22707,195.0,165.0,0.0
22708,60.0,507.0,0.0
22709,72.0,393.0,0.0
22710,218.0,258.0,0.0
22711,185.0,433.0,0.0
22712,13.0,431.0,0.0
22713,37.0,303.0,0.0
22714,128.0,476.0,0.0
22715,198.0,65.0,0.0
22716,202.0,487.0,0.0
22717,38.0,560.0,0.0
22718,123.0,217.0,0.0
22719,3.0,533.0,0.0
22720,200.0,448.0,0.0
22721,23.0,39.0,0.0
22722,62.0,272.0,0.0
22723,208.0,357.0,0.0
22724,77.0,511.0,0.0
22725,172.0,232.0,0.0
22726,152.0,291.0,0.0
22727,180.0,126.0,0.0
22728,171.0,565.0,0.0
22729,79.0,231.0,0.0
22730,143.0,328.0,0.0
22731,11.0,212.0,0.0
22732,236.0,13.0,0.0
22733,242.0,466.0,0.0
22734,111.0,284.0,0.0
22735,232.0,499.0,0.0
22736,90.0,482.0,0.0
22737,118.0,350.0,0.0
22738,59.0,507.0,0.0
22739,151.0,42.0,0.0
22740,36.0,7.0,0.0
22741,9.0,520.0,0.0
22742,155.0,275.0,0.0
22743,240.0,365.0,0.0
22744,11.0,278.0,0.0
22745,0.0,186.0,0.0
22746,152.0,576.0,0.0
22747,87.0,332.0,0.0
22748,249.0,182.0,0.0
22749,178.0,564.0,0.0
22750,146.0,291.0,0.0
22751,39.0,412.0,0.0
22752,91.0,420.0,0.0
22753,74.0,301.0,0.0
22754,70.0,470.0,0.0
22755,259.0,475.0,0.0
22756,71.0,99.0,0.0
22757,216.0,111.0,0.0
22758,47.0,528.0,0.0
22759,230.0,540.0,0.0
22760,235.0,278.0,0.0
22761,206.0,264.0,0.0
22762,97.0,2.0,0.0
22763,18.0,144.0,0.0
22764,10.0,202.0,0.0
22765,198.0,49.0,0.0
22766,92.0,15.0,0.0
22767,165.0,483.0,0.0
22768,189.0,154.0,0.0
22769,235.0,299.0,0.0
22770,57.0,534.0,0.0
22771,163.0,495.0,0.0
22772,46.0,556.0,0.0
22773,120.0,153.0,0.0
22774,20.0,508.0,0.0
22775,157.0,452.0,0.0
22776,122.0,386.0,0.0
22777,39.0,457.0,0.0
22778,128.0,228.0,0.0
22779,196.0,527.0,0.0
22780,163.0,567.0,0.0
22781,207.0,479.0,0.0
22782,106.0,194.0,0.0
22783,175.0,296.0,0.0
22784,250.0,407.0,0.0
22785,249.0,219.0,0.0
22786,129.0,535.0,0.0
22787,98.0,7.0,0.0
22788,24.0,301.0,0.0
22789,67.0,334.0,0.0
22790,134.0,433.0,0.0
22791,121.0,9.0,0.0
22792,126.0,428.0,0.0
22793,77.0,227.0,0.0
22794,5.0,262.0,0.0
22795,111.0,572.0,0.0
22796,205.0,275.0,0.0
22797,151.0,250.0,0.0
22798,229.0,176.0,0.0
22799,213.0,306.0,0.0
22800,75.0,193.0,0.0
22801,40.0,274.0,0.0
22802,86.0,454.0,0.0
22803,204.0,389.0,0.0
22804,226.0,482.0,0.0
22805,26.0,506.0,0.0
22806,177.0,149.0,0.0
22807,94.0,360.0,0.0
22808,238.0,147.0,0.0
22809,180.0,403.0,0.0
22810,184.0,548.0,0.0
22811,38.0,177.0,0.0
22812,56.0,105.0,0.0
22813,34.0,486.0,0.0
22814,17.0,4.0,0.0
22815,142.0,140.0,0.0
22816,187.0,83.0,0.0
22817,155.0,213.0,0.0
22818,58.0,77.0,0.0
22819,144.0,516.0,0.0
22820,24.0,359.0,0.0
22821,190.0,582.0,0.0
22822,43.0,514.0,0.0
22823,213.0,300.0,0.0
22824,221.0,67.0,0.0
22825,123.0,576.0,0.0
22826,145.0,166.0,0.0
22827,9.0,214.0,0.0
22828,30.0,359.0,0.0
22829,226.0,310.0,0.0
22830,207.0,34.0,0.0
22831,243.0,312.0,0.0
22832,62.0,511.0,0.0
22833,141.0,456.0,0.0
22834,136.0,362.0,0.0
22835,125.0,507.0,0.0
22836,184.0,484.0,0.0
22837,17.0,263.0,0.0
22838,236.0,448.0,0.0
22839,256.0,516.0,0.0
22840,231.0,165.0,0.0
22841,8.0,439.0,0.0
22842,9.0,225.0,0.0
22843,33.0,403.0,0.0
22844,108.0,525.0,0.0
22845,136.0,515.0,0.0
22846,239.0,70.0,0.0
22847,63.0,539.0,0.0
22848,166.0,536.0,0.0
22849,21.0,65.0,0.0
22850,132.0,85.0,0.0
22851,102.0,137.0,0.0
22852,111.0,374.0,0.0
22853,107.0,523.0,0.0
22854,107.0,192.0,0.0
22855,145.0,348.0,0.0
22856,228.0,131.0,0.0
22857,39.0,440.0,0.0
22858,114.0,317.0,0.0
22859,8.0,139.0,0.0
22860,139.0,301.0,0.0
22861,11.0,195.0,0.0
22862,253.0,378.0,0.0
22863,151.0,302.0,0.0
22864,31.0,63.0,0.0
22865,221.0,420.0,0.0
22866,1.0,391.0,0.0
22867,67.0,289.0,0.0
22868,36.0,189.0,0.0
22869,36.0,592.0,0.0
22870,214.0,48.0,0.0
22871,9.0,381.0,0.0
22872,140.0,417.0,0.0
22873,48.0,431.0,0.0
22874,162.0,313.0,0.0
22875,113.0,404.0,0.0
22876,95.0,386.0,0.0
22877,260.0,373.0,0.0
22878,146.0,155.0,0.0
22879,51.0,168.0,0.0
22880,157.0,213.0,0.0
22881,106.0,271.0,0.0
22882,21.0,564.0,0.0
22883,142.0,489.0,0.0
22884,139.0,362.0,0.0
22885,247.0,190.0,0.0
22886,181.0,40.0,0.0
22887,25.0,344.0,0.0
22888,197.0,124.0,0.0
22889,113.0,593.0,0.0
22890,125.0,3.0,0.0
22891,188.0,561.0,0.0
22892,151.0,243.0,0.0
22893,194.0,2.0,0.0
22894,56.0,219.0,0.0
22895,196.0,93.0,0.0
22896,85.0,401.0,0.0
22897,197.0,171.0,0.0
22898,80.0,428.0,0.0
22899,72.0,18.0,0.0
22900,249.0,495.0,0.0
22901,18.0,280.0,0.0
22902,124.0,472.0,0.0
22903,52.0,170.0,0.0
22904,115.0,108.0,0.0
22905,29.0,296.0,0.0
22906,48.0,343.0,0.0
22907,171.0,50.0,0.0
22908,73.0,153.0,0.0
22909,181.0,491.0,0.0
22910,131.0,472.0,0.0
22911,212.0,444.0,0.0
22912,259.0,453.0,0.0
22913,156.0,335.0,0.0
22914,233.0,350.0,0.0
22915,248.0,258.0,0.0
22916,133.0,429.0,0.0
22917,131.0,4.0,0.0
22918,12.0,471.0,0.0
22919,88.0,113.0,0.0
22920,176.0,188.0,0.0
22921,97.0,549.0,0.0
22922,102.0,371.0,0.0
22923,236.0,99.0,0.0
22924,57.0,484.0,0.0
22925,153.0,457.0,0.0
22926,21.0,171.0,0.0
22927,208.0,92.0,0.0
22928,196.0,478.0,0.0
22929,27.0,220.0,0.0
22930,244.0,462.0,0.0
22931,209.0,522.0,0.0
22932,239.0,374.0,0.0
22933,20.0,329.0,0.0
22934,124.0,346.0,0.0
22935,101.0,527.0,0.0
22936,46.0,50.0,0.0
22937,142.0,115.0,0.0
22938,114.0,284.0,0.0
22939,217.0,498.0,0.0
22940,47.0,475.0,0.0
22941,68.0,22.0,0.0
22942,254.0,246.0,0.0
22943,3.0,262.0,0.0
22944,34.0,594.0,0.0
22945,49.0,162.0,0.0
22946,32.0,421.0,0.0
22947,33.0,8.0,0.0
22948,171.0,506.0,0.0
22949,258.0,209.0,0.0
22950,31.0,468.0,0.0
22951,211.0,88.0,0.0
22952,26.0,586.0,0.0
22953,94.0,109.0,0.0
22954,32.0,517.0,0.0
22955,131.0,291.0,0.0
22956,159.0,406.0,0.0
22957,204.0,112.0,0.0
22958,28.0,377.0,0.0
22959,6.0,250.0,0.0
22960,81.0,142.0,0.0
22961,64.0,518.0,0.0
22962,170.0,463.0,0.0
22963,118.0,393.0,0.0
22964,150.0,465.0,0.0
22965,168.0,31.0,0.0
22966,101.0,74.0,0.0
22967,206.0,85.0,0.0
22968,15.0,370.0,0.0
22969,2.0,228.0,0.0
22970,169.0,272.0,0.0
22971,31.0,480.0,0.0
22972,125.0,5.0,0.0
22973,216.0,361.0,0.0
22974,251.0,132.0,0.0
22975,186.0,211.0,0.0
22976,172.0,469.0,0.0
22977,53.0,281.0,0.0
22978,95.0,281.0,0.0
22979,202.0,281.0,0.0
22980,82.0,575.0,0.0
22981,52.0,114.0,0.0
22982,4.0,196.0,0.0
22983,225.0,581.0,0.0
22984,52.0,105.0,0.0
22985,250.0,577.0,0.0
22986,190.0,88.0,0.0
22987,79.0,141.0,0.0
22988,41.0,583.0,0.0
22989,47.0,476.0,0.0
22990,242.0,250.0,0.0
22991,55.0,520.0,0.0
22992,173.0,152.0,0.0
22993,42.0,579.0,0.0
22994,220.0,551.0,0.0
22995,142.0,248.0,0.0
22996,69.0,217.0,0.0
22997,240.0,368.0,0.0
22998,82.0,264.0,0.0
22999,204.0,290.0,0.0
23000,187.0,425.0,0.0
23001,268.0,460.0,0.0
23002,62.0,250.0,0.0
23003,52.0,88.0,0.0
23004,33.0,518.0,0.0
23005,72.0,345.0,0.0
23006,89.0,366.0,0.0
23007,76.0,433.0,0.0
23008,268.0,228.0,0.0
23009,179.0,223.0,0.0
23010,124.0,374.0,0.0
23011,122.0,132.0,0.0
23012,225.0,43.0,0.0
23013,262.0,183.0,0.0
23014,16.0,211.0,0.0
23015,213.0,248.0,0.0
23016,217.0,469.0,0.0
23017,188.0,442.0,0.0
23018,197.0,68.0,0.0
23019,173.0,540.0,0.0
23020,98.0,65.0,0.0
23021,151.0,285.0,0.0
23022,6.0,304.0,0.0
23023,60.0,444.0,0.0
23024,115.0,412.0,0.0
23025,217.0,299.0,0.0
23026,23.0,90.0,0.0
23027,85.0,105.0,0.0
23028,30.0,34.0,0.0
23029,43.0,289.0,0.0
23030,33.0,455.0,0.0
23031,126.0,554.0,0.0
23032,208.0,533.0,0.0
23033,211.0,350.0,0.0
23034,215.0,27.0,0.0
23035,65.0,574.0,0.0
23036,240.0,501.0,0.0
23037,61.0,119.0,0.0
23038,108.0,68.0,0.0
23039,251.0,140.0,0.0
23040,244.0,479.0,0.0
23041,222.0,462.0,0.0
23042,13.0,255.0,0.0
23043,210.0,80.0,0.0
23044,225.0,142.0,0.0
23045,267.0,425.0,0.0
23046,12.0,152.0,0.0
23047,98.0,190.0,0.0
23048,106.0,205.0,0.0
23049,191.0,431.0,0.0
23050,28.0,497.0,0.0
23051,151.0,127.0,0.0
23052,100.0,212.0,0.0
23053,63.0,509.0,0.0
23054,199.0,25.0,0.0
23055,131.0,477.0,0.0
23056,185.0,30.0,0.0
23057,215.0,503.0,0.0
23058,131.0,473.0,0.0
23059,197.0,405.0,0.0
23060,119.0,235.0,0.0
23061,139.0,121.0,0.0
23062,245.0,392.0,0.0
23063,213.0,313.0,0.0
23064,27.0,394.0,0.0
23065,143.0,468.0,0.0
23066,4.0,307.0,0.0
23067,94.0,595.0,0.0
23068,115.0,29.0,0.0
23069,8.0,87.0,0.0
23070,80.0,320.0,0.0
23071,201.0,483.0,0.0
23072,52.0,127.0,0.0
23073,86.0,536.0,0.0
23074,222.0,290.0,0.0
23075,57.0,68.0,0.0
23076,42.0,319.0,0.0
23077,200.0,197.0,0.0
23078,75.0,87.0,0.0
23079,214.0,422.0,0.0
23080,118.0,28.0,0.0
23081,69.0,105.0,0.0
23082,188.0,82.0,0.0
23083,252.0,469.0,0.0
23084,76.0,190.0,0.0
23085,163.0,501.0,0.0
23086,204.0,316.0,0.0
23087,230.0,354.0,0.0
23088,45.0,208.0,0.0
23089,268.0,239.0,0.0
23090,199.0,528.0,0.0
23091,42.0,297.0,0.0
23092,137.0,536.0,0.0
23093,198.0,205.0,0.0
23094,172.0,558.0,0.0
23095,214.0,383.0,0.0
23096,236.0,593.0,0.0
23097,121.0,178.0,0.0
23098,123.0,345.0,0.0
23099,266.0,374.0,0.0
23100,238.0,532.0,0.0
23101,236.0,595.0,0.0
23102,27.0,410.0,0.0
23103,31.0,361.0,0.0
23104,240.0,312.0,0.0
23105,88.0,443.0,0.0
23106,33.0,329.0,0.0
23107,80.0,41.0,0.0
23108,264.0,327.0,0.0
23109,5.0,22.0,0.0
23110,246.0,455.0,0.0
23111,33.0,308.0,0.0
23112,134.0,447.0,0.0
23113,167.0,402.0,0.0
23114,169.0,424.0,0.0
23115,94.0,261.0,0.0
23116,3.0,296.0,0.0
23117,259.0,249.0,0.0
23118,226.0,350.0,0.0
23119,153.0,527.0,0.0
23120,70.0,442.0,0.0
23121,69.0,379.0,0.0
23122,26.0,530.0,0.0
23123,209.0,557.0,0.0
23124,265.0,448.0,0.0
23125,222.0,193.0,0.0
23126,245.0,63.0,0.0
23127,244.0,459.0,0.0
23128,104.0,72.0,0.0
23129,266.0,183.0,0.0
23130,29.0,494.0,0.0
23131,77.0,139.0,0.0
23132,237.0,52.0,0.0
23133,5.0,585.0,0.0
23134,209.0,73.0,0.0
23135,72.0,379.0,0.0
23136,266.0,78.0,0.0
23137,57.0,377.0,0.0
23138,262.0,537.0,0.0
23139,120.0,97.0,0.0
23140,0.0,111.0,0.0
23141,261.0,303.0,0.0
23142,123.0,556.0,0.0
23143,97.0,299.0,0.0
23144,36.0,453.0,0.0
23145,119.0,429.0,0.0
23146,260.0,482.0,0.0
23147,91.0,393.0,0.0
23148,50.0,455.0,0.0
23149,128.0,542.0,0.0
23150,133.0,70.0,0.0
23151,193.0,64.0,0.0
23152,190.0,224.0,0.0
23153,188.0,73.0,0.0
23154,97.0,6.0,0.0
23155,138.0,131.0,0.0
23156,60.0,417.0,0.0
23157,11.0,276.0,0.0
23158,26.0,15.0,0.0
23159,230.0,200.0,0.0
23160,3.0,524.0,0.0
23161,81.0,450.0,0.0
23162,128.0,151.0,0.0
23163,86.0,241.0,0.0
23164,242.0,423.0,0.0
23165,78.0,448.0,0.0
23166,122.0,196.0,0.0
23167,113.0,130.0,0.0
23168,170.0,509.0,0.0
23169,76.0,123.0,0.0
23170,127.0,375.0,0.0
23171,237.0,33.0,0.0
23172,198.0,222.0,0.0
23173,211.0,386.0,0.0
23174,71.0,297.0,0.0
23175,73.0,169.0,0.0
23176,43.0,250.0,0.0
23177,239.0,585.0,0.0
23178,240.0,108.0,0.0
23179,69.0,426.0,0.0
23180,190.0,27.0,0.0
23181,19.0,505.0,0.0
23182,194.0,158.0,0.0
23183,259.0,451.0,0.0
23184,25.0,197.0,0.0
23185,13.0,571.0,0.0
23186,152.0,78.0,0.0
23187,221.0,430.0,0.0
23188,11.0,335.0,0.0
23189,96.0,541.0,0.0
23190,6.0,574.0,0.0
23191,19.0,34.0,0.0
23192,197.0,520.0,0.0
23193,153.0,264.0,0.0
23194,101.0,264.0,0.0
23195,56.0,2.0,0.0
23196,210.0,6.0,0.0
23197,52.0,436.0,0.0
23198,13.0,514.0,0.0
23199,160.0,180.0,0.0
23200,24.0,207.0,0.0
23201,191.0,51.0,0.0
23202,225.0,187.0,0.0
23203,258.0,573.0,0.0
23204,153.0,225.0,0.0
23205,210.0,38.0,0.0
23206,77.0,530.0,0.0
23207,261.0,353.0,0.0
23208,258.0,544.0,0.0
23209,82.0,236.0,0.0
23210,211.0,329.0,0.0
23211,232.0,160.0,0.0
23212,264.0,448.0,0.0
23213,125.0,137.0,0.0
23214,217.0,560.0,0.0
23215,77.0,402.0,0.0
23216,221.0,569.0,0.0
23217,36.0,404.0,0.0
23218,267.0,526.0,0.0
23219,100.0,523.0,0.0
23220,209.0,420.0,0.0
23221,183.0,412.0,0.0
23222,47.0,114.0,0.0
23223,44.0,199.0,0.0
23224,238.0,265.0,0.0
23225,206.0,312.0,0.0
23226,8.0,143.0,0.0
23227,183.0,231.0,0.0
23228,103.0,335.0,0.0
23229,145.0,164.0,0.0
23230,155.0,83.0,0.0
23231,185.0,23.0,0.0
23232,264.0,454.0,0.0
23233,235.0,143.0,0.0
23234,37.0,551.0,0.0
23235,258.0,301.0,0.0
23236,240.0,436.0,0.0
23237,72.0,440.0,0.0
23238,103.0,558.0,0.0
23239,41.0,304.0,0.0
23240,196.0,409.0,0.0
23241,164.0,139.0,0.0
23242,178.0,489.0,0.0
23243,7.0,147.0,0.0
23244,5.0,433.0,0.0
23245,21.0,119.0,0.0
23246,21.0,319.0,0.0
23247,95.0,529.0,0.0
23248,229.0,189.0,0.0
23249,230.0,47.0,0.0
23250,258.0,237.0,0.0
23251,113.0,345.0,0.0
23252,217.0,406.0,0.0
23253,181.0,214.0,0.0
23254,189.0,573.0,0.0
23255,6.0,429.0,0.0
23256,217.0,131.0,0.0
23257,52.0,285.0,0.0
23258,48.0,107.0,0.0
23259,248.0,93.0,0.0
23260,256.0,336.0,0.0
23261,266.0,437.0,0.0
23262,38.0,500.0,0.0
23263,43.0,442.0,0.0
23264,200.0,399.0,0.0
23265,100.0,407.0,0.0
23266,173.0,220.0,0.0
23267,232.0,561.0,0.0
23268,61.0,127.0,0.0
23269,63.0,272.0,0.0
23270,82.0,22.0,0.0
23271,12.0,126.0,0.0
23272,53.0,552.0,0.0
23273,206.0,518.0,0.0
23274,80.0,191.0,0.0
23275,157.0,321.0,0.0
23276,29.0,358.0,0.0
23277,133.0,317.0,0.0
23278,79.0,512.0,0.0
23279,143.0,252.0,0.0
23280,142.0,33.0,0.0
23281,216.0,91.0,0.0
23282,247.0,562.0,0.0
23283,147.0,7.0,0.0
23284,234.0,43.0,0.0
23285,55.0,56.0,0.0
23286,150.0,451.0,0.0
23287,17.0,455.0,0.0
23288,253.0,408.0,0.0
23289,261.0,566.0,0.0
23290,63.0,568.0,0.0
23291,154.0,143.0,0.0
23292,28.0,533.0,0.0
23293,64.0,178.0,0.0
23294,60.0,422.0,0.0
23295,143.0,494.0,0.0
23296,236.0,146.0,0.0
23297,145.0,355.0,0.0
23298,231.0,232.0,0.0
23299,138.0,21.0,0.0
23300,127.0,3.0,0.0
23301,158.0,348.0,0.0
23302,167.0,79.0,0.0
23303,234.0,112.0,0.0
23304,94.0,218.0,0.0
23305,160.0,529.0,0.0
23306,183.0,489.0,0.0
23307,184.0,180.0,0.0
23308,161.0,474.0,0.0
23309,56.0,206.0,0.0
23310,104.0,286.0,0.0
23311,164.0,529.0,0.0
23312,260.0,592.0,0.0
23313,16.0,187.0,0.0
23314,215.0,464.0,0.0
23315,163.0,458.0,0.0
23316,33.0,340.0,0.0
23317,103.0,99.0,0.0
23318,177.0,205.0,0.0
23319,9.0,115.0,0.0
23320,76.0,474.0,0.0
23321,254.0,27.0,0.0
23322,33.0,46.0,0.0
23323,266.0,71.0,0.0
23324,111.0,393.0,0.0
23325,243.0,357.0,0.0
23326,92.0,285.0,0.0
23327,84.0,302.0,0.0
23328,234.0,165.0,0.0
23329,188.0,466.0,0.0
23330,193.0,269.0,0.0
23331,100.0,87.0,0.0
23332,23.0,417.0,0.0
23333,222.0,422.0,0.0
23334,36.0,24.0,0.0
23335,26.0,217.0,0.0
23336,230.0,568.0,0.0
23337,76.0,423.0,0.0
23338,168.0,259.0,0.0
23339,176.0,166.0,0.0
23340,219.0,104.0,0.0
23341,13.0,282.0,0.0
23342,147.0,98.0,0.0
23343,50.0,221.0,0.0
23344,41.0,352.0,0.0
23345,89.0,559.0,0.0
23346,240.0,493.0,0.0
23347,24.0,306.0,0.0
23348,1.0,587.0,0.0
23349,59.0,27.0,0.0
23350,69.0,84.0,0.0
23351,59.0,486.0,0.0
23352,103.0,302.0,0.0
23353,36.0,323.0,0.0
23354,79.0,243.0,0.0
23355,103.0,120.0,0.0
23356,30.0,211.0,0.0
23357,137.0,412.0,0.0
23358,226.0,176.0,0.0
23359,263.0,562.0,0.0
23360,118.0,122.0,0.0
23361,253.0,190.0,0.0
23362,84.0,257.0,0.0
23363,125.0,199.0,0.0
23364,53.0,567.0,0.0
23365,163.0,108.0,0.0
23366,70.0,307.0,0.0
23367,118.0,265.0,0.0
23368,191.0,49.0,0.0
23369,90.0,274.0,0.0
23370,201.0,313.0,0.0
23371,263.0,543.0,0.0
23372,261.0,145.0,0.0
23373,146.0,202.0,0.0
23374,33.0,508.0,0.0
23375,39.0,4.0,0.0
23376,195.0,252.0,0.0
23377,49.0,346.0,0.0
23378,68.0,538.0,0.0
23379,134.0,419.0,0.0
23380,72.0,472.0,0.0
23381,11.0,561.0,0.0
23382,108.0,274.0,0.0
23383,123.0,555.0,0.0
23384,35.0,49.0,0.0
23385,99.0,279.0,0.0
23386,27.0,46.0,0.0
23387,121.0,105.0,0.0
23388,185.0,98.0,0.0
23389,220.0,332.0,0.0
23390,168.0,191.0,0.0
23391,25.0,57.0,0.0
23392,228.0,356.0,0.0
23393,41.0,269.0,0.0
23394,265.0,314.0,0.0
23395,175.0,403.0,0.0
23396,126.0,443.0,0.0
23397,103.0,562.0,0.0
23398,214.0,296.0,0.0
23399,152.0,299.0,0.0
23400,186.0,271.0,0.0
23401,205.0,163.0,0.0
23402,153.0,565.0,0.0
23403,232.0,360.0,0.0
23404,259.0,16.0,0.0
23405,195.0,461.0,0.0
23406,212.0,350.0,0.0
23407,220.0,87.0,0.0
23408,159.0,258.0,0.0
23409,75.0,455.0,0.0
23410,138.0,275.0,0.0
23411,13.0,0.0,0.0
23412,22.0,86.0,0.0
23413,6.0,544.0,0.0
23414,169.0,339.0,0.0
23415,220.0,504.0,0.0
23416,54.0,442.0,0.0
23417,134.0,352.0,0.0
23418,127.0,52.0,0.0
23419,251.0,389.0,0.0
23420,84.0,154.0,0.0
23421,194.0,101.0,0.0
23422,187.0,403.0,0.0
23423,203.0,444.0,0.0
23424,60.0,464.0,0.0
23425,5.0,412.0,0.0
23426,23.0,560.0,0.0
23427,260.0,589.0,0.0
23428,44.0,524.0,0.0
23429,252.0,94.0,0.0
23430,188.0,432.0,0.0
23431,205.0,562.0,0.0
23432,240.0,174.0,0.0
23433,25.0,11.0,0.0
23434,252.0,28.0,0.0
23435,160.0,385.0,0.0
23436,228.0,194.0,0.0
23437,148.0,291.0,0.0
23438,123.0,203.0,0.0
23439,203.0,495.0,0.0
23440,164.0,366.0,0.0
23441,37.0,365.0,0.0
23442,70.0,539.0,0.0
23443,222.0,93.0,0.0
23444,179.0,482.0,0.0
23445,190.0,150.0,0.0
23446,106.0,264.0,0.0
23447,65.0,452.0,0.0
23448,164.0,28.0,0.0
23449,2.0,327.0,0.0
23450,161.0,344.0,0.0
23451,43.0,108.0,0.0
23452,169.0,421.0,0.0
23453,124.0,139.0,0.0
23454,229.0,41.0,0.0
23455,18.0,335.0,0.0
23456,252.0,346.0,0.0
23457,13.0,106.0,0.0
23458,33.0,258.0,0.0
23459,21.0,176.0,0.0
23460,182.0,583.0,0.0
23461,224.0,171.0,0.0
23462,29.0,492.0,0.0
23463,225.0,97.0,0.0
23464,264.0,459.0,0.0
23465,104.0,195.0,0.0
23466,41.0,526.0,0.0
23467,62.0,160.0,0.0
23468,133.0,498.0,0.0
23469,40.0,393.0,0.0
23470,11.0,399.0,0.0
23471,203.0,518.0,0.0
23472,118.0,292.0,0.0
23473,19.0,377.0,0.0
23474,189.0,328.0,0.0
23475,139.0,572.0,0.0
23476,16.0,448.0,0.0
23477,202.0,313.0,0.0
23478,25.0,2.0,0.0
23479,164.0,516.0,0.0
23480,215.0,431.0,0.0
23481,48.0,565.0,0.0
23482,112.0,498.0,0.0
23483,160.0,239.0,0.0
23484,147.0,412.0,0.0
23485,124.0,192.0,0.0
23486,197.0,487.0,0.0
23487,53.0,511.0,0.0
23488,185.0,321.0,0.0
23489,122.0,276.0,0.0
23490,184.0,175.0,0.0
23491,60.0,330.0,0.0
23492,265.0,155.0,0.0
23493,229.0,227.0,0.0
23494,48.0,433.0,0.0
23495,179.0,45.0,0.0
23496,236.0,519.0,0.0
23497,175.0,557.0,0.0
23498,222.0,8.0,0.0
23499,124.0,210.0,0.0
23500,268.0,215.0,0.0
23501,159.0,377.0,0.0
23502,255.0,274.0,0.0
23503,250.0,529.0,0.0
23504,172.0,244.0,0.0
23505,71.0,273.0,0.0
23506,197.0,388.0,0.0
23507,45.0,350.0,0.0
23508,228.0,177.0,0.0
23509,208.0,485.0,0.0
23510,57.0,351.0,0.0
23511,186.0,416.0,0.0
23512,142.0,253.0,0.0
23513,109.0,487.0,0.0
23514,87.0,470.0,0.0
23515,37.0,340.0,0.0
23516,245.0,249.0,0.0
23517,15.0,509.0,0.0
23518,220.0,266.0,0.0
23519,108.0,2.0,0.0
23520,106.0,47.0,0.0
23521,261.0,469.0,0.0
23522,166.0,169.0,0.0
23523,193.0,346.0,0.0
23524,234.0,453.0,0.0
23525,154.0,440.0,0.0
23526,250.0,258.0,0.0
23527,139.0,376.0,0.0
23528,207.0,497.0,0.0
23529,117.0,425.0,0.0
23530,116.0,202.0,0.0
23531,201.0,507.0,0.0
23532,4.0,310.0,0.0
23533,199.0,532.0,0.0
23534,126.0,523.0,0.0
23535,24.0,174.0,0.0
23536,28.0,142.0,0.0
23537,201.0,234.0,0.0
23538,215.0,148.0,0.0
23539,20.0,532.0,0.0
23540,54.0,288.0,0.0
23541,77.0,461.0,0.0
23542,11.0,597.0,0.0
23543,164.0,381.0,0.0
23544,4.0,321.0,0.0
23545,225.0,470.0,0.0
23546,99.0,156.0,0.0
23547,223.0,570.0,0.0
23548,80.0,473.0,0.0
23549,136.0,225.0,0.0
23550,71.0,595.0,0.0
23551,137.0,279.0,0.0
23552,105.0,108.0,0.0
23553,182.0,99.0,0.0
23554,5.0,329.0,0.0
23555,131.0,209.0,0.0
23556,245.0,325.0,0.0
23557,13.0,274.0,0.0
23558,114.0,318.0,0.0
23559,141.0,404.0,0.0
23560,193.0,206.0,0.0
23561,155.0,581.0,0.0
23562,263.0,274.0,0.0
23563,97.0,503.0,0.0
23564,66.0,569.0,0.0
23565,63.0,466.0,0.0
23566,187.0,527.0,0.0
23567,251.0,370.0,0.0
23568,220.0,177.0,0.0
23569,3.0,21.0,0.0
23570,226.0,155.0,0.0
23571,174.0,280.0,0.0
23572,184.0,588.0,0.0
23573,57.0,215.0,0.0
23574,233.0,437.0,0.0
23575,28.0,230.0,0.0
23576,267.0,1.0,0.0
23577,79.0,538.0,0.0
23578,123.0,454.0,0.0
23579,61.0,433.0,0.0
23580,134.0,238.0,0.0
23581,266.0,400.0,0.0
23582,83.0,108.0,0.0
23583,22.0,307.0,0.0
23584,251.0,226.0,0.0
23585,56.0,212.0,0.0
23586,21.0,250.0,0.0
23587,175.0,509.0,0.0
23588,35.0,222.0,0.0
23589,10.0,180.0,0.0
23590,189.0,501.0,0.0
23591,19.0,581.0,0.0
23592,174.0,501.0,0.0
23593,157.0,505.0,0.0
23594,153.0,397.0,0.0
23595,11.0,405.0,0.0
23596,267.0,562.0,0.0
23597,176.0,331.0,0.0
23598,217.0,585.0,0.0
23599,203.0,543.0,0.0
23600,251.0,309.0,0.0
23601,156.0,555.0,0.0
23602,236.0,524.0,0.0
23603,252.0,278.0,0.0
23604,212.0,52.0,0.0
23605,109.0,388.0,0.0
23606,246.0,424.0,0.0
23607,196.0,326.0,0.0
23608,3.0,586.0,0.0
23609,263.0,169.0,0.0
23610,171.0,392.0,0.0
23611,234.0,507.0,0.0
23612,59.0,8.0,0.0
23613,177.0,519.0,0.0
23614,31.0,157.0,0.0
23615,7.0,220.0,0.0
23616,114.0,200.0,0.0
23617,172.0,154.0,0.0
23618,218.0,325.0,0.0
23619,27.0,205.0,0.0
23620,173.0,403.0,0.0
23621,148.0,30.0,0.0
23622,242.0,16.0,0.0
23623,29.0,448.0,0.0
23624,241.0,467.0,0.0
23625,212.0,545.0,0.0
23626,216.0,48.0,0.0
23627,268.0,248.0,0.0
23628,184.0,94.0,0.0
23629,201.0,133.0,0.0
23630,202.0,203.0,0.0
23631,33.0,91.0,0.0
23632,30.0,389.0,0.0
23633,119.0,364.0,0.0
23634,105.0,158.0,0.0
23635,139.0,367.0,0.0
23636,136.0,135.0,0.0
23637,64.0,417.0,0.0
23638,20.0,6.0,0.0
23639,17.0,280.0,0.0
23640,56.0,527.0,0.0
23641,104.0,130.0,0.0
23642,92.0,539.0,0.0
23643,56.0,34.0,0.0
23644,208.0,41.0,0.0
23645,163.0,390.0,0.0
23646,252.0,183.0,0.0
23647,227.0,483.0,0.0
23648,39.0,347.0,0.0
23649,262.0,440.0,0.0
23650,264.0,242.0,0.0
23651,98.0,539.0,0.0
23652,170.0,424.0,0.0
23653,203.0,74.0,0.0
23654,243.0,50.0,0.0
23655,159.0,485.0,0.0
23656,159.0,72.0,0.0
23657,175.0,405.0,0.0
23658,268.0,115.0,0.0
23659,37.0,323.0,0.0
23660,206.0,301.0,0.0
23661,75.0,413.0,0.0
23662,122.0,21.0,0.0
23663,60.0,363.0,0.0
23664,78.0,151.0,0.0
23665,90.0,271.0,0.0
23666,210.0,155.0,0.0
23667,129.0,181.0,0.0
23668,106.0,193.0,0.0
23669,83.0,216.0,0.0
23670,109.0,373.0,0.0
23671,125.0,225.0,0.0
23672,146.0,307.0,0.0
23673,50.0,293.0,0.0
23674,30.0,491.0,0.0
23675,43.0,173.0,0.0
23676,11.0,211.0,0.0
23677,200.0,244.0,0.0
23678,44.0,160.0,0.0
23679,213.0,97.0,0.0
23680,101.0,211.0,0.0
23681,216.0,134.0,0.0
23682,91.0,422.0,0.0
23683,168.0,158.0,0.0
23684,7.0,356.0,0.0
23685,231.0,473.0,0.0
23686,140.0,307.0,0.0
23687,158.0,90.0,0.0
23688,142.0,579.0,0.0
23689,167.0,197.0,0.0
23690,10.0,359.0,0.0
23691,109.0,23.0,0.0
23692,76.0,7.0,0.0
23693,195.0,196.0,0.0
23694,67.0,595.0,0.0
23695,55.0,227.0,0.0
23696,23.0,456.0,0.0
23697,200.0,238.0,0.0
23698,49.0,173.0,0.0
23699,98.0,571.0,0.0
23700,60.0,119.0,0.0
23701,200.0,347.0,0.0
23702,227.0,21.0,0.0
23703,243.0,39.0,0.0
23704,68.0,54.0,0.0
23705,96.0,425.0,0.0
23706,235.0,72.0,0.0
23707,9.0,533.0,0.0
23708,245.0,117.0,0.0
23709,254.0,577.0,0.0
23710,118.0,272.0,0.0
23711,105.0,241.0,0.0
23712,124.0,185.0,0.0
23713,7.0,269.0,0.0
23714,187.0,49.0,0.0
23715,162.0,116.0,0.0
23716,166.0,204.0,0.0
23717,235.0,60.0,0.0
23718,247.0,101.0,0.0
23719,129.0,63.0,0.0
23720,231.0,405.0,0.0
23721,56.0,275.0,0.0
23722,10.0,551.0,0.0
23723,100.0,320.0,0.0
23724,8.0,233.0,0.0
23725,169.0,182.0,0.0
23726,239.0,380.0,0.0
23727,168.0,173.0,0.0
23728,149.0,132.0,0.0
23729,139.0,373.0,0.0
23730,101.0,210.0,0.0
23731,68.0,114.0,0.0
23732,173.0,58.0,0.0
23733,162.0,479.0,0.0
23734,253.0,224.0,0.0
23735,11.0,451.0,0.0
23736,111.0,517.0,0.0
23737,131.0,172.0,0.0
23738,95.0,90.0,0.0
23739,206.0,200.0,0.0
23740,108.0,328.0,0.0
23741,47.0,440.0,0.0
23742,97.0,558.0,0.0
23743,27.0,525.0,0.0
23744,30.0,105.0,0.0
23745,130.0,207.0,0.0
23746,254.0,414.0,0.0
23747,133.0,564.0,0.0
23748,215.0,182.0,0.0
23749,35.0,32.0,0.0
23750,94.0,561.0,0.0
23751,46.0,41.0,0.0
23752,199.0,558.0,0.0
23753,141.0,240.0,0.0
23754,62.0,20.0,0.0
23755,194.0,339.0,0.0
23756,190.0,257.0,0.0
23757,255.0,442.0,0.0
23758,225.0,79.0,0.0
23759,198.0,74.0,0.0
23760,227.0,301.0,0.0
23761,200.0,173.0,0.0
23762,71.0,148.0,0.0
23763,217.0,452.0,0.0
23764,243.0,338.0,0.0
23765,57.0,253.0,0.0
23766,36.0,507.0,0.0
23767,40.0,497.0,0.0
23768,248.0,401.0,0.0
23769,230.0,455.0,0.0
23770,250.0,309.0,0.0
23771,48.0,170.0,0.0
23772,201.0,43.0,0.0
23773,194.0,452.0,0.0
23774,13.0,70.0,0.0
23775,231.0,505.0,0.0
23776,57.0,368.0,0.0
23777,258.0,62.0,0.0
23778,244.0,71.0,0.0
23779,195.0,113.0,0.0
23780,118.0,479.0,0.0
23781,78.0,459.0,0.0
23782,210.0,34.0,0.0
23783,99.0,102.0,0.0
23784,15.0,234.0,0.0
23785,135.0,438.0,0.0
23786,169.0,184.0,0.0
23787,95.0,370.0,0.0
23788,207.0,345.0,0.0
23789,190.0,566.0,0.0
23790,61.0,71.0,0.0
23791,73.0,38.0,0.0
23792,262.0,567.0,0.0
23793,148.0,377.0,0.0
23794,238.0,268.0,0.0
23795,36.0,5.0,0.0
23796,41.0,225.0,0.0
23797,167.0,280.0,0.0
23798,73.0,518.0,0.0
23799,29.0,454.0,0.0
23800,71.0,270.0,0.0
23801,147.0,579.0,0.0
23802,163.0,234.0,0.0
23803,239.0,348.0,0.0
23804,57.0,538.0,0.0
23805,132.0,137.0,0.0
23806,25.0,60.0,0.0
23807,44.0,337.0,0.0
23808,264.0,110.0,0.0
23809,96.0,205.0,0.0
23810,32.0,499.0,0.0
23811,248.0,186.0,0.0
23812,57.0,203.0,0.0
23813,220.0,186.0,0.0
23814,177.0,495.0,0.0
23815,96.0,331.0,0.0
23816,58.0,516.0,0.0
23817,242.0,342.0,0.0
23818,211.0,512.0,0.0
23819,138.0,537.0,0.0
23820,169.0,168.0,0.0
23821,46.0,311.0,0.0
23822,231.0,441.0,0.0
23823,39.0,572.0,0.0
23824,239.0,562.0,0.0
23825,146.0,69.0,0.0
23826,176.0,298.0,0.0
23827,173.0,439.0,0.0
23828,110.0,560.0,0.0
23829,103.0,490.0,0.0
23830,153.0,4.0,0.0
23831,156.0,270.0,0.0
23832,149.0,196.0,0.0
23833,242.0,479.0,0.0
23834,64.0,568.0,0.0
23835,32.0,350.0,0.0
23836,0.0,388.0,0.0
23837,23.0,403.0,0.0
23838,201.0,0.0,0.0
23839,21.0,267.0,0.0
23840,74.0,580.0,0.0
23841,135.0,574.0,0.0
23842,81.0,486.0,0.0
23843,206.0,169.0,0.0
23844,210.0,360.0,0.0
23845,182.0,110.0,0.0
23846,255.0,434.0,0.0
23847,236.0,185.0,0.0
23848,44.0,246.0,0.0
23849,244.0,335.0,0.0
23850,97.0,8.0,0.0
23851,146.0,355.0,0.0
23852,19.0,448.0,0.0
23853,97.0,137.0,0.0
23854,0.0,94.0,0.0
23855,151.0,356.0,0.0
23856,164.0,65.0,0.0
23857,19.0,559.0,0.0
23858,141.0,510.0,0.0
23859,12.0,482.0,0.0
23860,254.0,375.0,0.0
23861,150.0,352.0,0.0
23862,233.0,195.0,0.0
23863,128.0,61.0,0.0
23864,74.0,137.0,0.0
23865,121.0,362.0,0.0
23866,13.0,348.0,0.0
23867,193.0,559.0,0.0
23868,154.0,405.0,0.0
23869,14.0,63.0,0.0
23870,157.0,4.0,0.0
23871,55.0,263.0,0.0
23872,170.0,273.0,0.0
23873,164.0,228.0,0.0
23874,53.0,338.0,0.0
23875,216.0,250.0,0.0
23876,168.0,77.0,0.0
23877,264.0,589.0,0.0
23878,227.0,526.0,0.0
23879,42.0,269.0,0.0
23880,139.0,579.0,0.0
23881,157.0,53.0,0.0
23882,81.0,123.0,0.0
23883,246.0,507.0,0.0
23884,230.0,222.0,0.0
23885,49.0,323.0,0.0
23886,17.0,144.0,0.0
23887,209.0,242.0,0.0
23888,26.0,569.0,0.0
23889,214.0,267.0,0.0
23890,196.0,283.0,0.0
23891,228.0,47.0,0.0
23892,267.0,177.0,0.0
23893,34.0,234.0,0.0
23894,63.0,178.0,0.0
23895,0.0,441.0,0.0
23896,43.0,70.0,0.0
23897,250.0,295.0,0.0
23898,251.0,278.0,0.0
23899,228.0,369.0,0.0
23900,63.0,18.0,0.0
23901,63.0,555.0,0.0
23902,86.0,457.0,0.0
23903,73.0,151.0,0.0
23904,182.0,117.0,0.0
23905,128.0,1.0,0.0
23906,172.0,381.0,0.0
23907,97.0,579.0,0.0
23908,265.0,285.0,0.0
23909,244.0,230.0,0.0
23910,74.0,377.0,0.0
23911,155.0,102.0,0.0
23912,178.0,140.0,0.0
23913,86.0,582.0,0.0
23914,199.0,107.0,0.0
23915,64.0,252.0,0.0
23916,24.0,404.0,0.0
23917,68.0,297.0,0.0
23918,96.0,468.0,0.0
23919,113.0,184.0,0.0
23920,145.0,587.0,0.0
23921,229.0,358.0,0.0
23922,6.0,118.0,0.0
23923,64.0,486.0,0.0
23924,52.0,65.0,0.0
23925,102.0,389.0,0.0
23926,239.0,13.0,0.0
23927,41.0,402.0,0.0
23928,37.0,386.0,0.0
23929,172.0,260.0,0.0
23930,248.0,374.0,0.0
23931,227.0,455.0,0.0
23932,51.0,9.0,0.0
23933,198.0,595.0,0.0
23934,132.0,314.0,0.0
23935,52.0,214.0,0.0
23936,157.0,448.0,0.0
23937,4.0,256.0,0.0
23938,150.0,551.0,0.0
23939,98.0,247.0,0.0
23940,153.0,74.0,0.0
23941,196.0,169.0,0.0
23942,121.0,398.0,0.0
23943,238.0,73.0,0.0
23944,208.0,511.0,0.0
23945,29.0,165.0,0.0
23946,231.0,318.0,0.0
23947,74.0,213.0,0.0
23948,4.0,31.0,0.0
23949,98.0,27.0,0.0
23950,234.0,361.0,0.0
23951,266.0,215.0,0.0
23952,104.0,469.0,0.0
23953,28.0,420.0,0.0
23954,41.0,276.0,0.0
23955,57.0,218.0,0.0
23956,116.0,478.0,0.0
23957,185.0,392.0,0.0
23958,72.0,446.0,0.0
23959,192.0,551.0,0.0
23960,196.0,80.0,0.0
23961,18.0,379.0,0.0
23962,8.0,590.0,0.0
23963,26.0,177.0,0.0
23964,134.0,347.0,0.0
23965,247.0,195.0,0.0
23966,62.0,581.0,0.0
23967,91.0,39.0,0.0
23968,154.0,252.0,0.0
23969,256.0,421.0,0.0
23970,172.0,182.0,0.0
23971,163.0,469.0,0.0
23972,17.0,520.0,0.0
23973,170.0,303.0,0.0
23974,78.0,80.0,0.0
23975,206.0,504.0,0.0
23976,13.0,362.0,0.0
23977,191.0,279.0,0.0
23978,59.0,2.0,0.0
23979,199.0,346.0,0.0
23980,195.0,387.0,0.0
23981,31.0,420.0,0.0
23982,160.0,445.0,0.0
23983,151.0,221.0,0.0
23984,175.0,559.0,0.0
23985,20.0,135.0,0.0
23986,264.0,411.0,0.0
23987,265.0,478.0,0.0
23988,252.0,227.0,0.0
23989,136.0,437.0,0.0
23990,247.0,236.0,0.0
23991,146.0,121.0,0.0
23992,35.0,77.0,0.0
23993,100.0,484.0,0.0
23994,222.0,581.0,0.0
23995,258.0,356.0,0.0
23996,107.0,162.0,0.0
23997,267.0,180.0,0.0
23998,209.0,125.0,0.0
23999,30.0,350.0,0.0
24000,23.0,219.0,0.0
24001,193.0,57.0,0.0
24002,146.0,491.0,0.0
24003,160.0,584.0,0.0
24004,74.0,542.0,0.0
24005,13.0,240.0,0.0
24006,255.0,92.0,0.0
24007,47.0,363.0,0.0
24008,16.0,566.0,0.0
24009,22.0,584.0,0.0
24010,4.0,90.0,0.0
24011,30.0,391.0,0.0
24012,180.0,135.0,0.0
24013,27.0,217.0,0.0
24014,139.0,234.0,0.0
24015,114.0,95.0,0.0
24016,19.0,212.0,0.0
24017,33.0,572.0,0.0
24018,138.0,269.0,0.0
24019,92.0,369.0,0.0
24020,143.0,91.0,0.0
24021,17.0,359.0,0.0
24022,108.0,492.0,0.0
24023,220.0,576.0,0.0
24024,242.0,6.0,0.0
24025,242.0,393.0,0.0
24026,226.0,24.0,0.0
24027,24.0,334.0,0.0
24028,41.0,471.0,0.0
24029,38.0,196.0,0.0
24030,86.0,437.0,0.0
24031,114.0,292.0,0.0
24032,235.0,118.0,0.0
24033,138.0,586.0,0.0
24034,70.0,23.0,0.0
24035,218.0,94.0,0.0
24036,234.0,475.0,0.0
24037,4.0,323.0,0.0
24038,160.0,87.0,0.0
24039,99.0,404.0,0.0
24040,68.0,548.0,0.0
24041,30.0,293.0,0.0
24042,208.0,354.0,0.0
24043,30.0,281.0,0.0
24044,166.0,429.0,0.0
24045,111.0,463.0,0.0
24046,96.0,532.0,0.0
24047,55.0,137.0,0.0
24048,21.0,206.0,0.0
24049,266.0,123.0,0.0
24050,12.0,45.0,0.0
24051,55.0,337.0,0.0
24052,236.0,215.0,0.0
24053,260.0,422.0,0.0
24054,35.0,496.0,0.0
24055,219.0,330.0,0.0
24056,250.0,557.0,0.0
24057,11.0,434.0,0.0
24058,74.0,200.0,0.0
24059,169.0,121.0,0.0
24060,43.0,575.0,0.0
24061,102.0,0.0,0.0
24062,88.0,513.0,0.0
24063,14.0,458.0,0.0
24064,144.0,540.0,0.0
24065,44.0,0.0,0.0
24066,96.0,18.0,0.0
24067,40.0,535.0,0.0
24068,57.0,359.0,0.0
24069,36.0,503.0,0.0
24070,70.0,51.0,0.0
24071,83.0,319.0,0.0
24072,81.0,49.0,0.0
24073,66.0,251.0,0.0
24074,121.0,265.0,0.0
24075,128.0,23.0,0.0
24076,35.0,391.0,0.0
24077,243.0,350.0,0.0
24078,232.0,171.0,0.0
24079,29.0,34.0,0.0
24080,241.0,358.0,0.0
24081,231.0,539.0,0.0
24082,5.0,534.0,0.0
24083,263.0,580.0,0.0
24084,32.0,242.0,0.0
24085,119.0,215.0,0.0
24086,15.0,200.0,0.0
24087,156.0,529.0,0.0
24088,247.0,313.0,0.0
24089,113.0,170.0,0.0
24090,229.0,231.0,0.0
24091,171.0,320.0,0.0
24092,69.0,558.0,0.0
24093,65.0,440.0,0.0
24094,220.0,422.0,0.0
24095,15.0,180.0,0.0
24096,159.0,237.0,0.0
24097,150.0,355.0,0.0
24098,114.0,315.0,0.0
24099,252.0,258.0,0.0
24100,107.0,258.0,0.0
24101,81.0,361.0,0.0
24102,198.0,435.0,0.0
24103,208.0,238.0,0.0
24104,19.0,471.0,0.0
24105,8.0,431.0,0.0
24106,150.0,297.0,0.0
24107,186.0,469.0,0.0
24108,174.0,152.0,0.0
24109,110.0,435.0,0.0
24110,233.0,349.0,0.0
24111,226.0,571.0,0.0
24112,59.0,232.0,0.0
24113,41.0,221.0,0.0
24114,268.0,467.0,0.0
24115,224.0,71.0,0.0
24116,54.0,536.0,0.0
24117,126.0,400.0,0.0
24118,267.0,344.0,0.0
24119,62.0,116.0,0.0
24120,107.0,413.0,0.0
24121,163.0,44.0,0.0
24122,203.0,437.0,0.0
24123,167.0,288.0,0.0
24124,253.0,430.0,0.0
24125,33.0,197.0,0.0
24126,48.0,493.0,0.0
24127,179.0,194.0,0.0
24128,17.0,250.0,0.0
24129,254.0,538.0,0.0
24130,124.0,187.0,0.0
24131,49.0,175.0,0.0
24132,114.0,286.0,0.0
24133,74.0,325.0,0.0
24134,48.0,404.0,0.0
24135,239.0,403.0,0.0
24136,109.0,158.0,0.0
24137,2.0,349.0,0.0
24138,66.0,95.0,0.0
24139,157.0,85.0,0.0
24140,59.0,428.0,0.0
24141,203.0,361.0,0.0
24142,234.0,314.0,0.0
24143,135.0,75.0,0.0
24144,127.0,309.0,0.0
24145,66.0,505.0,0.0
24146,135.0,470.0,0.0
24147,242.0,283.0,0.0
24148,167.0,364.0,0.0
24149,238.0,70.0,0.0
24150,26.0,247.0,0.0
24151,94.0,400.0,0.0
24152,7.0,546.0,0.0
24153,201.0,238.0,0.0
24154,110.0,168.0,0.0
24155,44.0,503.0,0.0
24156,25.0,483.0,0.0
24157,210.0,104.0,0.0
24158,192.0,99.0,0.0
24159,232.0,316.0,0.0
24160,219.0,119.0,0.0
24161,202.0,231.0,0.0
24162,132.0,187.0,0.0
24163,215.0,405.0,0.0
24164,241.0,529.0,0.0
24165,148.0,136.0,0.0
24166,156.0,250.0,0.0
24167,98.0,545.0,0.0
24168,124.0,328.0,0.0
24169,107.0,452.0,0.0
24170,52.0,271.0,0.0
24171,131.0,185.0,0.0
24172,42.0,318.0,0.0
24173,75.0,414.0,0.0
24174,139.0,247.0,0.0
24175,68.0,527.0,0.0
24176,113.0,367.0,0.0
24177,37.0,421.0,0.0
24178,124.0,37.0,0.0
24179,73.0,367.0,0.0
24180,172.0,373.0,0.0
24181,31.0,479.0,0.0
24182,154.0,570.0,0.0
24183,60.0,418.0,0.0
24184,70.0,542.0,0.0
24185,128.0,560.0,0.0
24186,268.0,304.0,0.0
24187,109.0,202.0,0.0
24188,120.0,241.0,0.0
24189,98.0,289.0,0.0
24190,23.0,50.0,0.0
24191,194.0,467.0,0.0
24192,93.0,216.0,0.0
24193,152.0,596.0,0.0
24194,145.0,33.0,0.0
24195,46.0,493.0,0.0
24196,251.0,192.0,0.0
24197,124.0,344.0,0.0
24198,91.0,460.0,0.0
24199,171.0,201.0,0.0
24200,181.0,46.0,0.0
24201,86.0,181.0,0.0
24202,97.0,448.0,0.0
24203,142.0,513.0,0.0
24204,214.0,392.0,0.0
24205,209.0,384.0,0.0
24206,146.0,144.0,0.0
24207,60.0,313.0,0.0
24208,184.0,435.0,0.0
24209,184.0,558.0,0.0
24210,79.0,279.0,0.0
24211,28.0,473.0,0.0
24212,220.0,175.0,0.0
24213,70.0,334.0,0.0
24214,161.0,230.0,0.0
24215,187.0,174.0,0.0
24216,48.0,175.0,0.0
24217,201.0,53.0,0.0
24218,187.0,263.0,0.0
24219,55.0,302.0,0.0
24220,168.0,399.0,0.0
24221,104.0,594.0,0.0
24222,146.0,447.0,0.0
24223,184.0,594.0,0.0
24224,41.0,435.0,0.0
24225,56.0,434.0,0.0
24226,20.0,398.0,0.0
24227,63.0,517.0,0.0
24228,93.0,158.0,0.0
24229,72.0,371.0,0.0
24230,268.0,98.0,0.0
24231,217.0,260.0,0.0
24232,123.0,306.0,0.0
24233,150.0,344.0,0.0
24234,128.0,110.0,0.0
24235,217.0,346.0,0.0
24236,172.0,64.0,0.0
24237,187.0,178.0,0.0
24238,117.0,580.0,0.0
24239,25.0,564.0,0.0
24240,248.0,399.0,0.0
24241,138.0,454.0,0.0
24242,185.0,593.0,0.0
24243,229.0,248.0,0.0
24244,98.0,228.0,0.0
24245,252.0,491.0,0.0
24246,224.0,569.0,0.0
24247,234.0,414.0,0.0
24248,190.0,31.0,0.0
24249,187.0,297.0,0.0
24250,12.0,314.0,0.0
24251,147.0,322.0,0.0
24252,10.0,381.0,0.0
24253,191.0,588.0,0.0
24254,15.0,273.0,0.0
24255,246.0,254.0,0.0
24256,232.0,374.0,0.0
24257,7.0,73.0,0.0
24258,105.0,196.0,0.0
24259,18.0,126.0,0.0
24260,265.0,238.0,0.0
24261,220.0,5.0,0.0
24262,243.0,109.0,0.0
24263,229.0,195.0,0.0
24264,108.0,558.0,0.0
24265,209.0,25.0,0.0
24266,192.0,457.0,0.0
24267,200.0,586.0,0.0
24268,59.0,246.0,0.0
24269,48.0,347.0,0.0
24270,81.0,154.0,0.0
24271,85.0,104.0,0.0
24272,127.0,334.0,0.0
24273,28.0,572.0,0.0
24274,52.0,539.0,0.0
24275,176.0,42.0,0.0
24276,124.0,48.0,0.0
24277,66.0,340.0,0.0
24278,258.0,468.0,0.0
24279,193.0,412.0,0.0
24280,56.0,91.0,0.0
24281,150.0,62.0,0.0
24282,159.0,57.0,0.0
24283,101.0,417.0,0.0
24284,92.0,154.0,0.0
24285,263.0,271.0,0.0
24286,80.0,484.0,0.0
24287,67.0,538.0,0.0
24288,57.0,263.0,0.0
24289,241.0,26.0,0.0
24290,190.0,595.0,0.0
24291,54.0,418.0,0.0
24292,221.0,277.0,0.0
24293,124.0,421.0,0.0
24294,254.0,245.0,0.0
24295,190.0,82.0,0.0
24296,228.0,503.0,0.0
24297,197.0,15.0,0.0
24298,19.0,281.0,0.0
24299,46.0,224.0,0.0
24300,245.0,566.0,0.0
24301,146.0,509.0,0.0
24302,161.0,188.0,0.0
24303,254.0,378.0,0.0
24304,90.0,411.0,0.0
24305,193.0,484.0,0.0
24306,260.0,237.0,0.0
24307,88.0,137.0,0.0
24308,2.0,519.0,0.0
24309,236.0,441.0,0.0
24310,237.0,523.0,0.0
24311,225.0,438.0,0.0
24312,206.0,329.0,0.0
24313,46.0,568.0,0.0
24314,21.0,249.0,0.0
24315,132.0,456.0,0.0
24316,109.0,374.0,0.0
24317,67.0,25.0,0.0
24318,14.0,561.0,0.0
24319,206.0,152.0,0.0
24320,205.0,88.0,0.0
24321,169.0,568.0,0.0
24322,268.0,229.0,0.0
24323,54.0,254.0,0.0
24324,79.0,80.0,0.0
24325,185.0,440.0,0.0
24326,126.0,468.0,0.0
24327,264.0,42.0,0.0
24328,57.0,142.0,0.0
24329,94.0,29.0,0.0
24330,122.0,396.0,0.0
24331,211.0,506.0,0.0
24332,74.0,506.0,0.0
24333,154.0,246.0,0.0
24334,235.0,542.0,0.0
24335,26.0,169.0,0.0
24336,35.0,41.0,0.0
24337,204.0,59.0,0.0
24338,145.0,161.0,0.0
24339,262.0,301.0,0.0
24340,244.0,54.0,0.0
24341,215.0,12.0,0.0
24342,47.0,90.0,0.0
24343,208.0,312.0,0.0
24344,250.0,16.0,0.0
24345,55.0,446.0,0.0
24346,18.0,587.0,0.0
24347,255.0,9.0,0.0
24348,32.0,331.0,0.0
24349,122.0,272.0,0.0
24350,33.0,29.0,0.0
24351,155.0,319.0,0.0
24352,82.0,582.0,0.0
24353,154.0,0.0,0.0
24354,7.0,13.0,0.0
24355,147.0,411.0,0.0
24356,213.0,587.0,0.0
24357,174.0,56.0,0.0
24358,28.0,40.0,0.0
24359,131.0,532.0,0.0
24360,68.0,132.0,0.0
24361,178.0,342.0,0.0
24362,263.0,423.0,0.0
24363,15.0,537.0,0.0
24364,76.0,169.0,0.0
24365,74.0,387.0,0.0
24366,56.0,218.0,0.0
24367,109.0,279.0,0.0
24368,198.0,365.0,0.0
24369,157.0,501.0,0.0
24370,267.0,313.0,0.0
24371,45.0,458.0,0.0
24372,109.0,1.0,0.0
24373,257.0,314.0,0.0
24374,224.0,576.0,0.0
24375,146.0,442.0,0.0
24376,143.0,585.0,0.0
24377,204.0,513.0,0.0
24378,199.0,432.0,0.0
24379,263.0,587.0,0.0
24380,100.0,129.0,0.0
24381,103.0,34.0,0.0
24382,226.0,233.0,0.0
24383,106.0,345.0,0.0
24384,206.0,505.0,0.0
24385,145.0,150.0,0.0
24386,13.0,373.0,0.0
24387,160.0,76.0,0.0
24388,66.0,299.0,0.0
24389,218.0,463.0,0.0
24390,16.0,502.0,0.0
24391,263.0,298.0,0.0
24392,164.0,410.0,0.0
24393,254.0,521.0,0.0
24394,228.0,447.0,0.0
24395,249.0,479.0,0.0
24396,128.0,439.0,0.0
24397,48.0,527.0,0.0
24398,105.0,83.0,0.0
24399,246.0,318.0,0.0
24400,185.0,222.0,0.0
24401,55.0,247.0,0.0
24402,169.0,295.0,0.0
24403,139.0,93.0,0.0
24404,51.0,231.0,0.0
24405,208.0,237.0,0.0
24406,240.0,565.0,0.0
24407,99.0,596.0,0.0
24408,125.0,270.0,0.0
24409,91.0,84.0,0.0
24410,179.0,114.0,0.0
24411,29.0,203.0,0.0
24412,263.0,118.0,0.0
24413,127.0,452.0,0.0
24414,105.0,234.0,0.0
24415,39.0,477.0,0.0
24416,127.0,256.0,0.0
24417,163.0,247.0,0.0
24418,73.0,187.0,0.0
24419,47.0,418.0,0.0
24420,233.0,259.0,0.0
24421,39.0,583.0,0.0
24422,163.0,512.0,0.0
24423,71.0,283.0,0.0
24424,216.0,115.0,0.0
24425,12.0,220.0,0.0
24426,209.0,305.0,0.0
24427,96.0,154.0,0.0
24428,163.0,48.0,0.0
24429,76.0,158.0,0.0
24430,234.0,101.0,0.0
24431,257.0,543.0,0.0
24432,78.0,328.0,0.0
24433,124.0,547.0,0.0
24434,198.0,47.0,0.0
24435,254.0,38.0,0.0
24436,178.0,432.0,0.0
24437,166.0,556.0,0.0
24438,220.0,445.0,0.0
24439,163.0,175.0,0.0
24440,149.0,440.0,0.0
24441,79.0,185.0,0.0
24442,28.0,502.0,0.0
24443,113.0,508.0,0.0
24444,3.0,509.0,0.0
24445,172.0,353.0,0.0
24446,236.0,422.0,0.0
24447,255.0,458.0,0.0
24448,47.0,267.0,0.0
24449,108.0,465.0,0.0
24450,175.0,255.0,0.0
24451,26.0,16.0,0.0
24452,110.0,253.0,0.0
24453,184.0,266.0,0.0
24454,80.0,389.0,0.0
24455,120.0,272.0,0.0
24456,62.0,266.0,0.0
24457,123.0,18.0,0.0
24458,166.0,158.0,0.0
24459,118.0,220.0,0.0
24460,137.0,216.0,0.0
24461,230.0,393.0,0.0
24462,3.0,590.0,0.0
24463,25.0,477.0,0.0
24464,30.0,164.0,0.0
24465,42.0,167.0,0.0
24466,131.0,306.0,0.0
24467,104.0,236.0,0.0
24468,11.0,253.0,0.0
24469,6.0,572.0,0.0
24470,150.0,390.0,0.0
24471,237.0,487.0,0.0
24472,124.0,223.0,0.0
24473,45.0,378.0,0.0
24474,242.0,340.0,0.0
24475,260.0,474.0,0.0
24476,84.0,67.0,0.0
24477,264.0,539.0,0.0
24478,184.0,473.0,0.0
24479,93.0,183.0,0.0
24480,108.0,522.0,0.0
24481,10.0,183.0,0.0
24482,190.0,298.0,0.0
24483,192.0,128.0,0.0
24484,97.0,162.0,0.0
24485,136.0,283.0,0.0
24486,256.0,179.0,0.0
24487,145.0,454.0,0.0
24488,214.0,297.0,0.0
24489,140.0,253.0,0.0
24490,144.0,150.0,0.0
24491,168.0,393.0,0.0
24492,91.0,328.0,0.0
24493,250.0,582.0,0.0
24494,110.0,224.0,0.0
24495,166.0,471.0,0.0
24496,73.0,174.0,0.0
24497,234.0,304.0,0.0
24498,263.0,97.0,0.0
24499,268.0,469.0,0.0
24500,129.0,174.0,0.0
24501,59.0,348.0,0.0
24502,28.0,564.0,0.0
24503,251.0,280.0,0.0
24504,85.0,126.0,0.0
24505,214.0,276.0,0.0
24506,86.0,444.0,0.0
24507,0.0,335.0,0.0
24508,249.0,274.0,0.0
24509,146.0,347.0,0.0
24510,170.0,149.0,0.0
24511,225.0,312.0,0.0
24512,90.0,313.0,0.0
24513,190.0,436.0,0.0
24514,187.0,495.0,0.0
24515,122.0,40.0,0.0
24516,85.0,378.0,0.0
24517,165.0,248.0,0.0
24518,63.0,523.0,0.0
24519,110.0,408.0,0.0
24520,134.0,306.0,0.0
24521,103.0,42.0,0.0
24522,220.0,325.0,0.0
24523,134.0,136.0,0.0
24524,86.0,488.0,0.0
24525,208.0,444.0,0.0
24526,262.0,56.0,0.0
24527,97.0,67.0,0.0
24528,163.0,205.0,0.0
24529,36.0,395.0,0.0
24530,138.0,354.0,0.0
24531,228.0,390.0,0.0
24532,94.0,325.0,0.0
24533,265.0,293.0,0.0
24534,51.0,161.0,0.0
24535,139.0,478.0,0.0
24536,264.0,382.0,0.0
24537,93.0,122.0,0.0
24538,184.0,365.0,0.0
24539,250.0,490.0,0.0
24540,208.0,286.0,0.0
24541,209.0,21.0,0.0
24542,234.0,582.0,0.0
24543,182.0,152.0,0.0
24544,258.0,135.0,0.0
24545,196.0,403.0,0.0
24546,119.0,482.0,0.0
24547,99.0,452.0,0.0
24548,245.0,60.0,0.0
24549,80.0,114.0,0.0
24550,128.0,483.0,0.0
24551,55.0,327.0,0.0
24552,178.0,430.0,0.0
24553,126.0,196.0,0.0
24554,193.0,372.0,0.0
24555,198.0,319.0,0.0
24556,91.0,252.0,0.0
24557,219.0,377.0,0.0
24558,74.0,299.0,0.0
24559,256.0,478.0,0.0
24560,215.0,388.0,0.0
24561,188.0,594.0,0.0
24562,237.0,126.0,0.0
24563,108.0,119.0,0.0
24564,233.0,463.0,0.0
24565,15.0,262.0,0.0
24566,138.0,65.0,0.0
24567,51.0,436.0,0.0
24568,133.0,484.0,0.0
24569,172.0,205.0,0.0
24570,266.0,133.0,0.0
24571,51.0,576.0,0.0
24572,36.0,134.0,0.0
24573,25.0,396.0,0.0
24574,245.0,463.0,0.0
24575,156.0,9.0,0.0
24576,157.0,99.0,0.0
24577,241.0,471.0,0.0
24578,52.0,513.0,0.0
24579,215.0,534.0,0.0
24580,104.0,262.0,0.0
24581,175.0,332.0,0.0
24582,255.0,467.0,0.0
24583,201.0,275.0,0.0
24584,155.0,402.0,0.0
24585,242.0,302.0,0.0
24586,9.0,239.0,0.0
24587,170.0,278.0,0.0
24588,22.0,244.0,0.0
24589,129.0,167.0,0.0
24590,118.0,36.0,0.0
24591,69.0,132.0,0.0
24592,146.0,318.0,0.0
24593,229.0,5.0,0.0
24594,250.0,468.0,0.0
24595,225.0,291.0,0.0
24596,194.0,369.0,0.0
24597,226.0,554.0,0.0
24598,157.0,547.0,0.0
24599,29.0,533.0,0.0
24600,124.0,352.0,0.0
24601,261.0,503.0,0.0
24602,97.0,437.0,0.0
24603,165.0,373.0,0.0
24604,8.0,123.0,0.0
24605,178.0,136.0,0.0
24606,138.0,73.0,0.0
24607,155.0,17.0,0.0
24608,247.0,211.0,0.0
24609,207.0,124.0,0.0
24610,8.0,462.0,0.0
24611,9.0,362.0,0.0
24612,194.0,114.0,0.0
24613,103.0,468.0,0.0
24614,14.0,178.0,0.0
24615,156.0,537.0,0.0
24616,158.0,244.0,0.0
24617,143.0,580.0,0.0
24618,166.0,507.0,0.0
24619,107.0,15.0,0.0
24620,5.0,481.0,0.0
24621,263.0,407.0,0.0
24622,61.0,574.0,0.0
24623,165.0,514.0,0.0
24624,115.0,260.0,0.0
24625,101.0,363.0,0.0
24626,39.0,530.0,0.0
24627,197.0,354.0,0.0
24628,77.0,440.0,0.0
24629,61.0,255.0,0.0
24630,260.0,60.0,0.0
24631,179.0,397.0,0.0
24632,55.0,443.0,0.0
24633,226.0,114.0,0.0
24634,71.0,17.0,0.0
24635,38.0,362.0,0.0
24636,108.0,340.0,0.0
24637,203.0,436.0,0.0
24638,28.0,373.0,0.0
24639,74.0,193.0,0.0
24640,99.0,451.0,0.0
24641,34.0,284.0,0.0
24642,70.0,409.0,0.0
24643,204.0,568.0,0.0
24644,43.0,152.0,0.0
24645,96.0,350.0,0.0
24646,250.0,513.0,0.0
24647,115.0,16.0,0.0
24648,55.0,97.0,0.0
24649,40.0,289.0,0.0
24650,241.0,220.0,0.0
24651,43.0,387.0,0.0
24652,64.0,236.0,0.0
24653,255.0,104.0,0.0
24654,191.0,502.0,0.0
24655,41.0,173.0,0.0
24656,30.0,401.0,0.0
24657,253.0,360.0,0.0
24658,24.0,243.0,0.0
24659,237.0,453.0,0.0
24660,232.0,148.0,0.0
24661,54.0,494.0,0.0
24662,126.0,366.0,0.0
24663,223.0,296.0,0.0
24664,99.0,314.0,0.0
24665,118.0,21.0,0.0
24666,114.0,587.0,0.0
24667,28.0,550.0,0.0
24668,207.0,450.0,0.0
24669,191.0,476.0,0.0
24670,108.0,592.0,0.0
24671,183.0,362.0,0.0
24672,206.0,587.0,0.0
24673,9.0,407.0,0.0
24674,62.0,109.0,0.0
24675,132.0,442.0,0.0
24676,255.0,404.0,0.0
24677,137.0,577.0,0.0
24678,104.0,82.0,0.0
24679,111.0,468.0,0.0
24680,152.0,298.0,0.0
24681,119.0,82.0,0.0
24682,264.0,337.0,0.0
24683,170.0,466.0,0.0
24684,170.0,392.0,0.0
24685,24.0,559.0,0.0
24686,196.0,48.0,0.0
24687,220.0,217.0,0.0
24688,56.0,493.0,0.0
24689,160.0,557.0,0.0
24690,17.0,426.0,0.0
24691,170.0,575.0,0.0
24692,210.0,183.0,0.0
24693,29.0,409.0,0.0
24694,47.0,423.0,0.0
24695,213.0,497.0,0.0
24696,233.0,321.0,0.0
24697,28.0,508.0,0.0
24698,25.0,185.0,0.0
24699,101.0,287.0,0.0
24700,102.0,380.0,0.0
24701,177.0,243.0,0.0
24702,250.0,332.0,0.0
24703,255.0,429.0,0.0
24704,83.0,118.0,0.0
24705,70.0,273.0,0.0
24706,4.0,345.0,0.0
24707,71.0,130.0,0.0
24708,245.0,368.0,0.0
24709,44.0,543.0,0.0
24710,204.0,543.0,0.0
24711,199.0,151.0,0.0
24712,180.0,316.0,0.0
24713,101.0,476.0,0.0
24714,30.0,510.0,0.0
24715,259.0,455.0,0.0
24716,62.0,65.0,0.0
24717,35.0,249.0,0.0
24718,235.0,563.0,0.0
24719,115.0,172.0,0.0
24720,64.0,15.0,0.0
24721,58.0,47.0,0.0
24722,134.0,409.0,0.0
24723,190.0,124.0,0.0
24724,38.0,3.0,0.0
24725,221.0,340.0,0.0
24726,224.0,56.0,0.0
24727,140.0,101.0,0.0
24728,255.0,432.0,0.0
24729,113.0,463.0,0.0
24730,98.0,575.0,0.0
24731,180.0,99.0,0.0
24732,158.0,430.0,0.0
24733,92.0,253.0,0.0
24734,152.0,360.0,0.0
24735,87.0,449.0,0.0
24736,215.0,574.0,0.0
24737,200.0,149.0,0.0
24738,130.0,23.0,0.0
24739,212.0,224.0,0.0
24740,22.0,39.0,0.0
24741,103.0,96.0,0.0
24742,267.0,89.0,0.0
24743,109.0,567.0,0.0
24744,148.0,285.0,0.0
24745,103.0,413.0,0.0
24746,11.0,12.0,0.0
24747,190.0,301.0,0.0
24748,58.0,579.0,0.0
24749,36.0,474.0,0.0
24750,48.0,517.0,0.0
24751,49.0,93.0,0.0
24752,63.0,565.0,0.0
24753,190.0,267.0,0.0
24754,26.0,46.0,0.0
24755,263.0,475.0,0.0
24756,6.0,145.0,0.0
24757,1.0,559.0,0.0
24758,52.0,319.0,0.0
24759,57.0,355.0,0.0
24760,65.0,30.0,0.0
24761,150.0,405.0,0.0
24762,65.0,563.0,0.0
24763,214.0,2.0,0.0
24764,16.0,531.0,0.0
24765,102.0,195.0,0.0
24766,254.0,163.0,0.0
24767,37.0,548.0,0.0
24768,42.0,437.0,0.0
24769,144.0,240.0,0.0
24770,265.0,15.0,0.0
24771,103.0,474.0,0.0
24772,54.0,291.0,0.0
24773,155.0,12.0,0.0
24774,26.0,588.0,0.0
24775,267.0,35.0,0.0
24776,173.0,451.0,0.0
24777,191.0,4.0,0.0
24778,179.0,186.0,0.0
24779,7.0,316.0,0.0
24780,203.0,461.0,0.0
24781,92.0,409.0,0.0
24782,227.0,324.0,0.0
24783,124.0,347.0,0.0
24784,24.0,107.0,0.0
24785,141.0,82.0,0.0
24786,175.0,436.0,0.0
24787,41.0,301.0,0.0
24788,129.0,308.0,0.0
24789,261.0,498.0,0.0
24790,149.0,377.0,0.0
24791,1.0,187.0,0.0
24792,68.0,198.0,0.0
24793,136.0,173.0,0.0
24794,91.0,33.0,0.0
24795,182.0,406.0,0.0
24796,211.0,92.0,0.0
24797,214.0,138.0,0.0
24798,91.0,26.0,0.0
24799,25.0,233.0,0.0
24800,26.0,595.0,0.0
24801,52.0,582.0,0.0
24802,93.0,376.0,0.0
24803,167.0,537.0,0.0
24804,53.0,219.0,0.0
24805,65.0,302.0,0.0
24806,204.0,324.0,0.0
24807,108.0,371.0,0.0
24808,193.0,406.0,0.0
24809,234.0,587.0,0.0
24810,59.0,592.0,0.0
24811,261.0,321.0,0.0
24812,91.0,476.0,0.0
24813,73.0,515.0,0.0
24814,176.0,244.0,0.0
24815,138.0,558.0,0.0
24816,57.0,243.0,0.0
24817,215.0,379.0,0.0
24818,244.0,15.0,0.0
24819,230.0,464.0,0.0
24820,58.0,545.0,0.0
24821,100.0,113.0,0.0
24822,62.0,312.0,0.0
24823,99.0,46.0,0.0
24824,246.0,491.0,0.0
24825,157.0,329.0,0.0
24826,173.0,75.0,0.0
24827,132.0,544.0,0.0
24828,50.0,519.0,0.0
24829,224.0,95.0,0.0
24830,104.0,34.0,0.0
24831,259.0,34.0,0.0
24832,33.0,13.0,0.0
24833,237.0,274.0,0.0
24834,230.0,430.0,0.0
24835,16.0,304.0,0.0
24836,259.0,35.0,0.0
24837,109.0,90.0,0.0
24838,33.0,85.0,0.0
24839,109.0,94.0,0.0
24840,79.0,562.0,0.0
24841,88.0,44.0,0.0
24842,267.0,509.0,0.0
24843,54.0,594.0,0.0
24844,69.0,58.0,0.0
24845,88.0,536.0,0.0
24846,28.0,419.0,0.0
24847,34.0,503.0,0.0
24848,81.0,594.0,0.0
24849,48.0,296.0,0.0
24850,179.0,541.0,0.0
24851,114.0,419.0,0.0
24852,238.0,286.0,0.0
24853,217.0,301.0,0.0
24854,92.0,172.0,0.0
24855,170.0,449.0,0.0
24856,148.0,58.0,0.0
24857,114.0,512.0,0.0
24858,0.0,329.0,0.0
24859,41.0,4.0,0.0
24860,208.0,250.0,0.0
24861,49.0,569.0,0.0
24862,186.0,390.0,0.0
24863,40.0,322.0,0.0
24864,80.0,423.0,0.0
24865,35.0,98.0,0.0
24866,218.0,10.0,0.0
24867,219.0,552.0,0.0
24868,138.0,539.0,0.0
24869,242.0,304.0,0.0
24870,72.0,508.0,0.0
24871,217.0,496.0,0.0
24872,250.0,195.0,0.0
24873,3.0,119.0,0.0
24874,28.0,456.0,0.0
24875,46.0,228.0,0.0
24876,154.0,287.0,0.0
24877,256.0,72.0,0.0
24878,229.0,585.0,0.0
24879,196.0,521.0,0.0
24880,180.0,50.0,0.0
24881,171.0,178.0,0.0
24882,48.0,29.0,0.0
24883,250.0,555.0,0.0
24884,205.0,109.0,0.0
24885,131.0,73.0,0.0
24886,94.0,560.0,0.0
24887,243.0,503.0,0.0
24888,43.0,188.0,0.0
24889,103.0,3.0,0.0
24890,112.0,512.0,0.0
24891,178.0,532.0,0.0
24892,220.0,172.0,0.0
24893,229.0,473.0,0.0
24894,41.0,314.0,0.0
24895,161.0,409.0,0.0
24896,112.0,50.0,0.0
24897,6.0,90.0,0.0
24898,230.0,398.0,0.0
24899,90.0,509.0,0.0
24900,69.0,471.0,0.0
24901,15.0,94.0,0.0
24902,201.0,300.0,0.0
24903,233.0,488.0,0.0
24904,59.0,86.0,0.0
24905,114.0,299.0,0.0
24906,186.0,8.0,0.0
24907,33.0,56.0,0.0
24908,160.0,233.0,0.0
24909,141.0,442.0,0.0
24910,251.0,544.0,0.0
24911,217.0,262.0,0.0
24912,230.0,373.0,0.0
24913,50.0,377.0,0.0
24914,140.0,511.0,0.0
24915,109.0,380.0,0.0
24916,47.0,174.0,0.0
24917,54.0,406.0,0.0
24918,165.0,225.0,0.0
24919,181.0,526.0,0.0
24920,36.0,148.0,0.0
24921,3.0,69.0,0.0
24922,27.0,524.0,0.0
24923,22.0,2.0,0.0
24924,57.0,195.0,0.0
24925,24.0,35.0,0.0
24926,145.0,210.0,0.0
24927,25.0,31.0,0.0
24928,40.0,451.0,0.0
24929,173.0,260.0,0.0
24930,5.0,417.0,0.0
24931,250.0,552.0,0.0
24932,150.0,290.0,0.0
24933,62.0,284.0,0.0
24934,173.0,348.0,0.0
24935,174.0,458.0,0.0
24936,225.0,207.0,0.0
24937,63.0,77.0,0.0
24938,20.0,142.0,0.0
24939,26.0,19.0,0.0
24940,205.0,345.0,0.0
24941,128.0,407.0,0.0
24942,98.0,390.0,0.0
24943,265.0,117.0,0.0
24944,19.0,594.0,0.0
24945,239.0,53.0,0.0
24946,116.0,238.0,0.0
24947,69.0,250.0,0.0
24948,53.0,389.0,0.0
24949,146.0,15.0,0.0
24950,267.0,339.0,0.0
24951,108.0,556.0,0.0
24952,77.0,232.0,0.0
24953,78.0,41.0,0.0
24954,163.0,257.0,0.0
24955,159.0,134.0,0.0
24956,24.0,271.0,0.0
24957,16.0,140.0,0.0
24958,127.0,140.0,0.0
24959,196.0,133.0,0.0
24960,22.0,470.0,0.0
24961,177.0,187.0,0.0
24962,171.0,439.0,0.0
24963,243.0,291.0,0.0
24964,135.0,428.0,0.0
24965,220.0,69.0,0.0
24966,264.0,148.0,0.0
24967,115.0,324.0,0.0
24968,95.0,76.0,0.0
24969,120.0,206.0,0.0
24970,248.0,244.0,0.0
24971,109.0,28.0,0.0
24972,23.0,322.0,0.0
24973,23.0,57.0,0.0
24974,208.0,490.0,0.0
24975,34.0,20.0,0.0
24976,50.0,589.0,0.0
24977,9.0,452.0,0.0
24978,26.0,495.0,0.0
24979,247.0,10.0,0.0
24980,118.0,432.0,0.0
24981,257.0,533.0,0.0
24982,89.0,367.0,0.0
24983,82.0,576.0,0.0
24984,55.0,213.0,0.0
24985,184.0,550.0,0.0
24986,6.0,43.0,0.0
24987,29.0,118.0,0.0
24988,189.0,505.0,0.0
24989,3.0,250.0,0.0
24990,186.0,424.0,0.0
24991,55.0,265.0,0.0
24992,239.0,90.0,0.0
24993,69.0,255.0,0.0
24994,98.0,333.0,0.0
24995,192.0,453.0,0.0
24996,112.0,253.0,0.0
24997,153.0,287.0,0.0
24998,35.0,396.0,0.0
24999,250.0,199.0,0.0
25000,0.0,349.0,0.0
25001,118.0,261.0,0.0
25002,70.0,512.0,0.0
25003,244.0,229.0,0.0
25004,159.0,482.0,0.0
25005,104.0,462.0,0.0
25006,44.0,37.0,0.0
25007,138.0,198.0,0.0
25008,98.0,436.0,0.0
25009,3.0,485.0,0.0
25010,108.0,21.0,0.0
25011,39.0,130.0,0.0
25012,140.0,76.0,0.0
25013,185.0,295.0,0.0
25014,187.0,283.0,0.0
25015,234.0,280.0,0.0
25016,94.0,114.0,0.0
25017,126.0,438.0,0.0
25018,52.0,357.0,0.0
25019,173.0,481.0,0.0
25020,3.0,171.0,0.0
25021,226.0,450.0,0.0
25022,87.0,82.0,0.0
25023,217.0,480.0,0.0
25024,75.0,61.0,0.0
25025,11.0,450.0,0.0
25026,124.0,211.0,0.0
25027,237.0,70.0,0.0
25028,98.0,484.0,0.0
25029,211.0,531.0,0.0
25030,12.0,517.0,0.0
25031,79.0,484.0,0.0
25032,262.0,411.0,0.0
25033,165.0,229.0,0.0
25034,138.0,477.0,0.0
25035,120.0,64.0,0.0
25036,6.0,111.0,0.0
25037,234.0,268.0,0.0
25038,47.0,534.0,0.0
25039,51.0,482.0,0.0
25040,139.0,163.0,0.0
25041,233.0,288.0,0.0
25042,233.0,515.0,0.0
25043,193.0,378.0,0.0
25044,172.0,416.0,0.0
25045,16.0,42.0,0.0
25046,209.0,295.0,0.0
25047,188.0,500.0,0.0
25048,235.0,579.0,0.0
25049,153.0,322.0,0.0
25050,11.0,428.0,0.0
25051,241.0,409.0,0.0
25052,212.0,340.0,0.0
25053,169.0,311.0,0.0
25054,227.0,200.0,0.0
25055,86.0,451.0,0.0
25056,220.0,158.0,0.0
25057,102.0,475.0,0.0
25058,163.0,329.0,0.0
25059,230.0,569.0,0.0
25060,171.0,20.0,0.0
25061,103.0,321.0,0.0
25062,242.0,473.0,0.0
25063,34.0,142.0,0.0
25064,202.0,32.0,0.0
25065,192.0,101.0,0.0
25066,153.0,328.0,0.0
25067,142.0,257.0,0.0
25068,262.0,331.0,0.0
25069,231.0,548.0,0.0
25070,191.0,133.0,0.0
25071,192.0,562.0,0.0
25072,111.0,150.0,0.0
25073,181.0,293.0,0.0
25074,154.0,389.0,0.0
25075,250.0,327.0,0.0
25076,126.0,488.0,0.0
25077,21.0,327.0,0.0
25078,16.0,501.0,0.0
25079,234.0,338.0,0.0
25080,264.0,171.0,0.0
25081,135.0,287.0,0.0
25082,122.0,527.0,0.0
25083,245.0,413.0,0.0
25084,132.0,290.0,0.0
25085,10.0,129.0,0.0
25086,246.0,500.0,0.0
25087,174.0,435.0,0.0
25088,256.0,93.0,0.0
25089,141.0,49.0,0.0
25090,15.0,232.0,0.0
25091,27.0,281.0,0.0
25092,254.0,89.0,0.0
25093,222.0,238.0,0.0
25094,158.0,70.0,0.0
25095,242.0,185.0,0.0
25096,10.0,169.0,0.0
25097,53.0,231.0,0.0
25098,100.0,66.0,0.0
25099,144.0,562.0,0.0
25100,190.0,64.0,0.0
25101,68.0,442.0,0.0
25102,40.0,139.0,0.0
25103,66.0,564.0,0.0
25104,191.0,46.0,0.0
25105,47.0,573.0,0.0
25106,151.0,385.0,0.0
25107,218.0,164.0,0.0
25108,112.0,227.0,0.0
25109,115.0,40.0,0.0
25110,26.0,496.0,0.0
25111,59.0,128.0,0.0
25112,90.0,205.0,0.0
25113,243.0,426.0,0.0
25114,169.0,46.0,0.0
25115,236.0,554.0,0.0
25116,212.0,574.0,0.0
25117,126.0,121.0,0.0
25118,96.0,294.0,0.0
25119,239.0,459.0,0.0
25120,111.0,427.0,0.0
25121,70.0,459.0,0.0
25122,214.0,471.0,0.0
25123,176.0,424.0,0.0
25124,43.0,431.0,0.0
25125,23.0,7.0,0.0
25126,248.0,155.0,0.0
25127,148.0,50.0,0.0
25128,88.0,532.0,0.0
25129,267.0,115.0,0.0
25130,22.0,62.0,0.0
25131,172.0,552.0,0.0
25132,82.0,359.0,0.0
25133,266.0,595.0,0.0
25134,131.0,277.0,0.0
25135,254.0,334.0,0.0
25136,9.0,597.0,0.0
25137,5.0,529.0,0.0
25138,190.0,215.0,0.0
25139,57.0,441.0,0.0
25140,103.0,177.0,0.0
25141,258.0,284.0,0.0
25142,140.0,185.0,0.0
25143,76.0,278.0,0.0
25144,132.0,514.0,0.0
25145,251.0,154.0,0.0
25146,50.0,72.0,0.0
25147,116.0,123.0,0.0
25148,115.0,397.0,0.0
25149,228.0,456.0,0.0
25150,97.0,152.0,0.0
25151,53.0,76.0,0.0
25152,266.0,482.0,0.0
25153,24.0,485.0,0.0
25154,35.0,227.0,0.0
25155,252.0,507.0,0.0
25156,241.0,0.0,0.0
25157,79.0,61.0,0.0
25158,195.0,412.0,0.0
25159,46.0,213.0,0.0
25160,100.0,64.0,0.0
25161,80.0,373.0,0.0
25162,27.0,337.0,0.0
25163,242.0,13.0,0.0
25164,220.0,303.0,0.0
25165,176.0,191.0,0.0
25166,216.0,217.0,0.0
25167,52.0,315.0,0.0
25168,237.0,131.0,0.0
25169,57.0,560.0,0.0
25170,126.0,522.0,0.0
25171,159.0,353.0,0.0
25172,136.0,325.0,0.0
25173,98.0,335.0,0.0
25174,204.0,364.0,0.0
25175,172.0,185.0,0.0
25176,166.0,105.0,0.0
25177,9.0,413.0,0.0
25178,238.0,141.0,0.0
25179,19.0,236.0,0.0
25180,96.0,276.0,0.0
25181,220.0,537.0,0.0
25182,51.0,17.0,0.0
25183,263.0,320.0,0.0
25184,85.0,54.0,0.0
25185,8.0,216.0,0.0
25186,45.0,414.0,0.0
25187,162.0,503.0,0.0
25188,199.0,105.0,0.0
25189,207.0,121.0,0.0
25190,257.0,148.0,0.0
25191,109.0,57.0,0.0
25192,132.0,80.0,0.0
25193,71.0,293.0,0.0
25194,245.0,363.0,0.0
25195,154.0,77.0,0.0
25196,42.0,585.0,0.0
25197,55.0,385.0,0.0
25198,249.0,473.0,0.0
25199,39.0,46.0,0.0
25200,127.0,550.0,0.0
25201,43.0,278.0,0.0
25202,194.0,343.0,0.0
25203,131.0,126.0,0.0
25204,27.0,138.0,0.0
25205,179.0,265.0,0.0
25206,113.0,261.0,0.0
25207,156.0,193.0,0.0
25208,98.0,125.0,0.0
25209,142.0,323.0,0.0
25210,68.0,166.0,0.0
25211,236.0,277.0,0.0
25212,120.0,471.0,0.0
25213,150.0,487.0,0.0
25214,38.0,567.0,0.0
25215,30.0,364.0,0.0
25216,179.0,59.0,0.0
25217,120.0,568.0,0.0
25218,210.0,517.0,0.0
25219,211.0,270.0,0.0
25220,241.0,99.0,0.0
25221,21.0,289.0,0.0
25222,163.0,236.0,0.0
25223,27.0,97.0,0.0
25224,72.0,245.0,0.0
25225,259.0,368.0,0.0
25226,154.0,351.0,0.0
25227,124.0,249.0,0.0
25228,100.0,38.0,0.0
25229,111.0,405.0,0.0
25230,127.0,347.0,0.0
25231,25.0,90.0,0.0
25232,38.0,48.0,0.0
25233,189.0,19.0,0.0
25234,211.0,203.0,0.0
25235,226.0,495.0,0.0
25236,94.0,565.0,0.0
25237,199.0,562.0,0.0
25238,121.0,487.0,0.0
25239,156.0,150.0,0.0
25240,122.0,238.0,0.0
25241,263.0,285.0,0.0
25242,190.0,148.0,0.0
25243,268.0,133.0,0.0
25244,2.0,577.0,0.0
25245,24.0,574.0,0.0
25246,156.0,275.0,0.0
25247,110.0,106.0,0.0
25248,40.0,418.0,0.0
25249,141.0,412.0,0.0
25250,147.0,48.0,0.0
25251,223.0,463.0,0.0
25252,192.0,95.0,0.0
25253,112.0,79.0,0.0
25254,193.0,441.0,0.0
25255,68.0,290.0,0.0
25256,32.0,557.0,0.0
25257,36.0,331.0,0.0
25258,228.0,379.0,0.0
25259,108.0,495.0,0.0
25260,224.0,490.0,0.0
25261,212.0,440.0,0.0
25262,213.0,490.0,0.0
25263,137.0,341.0,0.0
25264,104.0,446.0,0.0
25265,24.0,154.0,0.0
25266,72.0,499.0,0.0
25267,151.0,318.0,0.0
25268,76.0,156.0,0.0
25269,75.0,339.0,0.0
25270,222.0,345.0,0.0
25271,80.0,439.0,0.0
25272,28.0,67.0,0.0
25273,170.0,83.0,0.0
25274,76.0,403.0,0.0
25275,258.0,309.0,0.0
25276,186.0,101.0,0.0
25277,111.0,544.0,0.0
25278,249.0,217.0,0.0
25279,131.0,313.0,0.0
25280,231.0,418.0,0.0
25281,24.0,413.0,0.0
25282,143.0,419.0,0.0
25283,250.0,116.0,0.0
25284,67.0,224.0,0.0
25285,257.0,385.0,0.0
25286,76.0,67.0,0.0
25287,253.0,73.0,0.0
25288,162.0,49.0,0.0
25289,241.0,1.0,0.0
25290,200.0,4.0,0.0
25291,209.0,477.0,0.0
25292,82.0,496.0,0.0
25293,144.0,49.0,0.0
25294,17.0,563.0,0.0
25295,146.0,27.0,0.0
25296,139.0,297.0,0.0
25297,15.0,474.0,0.0
25298,69.0,538.0,0.0
25299,239.0,408.0,0.0
25300,247.0,414.0,0.0
25301,180.0,574.0,0.0
25302,99.0,38.0,0.0
25303,184.0,304.0,0.0
25304,247.0,151.0,0.0
25305,224.0,558.0,0.0
25306,204.0,480.0,0.0
25307,241.0,561.0,0.0
25308,227.0,366.0,0.0
25309,69.0,220.0,0.0
25310,196.0,569.0,0.0
25311,40.0,213.0,0.0
25312,140.0,393.0,0.0
25313,35.0,521.0,0.0
25314,39.0,501.0,0.0
25315,110.0,41.0,0.0
25316,149.0,552.0,0.0
25317,185.0,29.0,0.0
25318,102.0,483.0,0.0
25319,110.0,303.0,0.0
25320,207.0,35.0,0.0
25321,177.0,54.0,0.0
25322,166.0,195.0,0.0
25323,0.0,101.0,0.0
25324,11.0,576.0,0.0
25325,75.0,502.0,0.0
25326,215.0,309.0,0.0
25327,210.0,271.0,0.0
25328,263.0,77.0,0.0
25329,183.0,105.0,0.0
25330,22.0,264.0,0.0
25331,38.0,458.0,0.0
25332,91.0,142.0,0.0
25333,133.0,458.0,0.0
25334,144.0,297.0,0.0
25335,228.0,407.0,0.0
25336,188.0,121.0,0.0
25337,220.0,538.0,0.0
25338,113.0,2.0,0.0
25339,102.0,107.0,0.0
25340,266.0,536.0,0.0
25341,22.0,268.0,0.0
25342,166.0,235.0,0.0
25343,143.0,476.0,0.0
25344,98.0,496.0,0.0
25345,42.0,147.0,0.0
25346,239.0,294.0,0.0
25347,162.0,125.0,0.0
25348,161.0,187.0,0.0
25349,183.0,319.0,0.0
25350,9.0,55.0,0.0
25351,257.0,313.0,0.0
25352,96.0,518.0,0.0
25353,198.0,142.0,0.0
25354,167.0,443.0,0.0
25355,174.0,189.0,0.0
25356,211.0,268.0,0.0
25357,165.0,462.0,0.0
25358,29.0,472.0,0.0
25359,211.0,44.0,0.0
25360,86.0,361.0,0.0
25361,98.0,282.0,0.0
25362,231.0,225.0,0.0
25363,196.0,390.0,0.0
25364,54.0,101.0,0.0
25365,21.0,447.0,0.0
25366,141.0,418.0,0.0
25367,3.0,420.0,0.0
25368,5.0,395.0,0.0
25369,184.0,7.0,0.0
25370,263.0,452.0,0.0
25371,176.0,397.0,0.0
25372,17.0,178.0,0.0
25373,96.0,550.0,0.0
25374,41.0,158.0,0.0
25375,53.0,539.0,0.0
25376,263.0,360.0,0.0
25377,171.0,61.0,0.0
25378,179.0,340.0,0.0
25379,106.0,30.0,0.0
25380,151.0,145.0,0.0
25381,143.0,560.0,0.0
25382,185.0,105.0,0.0
25383,160.0,140.0,0.0
25384,243.0,280.0,0.0
25385,61.0,550.0,0.0
25386,120.0,537.0,0.0
25387,126.0,194.0,0.0
25388,268.0,402.0,0.0
25389,27.0,24.0,0.0
25390,166.0,34.0,0.0
25391,231.0,45.0,0.0
25392,77.0,545.0,0.0
25393,37.0,289.0,0.0
25394,111.0,576.0,0.0
25395,9.0,222.0,0.0
25396,241.0,451.0,0.0
25397,80.0,244.0,0.0
25398,79.0,578.0,0.0
25399,267.0,445.0,0.0
25400,45.0,13.0,0.0
25401,31.0,442.0,0.0
25402,62.0,333.0,0.0
25403,117.0,73.0,0.0
25404,234.0,339.0,0.0
25405,204.0,233.0,0.0
25406,132.0,343.0,0.0
25407,231.0,547.0,0.0
25408,186.0,158.0,0.0
25409,58.0,233.0,0.0
25410,252.0,537.0,0.0
25411,33.0,434.0,0.0
25412,152.0,540.0,0.0
25413,62.0,142.0,0.0
25414,128.0,309.0,0.0
25415,214.0,522.0,0.0
25416,172.0,586.0,0.0
25417,164.0,358.0,0.0
25418,68.0,288.0,0.0
25419,35.0,23.0,0.0
25420,71.0,585.0,0.0
25421,106.0,126.0,0.0
25422,252.0,259.0,0.0
25423,20.0,379.0,0.0
25424,162.0,498.0,0.0
25425,238.0,233.0,0.0
25426,241.0,594.0,0.0
25427,53.0,562.0,0.0
25428,116.0,418.0,0.0
25429,166.0,114.0,0.0
25430,33.0,278.0,0.0
25431,101.0,135.0,0.0
25432,30.0,12.0,0.0
25433,201.0,563.0,0.0
25434,66.0,357.0,0.0
25435,199.0,462.0,0.0
25436,151.0,429.0,0.0
25437,204.0,465.0,0.0
25438,95.0,46.0,0.0
25439,170.0,421.0,0.0
25440,233.0,205.0,0.0
25441,73.0,97.0,0.0
25442,23.0,343.0,0.0
25443,205.0,366.0,0.0
25444,56.0,139.0,0.0
25445,113.0,210.0,0.0
25446,73.0,502.0,0.0
25447,236.0,39.0,0.0
25448,101.0,560.0,0.0
25449,30.0,461.0,0.0
25450,39.0,476.0,0.0
25451,66.0,452.0,0.0
25452,72.0,10.0,0.0
25453,208.0,595.0,0.0
25454,217.0,290.0,0.0
25455,247.0,74.0,0.0
25456,162.0,93.0,0.0
25457,204.0,196.0,0.0
25458,268.0,149.0,0.0
25459,239.0,296.0,0.0
25460,258.0,448.0,0.0
25461,100.0,524.0,0.0
25462,157.0,592.0,0.0
25463,242.0,331.0,0.0
25464,242.0,123.0,0.0
25465,43.0,43.0,0.0
25466,181.0,273.0,0.0
25467,48.0,190.0,0.0
25468,67.0,396.0,0.0
25469,222.0,414.0,0.0
25470,211.0,258.0,0.0
25471,105.0,426.0,0.0
25472,154.0,556.0,0.0
25473,156.0,174.0,0.0
25474,246.0,393.0,0.0
25475,226.0,188.0,0.0
25476,178.0,400.0,0.0
25477,87.0,307.0,0.0
25478,85.0,68.0,0.0
25479,171.0,303.0,0.0
25480,192.0,344.0,0.0
25481,149.0,362.0,0.0
25482,247.0,302.0,0.0
25483,134.0,442.0,0.0
25484,197.0,542.0,0.0
25485,237.0,518.0,0.0
25486,255.0,297.0,0.0
25487,97.0,357.0,0.0
25488,115.0,340.0,0.0
25489,204.0,424.0,0.0
25490,236.0,358.0,0.0
25491,56.0,5.0,0.0
25492,213.0,288.0,0.0
25493,40.0,532.0,0.0
25494,24.0,255.0,0.0
25495,180.0,214.0,0.0
25496,25.0,192.0,0.0
25497,236.0,558.0,0.0
25498,14.0,453.0,0.0
25499,81.0,329.0,0.0
25500,218.0,578.0,0.0
25501,82.0,313.0,0.0
25502,26.0,454.0,0.0
25503,136.0,254.0,0.0
25504,172.0,32.0,0.0
25505,35.0,46.0,0.0
25506,146.0,12.0,0.0
25507,200.0,214.0,0.0
25508,121.0,533.0,0.0
25509,169.0,132.0,0.0
25510,56.0,164.0,0.0
25511,266.0,451.0,0.0
25512,220.0,49.0,0.0
25513,160.0,19.0,0.0
25514,232.0,468.0,0.0
25515,207.0,364.0,0.0
25516,180.0,493.0,0.0
25517,73.0,453.0,0.0
25518,154.0,142.0,0.0
25519,259.0,152.0,0.0
25520,261.0,125.0,0.0
25521,80.0,94.0,0.0
25522,128.0,86.0,0.0
25523,186.0,375.0,0.0
25524,7.0,35.0,0.0
25525,92.0,335.0,0.0
25526,77.0,264.0,0.0
25527,141.0,417.0,0.0
25528,237.0,2.0,0.0
25529,153.0,214.0,0.0
25530,131.0,261.0,0.0
25531,163.0,497.0,0.0
25532,118.0,460.0,0.0
25533,86.0,396.0,0.0
25534,168.0,479.0,0.0
25535,261.0,515.0,0.0
25536,126.0,556.0,0.0
25537,157.0,103.0,0.0
25538,246.0,240.0,0.0
25539,113.0,481.0,0.0
25540,240.0,295.0,0.0
25541,0.0,474.0,0.0
25542,238.0,495.0,0.0
25543,163.0,177.0,0.0
25544,153.0,445.0,0.0
25545,2.0,38.0,0.0
25546,67.0,46.0,0.0
25547,5.0,348.0,0.0
25548,81.0,141.0,0.0
25549,77.0,281.0,0.0
25550,242.0,443.0,0.0
25551,11.0,546.0,0.0
25552,55.0,474.0,0.0
25553,97.0,297.0,0.0
25554,56.0,531.0,0.0
25555,157.0,0.0,0.0
25556,138.0,197.0,0.0
25557,123.0,517.0,0.0
25558,198.0,415.0,0.0
25559,76.0,483.0,0.0
25560,203.0,553.0,0.0
25561,65.0,596.0,0.0
25562,42.0,258.0,0.0
25563,132.0,349.0,0.0
25564,19.0,178.0,0.0
25565,50.0,246.0,0.0
25566,170.0,20.0,0.0
25567,124.0,529.0,0.0
25568,70.0,28.0,0.0
25569,252.0,399.0,0.0
25570,222.0,19.0,0.0
25571,97.0,178.0,0.0
25572,261.0,544.0,0.0
25573,101.0,568.0,0.0
25574,202.0,173.0,0.0
25575,46.0,297.0,0.0
25576,125.0,512.0,0.0
25577,142.0,397.0,0.0
25578,123.0,385.0,0.0
25579,174.0,597.0,0.0
25580,245.0,574.0,0.0
25581,26.0,415.0,0.0
25582,259.0,574.0,0.0
25583,135.0,291.0,0.0
25584,176.0,81.0,0.0
25585,168.0,70.0,0.0
25586,186.0,323.0,0.0
25587,30.0,403.0,0.0
25588,116.0,345.0,0.0
25589,119.0,593.0,0.0
25590,26.0,390.0,0.0
25591,73.0,558.0,0.0
25592,139.0,497.0,0.0
25593,140.0,459.0,0.0
25594,80.0,37.0,0.0
25595,181.0,297.0,0.0
25596,192.0,259.0,0.0
25597,266.0,128.0,0.0
25598,155.0,292.0,0.0
25599,254.0,566.0,0.0
25600,122.0,369.0,0.0
25601,162.0,495.0,0.0
25602,91.0,302.0,0.0
25603,130.0,580.0,0.0
25604,107.0,144.0,0.0
25605,216.0,187.0,0.0
25606,239.0,87.0,0.0
25607,166.0,361.0,0.0
25608,110.0,437.0,0.0
25609,75.0,75.0,0.0
25610,226.0,100.0,0.0
25611,240.0,101.0,0.0
25612,55.0,210.0,0.0
25613,35.0,86.0,0.0
25614,112.0,149.0,0.0
25615,252.0,400.0,0.0
25616,235.0,6.0,0.0
25617,213.0,131.0,0.0
25618,15.0,514.0,0.0
25619,34.0,7.0,0.0
25620,256.0,563.0,0.0
25621,199.0,251.0,0.0
25622,148.0,508.0,0.0
25623,49.0,345.0,0.0
25624,105.0,211.0,0.0
25625,191.0,439.0,0.0
25626,125.0,101.0,0.0
25627,212.0,209.0,0.0
25628,207.0,444.0,0.0
25629,20.0,544.0,0.0
25630,33.0,369.0,0.0
25631,78.0,568.0,0.0
25632,258.0,125.0,0.0
25633,214.0,395.0,0.0
25634,14.0,427.0,0.0
25635,267.0,61.0,0.0
25636,176.0,417.0,0.0
25637,67.0,82.0,0.0
25638,89.0,290.0,0.0
25639,122.0,352.0,0.0
25640,79.0,356.0,0.0
25641,154.0,237.0,0.0
25642,109.0,167.0,0.0
25643,194.0,449.0,0.0
25644,46.0,431.0,0.0
25645,250.0,384.0,0.0
25646,136.0,226.0,0.0
25647,42.0,552.0,0.0
25648,117.0,306.0,0.0
25649,126.0,151.0,0.0
25650,50.0,569.0,0.0
25651,42.0,108.0,0.0
25652,111.0,436.0,0.0
25653,137.0,162.0,0.0
25654,70.0,29.0,0.0
25655,39.0,206.0,0.0
25656,5.0,292.0,0.0
25657,29.0,71.0,0.0
25658,212.0,414.0,0.0
25659,48.0,501.0,0.0
25660,57.0,307.0,0.0
25661,24.0,543.0,0.0
25662,184.0,340.0,0.0
25663,133.0,176.0,0.0
25664,179.0,474.0,0.0
25665,264.0,221.0,0.0
25666,35.0,118.0,0.0
25667,132.0,281.0,0.0
25668,168.0,508.0,0.0
25669,106.0,88.0,0.0
25670,268.0,147.0,0.0
25671,230.0,257.0,0.0
25672,127.0,246.0,0.0
25673,171.0,555.0,0.0
25674,167.0,509.0,0.0
25675,197.0,236.0,0.0
25676,29.0,291.0,0.0
25677,17.0,42.0,0.0
25678,59.0,579.0,0.0
25679,226.0,236.0,0.0
25680,250.0,531.0,0.0
25681,164.0,13.0,0.0
25682,185.0,272.0,0.0
25683,93.0,398.0,0.0
25684,129.0,583.0,0.0
25685,192.0,74.0,0.0
25686,178.0,251.0,0.0
25687,244.0,180.0,0.0
25688,75.0,441.0,0.0
25689,201.0,294.0,0.0
25690,261.0,387.0,0.0
25691,97.0,436.0,0.0
25692,98.0,130.0,0.0
25693,200.0,408.0,0.0
25694,216.0,145.0,0.0
25695,144.0,210.0,0.0
25696,107.0,247.0,0.0
25697,183.0,405.0,0.0
25698,250.0,583.0,0.0
25699,99.0,216.0,0.0
25700,54.0,332.0,0.0
25701,72.0,159.0,0.0
25702,139.0,531.0,0.0
25703,162.0,67.0,0.0
25704,208.0,593.0,0.0
25705,119.0,491.0,0.0
25706,132.0,474.0,0.0
25707,35.0,403.0,0.0
25708,122.0,351.0,0.0
25709,173.0,94.0,0.0
25710,154.0,304.0,0.0
25711,183.0,267.0,0.0
25712,126.0,573.0,0.0
25713,41.0,244.0,0.0
25714,124.0,562.0,0.0
25715,185.0,196.0,0.0
25716,15.0,422.0,0.0
25717,126.0,519.0,0.0
25718,115.0,585.0,0.0
25719,185.0,212.0,0.0
25720,23.0,385.0,0.0
25721,109.0,139.0,0.0
25722,17.0,429.0,0.0
25723,229.0,74.0,0.0
25724,248.0,495.0,0.0
25725,142.0,520.0,0.0
25726,187.0,351.0,0.0
25727,214.0,242.0,0.0
25728,194.0,262.0,0.0
25729,176.0,509.0,0.0
25730,138.0,10.0,0.0
25731,247.0,542.0,0.0
25732,42.0,15.0,0.0
25733,186.0,151.0,0.0
25734,105.0,450.0,0.0
25735,120.0,397.0,0.0
25736,266.0,68.0,0.0
25737,62.0,99.0,0.0
25738,0.0,416.0,0.0
25739,166.0,72.0,0.0
25740,59.0,327.0,0.0
25741,57.0,574.0,0.0
25742,230.0,352.0,0.0
25743,115.0,482.0,0.0
25744,261.0,560.0,0.0
25745,105.0,443.0,0.0
25746,148.0,494.0,0.0
25747,161.0,36.0,0.0
25748,36.0,188.0,0.0
25749,210.0,272.0,0.0
25750,241.0,89.0,0.0
25751,69.0,480.0,0.0
25752,251.0,315.0,0.0
25753,78.0,18.0,0.0
25754,72.0,523.0,0.0
25755,181.0,420.0,0.0
25756,96.0,448.0,0.0
25757,196.0,459.0,0.0
25758,124.0,217.0,0.0
25759,238.0,567.0,0.0
25760,134.0,124.0,0.0
25761,12.0,110.0,0.0
25762,249.0,299.0,0.0
25763,48.0,499.0,0.0
25764,66.0,21.0,0.0
25765,139.0,462.0,0.0
25766,206.0,542.0,0.0
25767,116.0,90.0,0.0
25768,238.0,267.0,0.0
25769,109.0,248.0,0.0
25770,255.0,427.0,0.0
25771,237.0,455.0,0.0
25772,232.0,140.0,0.0
25773,92.0,210.0,0.0
25774,230.0,516.0,0.0
25775,157.0,231.0,0.0
25776,93.0,587.0,0.0
25777,237.0,331.0,0.0
25778,5.0,102.0,0.0
25779,64.0,347.0,0.0
25780,211.0,57.0,0.0
25781,10.0,463.0,0.0
25782,197.0,23.0,0.0
25783,35.0,206.0,0.0
25784,202.0,411.0,0.0
25785,247.0,554.0,0.0
25786,125.0,167.0,0.0
25787,63.0,579.0,0.0
25788,55.0,148.0,0.0
25789,127.0,128.0,0.0
25790,191.0,425.0,0.0
25791,185.0,247.0,0.0
25792,13.0,448.0,0.0
25793,266.0,20.0,0.0
25794,216.0,513.0,0.0
25795,206.0,31.0,0.0
25796,95.0,434.0,0.0
25797,102.0,202.0,0.0
25798,145.0,278.0,0.0
25799,242.0,33.0,0.0
25800,115.0,542.0,0.0
25801,2.0,377.0,0.0
25802,105.0,200.0,0.0
25803,149.0,138.0,0.0
25804,156.0,475.0,0.0
25805,145.0,111.0,0.0
25806,42.0,249.0,0.0
25807,155.0,381.0,0.0
25808,183.0,249.0,0.0
25809,70.0,149.0,0.0
25810,169.0,523.0,0.0
25811,34.0,516.0,0.0
25812,263.0,420.0,0.0
25813,139.0,240.0,0.0
25814,92.0,589.0,0.0
25815,149.0,53.0,0.0
25816,69.0,188.0,0.0
25817,4.0,269.0,0.0
25818,74.0,167.0,0.0
25819,86.0,407.0,0.0
25820,33.0,299.0,0.0
25821,239.0,265.0,0.0
25822,231.0,117.0,0.0
25823,33.0,165.0,0.0
25824,210.0,492.0,0.0
25825,197.0,533.0,0.0
25826,253.0,403.0,0.0
25827,167.0,14.0,0.0
25828,247.0,353.0,0.0
25829,156.0,371.0,0.0
25830,128.0,137.0,0.0
25831,85.0,367.0,0.0
25832,230.0,155.0,0.0
25833,59.0,487.0,0.0
25834,233.0,196.0,0.0
25835,66.0,524.0,0.0
25836,250.0,548.0,0.0
25837,27.0,312.0,0.0
25838,40.0,337.0,0.0
25839,70.0,410.0,0.0
25840,209.0,64.0,0.0
25841,133.0,273.0,0.0
25842,194.0,493.0,0.0
25843,231.0,472.0,0.0
25844,19.0,79.0,0.0
25845,107.0,508.0,0.0
25846,191.0,497.0,0.0
25847,186.0,415.0,0.0
25848,219.0,238.0,0.0
25849,178.0,204.0,0.0
25850,113.0,270.0,0.0
25851,190.0,73.0,0.0
25852,192.0,568.0,0.0
25853,215.0,551.0,0.0
25854,233.0,262.0,0.0
25855,50.0,429.0,0.0
25856,135.0,173.0,0.0
25857,20.0,75.0,0.0
25858,193.0,47.0,0.0
25859,137.0,227.0,0.0
25860,17.0,49.0,0.0
25861,98.0,41.0,0.0
25862,125.0,220.0,0.0
25863,131.0,142.0,0.0
25864,235.0,176.0,0.0
25865,216.0,437.0,0.0
25866,174.0,183.0,0.0
25867,42.0,568.0,0.0
25868,198.0,556.0,0.0
25869,202.0,444.0,0.0
25870,127.0,160.0,0.0
25871,11.0,572.0,0.0
25872,47.0,160.0,0.0
25873,80.0,366.0,0.0
25874,190.0,258.0,0.0
25875,32.0,117.0,0.0
25876,260.0,3.0,0.0
25877,184.0,434.0,0.0
25878,83.0,221.0,0.0
25879,229.0,457.0,0.0
25880,106.0,258.0,0.0
25881,36.0,255.0,0.0
25882,86.0,303.0,0.0
25883,131.0,535.0,0.0
25884,108.0,163.0,0.0
25885,80.0,103.0,0.0
25886,182.0,585.0,0.0
25887,264.0,107.0,0.0
25888,90.0,269.0,0.0
25889,62.0,336.0,0.0
25890,250.0,432.0,0.0
25891,263.0,433.0,0.0
25892,190.0,496.0,0.0
25893,215.0,100.0,0.0
25894,225.0,522.0,0.0
25895,202.0,229.0,0.0
25896,121.0,63.0,0.0
25897,232.0,319.0,0.0
25898,211.0,569.0,0.0
25899,216.0,24.0,0.0
25900,79.0,132.0,0.0
25901,261.0,274.0,0.0
25902,32.0,259.0,0.0
25903,171.0,108.0,0.0
25904,15.0,243.0,0.0
25905,213.0,556.0,0.0
25906,123.0,301.0,0.0
25907,10.0,469.0,0.0
25908,203.0,148.0,0.0
25909,257.0,13.0,0.0
25910,123.0,283.0,0.0
25911,36.0,475.0,0.0
25912,52.0,380.0,0.0
25913,216.0,33.0,0.0
25914,6.0,78.0,0.0
25915,207.0,472.0,0.0
25916,82.0,51.0,0.0
25917,238.0,120.0,0.0
25918,187.0,398.0,0.0
25919,106.0,505.0,0.0
25920,76.0,565.0,0.0
25921,142.0,324.0,0.0
25922,57.0,411.0,0.0
25923,147.0,228.0,0.0
25924,138.0,48.0,0.0
25925,80.0,7.0,0.0
25926,246.0,152.0,0.0
25927,76.0,425.0,0.0
25928,24.0,10.0,0.0
25929,162.0,234.0,0.0
25930,133.0,318.0,0.0
25931,176.0,505.0,0.0
25932,45.0,283.0,0.0
25933,11.0,52.0,0.0
25934,77.0,556.0,0.0
25935,181.0,594.0,0.0
25936,114.0,549.0,0.0
25937,187.0,242.0,0.0
25938,23.0,56.0,0.0
25939,170.0,76.0,0.0
25940,146.0,221.0,0.0
25941,22.0,541.0,0.0
25942,203.0,123.0,0.0
25943,266.0,447.0,0.0
25944,151.0,440.0,0.0
25945,13.0,397.0,0.0
25946,56.0,390.0,0.0
25947,178.0,503.0,0.0
25948,65.0,155.0,0.0
25949,94.0,260.0,0.0
25950,127.0,463.0,0.0
25951,242.0,106.0,0.0
25952,27.0,73.0,0.0
25953,53.0,28.0,0.0
25954,240.0,257.0,0.0
25955,243.0,300.0,0.0
25956,245.0,89.0,0.0
25957,252.0,546.0,0.0
25958,6.0,383.0,0.0
25959,61.0,64.0,0.0
25960,239.0,510.0,0.0
25961,124.0,363.0,0.0
25962,174.0,495.0,0.0
25963,2.0,343.0,0.0
25964,58.0,266.0,0.0
25965,77.0,278.0,0.0
25966,96.0,78.0,0.0
25967,5.0,588.0,0.0
25968,216.0,285.0,0.0
25969,100.0,173.0,0.0
25970,135.0,483.0,0.0
25971,146.0,213.0,0.0
25972,26.0,500.0,0.0
25973,32.0,454.0,0.0
25974,70.0,501.0,0.0
25975,112.0,316.0,0.0
25976,164.0,164.0,0.0
25977,241.0,160.0,0.0
25978,41.0,99.0,0.0
25979,93.0,478.0,0.0
25980,156.0,121.0,0.0
25981,105.0,332.0,0.0
25982,65.0,128.0,0.0
25983,60.0,455.0,0.0
25984,219.0,587.0,0.0
25985,64.0,579.0,0.0
25986,66.0,528.0,0.0
25987,198.0,130.0,0.0
25988,61.0,311.0,0.0
25989,46.0,439.0,0.0
25990,58.0,162.0,0.0
25991,204.0,527.0,0.0
25992,262.0,201.0,0.0
25993,214.0,394.0,0.0
25994,132.0,388.0,0.0
25995,68.0,219.0,0.0
25996,227.0,581.0,0.0
25997,48.0,309.0,0.0
25998,125.0,495.0,0.0
25999,265.0,487.0,0.0
26000,84.0,106.0,0.0
26001,36.0,493.0,0.0
26002,137.0,255.0,0.0
26003,236.0,574.0,0.0
26004,36.0,528.0,0.0
26005,58.0,149.0,0.0
26006,158.0,246.0,0.0
26007,96.0,525.0,0.0
26008,118.0,109.0,0.0
26009,245.0,486.0,0.0
26010,23.0,53.0,0.0
26011,255.0,149.0,0.0
26012,150.0,470.0,0.0
26013,87.0,28.0,0.0
26014,41.0,394.0,0.0
26015,170.0,520.0,0.0
26016,24.0,467.0,0.0
26017,202.0,128.0,0.0
26018,204.0,38.0,0.0
26019,226.0,217.0,0.0
26020,76.0,222.0,0.0
26021,39.0,33.0,0.0
26022,164.0,428.0,0.0
26023,230.0,421.0,0.0
26024,1.0,548.0,0.0
26025,121.0,509.0,0.0
26026,104.0,428.0,0.0
26027,178.0,510.0,0.0
26028,212.0,577.0,0.0
26029,69.0,501.0,0.0
26030,255.0,396.0,0.0
26031,251.0,511.0,0.0
26032,24.0,557.0,0.0
26033,31.0,33.0,0.0
26034,176.0,77.0,0.0
26035,50.0,490.0,0.0
26036,71.0,230.0,0.0
26037,161.0,473.0,0.0
26038,21.0,219.0,0.0
26039,240.0,248.0,0.0
26040,250.0,253.0,0.0
26041,173.0,519.0,0.0
26042,66.0,246.0,0.0
26043,22.0,172.0,0.0
26044,107.0,131.0,0.0
26045,252.0,508.0,0.0
26046,48.0,128.0,0.0
26047,152.0,46.0,0.0
26048,2.0,466.0,0.0
26049,264.0,68.0,0.0
26050,14.0,273.0,0.0
26051,12.0,547.0,0.0
26052,225.0,185.0,0.0
26053,259.0,298.0,0.0
26054,89.0,533.0,0.0
26055,196.0,469.0,0.0
26056,158.0,526.0,0.0
26057,246.0,308.0,0.0
26058,245.0,101.0,0.0
26059,146.0,129.0,0.0
26060,13.0,188.0,0.0
26061,190.0,248.0,0.0
26062,162.0,180.0,0.0
26063,87.0,457.0,0.0
26064,167.0,382.0,0.0
26065,105.0,386.0,0.0
26066,260.0,181.0,0.0
26067,255.0,42.0,0.0
26068,205.0,243.0,0.0
26069,187.0,208.0,0.0
26070,44.0,450.0,0.0
26071,237.0,533.0,0.0
26072,231.0,549.0,0.0
26073,77.0,401.0,0.0
26074,245.0,45.0,0.0
26075,85.0,25.0,0.0
26076,209.0,490.0,0.0
26077,80.0,277.0,0.0
26078,63.0,537.0,0.0
26079,8.0,159.0,0.0
26080,113.0,301.0,0.0
26081,174.0,379.0,0.0
26082,26.0,483.0,0.0
26083,112.0,468.0,0.0
26084,162.0,10.0,0.0
26085,159.0,407.0,0.0
26086,23.0,32.0,0.0
26087,27.0,533.0,0.0
26088,253.0,552.0,0.0
26089,62.0,79.0,0.0
26090,210.0,48.0,0.0
26091,265.0,468.0,0.0
26092,190.0,503.0,0.0
26093,73.0,387.0,0.0
26094,220.0,239.0,0.0
26095,146.0,242.0,0.0
26096,81.0,462.0,0.0
26097,73.0,396.0,0.0
26098,54.0,128.0,0.0
26099,184.0,582.0,0.0
26100,141.0,547.0,0.0
26101,201.0,357.0,0.0
26102,135.0,523.0,0.0
26103,21.0,450.0,0.0
26104,240.0,94.0,0.0
26105,61.0,193.0,0.0
26106,146.0,482.0,0.0
26107,241.0,310.0,0.0
26108,264.0,557.0,0.0
26109,121.0,2.0,0.0
26110,6.0,148.0,0.0
26111,154.0,592.0,0.0
26112,54.0,145.0,0.0
26113,55.0,36.0,0.0
26114,29.0,48.0,0.0
26115,250.0,30.0,0.0
26116,123.0,80.0,0.0
26117,14.0,319.0,0.0
26118,200.0,445.0,0.0
26119,153.0,426.0,0.0
26120,141.0,560.0,0.0
26121,56.0,215.0,0.0
26122,0.0,333.0,0.0
26123,85.0,295.0,0.0
26124,75.0,182.0,0.0
26125,220.0,12.0,0.0
26126,240.0,492.0,0.0
26127,218.0,328.0,0.0
26128,23.0,537.0,0.0
26129,68.0,362.0,0.0
26130,92.0,506.0,0.0
26131,111.0,162.0,0.0
26132,105.0,444.0,0.0
26133,98.0,318.0,0.0
26134,221.0,96.0,0.0
26135,177.0,417.0,0.0
26136,2.0,531.0,0.0
26137,239.0,302.0,0.0
26138,148.0,210.0,0.0
26139,59.0,122.0,0.0
26140,137.0,137.0,0.0
26141,95.0,429.0,0.0
26142,34.0,424.0,0.0
26143,136.0,250.0,0.0
26144,161.0,271.0,0.0
26145,218.0,418.0,0.0
26146,125.0,13.0,0.0
26147,196.0,66.0,0.0
26148,113.0,511.0,0.0
26149,110.0,563.0,0.0
26150,136.0,187.0,0.0
26151,234.0,88.0,0.0
26152,70.0,343.0,0.0
26153,172.0,30.0,0.0
26154,115.0,409.0,0.0
26155,247.0,435.0,0.0
26156,116.0,53.0,0.0
26157,251.0,418.0,0.0
26158,46.0,345.0,0.0
26159,222.0,499.0,0.0
26160,243.0,233.0,0.0
26161,116.0,364.0,0.0
26162,233.0,116.0,0.0
26163,248.0,268.0,0.0
26164,154.0,256.0,0.0
26165,37.0,56.0,0.0
26166,178.0,131.0,0.0
26167,97.0,351.0,0.0
26168,38.0,21.0,0.0
26169,259.0,349.0,0.0
26170,154.0,519.0,0.0
26171,31.0,174.0,0.0
26172,147.0,168.0,0.0
26173,32.0,349.0,0.0
26174,106.0,461.0,0.0
26175,152.0,86.0,0.0
26176,148.0,333.0,0.0
26177,39.0,526.0,0.0
26178,189.0,370.0,0.0
26179,220.0,179.0,0.0
26180,43.0,32.0,0.0
26181,47.0,257.0,0.0
26182,164.0,534.0,0.0
26183,158.0,432.0,0.0
26184,32.0,267.0,0.0
26185,154.0,258.0,0.0
26186,31.0,530.0,0.0
26187,196.0,279.0,0.0
26188,57.0,76.0,0.0
26189,4.0,440.0,0.0
26190,246.0,271.0,0.0
26191,55.0,416.0,0.0
26192,172.0,178.0,0.0
26193,255.0,279.0,0.0
26194,164.0,585.0,0.0
26195,163.0,51.0,0.0
26196,27.0,212.0,0.0
26197,206.0,396.0,0.0
26198,55.0,297.0,0.0
26199,267.0,552.0,0.0
26200,20.0,270.0,0.0
26201,64.0,285.0,0.0
26202,72.0,377.0,0.0
26203,91.0,446.0,0.0
26204,198.0,565.0,0.0
26205,39.0,200.0,0.0
26206,46.0,470.0,0.0
26207,253.0,132.0,0.0
26208,263.0,47.0,0.0
26209,242.0,405.0,0.0
26210,78.0,506.0,0.0
26211,108.0,60.0,0.0
26212,28.0,218.0,0.0
26213,43.0,206.0,0.0
26214,258.0,175.0,0.0
26215,23.0,108.0,0.0
26216,98.0,307.0,0.0
26217,156.0,377.0,0.0
26218,262.0,339.0,0.0
26219,71.0,486.0,0.0
26220,59.0,75.0,0.0
26221,82.0,73.0,0.0
26222,121.0,250.0,0.0
26223,38.0,494.0,0.0
26224,15.0,562.0,0.0
26225,23.0,295.0,0.0
26226,37.0,261.0,0.0
26227,176.0,582.0,0.0
26228,157.0,33.0,0.0
26229,4.0,500.0,0.0
26230,136.0,95.0,0.0
26231,260.0,506.0,0.0
26232,137.0,199.0,0.0
26233,118.0,582.0,0.0
26234,193.0,302.0,0.0
26235,75.0,577.0,0.0
26236,35.0,514.0,0.0
26237,179.0,323.0,0.0
26238,167.0,2.0,0.0
26239,202.0,240.0,0.0
26240,217.0,183.0,0.0
26241,46.0,462.0,0.0
26242,47.0,109.0,0.0
26243,16.0,150.0,0.0
26244,31.0,360.0,0.0
26245,256.0,98.0,0.0
26246,245.0,501.0,0.0
26247,90.0,345.0,0.0
26248,63.0,512.0,0.0
26249,197.0,363.0,0.0
26250,146.0,520.0,0.0
26251,151.0,69.0,0.0
26252,81.0,213.0,0.0
26253,45.0,124.0,0.0
26254,120.0,506.0,0.0
26255,187.0,569.0,0.0
26256,78.0,595.0,0.0
26257,196.0,11.0,0.0
26258,18.0,226.0,0.0
26259,112.0,349.0,0.0
26260,100.0,157.0,0.0
26261,230.0,474.0,0.0
26262,30.0,331.0,0.0
26263,27.0,436.0,0.0
26264,138.0,300.0,0.0
26265,167.0,72.0,0.0
26266,152.0,213.0,0.0
26267,73.0,295.0,0.0
26268,70.0,332.0,0.0
26269,174.0,245.0,0.0
26270,203.0,480.0,0.0
26271,265.0,573.0,0.0
26272,219.0,103.0,0.0
26273,257.0,441.0,0.0
26274,211.0,388.0,0.0
26275,118.0,100.0,0.0
26276,2.0,282.0,0.0
26277,183.0,404.0,0.0
26278,245.0,322.0,0.0
26279,232.0,344.0,0.0
26280,199.0,315.0,0.0
26281,32.0,441.0,0.0
26282,44.0,57.0,0.0
26283,208.0,529.0,0.0
26284,3.0,224.0,0.0
26285,131.0,160.0,0.0
26286,150.0,413.0,0.0
26287,258.0,158.0,0.0
26288,26.0,452.0,0.0
26289,153.0,580.0,0.0
26290,246.0,574.0,0.0
26291,133.0,113.0,0.0
26292,0.0,88.0,0.0
26293,115.0,380.0,0.0
26294,129.0,263.0,0.0
26295,239.0,258.0,0.0
26296,239.0,476.0,0.0
26297,251.0,29.0,0.0
26298,111.0,320.0,0.0
26299,118.0,595.0,0.0
26300,148.0,254.0,0.0
26301,64.0,245.0,0.0
26302,175.0,138.0,0.0
26303,246.0,398.0,0.0
26304,91.0,152.0,0.0
26305,55.0,270.0,0.0
26306,72.0,248.0,0.0
26307,31.0,375.0,0.0
26308,176.0,430.0,0.0
26309,261.0,407.0,0.0
26310,225.0,293.0,0.0
26311,71.0,105.0,0.0
26312,236.0,505.0,0.0
26313,95.0,338.0,0.0
26314,203.0,299.0,0.0
26315,178.0,303.0,0.0
26316,156.0,220.0,0.0
26317,123.0,321.0,0.0
26318,14.0,430.0,0.0
26319,210.0,196.0,0.0
26320,268.0,275.0,0.0
26321,133.0,267.0,0.0
26322,96.0,130.0,0.0
26323,152.0,250.0,0.0
26324,232.0,139.0,0.0
26325,35.0,229.0,0.0
26326,171.0,170.0,0.0
26327,35.0,297.0,0.0
26328,197.0,485.0,0.0
26329,265.0,527.0,0.0
26330,137.0,220.0,0.0
26331,211.0,321.0,0.0
26332,172.0,129.0,0.0
26333,210.0,119.0,0.0
26334,112.0,564.0,0.0
26335,82.0,196.0,0.0
26336,206.0,167.0,0.0
26337,198.0,572.0,0.0
26338,146.0,481.0,0.0
26339,181.0,301.0,0.0
26340,30.0,104.0,0.0
26341,101.0,187.0,0.0
26342,217.0,197.0,0.0
26343,143.0,463.0,0.0
26344,214.0,74.0,0.0
26345,258.0,534.0,0.0
26346,192.0,28.0,0.0
26347,187.0,106.0,0.0
26348,261.0,200.0,0.0
26349,100.0,335.0,0.0
26350,216.0,251.0,0.0
26351,236.0,158.0,0.0
26352,251.0,40.0,0.0
26353,253.0,279.0,0.0
26354,94.0,188.0,0.0
26355,103.0,571.0,0.0
26356,220.0,508.0,0.0
26357,201.0,494.0,0.0
26358,205.0,593.0,0.0
26359,125.0,149.0,0.0
26360,100.0,24.0,0.0
26361,237.0,376.0,0.0
26362,201.0,36.0,0.0
26363,239.0,24.0,0.0
26364,249.0,373.0,0.0
26365,101.0,149.0,0.0
26366,191.0,433.0,0.0
26367,265.0,564.0,0.0
26368,42.0,317.0,0.0
26369,158.0,189.0,0.0
26370,47.0,494.0,0.0
26371,150.0,164.0,0.0
26372,32.0,261.0,0.0
26373,117.0,557.0,0.0
26374,119.0,588.0,0.0
26375,141.0,540.0,0.0
26376,251.0,307.0,0.0
26377,171.0,274.0,0.0
26378,22.0,190.0,0.0
26379,161.0,440.0,0.0
26380,268.0,401.0,0.0
26381,141.0,110.0,0.0
26382,169.0,287.0,0.0
26383,231.0,309.0,0.0
26384,266.0,166.0,0.0
26385,202.0,414.0,0.0
26386,138.0,382.0,0.0
26387,237.0,1.0,0.0
26388,53.0,387.0,0.0
26389,236.0,128.0,0.0
26390,41.0,479.0,0.0
26391,125.0,158.0,0.0
26392,165.0,67.0,0.0
26393,33.0,71.0,0.0
26394,205.0,414.0,0.0
26395,47.0,130.0,0.0
26396,159.0,291.0,0.0
26397,119.0,581.0,0.0
26398,172.0,434.0,0.0
26399,5.0,25.0,0.0
26400,172.0,194.0,0.0
26401,219.0,187.0,0.0
26402,93.0,234.0,0.0
26403,92.0,114.0,0.0
26404,40.0,379.0,0.0
26405,243.0,206.0,0.0
26406,200.0,377.0,0.0
26407,50.0,422.0,0.0
26408,109.0,205.0,0.0
26409,250.0,18.0,0.0
26410,165.0,372.0,0.0
26411,224.0,480.0,0.0
26412,207.0,424.0,0.0
26413,256.0,147.0,0.0
26414,206.0,460.0,0.0
26415,4.0,545.0,0.0
26416,213.0,15.0,0.0
26417,198.0,238.0,0.0
26418,75.0,270.0,0.0
26419,84.0,298.0,0.0
26420,265.0,7.0,0.0
26421,112.0,403.0,0.0
26422,91.0,70.0,0.0
26423,14.0,75.0,0.0
26424,74.0,494.0,0.0
26425,161.0,234.0,0.0
26426,88.0,387.0,0.0
26427,133.0,529.0,0.0
26428,100.0,447.0,0.0
26429,165.0,4.0,0.0
26430,169.0,2.0,0.0
26431,113.0,276.0,0.0
26432,259.0,275.0,0.0
26433,179.0,435.0,0.0
26434,91.0,90.0,0.0
26435,0.0,152.0,0.0
26436,252.0,267.0,0.0
26437,19.0,444.0,0.0
26438,136.0,535.0,0.0
26439,193.0,128.0,0.0
26440,150.0,322.0,0.0
26441,176.0,293.0,0.0
26442,90.0,46.0,0.0
26443,196.0,269.0,0.0
26444,75.0,291.0,0.0
26445,266.0,158.0,0.0
26446,114.0,538.0,0.0
26447,249.0,46.0,0.0
26448,18.0,527.0,0.0
26449,143.0,3.0,0.0
26450,94.0,172.0,0.0
26451,3.0,332.0,0.0
26452,194.0,253.0,0.0
26453,260.0,231.0,0.0
26454,25.0,34.0,0.0
26455,23.0,58.0,0.0
26456,190.0,113.0,0.0
26457,156.0,94.0,0.0
26458,253.0,209.0,0.0
26459,66.0,249.0,0.0
26460,95.0,150.0,0.0
26461,110.0,523.0,0.0
26462,132.0,519.0,0.0
26463,96.0,317.0,0.0
26464,66.0,6.0,0.0
26465,246.0,368.0,0.0
26466,62.0,593.0,0.0
26467,15.0,569.0,0.0
26468,159.0,141.0,0.0
26469,204.0,492.0,0.0
26470,43.0,255.0,0.0
26471,33.0,315.0,0.0
26472,203.0,559.0,0.0
26473,57.0,407.0,0.0
26474,128.0,52.0,0.0
26475,76.0,488.0,0.0
26476,198.0,380.0,0.0
26477,20.0,103.0,0.0
26478,59.0,341.0,0.0
26479,127.0,239.0,0.0
26480,29.0,592.0,0.0
26481,13.0,532.0,0.0
26482,47.0,37.0,0.0
26483,152.0,475.0,0.0
26484,31.0,195.0,0.0
26485,102.0,467.0,0.0
26486,97.0,555.0,0.0
26487,247.0,505.0,0.0
26488,262.0,198.0,0.0
26489,79.0,123.0,0.0
26490,15.0,532.0,0.0
26491,195.0,536.0,0.0
26492,215.0,143.0,0.0
26493,93.0,369.0,0.0
26494,148.0,541.0,0.0
26495,239.0,89.0,0.0
26496,85.0,222.0,0.0
26497,133.0,538.0,0.0
26498,176.0,458.0,0.0
26499,121.0,579.0,0.0
26500,110.0,223.0,0.0
26501,88.0,455.0,0.0
26502,75.0,257.0,0.0
26503,217.0,38.0,0.0
26504,73.0,64.0,0.0
26505,93.0,254.0,0.0
26506,242.0,498.0,0.0
26507,254.0,72.0,0.0
26508,214.0,147.0,0.0
26509,58.0,346.0,0.0
26510,158.0,397.0,0.0
26511,50.0,124.0,0.0
26512,39.0,255.0,0.0
26513,204.0,394.0,0.0
26514,217.0,42.0,0.0
26515,221.0,266.0,0.0
26516,191.0,96.0,0.0
26517,152.0,229.0,0.0
26518,128.0,501.0,0.0
26519,194.0,314.0,0.0
26520,257.0,512.0,0.0
26521,234.0,438.0,0.0
26522,105.0,472.0,0.0
26523,135.0,276.0,0.0
26524,204.0,152.0,0.0
26525,122.0,122.0,0.0
26526,127.0,578.0,0.0
26527,233.0,529.0,0.0
26528,28.0,516.0,0.0
26529,75.0,427.0,0.0
26530,120.0,372.0,0.0
26531,235.0,368.0,0.0
26532,65.0,582.0,0.0
26533,197.0,429.0,0.0
26534,193.0,525.0,0.0
26535,22.0,334.0,0.0
26536,61.0,382.0,0.0
26537,143.0,483.0,0.0
26538,13.0,538.0,0.0
26539,233.0,424.0,0.0
26540,205.0,372.0,0.0
26541,196.0,392.0,0.0
26542,10.0,443.0,0.0
26543,6.0,80.0,0.0
26544,6.0,277.0,0.0
26545,212.0,272.0,0.0
26546,198.0,159.0,0.0
26547,37.0,78.0,0.0
26548,24.0,344.0,0.0
26549,150.0,492.0,0.0
26550,220.0,78.0,0.0
26551,97.0,561.0,0.0
26552,212.0,552.0,0.0
26553,26.0,301.0,0.0
26554,123.0,21.0,0.0
26555,61.0,513.0,0.0
26556,36.0,304.0,0.0
26557,13.0,45.0,0.0
26558,224.0,222.0,0.0
26559,176.0,429.0,0.0
26560,16.0,202.0,0.0
26561,12.0,267.0,0.0
26562,104.0,142.0,0.0
26563,70.0,346.0,0.0
26564,260.0,423.0,0.0
26565,262.0,104.0,0.0
26566,140.0,383.0,0.0
26567,34.0,462.0,0.0
26568,165.0,263.0,0.0
26569,109.0,229.0,0.0
26570,138.0,86.0,0.0
26571,196.0,304.0,0.0
26572,74.0,270.0,0.0
26573,220.0,404.0,0.0
26574,84.0,573.0,0.0
26575,265.0,361.0,0.0
26576,252.0,178.0,0.0
26577,205.0,32.0,0.0
26578,37.0,282.0,0.0
26579,117.0,412.0,0.0
26580,109.0,316.0,0.0
26581,222.0,353.0,0.0
26582,62.0,49.0,0.0
26583,195.0,405.0,0.0
26584,199.0,357.0,0.0
26585,261.0,293.0,0.0
26586,260.0,365.0,0.0
26587,23.0,354.0,0.0
26588,248.0,467.0,0.0
26589,109.0,83.0,0.0
26590,28.0,158.0,0.0
26591,114.0,193.0,0.0
26592,118.0,181.0,0.0
26593,129.0,292.0,0.0
26594,112.0,492.0,0.0
26595,179.0,77.0,0.0
26596,233.0,564.0,0.0
26597,267.0,37.0,0.0
26598,264.0,351.0,0.0
26599,221.0,411.0,0.0
26600,187.0,127.0,0.0
26601,77.0,93.0,0.0
26602,226.0,564.0,0.0
26603,253.0,464.0,0.0
26604,158.0,375.0,0.0
26605,149.0,494.0,0.0
26606,169.0,442.0,0.0
26607,2.0,575.0,0.0
26608,60.0,14.0,0.0
26609,29.0,471.0,0.0
26610,181.0,456.0,0.0
26611,143.0,239.0,0.0
26612,74.0,383.0,0.0
26613,244.0,205.0,0.0
26614,64.0,574.0,0.0
26615,242.0,355.0,0.0
26616,152.0,279.0,0.0
26617,48.0,487.0,0.0
26618,228.0,237.0,0.0
26619,58.0,173.0,0.0
26620,137.0,184.0,0.0
26621,49.0,229.0,0.0
26622,62.0,122.0,0.0
26623,14.0,564.0,0.0
26624,251.0,153.0,0.0
26625,263.0,165.0,0.0
26626,128.0,75.0,0.0
26627,115.0,94.0,0.0
26628,120.0,42.0,0.0
26629,13.0,489.0,0.0
26630,75.0,249.0,0.0
26631,221.0,520.0,0.0
26632,258.0,117.0,0.0
26633,141.0,554.0,0.0
26634,124.0,32.0,0.0
26635,61.0,287.0,0.0
26636,198.0,390.0,0.0
26637,113.0,162.0,0.0
26638,135.0,67.0,0.0
26639,67.0,298.0,0.0
26640,114.0,294.0,0.0
26641,182.0,463.0,0.0
26642,213.0,356.0,0.0
26643,193.0,308.0,0.0
26644,235.0,447.0,0.0
26645,9.0,238.0,0.0
26646,7.0,398.0,0.0
26647,16.0,474.0,0.0
26648,205.0,588.0,0.0
26649,67.0,242.0,0.0
26650,214.0,213.0,0.0
26651,134.0,95.0,0.0
26652,175.0,85.0,0.0
26653,81.0,261.0,0.0
26654,217.0,14.0,0.0
26655,95.0,374.0,0.0
26656,39.0,423.0,0.0
26657,195.0,591.0,0.0
26658,33.0,392.0,0.0
26659,115.0,184.0,0.0
26660,62.0,42.0,0.0
26661,58.0,354.0,0.0
26662,249.0,554.0,0.0
26663,209.0,280.0,0.0
26664,110.0,463.0,0.0
26665,169.0,240.0,0.0
26666,220.0,57.0,0.0
26667,220.0,520.0,0.0
26668,205.0,365.0,0.0
26669,24.0,581.0,0.0
26670,182.0,109.0,0.0
26671,105.0,392.0,0.0
26672,49.0,410.0,0.0
26673,67.0,94.0,0.0
26674,188.0,396.0,0.0
26675,132.0,215.0,0.0
26676,205.0,592.0,0.0
26677,81.0,88.0,0.0
26678,6.0,28.0,0.0
26679,115.0,506.0,0.0
26680,86.0,236.0,0.0
26681,40.0,113.0,0.0
26682,149.0,492.0,0.0
26683,115.0,271.0,0.0
26684,222.0,188.0,0.0
26685,242.0,64.0,0.0
26686,92.0,394.0,0.0
26687,84.0,553.0,0.0
26688,254.0,387.0,0.0
26689,73.0,220.0,0.0
26690,90.0,166.0,0.0
26691,70.0,572.0,0.0
26692,108.0,159.0,0.0
26693,127.0,482.0,0.0
26694,0.0,450.0,0.0
26695,41.0,111.0,0.0
26696,133.0,415.0,0.0
26697,215.0,261.0,0.0
26698,176.0,421.0,0.0
26699,91.0,234.0,0.0
26700,183.0,158.0,0.0
26701,141.0,177.0,0.0
26702,19.0,206.0,0.0
26703,13.0,289.0,0.0
26704,118.0,509.0,0.0
26705,106.0,207.0,0.0
26706,92.0,595.0,0.0
26707,45.0,406.0,0.0
26708,144.0,300.0,0.0
26709,193.0,68.0,0.0
26710,263.0,512.0,0.0
26711,61.0,1.0,0.0
26712,60.0,431.0,0.0
26713,219.0,181.0,0.0
26714,135.0,32.0,0.0
26715,252.0,407.0,0.0
26716,33.0,580.0,0.0
26717,63.0,341.0,0.0
26718,54.0,134.0,0.0
26719,15.0,36.0,0.0
26720,191.0,228.0,0.0
26721,190.0,236.0,0.0
26722,8.0,161.0,0.0
26723,215.0,544.0,0.0
26724,220.0,243.0,0.0
26725,186.0,542.0,0.0
26726,113.0,428.0,0.0
26727,15.0,320.0,0.0
26728,131.0,485.0,0.0
26729,210.0,135.0,0.0
26730,152.0,151.0,0.0
26731,45.0,512.0,0.0
26732,249.0,202.0,0.0
26733,102.0,124.0,0.0
26734,87.0,371.0,0.0
26735,62.0,329.0,0.0
26736,174.0,333.0,0.0
26737,174.0,285.0,0.0
26738,66.0,226.0,0.0
26739,57.0,9.0,0.0
26740,196.0,206.0,0.0
26741,123.0,74.0,0.0
26742,122.0,135.0,0.0
26743,236.0,404.0,0.0
26744,79.0,493.0,0.0
26745,206.0,341.0,0.0
26746,254.0,172.0,0.0
26747,162.0,32.0,0.0
26748,18.0,218.0,0.0
26749,115.0,590.0,0.0
26750,176.0,43.0,0.0
26751,127.0,506.0,0.0
26752,173.0,532.0,0.0
26753,43.0,226.0,0.0
26754,190.0,214.0,0.0
26755,163.0,167.0,0.0
26756,231.0,522.0,0.0
26757,240.0,253.0,0.0
26758,236.0,438.0,0.0
26759,99.0,570.0,0.0
26760,154.0,76.0,0.0
26761,106.0,518.0,0.0
26762,126.0,324.0,0.0
26763,104.0,549.0,0.0
26764,66.0,196.0,0.0
26765,253.0,400.0,0.0
26766,172.0,371.0,0.0
26767,20.0,176.0,0.0
26768,162.0,556.0,0.0
26769,259.0,230.0,0.0
26770,176.0,432.0,0.0
26771,210.0,16.0,0.0
26772,27.0,210.0,0.0
26773,203.0,257.0,0.0
26774,263.0,72.0,0.0
26775,225.0,479.0,0.0
26776,57.0,133.0,0.0
26777,0.0,134.0,0.0
26778,264.0,323.0,0.0
26779,111.0,594.0,0.0
26780,56.0,19.0,0.0
26781,70.0,146.0,0.0
26782,217.0,312.0,0.0
26783,245.0,114.0,0.0
26784,93.0,450.0,0.0
26785,125.0,208.0,0.0
26786,137.0,235.0,0.0
26787,80.0,259.0,0.0
26788,203.0,312.0,0.0
26789,105.0,345.0,0.0
26790,195.0,250.0,0.0
26791,3.0,413.0,0.0
26792,226.0,438.0,0.0
26793,119.0,289.0,0.0
26794,253.0,327.0,0.0
26795,28.0,265.0,0.0
26796,184.0,64.0,0.0
26797,71.0,312.0,0.0
26798,3.0,148.0,0.0
26799,135.0,229.0,0.0
26800,44.0,109.0,0.0
26801,188.0,556.0,0.0
26802,187.0,566.0,0.0
26803,210.0,211.0,0.0
26804,42.0,287.0,0.0
26805,18.0,233.0,0.0
26806,99.0,441.0,0.0
26807,147.0,432.0,0.0
26808,193.0,277.0,0.0
26809,158.0,315.0,0.0
26810,114.0,470.0,0.0
26811,88.0,303.0,0.0
26812,56.0,3.0,0.0
26813,267.0,151.0,0.0
26814,176.0,73.0,0.0
26815,215.0,159.0,0.0
26816,34.0,533.0,0.0
26817,64.0,528.0,0.0
26818,113.0,268.0,0.0
26819,205.0,434.0,0.0
26820,18.0,488.0,0.0
26821,6.0,65.0,0.0
26822,24.0,304.0,0.0
26823,84.0,476.0,0.0
26824,18.0,278.0,0.0
26825,136.0,537.0,0.0
26826,143.0,35.0,0.0
26827,237.0,435.0,0.0
26828,265.0,91.0,0.0
26829,84.0,480.0,0.0
26830,78.0,353.0,0.0
26831,250.0,397.0,0.0
26832,248.0,509.0,0.0
26833,206.0,338.0,0.0
26834,246.0,144.0,0.0
26835,76.0,450.0,0.0
26836,65.0,313.0,0.0
26837,185.0,483.0,0.0
26838,71.0,264.0,0.0
26839,231.0,93.0,0.0
26840,217.0,559.0,0.0
26841,233.0,190.0,0.0
26842,189.0,580.0,0.0
26843,35.0,137.0,0.0
26844,117.0,442.0,0.0
26845,263.0,555.0,0.0
26846,133.0,322.0,0.0
26847,199.0,471.0,0.0
26848,21.0,98.0,0.0
26849,166.0,381.0,0.0
26850,237.0,291.0,0.0
26851,101.0,257.0,0.0
26852,80.0,446.0,0.0
26853,232.0,446.0,0.0
26854,258.0,37.0,0.0
26855,20.0,294.0,0.0
26856,26.0,249.0,0.0
26857,236.0,573.0,0.0
26858,88.0,124.0,0.0
26859,94.0,439.0,0.0
26860,173.0,438.0,0.0
26861,39.0,303.0,0.0
26862,251.0,93.0,0.0
26863,179.0,171.0,0.0
26864,246.0,203.0,0.0
26865,253.0,189.0,0.0
26866,22.0,276.0,0.0
26867,93.0,207.0,0.0
26868,120.0,320.0,0.0
26869,146.0,215.0,0.0
26870,210.0,400.0,0.0
26871,94.0,506.0,0.0
26872,185.0,310.0,0.0
26873,35.0,481.0,0.0
26874,71.0,128.0,0.0
26875,74.0,367.0,0.0
26876,201.0,146.0,0.0
26877,239.0,193.0,0.0
26878,40.0,495.0,0.0
26879,61.0,462.0,0.0
26880,267.0,513.0,0.0
26881,204.0,339.0,0.0
26882,238.0,16.0,0.0
26883,237.0,460.0,0.0
26884,4.0,328.0,0.0
26885,189.0,355.0,0.0
26886,56.0,279.0,0.0
26887,20.0,151.0,0.0
26888,156.0,105.0,0.0
26889,196.0,474.0,0.0
26890,251.0,247.0,0.0
26891,38.0,168.0,0.0
26892,199.0,79.0,0.0
26893,219.0,57.0,0.0
26894,142.0,508.0,0.0
26895,238.0,191.0,0.0
26896,99.0,591.0,0.0
26897,2.0,264.0,0.0
26898,132.0,15.0,0.0
26899,99.0,219.0,0.0
26900,60.0,102.0,0.0
26901,5.0,357.0,0.0
26902,259.0,32.0,0.0
26903,8.0,271.0,0.0
26904,7.0,532.0,0.0
26905,14.0,5.0,0.0
26906,198.0,219.0,0.0
26907,88.0,445.0,0.0
26908,62.0,127.0,0.0
26909,46.0,399.0,0.0
26910,213.0,334.0,0.0
26911,114.0,509.0,0.0
26912,53.0,83.0,0.0
26913,88.0,285.0,0.0
26914,9.0,106.0,0.0
26915,89.0,490.0,0.0
26916,203.0,60.0,0.0
26917,81.0,172.0,0.0
26918,175.0,258.0,0.0
26919,216.0,549.0,0.0
26920,27.0,516.0,0.0
26921,92.0,117.0,0.0
26922,17.0,173.0,0.0
26923,257.0,119.0,0.0
26924,9.0,169.0,0.0
26925,137.0,151.0,0.0
26926,258.0,331.0,0.0
26927,72.0,133.0,0.0
26928,61.0,249.0,0.0
26929,176.0,476.0,0.0
26930,163.0,486.0,0.0
26931,243.0,508.0,0.0
26932,113.0,456.0,0.0
26933,15.0,201.0,0.0
26934,186.0,514.0,0.0
26935,100.0,277.0,0.0
26936,185.0,90.0,0.0
26937,65.0,528.0,0.0
26938,84.0,490.0,0.0
26939,194.0,352.0,0.0
26940,51.0,249.0,0.0
26941,210.0,516.0,0.0
26942,126.0,262.0,0.0
26943,128.0,521.0,0.0
26944,265.0,55.0,0.0
26945,60.0,338.0,0.0
26946,266.0,503.0,0.0
26947,146.0,310.0,0.0
26948,209.0,396.0,0.0
26949,0.0,531.0,0.0
26950,242.0,366.0,0.0
26951,24.0,506.0,0.0
26952,73.0,134.0,0.0
26953,222.0,431.0,0.0
26954,36.0,229.0,0.0
26955,56.0,300.0,0.0
26956,135.0,388.0,0.0
26957,97.0,547.0,0.0
26958,37.0,136.0,0.0
26959,197.0,382.0,0.0
26960,80.0,57.0,0.0
26961,42.0,327.0,0.0
26962,247.0,183.0,0.0
26963,128.0,494.0,0.0
26964,45.0,536.0,0.0
26965,144.0,254.0,0.0
26966,254.0,556.0,0.0
26967,78.0,597.0,0.0
26968,179.0,475.0,0.0
26969,118.0,254.0,0.0
26970,143.0,141.0,0.0
26971,112.0,16.0,0.0
26972,114.0,103.0,0.0
26973,267.0,72.0,0.0
26974,203.0,471.0,0.0
26975,108.0,141.0,0.0
26976,93.0,292.0,0.0
26977,65.0,527.0,0.0
26978,34.0,295.0,0.0
26979,224.0,23.0,0.0
26980,10.0,570.0,0.0
26981,227.0,533.0,0.0
26982,154.0,192.0,0.0
26983,137.0,526.0,0.0
26984,33.0,203.0,0.0
26985,266.0,383.0,0.0
26986,71.0,94.0,0.0
26987,261.0,261.0,0.0
26988,267.0,516.0,0.0
26989,179.0,462.0,0.0
26990,220.0,429.0,0.0
26991,102.0,318.0,0.0
26992,127.0,243.0,0.0
26993,174.0,342.0,0.0
26994,80.0,153.0,0.0
26995,155.0,496.0,0.0
26996,249.0,243.0,0.0
26997,158.0,207.0,0.0
26998,98.0,142.0,0.0
26999,88.0,299.0,0.0
27000,201.0,25.0,0.0
27001,8.0,192.0,0.0
27002,183.0,537.0,0.0
27003,24.0,590.0,0.0
27004,257.0,451.0,0.0
27005,149.0,352.0,0.0
27006,179.0,580.0,0.0
27007,205.0,238.0,0.0
27008,75.0,102.0,0.0
27009,106.0,460.0,0.0
27010,187.0,334.0,0.0
27011,187.0,59.0,0.0
27012,189.0,511.0,0.0
27013,236.0,408.0,0.0
27014,220.0,443.0,0.0
27015,154.0,571.0,0.0
27016,84.0,119.0,0.0
27017,165.0,519.0,0.0
27018,66.0,15.0,0.0
27019,31.0,140.0,0.0
27020,144.0,65.0,0.0
27021,63.0,549.0,0.0
27022,54.0,401.0,0.0
27023,170.0,282.0,0.0
27024,17.0,507.0,0.0
27025,215.0,362.0,0.0
27026,54.0,424.0,0.0
27027,134.0,477.0,0.0
27028,30.0,138.0,0.0
27029,125.0,583.0,0.0
27030,96.0,108.0,0.0
27031,239.0,544.0,0.0
27032,259.0,482.0,0.0
27033,48.0,206.0,0.0
27034,171.0,476.0,0.0
27035,229.0,594.0,0.0
27036,257.0,423.0,0.0
27037,186.0,93.0,0.0
27038,34.0,53.0,0.0
27039,3.0,95.0,0.0
27040,234.0,249.0,0.0
27041,127.0,446.0,0.0
27042,156.0,468.0,0.0
27043,206.0,431.0,0.0
27044,181.0,488.0,0.0
27045,20.0,198.0,0.0
27046,61.0,21.0,0.0
27047,216.0,237.0,0.0
27048,45.0,170.0,0.0
27049,24.0,395.0,0.0
27050,174.0,178.0,0.0
27051,175.0,78.0,0.0
27052,247.0,521.0,0.0
27053,105.0,364.0,0.0
27054,101.0,86.0,0.0
27055,125.0,493.0,0.0
27056,267.0,498.0,0.0
27057,259.0,41.0,0.0
27058,202.0,294.0,0.0
27059,84.0,291.0,0.0
27060,88.0,420.0,0.0
27061,123.0,525.0,0.0
27062,90.0,96.0,0.0
27063,191.0,16.0,0.0
27064,39.0,155.0,0.0
27065,189.0,278.0,0.0
27066,185.0,595.0,0.0
27067,54.0,451.0,0.0
27068,116.0,130.0,0.0
27069,201.0,167.0,0.0
27070,174.0,367.0,0.0
27071,258.0,311.0,0.0
27072,183.0,2.0,0.0
27073,254.0,515.0,0.0
27074,106.0,455.0,0.0
27075,240.0,19.0,0.0
27076,177.0,372.0,0.0
27077,33.0,355.0,0.0
27078,205.0,185.0,0.0
27079,251.0,301.0,0.0
27080,33.0,231.0,0.0
27081,230.0,355.0,0.0
27082,133.0,411.0,0.0
27083,255.0,555.0,0.0
27084,196.0,447.0,0.0
27085,147.0,126.0,0.0
27086,227.0,104.0,0.0
27087,209.0,533.0,0.0
27088,259.0,358.0,0.0
27089,227.0,248.0,0.0
27090,1.0,196.0,0.0
27091,98.0,585.0,0.0
27092,208.0,429.0,0.0
27093,55.0,109.0,0.0
27094,123.0,209.0,0.0
27095,158.0,447.0,0.0
27096,256.0,586.0,0.0
27097,108.0,530.0,0.0
27098,73.0,5.0,0.0
27099,230.0,371.0,0.0
27100,236.0,255.0,0.0
27101,258.0,522.0,0.0
27102,125.0,105.0,0.0
27103,248.0,131.0,0.0
27104,112.0,595.0,0.0
27105,124.0,396.0,0.0
27106,166.0,48.0,0.0
27107,102.0,451.0,0.0
27108,260.0,480.0,0.0
27109,141.0,104.0,0.0
27110,31.0,254.0,0.0
27111,66.0,119.0,0.0
27112,58.0,586.0,0.0
27113,137.0,4.0,0.0
27114,198.0,109.0,0.0
27115,89.0,153.0,0.0
27116,120.0,519.0,0.0
27117,156.0,396.0,0.0
27118,115.0,263.0,0.0
27119,187.0,551.0,0.0
27120,255.0,222.0,0.0
27121,71.0,456.0,0.0
27122,67.0,453.0,0.0
27123,265.0,432.0,0.0
27124,35.0,475.0,0.0
27125,246.0,71.0,0.0
27126,196.0,350.0,0.0
27127,205.0,186.0,0.0
27128,264.0,362.0,0.0
27129,153.0,533.0,0.0
27130,173.0,562.0,0.0
27131,96.0,516.0,0.0
27132,209.0,158.0,0.0
27133,224.0,540.0,0.0
27134,63.0,298.0,0.0
27135,60.0,11.0,0.0
27136,226.0,220.0,0.0
27137,54.0,79.0,0.0
27138,107.0,490.0,0.0
27139,14.0,358.0,0.0
27140,146.0,298.0,0.0
27141,138.0,551.0,0.0
27142,96.0,591.0,0.0
27143,246.0,350.0,0.0
27144,137.0,60.0,0.0
27145,8.0,41.0,0.0
27146,0.0,222.0,0.0
27147,139.0,99.0,0.0
27148,170.0,385.0,0.0
27149,88.0,142.0,0.0
27150,103.0,347.0,0.0
27151,96.0,102.0,0.0
27152,218.0,165.0,0.0
27153,73.0,524.0,0.0
27154,13.0,64.0,0.0
27155,243.0,456.0,0.0
27156,213.0,440.0,0.0
27157,35.0,379.0,0.0
27158,120.0,308.0,0.0
27159,196.0,177.0,0.0
27160,62.0,291.0,0.0
27161,89.0,265.0,0.0
27162,117.0,509.0,0.0
27163,92.0,513.0,0.0
27164,17.0,421.0,0.0
27165,85.0,549.0,0.0
27166,227.0,330.0,0.0
27167,182.0,78.0,0.0
27168,40.0,234.0,0.0
27169,131.0,562.0,0.0
27170,35.0,553.0,0.0
27171,170.0,446.0,0.0
27172,107.0,277.0,0.0
27173,196.0,285.0,0.0
27174,267.0,540.0,0.0
27175,249.0,390.0,0.0
27176,154.0,400.0,0.0
27177,44.0,494.0,0.0
27178,141.0,201.0,0.0
27179,96.0,524.0,0.0
27180,128.0,374.0,0.0
27181,196.0,215.0,0.0
27182,189.0,432.0,0.0
27183,48.0,339.0,0.0
27184,159.0,381.0,0.0
27185,241.0,446.0,0.0
27186,246.0,530.0,0.0
27187,159.0,330.0,0.0
27188,86.0,596.0,0.0
27189,0.0,462.0,0.0
27190,113.0,547.0,0.0
27191,244.0,111.0,0.0
27192,231.0,337.0,0.0
27193,69.0,479.0,0.0
27194,135.0,79.0,0.0
27195,224.0,169.0,0.0
27196,135.0,498.0,0.0
27197,130.0,443.0,0.0
27198,267.0,348.0,0.0
27199,208.0,541.0,0.0
27200,192.0,0.0,0.0
27201,45.0,370.0,0.0
27202,203.0,504.0,0.0
27203,144.0,379.0,0.0
27204,66.0,500.0,0.0
27205,43.0,550.0,0.0
27206,44.0,217.0,0.0
27207,171.0,220.0,0.0
27208,238.0,18.0,0.0
27209,195.0,446.0,0.0
27210,8.0,551.0,0.0
27211,119.0,594.0,0.0
27212,207.0,473.0,0.0
27213,58.0,425.0,0.0
27214,164.0,402.0,0.0
27215,212.0,325.0,0.0
27216,50.0,22.0,0.0
27217,254.0,95.0,0.0
27218,0.0,330.0,0.0
27219,185.0,556.0,0.0
27220,116.0,583.0,0.0
27221,218.0,391.0,0.0
27222,174.0,37.0,0.0
27223,83.0,463.0,0.0
27224,264.0,427.0,0.0
27225,229.0,148.0,0.0
27226,42.0,434.0,0.0
27227,9.0,582.0,0.0
27228,128.0,519.0,0.0
27229,109.0,531.0,0.0
27230,145.0,312.0,0.0
27231,61.0,176.0,0.0
27232,267.0,40.0,0.0
27233,233.0,457.0,0.0
27234,181.0,521.0,0.0
27235,26.0,578.0,0.0
27236,188.0,53.0,0.0
27237,26.0,142.0,0.0
27238,110.0,2.0,0.0
27239,71.0,194.0,0.0
27240,68.0,409.0,0.0
27241,18.0,317.0,0.0
27242,15.0,17.0,0.0
27243,148.0,130.0,0.0
27244,204.0,377.0,0.0
27245,23.0,594.0,0.0
27246,255.0,450.0,0.0
27247,237.0,142.0,0.0
27248,160.0,486.0,0.0
27249,188.0,452.0,0.0
27250,240.0,408.0,0.0
27251,144.0,292.0,0.0
27252,9.0,188.0,0.0
27253,154.0,266.0,0.0
27254,243.0,382.0,0.0
27255,62.0,429.0,0.0
27256,22.0,526.0,0.0
27257,234.0,554.0,0.0
27258,109.0,293.0,0.0
27259,84.0,464.0,0.0
27260,200.0,538.0,0.0
27261,198.0,422.0,0.0
27262,231.0,538.0,0.0
27263,201.0,210.0,0.0
27264,136.0,134.0,0.0
27265,133.0,503.0,0.0
27266,45.0,340.0,0.0
27267,257.0,528.0,0.0
27268,33.0,436.0,0.0
27269,139.0,37.0,0.0
27270,210.0,31.0,0.0
27271,58.0,470.0,0.0
27272,210.0,477.0,0.0
27273,195.0,418.0,0.0
27274,268.0,480.0,0.0
27275,261.0,57.0,0.0
27276,24.0,160.0,0.0
27277,64.0,529.0,0.0
27278,14.0,44.0,0.0
27279,89.0,515.0,0.0
27280,239.0,414.0,0.0
27281,118.0,133.0,0.0
27282,10.0,103.0,0.0
27283,140.0,300.0,0.0
27284,179.0,400.0,0.0
27285,155.0,498.0,0.0
27286,214.0,372.0,0.0
27287,93.0,27.0,0.0
27288,12.0,557.0,0.0
27289,178.0,58.0,0.0
27290,127.0,252.0,0.0
27291,243.0,340.0,0.0
27292,126.0,294.0,0.0
27293,87.0,469.0,0.0
27294,24.0,358.0,0.0
27295,211.0,457.0,0.0
27296,22.0,332.0,0.0
27297,202.0,68.0,0.0
27298,10.0,496.0,0.0
27299,117.0,33.0,0.0
27300,92.0,156.0,0.0
27301,88.0,239.0,0.0
27302,91.0,235.0,0.0
27303,83.0,223.0,0.0
27304,105.0,221.0,0.0
27305,256.0,422.0,0.0
27306,153.0,186.0,0.0
27307,192.0,200.0,0.0
27308,242.0,574.0,0.0
27309,181.0,154.0,0.0
27310,128.0,71.0,0.0
27311,207.0,427.0,0.0
27312,266.0,446.0,0.0
27313,212.0,463.0,0.0
27314,0.0,304.0,0.0
27315,13.0,494.0,0.0
27316,41.0,76.0,0.0
27317,109.0,591.0,0.0
27318,58.0,100.0,0.0
27319,14.0,204.0,0.0
27320,94.0,203.0,0.0
27321,56.0,560.0,0.0
27322,230.0,397.0,0.0
27323,43.0,145.0,0.0
27324,265.0,405.0,0.0
27325,248.0,139.0,0.0
27326,226.0,6.0,0.0
27327,200.0,224.0,0.0
27328,241.0,213.0,0.0
27329,48.0,313.0,0.0
27330,51.0,428.0,0.0
27331,228.0,33.0,0.0
27332,174.0,98.0,0.0
27333,243.0,486.0,0.0
27334,106.0,14.0,0.0
27335,129.0,21.0,0.0
27336,211.0,425.0,0.0
27337,218.0,549.0,0.0
27338,24.0,493.0,0.0
27339,206.0,45.0,0.0
27340,267.0,184.0,0.0
27341,240.0,57.0,0.0
27342,2.0,180.0,0.0
27343,146.0,555.0,0.0
27344,97.0,250.0,0.0
27345,189.0,534.0,0.0
27346,180.0,410.0,0.0
27347,57.0,535.0,0.0
27348,137.0,243.0,0.0
27349,210.0,5.0,0.0
27350,245.0,592.0,0.0
27351,120.0,57.0,0.0
27352,21.0,221.0,0.0
27353,218.0,352.0,0.0
27354,192.0,136.0,0.0
27355,207.0,487.0,0.0
27356,67.0,381.0,0.0
27357,101.0,276.0,0.0
27358,253.0,123.0,0.0
27359,204.0,437.0,0.0
27360,210.0,215.0,0.0
27361,238.0,474.0,0.0
27362,9.0,125.0,0.0
27363,71.0,180.0,0.0
27364,249.0,255.0,0.0
27365,250.0,486.0,0.0
27366,259.0,301.0,0.0
27367,166.0,251.0,0.0
27368,27.0,443.0,0.0
27369,143.0,198.0,0.0
27370,89.0,45.0,0.0
27371,136.0,327.0,0.0
27372,224.0,586.0,0.0
27373,221.0,113.0,0.0
27374,225.0,584.0,0.0
27375,68.0,404.0,0.0
27376,163.0,428.0,0.0
27377,185.0,62.0,0.0
27378,177.0,297.0,0.0
27379,88.0,476.0,0.0
27380,54.0,372.0,0.0
27381,127.0,365.0,0.0
27382,27.0,379.0,0.0
27383,176.0,318.0,0.0
27384,38.0,326.0,0.0
27385,51.0,134.0,0.0
27386,124.0,161.0,0.0
27387,238.0,252.0,0.0
27388,57.0,290.0,0.0
27389,256.0,355.0,0.0
27390,40.0,281.0,0.0
27391,164.0,468.0,0.0
27392,46.0,184.0,0.0
27393,45.0,110.0,0.0
27394,64.0,508.0,0.0
27395,80.0,449.0,0.0
27396,112.0,558.0,0.0
27397,254.0,215.0,0.0
27398,128.0,157.0,0.0
27399,197.0,12.0,0.0
27400,256.0,405.0,0.0
27401,251.0,86.0,0.0
27402,48.0,454.0,0.0
27403,119.0,209.0,0.0
27404,176.0,130.0,0.0
27405,38.0,92.0,0.0
27406,142.0,263.0,0.0
27407,197.0,285.0,0.0
27408,141.0,334.0,0.0
27409,6.0,177.0,0.0
27410,241.0,351.0,0.0
27411,23.0,21.0,0.0
27412,185.0,31.0,0.0
27413,134.0,540.0,0.0
27414,202.0,521.0,0.0
27415,77.0,492.0,0.0
27416,52.0,335.0,0.0
27417,8.0,499.0,0.0
27418,140.0,335.0,0.0
27419,250.0,445.0,0.0
27420,239.0,580.0,0.0
27421,166.0,226.0,0.0
27422,264.0,432.0,0.0
27423,241.0,449.0,0.0
27424,3.0,385.0,0.0
27425,174.0,146.0,0.0
27426,205.0,102.0,0.0
27427,110.0,488.0,0.0
27428,133.0,407.0,0.0
27429,164.0,148.0,0.0
27430,74.0,177.0,0.0
27431,211.0,359.0,0.0
27432,61.0,26.0,0.0
27433,267.0,78.0,0.0
27434,36.0,389.0,0.0
27435,155.0,172.0,0.0
27436,104.0,83.0,0.0
27437,148.0,403.0,0.0
27438,182.0,90.0,0.0
27439,183.0,425.0,0.0
27440,28.0,251.0,0.0
27441,41.0,32.0,0.0
27442,140.0,520.0,0.0
27443,196.0,157.0,0.0
27444,106.0,596.0,0.0
27445,143.0,395.0,0.0
27446,163.0,399.0,0.0
27447,129.0,402.0,0.0
27448,249.0,519.0,0.0
27449,27.0,256.0,0.0
27450,4.0,152.0,0.0
27451,65.0,318.0,0.0
27452,192.0,400.0,0.0
27453,246.0,243.0,0.0
27454,71.0,53.0,0.0
27455,123.0,540.0,0.0
27456,135.0,126.0,0.0
27457,181.0,237.0,0.0
27458,253.0,473.0,0.0
27459,173.0,324.0,0.0
27460,129.0,72.0,0.0
27461,203.0,536.0,0.0
27462,181.0,77.0,0.0
27463,193.0,405.0,0.0
27464,16.0,429.0,0.0
27465,124.0,43.0,0.0
27466,5.0,475.0,0.0
27467,141.0,596.0,0.0
27468,190.0,203.0,0.0
27469,117.0,119.0,0.0
27470,254.0,295.0,0.0
27471,239.0,73.0,0.0
27472,142.0,447.0,0.0
27473,12.0,69.0,0.0
27474,33.0,202.0,0.0
27475,72.0,3.0,0.0
27476,161.0,346.0,0.0
27477,134.0,264.0,0.0
27478,249.0,287.0,0.0
27479,77.0,103.0,0.0
27480,11.0,394.0,0.0
27481,83.0,455.0,0.0
27482,210.0,395.0,0.0
27483,172.0,433.0,0.0
27484,227.0,36.0,0.0
27485,119.0,77.0,0.0
27486,28.0,541.0,0.0
27487,125.0,38.0,0.0
27488,38.0,436.0,0.0
27489,7.0,195.0,0.0
27490,99.0,463.0,0.0
27491,232.0,347.0,0.0
27492,251.0,395.0,0.0
27493,15.0,362.0,0.0
27494,216.0,203.0,0.0
27495,41.0,85.0,0.0
27496,199.0,593.0,0.0
27497,89.0,306.0,0.0
27498,102.0,7.0,0.0
27499,206.0,233.0,0.0
27500,267.0,382.0,0.0
27501,151.0,114.0,0.0
27502,258.0,508.0,0.0
27503,153.0,252.0,0.0
27504,184.0,488.0,0.0
27505,227.0,571.0,0.0
27506,217.0,75.0,0.0
27507,67.0,273.0,0.0
27508,66.0,0.0,0.0
27509,78.0,257.0,0.0
27510,60.0,275.0,0.0
27511,209.0,444.0,0.0
27512,138.0,328.0,0.0
27513,94.0,163.0,0.0
27514,74.0,40.0,0.0
27515,261.0,266.0,0.0
27516,168.0,522.0,0.0
27517,0.0,361.0,0.0
27518,74.0,414.0,0.0
27519,60.0,569.0,0.0
27520,255.0,333.0,0.0
27521,257.0,381.0,0.0
27522,154.0,345.0,0.0
27523,77.0,533.0,0.0
27524,260.0,497.0,0.0
27525,132.0,453.0,0.0
27526,88.0,174.0,0.0
27527,186.0,250.0,0.0
27528,212.0,107.0,0.0
27529,72.0,316.0,0.0
27530,188.0,343.0,0.0
27531,213.0,249.0,0.0
27532,248.0,332.0,0.0
27533,118.0,493.0,0.0
27534,215.0,331.0,0.0
27535,131.0,596.0,0.0
27536,250.0,249.0,0.0
27537,179.0,588.0,0.0
27538,142.0,331.0,0.0
27539,219.0,465.0,0.0
27540,231.0,324.0,0.0
27541,230.0,290.0,0.0
27542,180.0,44.0,0.0
27543,61.0,563.0,0.0
27544,79.0,67.0,0.0
27545,31.0,357.0,0.0
27546,57.0,67.0,0.0
27547,255.0,232.0,0.0
27548,71.0,308.0,0.0
27549,174.0,387.0,0.0
27550,20.0,83.0,0.0
27551,161.0,296.0,0.0
27552,26.0,200.0,0.0
27553,216.0,270.0,0.0
27554,224.0,396.0,0.0
27555,220.0,439.0,0.0
27556,51.0,304.0,0.0
27557,74.0,304.0,0.0
27558,66.0,387.0,0.0
27559,107.0,589.0,0.0
27560,220.0,468.0,0.0
27561,117.0,494.0,0.0
27562,151.0,282.0,0.0
27563,107.0,178.0,0.0
27564,139.0,439.0,0.0
27565,232.0,309.0,0.0
27566,98.0,569.0,0.0
27567,177.0,87.0,0.0
27568,255.0,255.0,0.0
27569,30.0,309.0,0.0
27570,152.0,453.0,0.0
27571,32.0,241.0,0.0
27572,107.0,155.0,0.0
27573,196.0,286.0,0.0
27574,78.0,289.0,0.0
27575,242.0,21.0,0.0
27576,174.0,274.0,0.0
27577,197.0,539.0,0.0
27578,150.0,241.0,0.0
27579,206.0,261.0,0.0
27580,66.0,79.0,0.0
27581,117.0,83.0,0.0
27582,155.0,567.0,0.0
27583,99.0,399.0,0.0
27584,40.0,575.0,0.0
27585,68.0,125.0,0.0
27586,238.0,314.0,0.0
27587,144.0,431.0,0.0
27588,148.0,69.0,0.0
27589,133.0,132.0,0.0
27590,193.0,550.0,0.0
27591,71.0,225.0,0.0
27592,45.0,267.0,0.0
27593,217.0,463.0,0.0
27594,67.0,116.0,0.0
27595,85.0,503.0,0.0
27596,257.0,412.0,0.0
27597,191.0,225.0,0.0
27598,143.0,558.0,0.0
27599,181.0,326.0,0.0
27600,42.0,153.0,0.0
27601,222.0,184.0,0.0
27602,196.0,316.0,0.0
27603,251.0,190.0,0.0
27604,225.0,117.0,0.0
27605,104.0,531.0,0.0
27606,88.0,240.0,0.0
27607,266.0,462.0,0.0
27608,172.0,131.0,0.0
27609,207.0,285.0,0.0
27610,28.0,25.0,0.0
27611,55.0,531.0,0.0
27612,0.0,530.0,0.0
27613,212.0,260.0,0.0
27614,29.0,470.0,0.0
27615,203.0,126.0,0.0
27616,197.0,170.0,0.0
27617,73.0,365.0,0.0
27618,176.0,289.0,0.0
27619,172.0,12.0,0.0
27620,198.0,48.0,0.0
27621,107.0,527.0,0.0
27622,163.0,556.0,0.0
27623,66.0,375.0,0.0
27624,21.0,330.0,0.0
27625,71.0,41.0,0.0
27626,165.0,65.0,0.0
27627,84.0,342.0,0.0
27628,173.0,420.0,0.0
27629,220.0,498.0,0.0
27630,194.0,57.0,0.0
27631,76.0,86.0,0.0
27632,201.0,61.0,0.0
27633,131.0,118.0,0.0
27634,20.0,31.0,0.0
27635,171.0,495.0,0.0
27636,248.0,409.0,0.0
27637,254.0,29.0,0.0
27638,9.0,398.0,0.0
27639,107.0,308.0,0.0
27640,36.0,479.0,0.0
27641,210.0,41.0,0.0
27642,139.0,187.0,0.0
27643,93.0,518.0,0.0
27644,186.0,244.0,0.0
27645,167.0,462.0,0.0
27646,11.0,127.0,0.0
27647,65.0,472.0,0.0
27648,81.0,380.0,0.0
27649,125.0,45.0,0.0
27650,110.0,170.0,0.0
27651,44.0,461.0,0.0
27652,168.0,95.0,0.0
27653,53.0,583.0,0.0
27654,70.0,212.0,0.0
27655,47.0,65.0,0.0
27656,42.0,414.0,0.0
27657,228.0,191.0,0.0
27658,184.0,292.0,0.0
27659,190.0,102.0,0.0
27660,172.0,150.0,0.0
27661,45.0,36.0,0.0
27662,121.0,289.0,0.0
27663,26.0,224.0,0.0
27664,151.0,307.0,0.0
27665,182.0,464.0,0.0
27666,257.0,42.0,0.0
27667,58.0,56.0,0.0
27668,245.0,32.0,0.0
27669,192.0,404.0,0.0
27670,35.0,202.0,0.0
27671,257.0,458.0,0.0
27672,210.0,67.0,0.0
27673,24.0,179.0,0.0
27674,120.0,70.0,0.0
27675,7.0,217.0,0.0
27676,23.0,542.0,0.0
27677,62.0,439.0,0.0
27678,172.0,412.0,0.0
27679,18.0,123.0,0.0
27680,150.0,565.0,0.0
27681,245.0,212.0,0.0
27682,140.0,546.0,0.0
27683,31.0,473.0,0.0
27684,197.0,311.0,0.0
27685,126.0,445.0,0.0
27686,268.0,522.0,0.0
27687,133.0,539.0,0.0
27688,85.0,459.0,0.0
27689,23.0,184.0,0.0
27690,232.0,441.0,0.0
27691,19.0,410.0,0.0
27692,154.0,272.0,0.0
27693,185.0,421.0,0.0
27694,107.0,555.0,0.0
27695,60.0,60.0,0.0
27696,58.0,402.0,0.0
27697,54.0,337.0,0.0
27698,255.0,186.0,0.0
27699,13.0,470.0,0.0
27700,46.0,504.0,0.0
27701,135.0,487.0,0.0
27702,54.0,61.0,0.0
27703,76.0,134.0,0.0
27704,253.0,78.0,0.0
27705,41.0,476.0,0.0
27706,140.0,230.0,0.0
27707,212.0,543.0,0.0
27708,24.0,338.0,0.0
27709,32.0,468.0,0.0
27710,58.0,451.0,0.0
27711,268.0,10.0,0.0
27712,216.0,44.0,0.0
27713,186.0,236.0,0.0
27714,72.0,131.0,0.0
27715,48.0,385.0,0.0
27716,260.0,522.0,0.0
27717,62.0,56.0,0.0
27718,239.0,255.0,0.0
27719,201.0,149.0,0.0
27720,134.0,305.0,0.0
27721,16.0,100.0,0.0
27722,107.0,34.0,0.0
27723,54.0,490.0,0.0
27724,61.0,285.0,0.0
27725,151.0,382.0,0.0
27726,30.0,118.0,0.0
27727,237.0,514.0,0.0
27728,161.0,156.0,0.0
27729,58.0,287.0,0.0
27730,26.0,382.0,0.0
27731,113.0,436.0,0.0
27732,46.0,561.0,0.0
27733,250.0,232.0,0.0
27734,261.0,142.0,0.0
27735,146.0,240.0,0.0
27736,181.0,490.0,0.0
27737,2.0,224.0,0.0
27738,198.0,251.0,0.0
27739,103.0,479.0,0.0
27740,23.0,350.0,0.0
27741,173.0,227.0,0.0
27742,233.0,15.0,0.0
27743,84.0,484.0,0.0
27744,180.0,270.0,0.0
27745,45.0,156.0,0.0
27746,171.0,59.0,0.0
27747,70.0,314.0,0.0
27748,119.0,271.0,0.0
27749,240.0,99.0,0.0
27750,156.0,187.0,0.0
27751,224.0,458.0,0.0
27752,243.0,337.0,0.0
27753,134.0,183.0,0.0
27754,137.0,64.0,0.0
27755,196.0,576.0,0.0
27756,58.0,519.0,0.0
27757,50.0,136.0,0.0
27758,156.0,279.0,0.0
27759,4.0,57.0,0.0
27760,146.0,536.0,0.0
27761,24.0,225.0,0.0
27762,214.0,15.0,0.0
27763,25.0,296.0,0.0
27764,171.0,290.0,0.0
27765,119.0,440.0,0.0
27766,91.0,184.0,0.0
27767,31.0,138.0,0.0
27768,2.0,163.0,0.0
27769,139.0,145.0,0.0
27770,151.0,510.0,0.0
27771,2.0,65.0,0.0
27772,68.0,498.0,0.0
27773,109.0,461.0,0.0
27774,101.0,509.0,0.0
27775,2.0,155.0,0.0
27776,146.0,282.0,0.0
27777,209.0,57.0,0.0
27778,230.0,37.0,0.0
27779,50.0,337.0,0.0
27780,229.0,375.0,0.0
27781,118.0,428.0,0.0
27782,1.0,182.0,0.0
27783,158.0,160.0,0.0
27784,156.0,585.0,0.0
27785,49.0,322.0,0.0
27786,117.0,448.0,0.0
27787,21.0,544.0,0.0
27788,45.0,265.0,0.0
27789,35.0,198.0,0.0
27790,109.0,244.0,0.0
27791,233.0,503.0,0.0
27792,47.0,180.0,0.0
27793,59.0,107.0,0.0
27794,30.0,94.0,0.0
27795,245.0,495.0,0.0
27796,48.0,95.0,0.0
27797,0.0,44.0,0.0
27798,168.0,544.0,0.0
27799,41.0,20.0,0.0
27800,92.0,421.0,0.0
27801,33.0,250.0,0.0
27802,264.0,142.0,0.0
27803,266.0,566.0,0.0
27804,99.0,193.0,0.0
27805,118.0,49.0,0.0
27806,268.0,126.0,0.0
27807,32.0,138.0,0.0
27808,68.0,230.0,0.0
27809,236.0,354.0,0.0
27810,99.0,421.0,0.0
27811,206.0,33.0,0.0
27812,246.0,285.0,0.0
27813,95.0,483.0,0.0
27814,252.0,301.0,0.0
27815,91.0,516.0,0.0
27816,170.0,9.0,0.0
27817,83.0,592.0,0.0
27818,182.0,506.0,0.0
27819,238.0,350.0,0.0
27820,60.0,16.0,0.0
27821,115.0,538.0,0.0
27822,142.0,572.0,0.0
27823,100.0,586.0,0.0
27824,5.0,590.0,0.0
27825,262.0,28.0,0.0
27826,34.0,510.0,0.0
27827,124.0,75.0,0.0
27828,243.0,310.0,0.0
27829,226.0,379.0,0.0
27830,14.0,289.0,0.0
27831,198.0,194.0,0.0
27832,213.0,493.0,0.0
27833,231.0,167.0,0.0
27834,9.0,322.0,0.0
27835,179.0,561.0,0.0
27836,41.0,166.0,0.0
27837,193.0,433.0,0.0
27838,70.0,522.0,0.0
27839,97.0,229.0,0.0
27840,265.0,473.0,0.0
27841,17.0,303.0,0.0
27842,112.0,301.0,0.0
27843,74.0,27.0,0.0
27844,0.0,127.0,0.0
27845,49.0,377.0,0.0
27846,254.0,574.0,0.0
27847,167.0,518.0,0.0
27848,95.0,469.0,0.0
27849,2.0,457.0,0.0
27850,42.0,418.0,0.0
27851,125.0,572.0,0.0
27852,90.0,361.0,0.0
27853,15.0,336.0,0.0
27854,66.0,432.0,0.0
27855,162.0,477.0,0.0
27856,143.0,449.0,0.0
27857,35.0,141.0,0.0
27858,213.0,308.0,0.0
27859,39.0,208.0,0.0
27860,194.0,219.0,0.0
27861,95.0,83.0,0.0
27862,4.0,590.0,0.0
27863,80.0,262.0,0.0
27864,35.0,454.0,0.0
27865,262.0,510.0,0.0
27866,142.0,165.0,0.0
27867,61.0,335.0,0.0
27868,90.0,1.0,0.0
27869,59.0,127.0,0.0
27870,2.0,361.0,0.0
27871,58.0,33.0,0.0
27872,121.0,90.0,0.0
27873,223.0,441.0,0.0
27874,166.0,327.0,0.0
27875,143.0,138.0,0.0
27876,208.0,505.0,0.0
27877,178.0,409.0,0.0
27878,220.0,66.0,0.0
27879,46.0,119.0,0.0
27880,218.0,253.0,0.0
27881,140.0,75.0,0.0
27882,78.0,483.0,0.0
27883,139.0,16.0,0.0
27884,104.0,24.0,0.0
27885,168.0,156.0,0.0
27886,0.0,204.0,0.0
27887,108.0,322.0,0.0
27888,52.0,57.0,0.0
27889,93.0,438.0,0.0
27890,69.0,497.0,0.0
27891,19.0,158.0,0.0
27892,155.0,272.0,0.0
27893,61.0,363.0,0.0
27894,77.0,425.0,0.0
27895,163.0,430.0,0.0
27896,177.0,400.0,0.0
27897,200.0,21.0,0.0
27898,86.0,540.0,0.0
27899,184.0,378.0,0.0
27900,206.0,19.0,0.0
27901,209.0,149.0,0.0
27902,239.0,568.0,0.0
27903,29.0,181.0,0.0
27904,239.0,215.0,0.0
27905,127.0,204.0,0.0
27906,107.0,180.0,0.0
27907,121.0,503.0,0.0
27908,113.0,357.0,0.0
27909,147.0,586.0,0.0
27910,233.0,121.0,0.0
27911,81.0,327.0,0.0
27912,237.0,20.0,0.0
27913,45.0,523.0,0.0
27914,138.0,101.0,0.0
27915,148.0,17.0,0.0
27916,101.0,444.0,0.0
27917,165.0,393.0,0.0
27918,253.0,506.0,0.0
27919,65.0,57.0,0.0
27920,15.0,552.0,0.0
27921,88.0,438.0,0.0
27922,179.0,486.0,0.0
27923,26.0,78.0,0.0
27924,27.0,585.0,0.0
27925,255.0,377.0,0.0
27926,256.0,349.0,0.0
27927,82.0,428.0,0.0
27928,12.0,25.0,0.0
27929,149.0,182.0,0.0
27930,120.0,329.0,0.0
27931,216.0,316.0,0.0
27932,237.0,480.0,0.0
27933,92.0,164.0,0.0
27934,141.0,433.0,0.0
27935,99.0,40.0,0.0
27936,172.0,440.0,0.0
27937,88.0,181.0,0.0
27938,183.0,260.0,0.0
27939,99.0,123.0,0.0
27940,104.0,235.0,0.0
27941,123.0,193.0,0.0
27942,165.0,532.0,0.0
27943,230.0,495.0,0.0
27944,197.0,374.0,0.0
27945,254.0,398.0,0.0
27946,58.0,380.0,0.0
27947,257.0,135.0,0.0
27948,125.0,434.0,0.0
27949,238.0,584.0,0.0
27950,153.0,182.0,0.0
27951,150.0,576.0,0.0
27952,191.0,59.0,0.0
27953,137.0,331.0,0.0
27954,213.0,416.0,0.0
27955,237.0,524.0,0.0
27956,169.0,461.0,0.0
27957,121.0,400.0,0.0
27958,88.0,105.0,0.0
27959,73.0,223.0,0.0
27960,210.0,407.0,0.0
27961,203.0,411.0,0.0
27962,146.0,489.0,0.0
27963,149.0,252.0,0.0
27964,147.0,101.0,0.0
27965,40.0,53.0,0.0
27966,192.0,548.0,0.0
27967,214.0,313.0,0.0
27968,64.0,249.0,0.0
27969,205.0,262.0,0.0
27970,84.0,176.0,0.0
27971,12.0,162.0,0.0
27972,38.0,290.0,0.0
27973,150.0,55.0,0.0
27974,137.0,57.0,0.0
27975,190.0,350.0,0.0
27976,133.0,139.0,0.0
27977,105.0,180.0,0.0
27978,151.0,456.0,0.0
27979,124.0,527.0,0.0
27980,110.0,460.0,0.0
27981,153.0,440.0,0.0
27982,237.0,125.0,0.0
27983,92.0,525.0,0.0
27984,63.0,109.0,0.0
27985,117.0,295.0,0.0
27986,131.0,560.0,0.0
27987,157.0,69.0,0.0
27988,34.0,578.0,0.0
27989,213.0,63.0,0.0
27990,256.0,559.0,0.0
27991,138.0,260.0,0.0
27992,225.0,315.0,0.0
27993,33.0,341.0,0.0
27994,167.0,63.0,0.0
27995,72.0,576.0,0.0
27996,213.0,216.0,0.0
27997,213.0,571.0,0.0
27998,54.0,166.0,0.0
27999,33.0,204.0,0.0
28000,124.0,240.0,0.0
28001,56.0,536.0,0.0
28002,253.0,90.0,0.0
28003,205.0,415.0,0.0
28004,68.0,162.0,0.0
28005,100.0,483.0,0.0
28006,42.0,54.0,0.0
28007,244.0,327.0,0.0
28008,252.0,423.0,0.0
28009,70.0,125.0,0.0
28010,231.0,377.0,0.0
28011,75.0,136.0,0.0
28012,54.0,456.0,0.0
28013,155.0,544.0,0.0
28014,220.0,455.0,0.0
28015,183.0,142.0,0.0
28016,209.0,563.0,0.0
28017,0.0,516.0,0.0
28018,97.0,74.0,0.0
28019,109.0,95.0,0.0
28020,251.0,553.0,0.0
28021,107.0,318.0,0.0
28022,159.0,117.0,0.0
28023,168.0,433.0,0.0
28024,136.0,502.0,0.0
28025,69.0,561.0,0.0
28026,67.0,592.0,0.0
28027,52.0,408.0,0.0
28028,86.0,180.0,0.0
28029,67.0,578.0,0.0
28030,94.0,18.0,0.0
28031,202.0,576.0,0.0
28032,50.0,211.0,0.0
28033,31.0,76.0,0.0
28034,215.0,518.0,0.0
28035,245.0,126.0,0.0
28036,172.0,55.0,0.0
28037,60.0,342.0,0.0
28038,210.0,19.0,0.0
28039,135.0,358.0,0.0
28040,141.0,361.0,0.0
28041,165.0,149.0,0.0
28042,131.0,312.0,0.0
28043,264.0,553.0,0.0
28044,45.0,226.0,0.0
28045,79.0,140.0,0.0
28046,259.0,319.0,0.0
28047,239.0,362.0,0.0
28048,32.0,210.0,0.0
28049,20.0,211.0,0.0
28050,210.0,394.0,0.0
28051,39.0,498.0,0.0
28052,258.0,440.0,0.0
28053,66.0,254.0,0.0
28054,58.0,236.0,0.0
28055,77.0,342.0,0.0
28056,167.0,475.0,0.0
28057,125.0,96.0,0.0
28058,97.0,260.0,0.0
28059,163.0,451.0,0.0
28060,56.0,476.0,0.0
28061,158.0,409.0,0.0
28062,209.0,238.0,0.0
28063,156.0,61.0,0.0
28064,29.0,595.0,0.0
28065,194.0,198.0,0.0
28066,236.0,218.0,0.0
28067,128.0,406.0,0.0
28068,25.0,489.0,0.0
28069,24.0,165.0,0.0
28070,153.0,193.0,0.0
28071,242.0,512.0,0.0
28072,179.0,351.0,0.0
28073,212.0,521.0,0.0
28074,209.0,464.0,0.0
28075,156.0,354.0,0.0
28076,79.0,242.0,0.0
28077,155.0,370.0,0.0
28078,158.0,170.0,0.0
28079,239.0,332.0,0.0
28080,160.0,524.0,0.0
28081,68.0,480.0,0.0
28082,41.0,209.0,0.0
28083,36.0,440.0,0.0
28084,167.0,213.0,0.0
28085,73.0,62.0,0.0
28086,35.0,370.0,0.0
28087,72.0,546.0,0.0
28088,13.0,315.0,0.0
28089,46.0,230.0,0.0
28090,226.0,428.0,0.0
28091,251.0,32.0,0.0
28092,209.0,541.0,0.0
28093,247.0,6.0,0.0
28094,12.0,278.0,0.0
28095,44.0,303.0,0.0
28096,42.0,141.0,0.0
28097,158.0,555.0,0.0
28098,33.0,135.0,0.0
28099,224.0,183.0,0.0
28100,215.0,516.0,0.0
28101,195.0,168.0,0.0
28102,53.0,203.0,0.0
28103,238.0,148.0,0.0
28104,231.0,172.0,0.0
28105,256.0,175.0,0.0
28106,75.0,88.0,0.0
28107,14.0,487.0,0.0
28108,136.0,576.0,0.0
28109,221.0,111.0,0.0
28110,205.0,71.0,0.0
28111,221.0,510.0,0.0
28112,2.0,193.0,0.0
28113,54.0,322.0,0.0
28114,16.0,229.0,0.0
28115,105.0,568.0,0.0
28116,168.0,199.0,0.0
28117,182.0,229.0,0.0
28118,48.0,406.0,0.0
28119,220.0,549.0,0.0
28120,206.0,574.0,0.0
28121,47.0,334.0,0.0
28122,99.0,327.0,0.0
28123,114.0,235.0,0.0
28124,253.0,166.0,0.0
28125,66.0,417.0,0.0
28126,197.0,483.0,0.0
28127,79.0,115.0,0.0
28128,6.0,577.0,0.0
28129,47.0,218.0,0.0
28130,49.0,73.0,0.0
28131,162.0,517.0,0.0
28132,199.0,557.0,0.0
28133,155.0,347.0,0.0
28134,239.0,480.0,0.0
28135,212.0,393.0,0.0
28136,159.0,459.0,0.0
28137,128.0,556.0,0.0
28138,65.0,268.0,0.0
28139,215.0,119.0,0.0
28140,39.0,161.0,0.0
28141,151.0,418.0,0.0
28142,37.0,435.0,0.0
28143,50.0,196.0,0.0
28144,76.0,279.0,0.0
28145,41.0,18.0,0.0
28146,210.0,107.0,0.0
28147,227.0,118.0,0.0
28148,133.0,446.0,0.0
28149,71.0,116.0,0.0
28150,177.0,267.0,0.0
28151,57.0,530.0,0.0
28152,139.0,359.0,0.0
28153,74.0,535.0,0.0
28154,136.0,373.0,0.0
28155,150.0,420.0,0.0
28156,174.0,232.0,0.0
28157,31.0,585.0,0.0
28158,52.0,566.0,0.0
28159,186.0,288.0,0.0
28160,30.0,257.0,0.0
28161,192.0,558.0,0.0
28162,227.0,269.0,0.0
28163,102.0,114.0,0.0
28164,210.0,505.0,0.0
28165,213.0,192.0,0.0
28166,54.0,230.0,0.0
28167,254.0,509.0,0.0
28168,75.0,476.0,0.0
28169,81.0,497.0,0.0
28170,176.0,571.0,0.0
28171,49.0,523.0,0.0
28172,198.0,248.0,0.0
28173,105.0,19.0,0.0
28174,211.0,560.0,0.0
28175,172.0,9.0,0.0
28176,172.0,581.0,0.0
28177,209.0,258.0,0.0
28178,19.0,585.0,0.0
28179,104.0,524.0,0.0
28180,17.0,511.0,0.0
28181,75.0,298.0,0.0
28182,62.0,554.0,0.0
28183,30.0,43.0,0.0
28184,107.0,125.0,0.0
28185,48.0,12.0,0.0
28186,61.0,401.0,0.0
28187,155.0,348.0,0.0
28188,133.0,414.0,0.0
28189,19.0,382.0,0.0
28190,140.0,134.0,0.0
28191,29.0,392.0,0.0
28192,77.0,177.0,0.0
28193,125.0,522.0,0.0
28194,175.0,456.0,0.0
28195,239.0,441.0,0.0
28196,108.0,64.0,0.0
28197,262.0,22.0,0.0
28198,199.0,507.0,0.0
28199,254.0,485.0,0.0
28200,246.0,179.0,0.0
28201,85.0,502.0,0.0
28202,244.0,178.0,0.0
28203,249.0,215.0,0.0
28204,54.0,310.0,0.0
28205,13.0,275.0,0.0
28206,82.0,210.0,0.0
28207,205.0,14.0,0.0
28208,250.0,300.0,0.0
28209,88.0,251.0,0.0
28210,190.0,407.0,0.0
28211,185.0,301.0,0.0
28212,222.0,81.0,0.0
28213,126.0,29.0,0.0
28214,32.0,72.0,0.0
28215,114.0,520.0,0.0
28216,95.0,593.0,0.0
28217,253.0,463.0,0.0
28218,222.0,204.0,0.0
28219,113.0,416.0,0.0
28220,159.0,419.0,0.0
28221,33.0,196.0,0.0
28222,15.0,333.0,0.0
28223,68.0,168.0,0.0
28224,186.0,366.0,0.0
28225,235.0,205.0,0.0
28226,14.0,435.0,0.0
28227,30.0,428.0,0.0
28228,235.0,529.0,0.0
28229,170.0,96.0,0.0
28230,22.0,162.0,0.0
28231,218.0,227.0,0.0
28232,109.0,448.0,0.0
28233,92.0,583.0,0.0
28234,51.0,452.0,0.0
28235,249.0,432.0,0.0
28236,106.0,326.0,0.0
28237,77.0,137.0,0.0
28238,237.0,585.0,0.0
28239,253.0,594.0,0.0
28240,65.0,299.0,0.0
28241,47.0,559.0,0.0
28242,14.0,563.0,0.0
28243,67.0,267.0,0.0
28244,80.0,72.0,0.0
28245,129.0,138.0,0.0
28246,159.0,15.0,0.0
28247,161.0,175.0,0.0
28248,100.0,383.0,0.0
28249,114.0,433.0,0.0
28250,195.0,551.0,0.0
28251,174.0,337.0,0.0
28252,248.0,31.0,0.0
28253,251.0,161.0,0.0
28254,90.0,75.0,0.0
28255,34.0,133.0,0.0
28256,256.0,346.0,0.0
28257,67.0,240.0,0.0
28258,23.0,486.0,0.0
28259,86.0,278.0,0.0
28260,81.0,478.0,0.0
28261,106.0,428.0,0.0
28262,162.0,589.0,0.0
28263,113.0,93.0,0.0
28264,226.0,442.0,0.0
28265,46.0,78.0,0.0
28266,246.0,353.0,0.0
28267,210.0,302.0,0.0
28268,262.0,225.0,0.0
28269,27.0,149.0,0.0
28270,67.0,366.0,0.0
28271,241.0,96.0,0.0
28272,127.0,328.0,0.0
28273,246.0,277.0,0.0
28274,7.0,99.0,0.0
28275,77.0,507.0,0.0
28276,61.0,27.0,0.0
28277,95.0,98.0,0.0
28278,26.0,182.0,0.0
28279,144.0,269.0,0.0
28280,198.0,456.0,0.0
28281,100.0,182.0,0.0
28282,241.0,86.0,0.0
28283,209.0,561.0,0.0
28284,121.0,429.0,0.0
28285,152.0,381.0,0.0
28286,67.0,492.0,0.0
28287,55.0,240.0,0.0
28288,101.0,221.0,0.0
28289,241.0,263.0,0.0
28290,254.0,358.0,0.0
28291,69.0,372.0,0.0
28292,261.0,533.0,0.0
28293,104.0,553.0,0.0
28294,189.0,437.0,0.0
28295,263.0,130.0,0.0
28296,218.0,159.0,0.0
28297,18.0,56.0,0.0
28298,168.0,229.0,0.0
28299,124.0,583.0,0.0
28300,197.0,201.0,0.0
28301,26.0,24.0,0.0
28302,12.0,401.0,0.0
28303,263.0,506.0,0.0
28304,98.0,452.0,0.0
28305,249.0,123.0,0.0
28306,55.0,449.0,0.0
28307,11.0,217.0,0.0
28308,21.0,460.0,0.0
28309,196.0,270.0,0.0
28310,138.0,194.0,0.0
28311,91.0,207.0,0.0
28312,13.0,281.0,0.0
28313,234.0,199.0,0.0
28314,67.0,117.0,0.0
28315,224.0,64.0,0.0
28316,66.0,410.0,0.0
28317,137.0,409.0,0.0
28318,32.0,88.0,0.0
28319,114.0,377.0,0.0
28320,124.0,591.0,0.0
28321,217.0,462.0,0.0
28322,150.0,463.0,0.0
28323,126.0,358.0,0.0
28324,85.0,242.0,0.0
28325,93.0,382.0,0.0
28326,1.0,553.0,0.0
28327,151.0,531.0,0.0
28328,94.0,543.0,0.0
28329,183.0,102.0,0.0
28330,60.0,253.0,0.0
28331,26.0,574.0,0.0
28332,204.0,190.0,0.0
28333,0.0,513.0,0.0
28334,106.0,560.0,0.0
28335,266.0,104.0,0.0
28336,42.0,302.0,0.0
28337,1.0,279.0,0.0
28338,26.0,23.0,0.0
28339,98.0,214.0,0.0
28340,17.0,236.0,0.0
28341,141.0,13.0,0.0
28342,249.0,484.0,0.0
28343,60.0,260.0,0.0
28344,89.0,503.0,0.0
28345,259.0,289.0,0.0
28346,222.0,124.0,0.0
28347,131.0,29.0,0.0
28348,29.0,584.0,0.0
28349,138.0,163.0,0.0
28350,29.0,212.0,0.0
28351,125.0,576.0,0.0
28352,159.0,222.0,0.0
28353,221.0,552.0,0.0
28354,17.0,362.0,0.0
28355,73.0,86.0,0.0
28356,176.0,133.0,0.0
28357,113.0,331.0,0.0
28358,72.0,303.0,0.0
28359,105.0,201.0,0.0
28360,31.0,471.0,0.0
28361,4.0,454.0,0.0
28362,150.0,569.0,0.0
28363,59.0,235.0,0.0
28364,55.0,296.0,0.0
28365,240.0,29.0,0.0
28366,134.0,276.0,0.0
28367,115.0,75.0,0.0
28368,136.0,18.0,0.0
28369,16.0,339.0,0.0
28370,216.0,364.0,0.0
28371,23.0,464.0,0.0
28372,241.0,470.0,0.0
28373,200.0,378.0,0.0
28374,135.0,553.0,0.0
28375,173.0,183.0,0.0
28376,247.0,202.0,0.0
28377,262.0,448.0,0.0
28378,115.0,311.0,0.0
28379,101.0,165.0,0.0
28380,63.0,225.0,0.0
28381,51.0,316.0,0.0
28382,35.0,464.0,0.0
28383,182.0,192.0,0.0
28384,174.0,376.0,0.0
28385,22.0,124.0,0.0
28386,66.0,134.0,0.0
28387,50.0,51.0,0.0
28388,232.0,229.0,0.0
28389,221.0,159.0,0.0
28390,85.0,253.0,0.0
28391,106.0,201.0,0.0
28392,86.0,102.0,0.0
28393,233.0,76.0,0.0
28394,36.0,125.0,0.0
28395,257.0,355.0,0.0
28396,197.0,339.0,0.0
28397,52.0,152.0,0.0
28398,225.0,338.0,0.0
28399,143.0,589.0,0.0
28400,50.0,413.0,0.0
28401,212.0,167.0,0.0
28402,150.0,535.0,0.0
28403,176.0,27.0,0.0
28404,49.0,466.0,0.0
28405,205.0,112.0,0.0
28406,244.0,33.0,0.0
28407,131.0,50.0,0.0
28408,184.0,415.0,0.0
28409,18.0,524.0,0.0
28410,236.0,116.0,0.0
28411,147.0,104.0,0.0
28412,51.0,489.0,0.0
28413,13.0,40.0,0.0
28414,20.0,296.0,0.0
28415,169.0,567.0,0.0
28416,209.0,340.0,0.0
28417,177.0,377.0,0.0
28418,251.0,502.0,0.0
28419,170.0,13.0,0.0
28420,178.0,266.0,0.0
28421,87.0,169.0,0.0
28422,1.0,556.0,0.0
28423,142.0,207.0,0.0
28424,106.0,111.0,0.0
28425,265.0,138.0,0.0
28426,80.0,252.0,0.0
28427,146.0,594.0,0.0
28428,226.0,23.0,0.0
28429,239.0,6.0,0.0
28430,53.0,372.0,0.0
28431,89.0,422.0,0.0
28432,198.0,491.0,0.0
28433,49.0,428.0,0.0
28434,46.0,123.0,0.0
28435,4.0,522.0,0.0
28436,59.0,321.0,0.0
28437,64.0,291.0,0.0
28438,177.0,435.0,0.0
28439,217.0,179.0,0.0
28440,13.0,227.0,0.0
28441,236.0,297.0,0.0
28442,229.0,63.0,0.0
28443,10.0,319.0,0.0
28444,89.0,516.0,0.0
28445,150.0,128.0,0.0
28446,66.0,581.0,0.0
28447,125.0,580.0,0.0
28448,98.0,250.0,0.0
28449,251.0,414.0,0.0
28450,169.0,294.0,0.0
28451,55.0,113.0,0.0
28452,4.0,77.0,0.0
28453,123.0,515.0,0.0
28454,109.0,71.0,0.0
28455,19.0,148.0,0.0
28456,32.0,549.0,0.0
28457,252.0,362.0,0.0
28458,256.0,110.0,0.0
28459,35.0,398.0,0.0
28460,267.0,556.0,0.0
28461,129.0,446.0,0.0
28462,142.0,118.0,0.0
28463,188.0,342.0,0.0
28464,196.0,597.0,0.0
28465,205.0,274.0,0.0
28466,88.0,68.0,0.0
28467,192.0,422.0,0.0
28468,138.0,324.0,0.0
28469,73.0,412.0,0.0
28470,159.0,591.0,0.0
28471,156.0,30.0,0.0
28472,201.0,317.0,0.0
28473,34.0,204.0,0.0
28474,92.0,250.0,0.0
28475,144.0,352.0,0.0
28476,170.0,5.0,0.0
28477,180.0,165.0,0.0
28478,228.0,519.0,0.0
28479,47.0,104.0,0.0
28480,53.0,268.0,0.0
28481,152.0,407.0,0.0
28482,234.0,144.0,0.0
28483,244.0,177.0,0.0
28484,230.0,317.0,0.0
28485,25.0,360.0,0.0
28486,47.0,305.0,0.0
28487,3.0,265.0,0.0
28488,76.0,363.0,0.0
28489,28.0,452.0,0.0
28490,165.0,342.0,0.0
28491,208.0,79.0,0.0
28492,19.0,332.0,0.0
28493,183.0,573.0,0.0
28494,217.0,510.0,0.0
28495,89.0,439.0,0.0
28496,222.0,181.0,0.0
28497,207.0,108.0,0.0
28498,262.0,98.0,0.0
28499,104.0,318.0,0.0
28500,196.0,113.0,0.0
28501,197.0,54.0,0.0
28502,138.0,505.0,0.0
28503,55.0,394.0,0.0
28504,67.0,40.0,0.0
28505,240.0,594.0,0.0
28506,6.0,233.0,0.0
28507,41.0,416.0,0.0
28508,131.0,528.0,0.0
28509,95.0,145.0,0.0
28510,74.0,519.0,0.0
28511,22.0,529.0,0.0
28512,200.0,535.0,0.0
28513,98.0,339.0,0.0
28514,167.0,94.0,0.0
28515,162.0,472.0,0.0
28516,62.0,556.0,0.0
28517,152.0,265.0,0.0
28518,227.0,417.0,0.0
28519,131.0,561.0,0.0
28520,161.0,302.0,0.0
28521,11.0,560.0,0.0
28522,235.0,595.0,0.0
28523,18.0,504.0,0.0
28524,125.0,186.0,0.0
28525,206.0,218.0,0.0
28526,0.0,313.0,0.0
28527,161.0,222.0,0.0
28528,204.0,434.0,0.0
28529,248.0,106.0,0.0
28530,77.0,363.0,0.0
28531,212.0,331.0,0.0
28532,204.0,119.0,0.0
28533,226.0,9.0,0.0
28534,267.0,55.0,0.0
28535,29.0,394.0,0.0
28536,105.0,170.0,0.0
28537,244.0,594.0,0.0
28538,88.0,336.0,0.0
28539,23.0,402.0,0.0
28540,238.0,117.0,0.0
28541,63.0,494.0,0.0
28542,247.0,385.0,0.0
28543,253.0,187.0,0.0
28544,99.0,517.0,0.0
28545,77.0,313.0,0.0
28546,256.0,304.0,0.0
28547,212.0,25.0,0.0
28548,11.0,236.0,0.0
28549,32.0,489.0,0.0
28550,49.0,8.0,0.0
28551,155.0,21.0,0.0
28552,147.0,12.0,0.0
28553,204.0,390.0,0.0
28554,206.0,29.0,0.0
28555,132.0,447.0,0.0
28556,170.0,579.0,0.0
28557,226.0,83.0,0.0
28558,95.0,175.0,0.0
28559,237.0,373.0,0.0
28560,225.0,542.0,0.0
28561,79.0,450.0,0.0
28562,75.0,299.0,0.0
28563,43.0,493.0,0.0
28564,126.0,396.0,0.0
28565,248.0,216.0,0.0
28566,72.0,227.0,0.0
28567,33.0,228.0,0.0
28568,31.0,214.0,0.0
28569,169.0,128.0,0.0
28570,154.0,301.0,0.0
28571,42.0,78.0,0.0
28572,124.0,485.0,0.0
28573,33.0,354.0,0.0
28574,213.0,112.0,0.0
28575,208.0,351.0,0.0
28576,268.0,498.0,0.0
28577,66.0,496.0,0.0
28578,152.0,202.0,0.0
28579,121.0,459.0,0.0
28580,25.0,578.0,0.0
28581,54.0,170.0,0.0
28582,79.0,2.0,0.0
28583,202.0,101.0,0.0
28584,216.0,47.0,0.0
28585,114.0,245.0,0.0
28586,200.0,116.0,0.0
28587,74.0,209.0,0.0
28588,231.0,99.0,0.0
28589,185.0,66.0,0.0
28590,9.0,114.0,0.0
28591,237.0,512.0,0.0
28592,237.0,15.0,0.0
28593,162.0,590.0,0.0
28594,108.0,253.0,0.0
28595,191.0,332.0,0.0
28596,138.0,38.0,0.0
28597,259.0,359.0,0.0
28598,263.0,242.0,0.0
28599,93.0,470.0,0.0
28600,14.0,529.0,0.0
28601,25.0,594.0,0.0
28602,252.0,68.0,0.0
28603,25.0,447.0,0.0
28604,157.0,214.0,0.0
28605,87.0,436.0,0.0
28606,217.0,457.0,0.0
28607,3.0,40.0,0.0
28608,39.0,351.0,0.0
28609,155.0,330.0,0.0
28610,211.0,454.0,0.0
28611,257.0,311.0,0.0
28612,221.0,494.0,0.0
28613,66.0,329.0,0.0
28614,35.0,551.0,0.0
28615,71.0,471.0,0.0
28616,113.0,128.0,0.0
28617,118.0,331.0,0.0
28618,260.0,443.0,0.0
28619,145.0,503.0,0.0
28620,26.0,21.0,0.0
28621,191.0,384.0,0.0
28622,167.0,266.0,0.0
28623,256.0,136.0,0.0
28624,90.0,161.0,0.0
28625,144.0,556.0,0.0
28626,114.0,530.0,0.0
28627,136.0,390.0,0.0
28628,131.0,579.0,0.0
28629,258.0,238.0,0.0
28630,76.0,417.0,0.0
28631,4.0,103.0,0.0
28632,183.0,41.0,0.0
28633,80.0,261.0,0.0
28634,243.0,156.0,0.0
28635,9.0,140.0,0.0
28636,100.0,103.0,0.0
28637,191.0,257.0,0.0
28638,244.0,584.0,0.0
28639,17.0,76.0,0.0
28640,119.0,571.0,0.0
28641,112.0,283.0,0.0
28642,215.0,7.0,0.0
28643,240.0,66.0,0.0
28644,211.0,265.0,0.0
28645,201.0,221.0,0.0
28646,216.0,124.0,0.0
28647,118.0,335.0,0.0
28648,20.0,172.0,0.0
28649,202.0,232.0,0.0
28650,94.0,423.0,0.0
28651,72.0,566.0,0.0
28652,250.0,560.0,0.0
28653,1.0,262.0,0.0
28654,159.0,171.0,0.0
28655,113.0,300.0,0.0
28656,244.0,108.0,0.0
28657,60.0,328.0,0.0
28658,45.0,272.0,0.0
28659,246.0,527.0,0.0
28660,263.0,41.0,0.0
28661,260.0,495.0,0.0
28662,79.0,591.0,0.0
28663,252.0,494.0,0.0
28664,110.0,195.0,0.0
28665,44.0,405.0,0.0
28666,45.0,187.0,0.0
28667,16.0,401.0,0.0
28668,207.0,369.0,0.0
28669,169.0,327.0,0.0
28670,67.0,421.0,0.0
28671,189.0,63.0,0.0
28672,60.0,438.0,0.0
28673,187.0,520.0,0.0
28674,191.0,220.0,0.0
28675,98.0,165.0,0.0
28676,143.0,516.0,0.0
28677,235.0,52.0,0.0
28678,188.0,409.0,0.0
28679,12.0,340.0,0.0
28680,12.0,144.0,0.0
28681,89.0,387.0,0.0
28682,145.0,267.0,0.0
28683,155.0,588.0,0.0
28684,107.0,137.0,0.0
28685,94.0,42.0,0.0
28686,175.0,49.0,0.0
28687,27.0,216.0,0.0
28688,239.0,365.0,0.0
28689,146.0,258.0,0.0
28690,114.0,289.0,0.0
28691,202.0,419.0,0.0
28692,260.0,38.0,0.0
28693,26.0,35.0,0.0
28694,101.0,494.0,0.0
28695,237.0,180.0,0.0
28696,225.0,330.0,0.0
28697,4.0,596.0,0.0
28698,58.0,105.0,0.0
28699,267.0,246.0,0.0
28700,40.0,44.0,0.0
28701,254.0,112.0,0.0
28702,171.0,36.0,0.0
28703,263.0,564.0,0.0
28704,225.0,553.0,0.0
28705,252.0,477.0,0.0
28706,29.0,475.0,0.0
28707,255.0,219.0,0.0
28708,204.0,373.0,0.0
28709,244.0,298.0,0.0
28710,267.0,263.0,0.0
28711,102.0,346.0,0.0
28712,98.0,273.0,0.0
28713,66.0,267.0,0.0
28714,165.0,307.0,0.0
28715,138.0,429.0,0.0
28716,204.0,240.0,0.0
28717,107.0,193.0,0.0
28718,189.0,497.0,0.0
28719,246.0,589.0,0.0
28720,266.0,507.0,0.0
28721,133.0,92.0,0.0
28722,54.0,464.0,0.0
28723,229.0,505.0,0.0
28724,82.0,187.0,0.0
28725,84.0,113.0,0.0
28726,264.0,555.0,0.0
28727,171.0,369.0,0.0
28728,103.0,543.0,0.0
28729,160.0,309.0,0.0
28730,131.0,278.0,0.0
28731,219.0,447.0,0.0
28732,226.0,415.0,0.0
28733,163.0,76.0,0.0
28734,101.0,359.0,0.0
28735,172.0,226.0,0.0
28736,33.0,166.0,0.0
28737,91.0,440.0,0.0
28738,151.0,228.0,0.0
28739,223.0,322.0,0.0
28740,37.0,236.0,0.0
28741,103.0,159.0,0.0
28742,157.0,375.0,0.0
28743,37.0,402.0,0.0
28744,43.0,50.0,0.0
28745,253.0,240.0,0.0
28746,130.0,390.0,0.0
28747,29.0,560.0,0.0
28748,258.0,557.0,0.0
28749,190.0,55.0,0.0
28750,77.0,522.0,0.0
28751,24.0,349.0,0.0
28752,118.0,430.0,0.0
28753,184.0,20.0,0.0
28754,27.0,449.0,0.0
28755,179.0,308.0,0.0
28756,37.0,314.0,0.0
28757,125.0,122.0,0.0
28758,184.0,274.0,0.0
28759,95.0,97.0,0.0
28760,226.0,413.0,0.0
28761,124.0,503.0,0.0
28762,216.0,530.0,0.0
28763,252.0,340.0,0.0
28764,234.0,29.0,0.0
28765,174.0,532.0,0.0
28766,152.0,343.0,0.0
28767,1.0,377.0,0.0
28768,234.0,491.0,0.0
28769,228.0,323.0,0.0
28770,77.0,468.0,0.0
28771,189.0,345.0,0.0
28772,239.0,534.0,0.0
28773,88.0,171.0,0.0
28774,70.0,345.0,0.0
28775,152.0,251.0,0.0
28776,96.0,196.0,0.0
28777,79.0,338.0,0.0
28778,102.0,392.0,0.0
28779,116.0,480.0,0.0
28780,25.0,546.0,0.0
28781,254.0,71.0,0.0
28782,138.0,337.0,0.0
28783,249.0,151.0,0.0
28784,113.0,437.0,0.0
28785,234.0,385.0,0.0
28786,145.0,192.0,0.0
28787,171.0,594.0,0.0
28788,256.0,164.0,0.0
28789,211.0,158.0,0.0
28790,200.0,318.0,0.0
28791,162.0,264.0,0.0
28792,150.0,6.0,0.0
28793,175.0,266.0,0.0
28794,53.0,452.0,0.0
28795,31.0,123.0,0.0
28796,197.0,3.0,0.0
28797,187.0,542.0,0.0
28798,122.0,98.0,0.0
28799,146.0,95.0,0.0
28800,27.0,22.0,0.0
28801,111.0,543.0,0.0
28802,105.0,259.0,0.0
28803,55.0,188.0,0.0
28804,25.0,309.0,0.0
28805,216.0,558.0,0.0
28806,27.0,295.0,0.0
28807,91.0,106.0,0.0
28808,229.0,199.0,0.0
28809,265.0,352.0,0.0
28810,247.0,359.0,0.0
28811,198.0,553.0,0.0
28812,93.0,66.0,0.0
28813,71.0,257.0,0.0
28814,103.0,393.0,0.0
28815,92.0,505.0,0.0
28816,172.0,156.0,0.0
28817,128.0,93.0,0.0
28818,213.0,492.0,0.0
28819,262.0,193.0,0.0
28820,23.0,535.0,0.0
28821,231.0,11.0,0.0
28822,221.0,307.0,0.0
28823,88.0,538.0,0.0
28824,85.0,152.0,0.0
28825,228.0,78.0,0.0
28826,91.0,386.0,0.0
28827,50.0,87.0,0.0
28828,162.0,380.0,0.0
28829,2.0,295.0,0.0
28830,72.0,231.0,0.0
28831,183.0,550.0,0.0
28832,192.0,423.0,0.0
28833,253.0,201.0,0.0
28834,108.0,537.0,0.0
28835,39.0,513.0,0.0
28836,98.0,99.0,0.0
28837,197.0,342.0,0.0
28838,250.0,308.0,0.0
28839,179.0,149.0,0.0
28840,9.0,31.0,0.0
28841,153.0,513.0,0.0
28842,243.0,154.0,0.0
28843,257.0,575.0,0.0
28844,205.0,228.0,0.0
28845,125.0,119.0,0.0
28846,101.0,317.0,0.0
28847,230.0,123.0,0.0
28848,215.0,384.0,0.0
28849,119.0,302.0,0.0
28850,135.0,585.0,0.0
28851,192.0,253.0,0.0
28852,110.0,364.0,0.0
28853,212.0,112.0,0.0
28854,54.0,8.0,0.0
28855,77.0,225.0,0.0
28856,216.0,321.0,0.0
28857,189.0,596.0,0.0
28858,3.0,96.0,0.0
28859,19.0,355.0,0.0
28860,238.0,225.0,0.0
28861,101.0,217.0,0.0
28862,109.0,557.0,0.0
28863,161.0,236.0,0.0
28864,167.0,29.0,0.0
28865,187.0,375.0,0.0
28866,185.0,588.0,0.0
28867,171.0,176.0,0.0
28868,72.0,32.0,0.0
28869,99.0,434.0,0.0
28870,174.0,303.0,0.0
28871,126.0,441.0,0.0
28872,28.0,171.0,0.0
28873,44.0,288.0,0.0
28874,192.0,107.0,0.0
28875,4.0,504.0,0.0
28876,163.0,320.0,0.0
28877,109.0,434.0,0.0
28878,0.0,505.0,0.0
28879,57.0,318.0,0.0
28880,265.0,43.0,0.0
28881,202.0,560.0,0.0
28882,176.0,147.0,0.0
28883,162.0,549.0,0.0
28884,25.0,568.0,0.0
28885,119.0,166.0,0.0
28886,105.0,455.0,0.0
28887,143.0,485.0,0.0
28888,44.0,63.0,0.0
28889,59.0,565.0,0.0
28890,137.0,131.0,0.0
28891,224.0,503.0,0.0
28892,80.0,535.0,0.0
28893,152.0,519.0,0.0
28894,229.0,71.0,0.0
28895,58.0,169.0,0.0
28896,256.0,170.0,0.0
28897,79.0,154.0,0.0
28898,109.0,164.0,0.0
28899,123.0,170.0,0.0
28900,114.0,109.0,0.0
28901,254.0,442.0,0.0
28902,148.0,329.0,0.0
28903,198.0,150.0,0.0
28904,43.0,222.0,0.0
28905,104.0,390.0,0.0
28906,218.0,138.0,0.0
28907,161.0,270.0,0.0
28908,82.0,339.0,0.0
28909,48.0,478.0,0.0
28910,62.0,43.0,0.0
28911,216.0,135.0,0.0
28912,182.0,301.0,0.0
28913,94.0,377.0,0.0
28914,6.0,34.0,0.0
28915,264.0,125.0,0.0
28916,172.0,436.0,0.0
28917,83.0,273.0,0.0
28918,85.0,78.0,0.0
28919,201.0,166.0,0.0
28920,29.0,179.0,0.0
28921,136.0,158.0,0.0
28922,99.0,58.0,0.0
28923,154.0,515.0,0.0
28924,120.0,251.0,0.0
28925,165.0,435.0,0.0
28926,141.0,452.0,0.0
28927,115.0,465.0,0.0
28928,190.0,411.0,0.0
28929,49.0,43.0,0.0
28930,146.0,170.0,0.0
28931,128.0,377.0,0.0
28932,263.0,309.0,0.0
28933,180.0,531.0,0.0
28934,210.0,85.0,0.0
28935,48.0,519.0,0.0
28936,206.0,455.0,0.0
28937,261.0,46.0,0.0
28938,150.0,543.0,0.0
28939,20.0,538.0,0.0
28940,180.0,295.0,0.0
28941,132.0,580.0,0.0
28942,138.0,1.0,0.0
28943,68.0,206.0,0.0
28944,103.0,18.0,0.0
28945,69.0,587.0,0.0
28946,99.0,88.0,0.0
28947,168.0,187.0,0.0
28948,53.0,545.0,0.0
28949,154.0,97.0,0.0
28950,225.0,177.0,0.0
28951,203.0,557.0,0.0
28952,165.0,86.0,0.0
28953,155.0,58.0,0.0
28954,226.0,327.0,0.0
28955,234.0,592.0,0.0
28956,137.0,471.0,0.0
28957,240.0,211.0,0.0
28958,234.0,435.0,0.0
28959,194.0,526.0,0.0
28960,203.0,12.0,0.0
28961,112.0,520.0,0.0
28962,94.0,405.0,0.0
28963,140.0,437.0,0.0
28964,12.0,559.0,0.0
28965,140.0,111.0,0.0
28966,173.0,388.0,0.0
28967,11.0,388.0,0.0
28968,153.0,153.0,0.0
28969,103.0,202.0,0.0
28970,176.0,201.0,0.0
28971,111.0,97.0,0.0
28972,257.0,353.0,0.0
28973,72.0,85.0,0.0
28974,179.0,348.0,0.0
28975,72.0,277.0,0.0
28976,230.0,508.0,0.0
28977,216.0,241.0,0.0
28978,61.0,377.0,0.0
28979,263.0,57.0,0.0
28980,24.0,31.0,0.0
28981,210.0,137.0,0.0
28982,267.0,389.0,0.0
28983,250.0,473.0,0.0
28984,105.0,347.0,0.0
28985,30.0,414.0,0.0
28986,78.0,511.0,0.0
28987,6.0,404.0,0.0
28988,233.0,450.0,0.0
28989,193.0,510.0,0.0
28990,39.0,281.0,0.0
28991,72.0,458.0,0.0
28992,47.0,576.0,0.0
28993,120.0,280.0,0.0
28994,77.0,95.0,0.0
28995,6.0,480.0,0.0
28996,211.0,511.0,0.0
28997,216.0,584.0,0.0
28998,1.0,348.0,0.0
28999,52.0,17.0,0.0
29000,86.0,357.0,0.0
29001,163.0,411.0,0.0
29002,217.0,16.0,0.0
29003,207.0,260.0,0.0
29004,179.0,60.0,0.0
29005,113.0,342.0,0.0
29006,23.0,203.0,0.0
29007,76.0,250.0,0.0
29008,260.0,116.0,0.0
29009,107.0,500.0,0.0
29010,265.0,456.0,0.0
29011,255.0,163.0,0.0
29012,192.0,98.0,0.0
29013,141.0,520.0,0.0
29014,268.0,73.0,0.0
29015,40.0,231.0,0.0
29016,32.0,501.0,0.0
29017,132.0,588.0,0.0
29018,259.0,215.0,0.0
29019,106.0,275.0,0.0
29020,76.0,22.0,0.0
29021,237.0,257.0,0.0
29022,116.0,350.0,0.0
29023,21.0,415.0,0.0
29024,121.0,124.0,0.0
29025,22.0,489.0,0.0
29026,79.0,381.0,0.0
29027,246.0,167.0,0.0
29028,61.0,15.0,0.0
29029,104.0,388.0,0.0
29030,121.0,257.0,0.0
29031,135.0,14.0,0.0
29032,127.0,179.0,0.0
29033,59.0,15.0,0.0
29034,61.0,318.0,0.0
29035,92.0,135.0,0.0
29036,63.0,252.0,0.0
29037,54.0,433.0,0.0
29038,175.0,42.0,0.0
29039,43.0,342.0,0.0
29040,5.0,508.0,0.0
29041,17.0,538.0,0.0
29042,120.0,39.0,0.0
29043,93.0,453.0,0.0
29044,34.0,72.0,0.0
29045,34.0,346.0,0.0
29046,253.0,49.0,0.0
29047,218.0,322.0,0.0
29048,58.0,593.0,0.0
29049,237.0,34.0,0.0
29050,21.0,394.0,0.0
29051,113.0,62.0,0.0
29052,19.0,204.0,0.0
29053,154.0,492.0,0.0
29054,8.0,134.0,0.0
29055,58.0,230.0,0.0
29056,88.0,442.0,0.0
29057,180.0,53.0,0.0
29058,7.0,336.0,0.0
29059,262.0,118.0,0.0
29060,134.0,528.0,0.0
29061,103.0,404.0,0.0
29062,34.0,398.0,0.0
29063,14.0,499.0,0.0
29064,42.0,392.0,0.0
29065,96.0,79.0,0.0
29066,25.0,509.0,0.0
29067,165.0,433.0,0.0
29068,163.0,412.0,0.0
29069,35.0,65.0,0.0
29070,123.0,487.0,0.0
29071,94.0,234.0,0.0
29072,104.0,128.0,0.0
29073,66.0,211.0,0.0
29074,112.0,26.0,0.0
29075,191.0,144.0,0.0
29076,117.0,535.0,0.0
29077,40.0,526.0,0.0
29078,24.0,188.0,0.0
29079,241.0,306.0,0.0
29080,75.0,439.0,0.0
29081,16.0,206.0,0.0
29082,26.0,82.0,0.0
29083,122.0,563.0,0.0
29084,77.0,268.0,0.0
29085,239.0,566.0,0.0
29086,123.0,169.0,0.0
29087,99.0,589.0,0.0
29088,21.0,282.0,0.0
29089,192.0,308.0,0.0
29090,188.0,310.0,0.0
29091,114.0,142.0,0.0
29092,261.0,118.0,0.0
29093,241.0,362.0,0.0
29094,111.0,535.0,0.0
29095,108.0,248.0,0.0
29096,55.0,211.0,0.0
29097,94.0,34.0,0.0
29098,70.0,151.0,0.0
29099,11.0,486.0,0.0
29100,100.0,429.0,0.0
29101,200.0,109.0,0.0
29102,196.0,43.0,0.0
29103,241.0,531.0,0.0
29104,80.0,388.0,0.0
29105,246.0,137.0,0.0
29106,156.0,419.0,0.0
29107,22.0,28.0,0.0
29108,2.0,495.0,0.0
29109,243.0,445.0,0.0
29110,169.0,219.0,0.0
29111,26.0,404.0,0.0
29112,61.0,409.0,0.0
29113,151.0,489.0,0.0
29114,94.0,370.0,0.0
29115,120.0,149.0,0.0
29116,41.0,595.0,0.0
29117,198.0,274.0,0.0
29118,98.0,412.0,0.0
29119,24.0,351.0,0.0
29120,48.0,303.0,0.0
29121,41.0,501.0,0.0
29122,167.0,377.0,0.0
29123,183.0,129.0,0.0
29124,235.0,280.0,0.0
29125,20.0,113.0,0.0
29126,187.0,131.0,0.0
29127,194.0,241.0,0.0
29128,204.0,412.0,0.0
29129,81.0,181.0,0.0
29130,233.0,476.0,0.0
29131,42.0,578.0,0.0
29132,74.0,496.0,0.0
29133,219.0,92.0,0.0
29134,265.0,80.0,0.0
29135,259.0,165.0,0.0
29136,98.0,389.0,0.0
29137,112.0,319.0,0.0
29138,32.0,189.0,0.0
29139,141.0,266.0,0.0
29140,251.0,95.0,0.0
29141,95.0,548.0,0.0
29142,58.0,381.0,0.0
29143,243.0,349.0,0.0
29144,195.0,54.0,0.0
29145,100.0,124.0,0.0
29146,263.0,477.0,0.0
29147,28.0,85.0,0.0
29148,256.0,532.0,0.0
29149,148.0,546.0,0.0
29150,129.0,531.0,0.0
29151,160.0,111.0,0.0
29152,120.0,581.0,0.0
29153,49.0,98.0,0.0
29154,205.0,490.0,0.0
29155,20.0,594.0,0.0
29156,247.0,149.0,0.0
29157,254.0,30.0,0.0
29158,83.0,432.0,0.0
29159,208.0,40.0,0.0
29160,111.0,430.0,0.0
29161,190.0,506.0,0.0
29162,132.0,26.0,0.0
29163,133.0,58.0,0.0
29164,220.0,108.0,0.0
29165,135.0,482.0,0.0
29166,80.0,184.0,0.0
29167,258.0,77.0,0.0
29168,210.0,284.0,0.0
29169,7.0,372.0,0.0
29170,18.0,505.0,0.0
29171,46.0,120.0,0.0
29172,212.0,307.0,0.0
29173,214.0,85.0,0.0
29174,79.0,418.0,0.0
29175,190.0,318.0,0.0
29176,108.0,140.0,0.0
29177,205.0,468.0,0.0
29178,77.0,21.0,0.0
29179,97.0,287.0,0.0
29180,131.0,120.0,0.0
29181,141.0,290.0,0.0
29182,20.0,182.0,0.0
29183,233.0,144.0,0.0
29184,199.0,553.0,0.0
29185,58.0,359.0,0.0
29186,191.0,406.0,0.0
29187,110.0,73.0,0.0
29188,133.0,586.0,0.0
29189,49.0,401.0,0.0
29190,67.0,133.0,0.0
29191,42.0,495.0,0.0
29192,63.0,147.0,0.0
29193,70.0,460.0,0.0
29194,205.0,169.0,0.0
29195,160.0,194.0,0.0
29196,113.0,325.0,0.0
29197,91.0,468.0,0.0
29198,204.0,515.0,0.0
29199,114.0,381.0,0.0
29200,76.0,6.0,0.0
29201,153.0,333.0,0.0
29202,59.0,69.0,0.0
29203,26.0,276.0,0.0
29204,232.0,206.0,0.0
29205,232.0,271.0,0.0
29206,222.0,274.0,0.0
29207,262.0,446.0,0.0
29208,202.0,37.0,0.0
29209,216.0,571.0,0.0
29210,92.0,163.0,0.0
29211,146.0,65.0,0.0
29212,14.0,368.0,0.0
29213,17.0,211.0,0.0
29214,27.0,435.0,0.0
29215,76.0,472.0,0.0
29216,83.0,407.0,0.0
29217,263.0,367.0,0.0
29218,151.0,391.0,0.0
29219,170.0,97.0,0.0
29220,144.0,323.0,0.0
29221,46.0,141.0,0.0
29222,46.0,52.0,0.0
29223,171.0,280.0,0.0
29224,262.0,352.0,0.0
29225,12.0,164.0,0.0
29226,132.0,30.0,0.0
29227,186.0,302.0,0.0
29228,57.0,10.0,0.0
29229,230.0,139.0,0.0
29230,222.0,24.0,0.0
29231,17.0,97.0,0.0
29232,50.0,369.0,0.0
29233,253.0,331.0,0.0
29234,261.0,233.0,0.0
29235,256.0,589.0,0.0
29236,199.0,355.0,0.0
29237,140.0,596.0,0.0
29238,211.0,79.0,0.0
29239,27.0,37.0,0.0
29240,106.0,178.0,0.0
29241,212.0,149.0,0.0
29242,167.0,546.0,0.0
29243,86.0,130.0,0.0
29244,65.0,463.0,0.0
29245,91.0,539.0,0.0
29246,109.0,215.0,0.0
29247,33.0,89.0,0.0
29248,106.0,353.0,0.0
29249,266.0,218.0,0.0
29250,123.0,455.0,0.0
29251,39.0,59.0,0.0
29252,244.0,79.0,0.0
29253,188.0,520.0,0.0
29254,173.0,552.0,0.0
29255,146.0,111.0,0.0
29256,179.0,161.0,0.0
29257,194.0,93.0,0.0
29258,213.0,314.0,0.0
29259,13.0,358.0,0.0
29260,44.0,364.0,0.0
29261,244.0,109.0,0.0
29262,231.0,0.0,0.0
29263,210.0,367.0,0.0
29264,164.0,387.0,0.0
29265,250.0,520.0,0.0
29266,107.0,363.0,0.0
29267,57.0,284.0,0.0
29268,265.0,540.0,0.0
29269,95.0,298.0,0.0
29270,73.0,493.0,0.0
29271,148.0,148.0,0.0
29272,123.0,408.0,0.0
29273,31.0,59.0,0.0
29274,172.0,479.0,0.0
29275,241.0,564.0,0.0
29276,242.0,296.0,0.0
29277,86.0,508.0,0.0
29278,214.0,269.0,0.0
29279,49.0,239.0,0.0
29280,111.0,180.0,0.0
29281,162.0,48.0,0.0
29282,45.0,228.0,0.0
29283,112.0,131.0,0.0
29284,37.0,44.0,0.0
29285,115.0,164.0,0.0
29286,147.0,129.0,0.0
29287,251.0,550.0,0.0
29288,72.0,252.0,0.0
29289,222.0,531.0,0.0
29290,23.0,376.0,0.0
29291,222.0,474.0,0.0
29292,81.0,503.0,0.0
29293,31.0,184.0,0.0
29294,59.0,167.0,0.0
29295,128.0,443.0,0.0
29296,73.0,545.0,0.0
29297,40.0,148.0,0.0
29298,108.0,496.0,0.0
29299,97.0,22.0,0.0
29300,27.0,586.0,0.0
29301,136.0,84.0,0.0
29302,149.0,112.0,0.0
29303,249.0,220.0,0.0
29304,200.0,505.0,0.0
29305,13.0,68.0,0.0
29306,232.0,422.0,0.0
29307,55.0,278.0,0.0
29308,237.0,120.0,0.0
29309,21.0,335.0,0.0
29310,8.0,265.0,0.0
29311,214.0,250.0,0.0
29312,138.0,371.0,0.0
29313,98.0,444.0,0.0
29314,173.0,384.0,0.0
29315,236.0,437.0,0.0
29316,61.0,218.0,0.0
29317,25.0,417.0,0.0
29318,35.0,507.0,0.0
29319,121.0,295.0,0.0
29320,120.0,145.0,0.0
29321,179.0,472.0,0.0
29322,110.0,539.0,0.0
29323,5.0,533.0,0.0
29324,249.0,75.0,0.0
29325,77.0,242.0,0.0
29326,121.0,170.0,0.0
29327,28.0,536.0,0.0
29328,168.0,55.0,0.0
29329,31.0,14.0,0.0
29330,159.0,107.0,0.0
29331,51.0,109.0,0.0
29332,4.0,514.0,0.0
29333,49.0,122.0,0.0
29334,127.0,69.0,0.0
29335,31.0,240.0,0.0
29336,180.0,291.0,0.0
29337,58.0,104.0,0.0
29338,124.0,258.0,0.0
29339,175.0,139.0,0.0
29340,200.0,180.0,0.0
29341,248.0,209.0,0.0
29342,113.0,509.0,0.0
29343,112.0,195.0,0.0
29344,196.0,20.0,0.0
29345,203.0,364.0,0.0
29346,230.0,411.0,0.0
29347,14.0,131.0,0.0
29348,149.0,347.0,0.0
29349,179.0,81.0,0.0
29350,138.0,529.0,0.0
29351,45.0,67.0,0.0
29352,222.0,99.0,0.0
29353,2.0,22.0,0.0
29354,267.0,343.0,0.0
29355,169.0,500.0,0.0
29356,245.0,74.0,0.0
29357,130.0,158.0,0.0
29358,105.0,362.0,0.0
29359,220.0,219.0,0.0
29360,39.0,554.0,0.0
29361,117.0,2.0,0.0
29362,19.0,107.0,0.0
29363,134.0,180.0,0.0
29364,48.0,281.0,0.0
29365,219.0,529.0,0.0
29366,261.0,263.0,0.0
29367,208.0,516.0,0.0
29368,53.0,369.0,0.0
29369,15.0,487.0,0.0
29370,144.0,176.0,0.0
29371,94.0,422.0,0.0
29372,185.0,106.0,0.0
29373,44.0,456.0,0.0
29374,107.0,470.0,0.0
29375,115.0,523.0,0.0
29376,255.0,593.0,0.0
29377,135.0,447.0,0.0
29378,239.0,56.0,0.0
29379,134.0,551.0,0.0
29380,166.0,83.0,0.0
29381,146.0,487.0,0.0
29382,220.0,435.0,0.0
29383,55.0,253.0,0.0
29384,243.0,60.0,0.0
29385,49.0,123.0,0.0
29386,181.0,529.0,0.0
29387,102.0,207.0,0.0
29388,180.0,283.0,0.0
29389,203.0,447.0,0.0
29390,214.0,247.0,0.0
29391,85.0,12.0,0.0
29392,181.0,63.0,0.0
29393,104.0,467.0,0.0
29394,252.0,154.0,0.0
29395,34.0,213.0,0.0
29396,36.0,104.0,0.0
29397,90.0,18.0,0.0
29398,146.0,39.0,0.0
29399,140.0,481.0,0.0
29400,29.0,30.0,0.0
29401,12.0,494.0,0.0
29402,112.0,507.0,0.0
29403,194.0,542.0,0.0
29404,5.0,154.0,0.0
29405,264.0,367.0,0.0
29406,141.0,574.0,0.0
29407,247.0,596.0,0.0
29408,107.0,507.0,0.0
29409,229.0,259.0,0.0
29410,241.0,108.0,0.0
29411,161.0,231.0,0.0
29412,37.0,391.0,0.0
29413,101.0,574.0,0.0
29414,117.0,233.0,0.0
29415,56.0,57.0,0.0
29416,114.0,301.0,0.0
29417,56.0,475.0,0.0
29418,16.0,12.0,0.0
29419,251.0,236.0,0.0
29420,226.0,186.0,0.0
29421,242.0,144.0,0.0
29422,158.0,28.0,0.0
29423,214.0,421.0,0.0
29424,214.0,150.0,0.0
29425,34.0,582.0,0.0
29426,136.0,265.0,0.0
29427,216.0,438.0,0.0
29428,256.0,20.0,0.0
29429,99.0,545.0,0.0
29430,187.0,55.0,0.0
29431,229.0,327.0,0.0
29432,21.0,116.0,0.0
29433,214.0,248.0,0.0
29434,170.0,512.0,0.0
29435,23.0,51.0,0.0
29436,101.0,534.0,0.0
29437,30.0,445.0,0.0
29438,192.0,191.0,0.0
29439,268.0,163.0,0.0
29440,22.0,81.0,0.0
29441,36.0,89.0,0.0
29442,0.0,276.0,0.0
29443,23.0,519.0,0.0
29444,153.0,250.0,0.0
29445,177.0,477.0,0.0
29446,148.0,243.0,0.0
29447,258.0,182.0,0.0
29448,138.0,264.0,0.0
29449,86.0,392.0,0.0
29450,263.0,342.0,0.0
29451,87.0,263.0,0.0
29452,262.0,536.0,0.0
29453,50.0,347.0,0.0
29454,227.0,398.0,0.0
29455,241.0,155.0,0.0
29456,81.0,428.0,0.0
29457,155.0,280.0,0.0
29458,29.0,239.0,0.0
29459,181.0,560.0,0.0
29460,245.0,173.0,0.0
29461,143.0,411.0,0.0
29462,86.0,43.0,0.0
29463,217.0,140.0,0.0
29464,198.0,254.0,0.0
29465,199.0,45.0,0.0
29466,51.0,144.0,0.0
29467,18.0,131.0,0.0
29468,263.0,68.0,0.0
29469,261.0,215.0,0.0
29470,241.0,177.0,0.0
29471,199.0,436.0,0.0
29472,121.0,414.0,0.0
29473,163.0,326.0,0.0
29474,117.0,313.0,0.0
29475,81.0,103.0,0.0
29476,248.0,196.0,0.0
29477,8.0,287.0,0.0
29478,45.0,594.0,0.0
29479,46.0,63.0,0.0
29480,243.0,485.0,0.0
29481,214.0,589.0,0.0
29482,110.0,534.0,0.0
29483,111.0,398.0,0.0
29484,245.0,525.0,0.0
29485,54.0,250.0,0.0
29486,7.0,359.0,0.0
29487,77.0,38.0,0.0
29488,42.0,342.0,0.0
29489,30.0,181.0,0.0
29490,187.0,329.0,0.0
29491,34.0,81.0,0.0
29492,203.0,141.0,0.0
29493,15.0,156.0,0.0
29494,212.0,315.0,0.0
29495,191.0,486.0,0.0
29496,104.0,463.0,0.0
29497,47.0,255.0,0.0
29498,149.0,524.0,0.0
29499,234.0,572.0,0.0
29500,187.0,470.0,0.0
29501,228.0,525.0,0.0
29502,111.0,459.0,0.0
29503,162.0,366.0,0.0
29504,26.0,94.0,0.0
29505,60.0,454.0,0.0
29506,34.0,6.0,0.0
29507,15.0,53.0,0.0
29508,120.0,72.0,0.0
29509,78.0,525.0,0.0
29510,155.0,590.0,0.0
29511,94.0,254.0,0.0
29512,30.0,87.0,0.0
29513,233.0,264.0,0.0
29514,233.0,458.0,0.0
29515,112.0,263.0,0.0
29516,79.0,573.0,0.0
29517,131.0,212.0,0.0
29518,216.0,5.0,0.0
29519,211.0,538.0,0.0
29520,105.0,411.0,0.0
29521,212.0,160.0,0.0
29522,119.0,191.0,0.0
29523,142.0,462.0,0.0
29524,148.0,8.0,0.0
29525,124.0,377.0,0.0
29526,172.0,71.0,0.0
29527,204.0,591.0,0.0
29528,253.0,390.0,0.0
29529,99.0,262.0,0.0
29530,167.0,144.0,0.0
29531,130.0,462.0,0.0
29532,95.0,454.0,0.0
29533,260.0,478.0,0.0
29534,116.0,562.0,0.0
29535,55.0,174.0,0.0
29536,217.0,474.0,0.0
29537,206.0,350.0,0.0
29538,259.0,589.0,0.0
29539,239.0,363.0,0.0
29540,181.0,49.0,0.0
29541,7.0,411.0,0.0
29542,126.0,369.0,0.0
29543,35.0,267.0,0.0
29544,118.0,451.0,0.0
29545,177.0,506.0,0.0
29546,197.0,203.0,0.0
29547,94.0,144.0,0.0
29548,44.0,98.0,0.0
29549,207.0,334.0,0.0
29550,237.0,227.0,0.0
29551,259.0,254.0,0.0
29552,265.0,406.0,0.0
29553,257.0,462.0,0.0
29554,154.0,362.0,0.0
29555,150.0,473.0,0.0
29556,195.0,276.0,0.0
29557,18.0,333.0,0.0
29558,63.0,196.0,0.0
29559,212.0,443.0,0.0
29560,203.0,414.0,0.0
29561,37.0,51.0,0.0
29562,138.0,498.0,0.0
29563,131.0,303.0,0.0
29564,158.0,561.0,0.0
29565,4.0,202.0,0.0
29566,246.0,76.0,0.0
29567,129.0,178.0,0.0
29568,10.0,238.0,0.0
29569,259.0,370.0,0.0
29570,237.0,240.0,0.0
29571,151.0,237.0,0.0
29572,263.0,406.0,0.0
29573,231.0,111.0,0.0
29574,90.0,421.0,0.0
29575,48.0,272.0,0.0
29576,191.0,447.0,0.0
29577,222.0,544.0,0.0
29578,45.0,214.0,0.0
29579,107.0,328.0,0.0
29580,220.0,105.0,0.0
29581,104.0,207.0,0.0
29582,211.0,304.0,0.0
29583,166.0,82.0,0.0
29584,158.0,37.0,0.0
29585,64.0,61.0,0.0
29586,134.0,311.0,0.0
29587,54.0,580.0,0.0
29588,244.0,568.0,0.0
29589,122.0,137.0,0.0
29590,226.0,302.0,0.0
29591,185.0,514.0,0.0
29592,258.0,403.0,0.0
29593,155.0,239.0,0.0
29594,91.0,157.0,0.0
29595,78.0,169.0,0.0
29596,46.0,97.0,0.0
29597,94.0,259.0,0.0
29598,195.0,450.0,0.0
29599,257.0,330.0,0.0
29600,103.0,161.0,0.0
29601,30.0,489.0,0.0
29602,149.0,458.0,0.0
29603,7.0,187.0,0.0
29604,59.0,222.0,0.0
29605,223.0,178.0,0.0
29606,187.0,88.0,0.0
29607,219.0,480.0,0.0
29608,41.0,37.0,0.0
29609,204.0,199.0,0.0
29610,30.0,265.0,0.0
29611,121.0,258.0,0.0
29612,170.0,53.0,0.0
29613,113.0,303.0,0.0
29614,150.0,172.0,0.0
29615,236.0,284.0,0.0
29616,211.0,412.0,0.0
29617,163.0,56.0,0.0
29618,127.0,316.0,0.0
29619,176.0,13.0,0.0
29620,18.0,14.0,0.0
29621,7.0,152.0,0.0
29622,177.0,19.0,0.0
29623,250.0,366.0,0.0
29624,4.0,82.0,0.0
29625,182.0,512.0,0.0
29626,61.0,0.0,0.0
29627,247.0,53.0,0.0
29628,34.0,255.0,0.0
29629,118.0,141.0,0.0
29630,65.0,329.0,0.0
29631,90.0,43.0,0.0
29632,101.0,251.0,0.0
29633,77.0,64.0,0.0
29634,159.0,193.0,0.0
29635,80.0,109.0,0.0
29636,104.0,516.0,0.0
29637,164.0,348.0,0.0
29638,225.0,181.0,0.0
29639,136.0,330.0,0.0
29640,150.0,298.0,0.0
29641,230.0,211.0,0.0
29642,41.0,107.0,0.0
29643,244.0,51.0,0.0
29644,161.0,326.0,0.0
29645,21.0,225.0,0.0
29646,45.0,73.0,0.0
29647,71.0,170.0,0.0
29648,231.0,110.0,0.0
29649,167.0,310.0,0.0
29650,61.0,223.0,0.0
29651,112.0,183.0,0.0
29652,63.0,363.0,0.0
29653,81.0,381.0,0.0
29654,21.0,19.0,0.0
29655,38.0,37.0,0.0
29656,163.0,591.0,0.0
29657,14.0,510.0,0.0
29658,131.0,510.0,0.0
29659,225.0,404.0,0.0
29660,220.0,330.0,0.0
29661,76.0,416.0,0.0
29662,234.0,585.0,0.0
29663,167.0,172.0,0.0
29664,159.0,493.0,0.0
29665,53.0,54.0,0.0
29666,99.0,176.0,0.0
29667,51.0,274.0,0.0
29668,114.0,47.0,0.0
29669,125.0,292.0,0.0
29670,252.0,498.0,0.0
29671,254.0,250.0,0.0
29672,133.0,582.0,0.0
29673,9.0,190.0,0.0
29674,187.0,26.0,0.0
29675,99.0,270.0,0.0
29676,182.0,82.0,0.0
29677,257.0,242.0,0.0
29678,236.0,192.0,0.0
29679,63.0,513.0,0.0
29680,175.0,596.0,0.0
29681,4.0,543.0,0.0
29682,107.0,402.0,0.0
29683,173.0,323.0,0.0
29684,54.0,512.0,0.0
29685,138.0,432.0,0.0
29686,82.0,515.0,0.0
29687,181.0,449.0,0.0
29688,258.0,93.0,0.0
29689,209.0,293.0,0.0
29690,101.0,208.0,0.0
29691,158.0,452.0,0.0
29692,132.0,238.0,0.0
29693,268.0,155.0,0.0
29694,111.0,281.0,0.0
29695,243.0,184.0,0.0
29696,145.0,446.0,0.0
29697,73.0,370.0,0.0
29698,100.0,13.0,0.0
29699,187.0,248.0,0.0
29700,72.0,106.0,0.0
29701,83.0,224.0,0.0
29702,139.0,467.0,0.0
29703,36.0,529.0,0.0
29704,1.0,210.0,0.0
29705,33.0,592.0,0.0
29706,161.0,201.0,0.0
29707,95.0,493.0,0.0
29708,248.0,147.0,0.0
29709,8.0,196.0,0.0
29710,257.0,595.0,0.0
29711,229.0,76.0,0.0
29712,16.0,495.0,0.0
29713,217.0,336.0,0.0
29714,79.0,391.0,0.0
29715,92.0,37.0,0.0
29716,62.0,96.0,0.0
29717,154.0,393.0,0.0
29718,139.0,196.0,0.0
29719,158.0,510.0,0.0
29720,241.0,389.0,0.0
29721,25.0,510.0,0.0
29722,225.0,221.0,0.0
29723,241.0,596.0,0.0
29724,126.0,462.0,0.0
29725,142.0,502.0,0.0
29726,15.0,397.0,0.0
29727,139.0,155.0,0.0
29728,91.0,275.0,0.0
29729,75.0,119.0,0.0
29730,93.0,255.0,0.0
29731,198.0,21.0,0.0
29732,216.0,445.0,0.0
29733,91.0,56.0,0.0
29734,17.0,17.0,0.0
29735,33.0,263.0,0.0
29736,266.0,329.0,0.0
29737,220.0,581.0,0.0
29738,117.0,276.0,0.0
29739,210.0,71.0,0.0
29740,153.0,394.0,0.0
29741,216.0,590.0,0.0
29742,12.0,115.0,0.0
29743,187.0,14.0,0.0
29744,103.0,579.0,0.0
29745,100.0,256.0,0.0
29746,199.0,273.0,0.0
29747,95.0,177.0,0.0
29748,192.0,270.0,0.0
29749,69.0,530.0,0.0
29750,53.0,365.0,0.0
29751,216.0,560.0,0.0
29752,189.0,585.0,0.0
29753,215.0,68.0,0.0
29754,6.0,349.0,0.0
29755,162.0,8.0,0.0
29756,41.0,206.0,0.0
29757,258.0,261.0,0.0
29758,56.0,199.0,0.0
29759,111.0,319.0,0.0
29760,260.0,268.0,0.0
29761,109.0,192.0,0.0
29762,243.0,506.0,0.0
29763,174.0,228.0,0.0
29764,140.0,333.0,0.0
29765,121.0,132.0,0.0
29766,228.0,253.0,0.0
29767,106.0,354.0,0.0
29768,184.0,163.0,0.0
29769,134.0,161.0,0.0
29770,86.0,164.0,0.0
29771,197.0,264.0,0.0
29772,215.0,486.0,0.0
29773,50.0,249.0,0.0
29774,13.0,325.0,0.0
29775,228.0,277.0,0.0
29776,229.0,364.0,0.0
29777,244.0,192.0,0.0
29778,266.0,28.0,0.0
29779,252.0,145.0,0.0
29780,35.0,271.0,0.0
29781,51.0,47.0,0.0
29782,268.0,167.0,0.0
29783,134.0,476.0,0.0
29784,99.0,67.0,0.0
29785,221.0,360.0,0.0
29786,157.0,224.0,0.0
29787,68.0,83.0,0.0
29788,262.0,303.0,0.0
29789,104.0,307.0,0.0
29790,242.0,358.0,0.0
29791,236.0,96.0,0.0
29792,19.0,304.0,0.0
29793,41.0,6.0,0.0
29794,139.0,401.0,0.0
29795,7.0,126.0,0.0
29796,154.0,551.0,0.0
29797,84.0,232.0,0.0
29798,52.0,53.0,0.0
29799,110.0,270.0,0.0
29800,52.0,83.0,0.0
29801,2.0,299.0,0.0
29802,170.0,75.0,0.0
29803,113.0,460.0,0.0
29804,39.0,9.0,0.0
29805,124.0,289.0,0.0
29806,137.0,380.0,0.0
29807,177.0,257.0,0.0
29808,0.0,434.0,0.0
29809,238.0,552.0,0.0
29810,158.0,433.0,0.0
29811,112.0,272.0,0.0
29812,252.0,192.0,0.0
29813,3.0,220.0,0.0
29814,22.0,388.0,0.0
29815,109.0,201.0,0.0
29816,188.0,441.0,0.0
29817,91.0,487.0,0.0
29818,93.0,109.0,0.0
29819,167.0,184.0,0.0
29820,142.0,192.0,0.0
29821,177.0,104.0,0.0
29822,7.0,448.0,0.0
29823,77.0,550.0,0.0
29824,55.0,456.0,0.0
29825,19.0,531.0,0.0
29826,201.0,377.0,0.0
29827,84.0,347.0,0.0
29828,160.0,432.0,0.0
29829,86.0,292.0,0.0
29830,126.0,520.0,0.0
29831,122.0,555.0,0.0
29832,157.0,427.0,0.0
29833,249.0,218.0,0.0
29834,98.0,182.0,0.0
29835,49.0,508.0,0.0
29836,234.0,542.0,0.0
29837,265.0,569.0,0.0
29838,171.0,268.0,0.0
29839,76.0,373.0,0.0
29840,143.0,470.0,0.0
29841,62.0,273.0,0.0
29842,161.0,347.0,0.0
29843,234.0,565.0,0.0
29844,218.0,222.0,0.0
29845,35.0,435.0,0.0
29846,7.0,297.0,0.0
29847,254.0,238.0,0.0
29848,153.0,556.0,0.0
29849,140.0,268.0,0.0
29850,192.0,341.0,0.0
29851,83.0,8.0,0.0
29852,132.0,154.0,0.0
29853,133.0,305.0,0.0
29854,114.0,412.0,0.0
29855,81.0,341.0,0.0
29856,145.0,362.0,0.0
29857,140.0,187.0,0.0
29858,244.0,296.0,0.0
29859,216.0,595.0,0.0
29860,210.0,350.0,0.0
29861,154.0,118.0,0.0
29862,228.0,123.0,0.0
29863,40.0,60.0,0.0
29864,222.0,250.0,0.0
29865,164.0,98.0,0.0
29866,227.0,223.0,0.0
29867,238.0,466.0,0.0
29868,73.0,157.0,0.0
29869,212.0,237.0,0.0
29870,146.0,552.0,0.0
29871,117.0,21.0,0.0
29872,69.0,368.0,0.0
29873,150.0,410.0,0.0
29874,39.0,496.0,0.0
29875,198.0,411.0,0.0
29876,172.0,379.0,0.0
29877,214.0,209.0,0.0
29878,55.0,73.0,0.0
29879,66.0,474.0,0.0
29880,91.0,111.0,0.0
29881,77.0,96.0,0.0
29882,17.0,213.0,0.0
29883,98.0,110.0,0.0
29884,57.0,532.0,0.0
29885,186.0,557.0,0.0
29886,73.0,533.0,0.0
29887,259.0,587.0,0.0
29888,36.0,220.0,0.0
29889,48.0,213.0,0.0
29890,9.0,436.0,0.0
29891,160.0,313.0,0.0
29892,232.0,375.0,0.0
29893,13.0,187.0,0.0
29894,73.0,33.0,0.0
29895,216.0,209.0,0.0
29896,218.0,123.0,0.0
29897,176.0,116.0,0.0
29898,86.0,163.0,0.0
29899,119.0,400.0,0.0
29900,29.0,561.0,0.0
29901,70.0,62.0,0.0
29902,126.0,333.0,0.0
29903,66.0,205.0,0.0
29904,249.0,528.0,0.0
29905,238.0,82.0,0.0
29906,226.0,355.0,0.0
29907,177.0,384.0,0.0
29908,152.0,562.0,0.0
29909,173.0,160.0,0.0
29910,79.0,262.0,0.0
29911,115.0,134.0,0.0
29912,13.0,536.0,0.0
29913,172.0,250.0,0.0
29914,178.0,191.0,0.0
29915,61.0,517.0,0.0
29916,13.0,351.0,0.0
29917,214.0,41.0,0.0
29918,74.0,444.0,0.0
29919,236.0,33.0,0.0
29920,114.0,290.0,0.0
29921,93.0,595.0,0.0
29922,93.0,421.0,0.0
29923,71.0,73.0,0.0
29924,252.0,495.0,0.0
29925,224.0,269.0,0.0
29926,206.0,154.0,0.0
29927,109.0,270.0,0.0
29928,86.0,35.0,0.0
29929,193.0,216.0,0.0
29930,220.0,495.0,0.0
29931,10.0,555.0,0.0
29932,98.0,341.0,0.0
29933,131.0,112.0,0.0
29934,18.0,571.0,0.0
29935,153.0,29.0,0.0
29936,30.0,231.0,0.0
29937,168.0,233.0,0.0
29938,173.0,321.0,0.0
29939,199.0,407.0,0.0
29940,144.0,543.0,0.0
29941,211.0,179.0,0.0
29942,74.0,37.0,0.0
29943,134.0,331.0,0.0
29944,218.0,364.0,0.0
29945,202.0,56.0,0.0
29946,255.0,79.0,0.0
29947,152.0,61.0,0.0
29948,191.0,276.0,0.0
29949,78.0,339.0,0.0
29950,186.0,80.0,0.0
29951,256.0,474.0,0.0
29952,23.0,308.0,0.0
29953,266.0,263.0,0.0
29954,184.0,87.0,0.0
29955,195.0,564.0,0.0
29956,46.0,65.0,0.0
29957,193.0,12.0,0.0
29958,88.0,350.0,0.0
29959,129.0,86.0,0.0
29960,97.0,431.0,0.0
29961,246.0,482.0,0.0
29962,177.0,158.0,0.0
29963,41.0,457.0,0.0
29964,57.0,340.0,0.0
29965,150.0,175.0,0.0
29966,244.0,461.0,0.0
29967,230.0,296.0,0.0
29968,115.0,445.0,0.0
29969,63.0,285.0,0.0
29970,142.0,439.0,0.0
29971,130.0,171.0,0.0
29972,241.0,132.0,0.0
29973,204.0,575.0,0.0
29974,197.0,247.0,0.0
29975,158.0,499.0,0.0
29976,170.0,238.0,0.0
29977,91.0,279.0,0.0
29978,111.0,268.0,0.0
29979,120.0,419.0,0.0
29980,245.0,397.0,0.0
29981,147.0,437.0,0.0
29982,72.0,51.0,0.0
29983,241.0,341.0,0.0
29984,247.0,218.0,0.0
29985,180.0,420.0,0.0
29986,24.0,421.0,0.0
29987,147.0,242.0,0.0
29988,260.0,77.0,0.0
29989,187.0,52.0,0.0
29990,244.0,529.0,0.0
29991,42.0,229.0,0.0
29992,35.0,585.0,0.0
29993,117.0,413.0,0.0
29994,237.0,309.0,0.0
29995,27.0,64.0,0.0
29996,260.0,125.0,0.0
29997,224.0,482.0,0.0
29998,230.0,560.0,0.0
29999,132.0,182.0,0.0
30000,125.0,469.0,0.0
30001,244.0,276.0,0.0
30002,26.0,532.0,0.0
30003,258.0,479.0,0.0
30004,18.0,75.0,0.0
30005,108.0,134.0,0.0
30006,127.0,215.0,0.0
30007,248.0,289.0,0.0
30008,114.0,391.0,0.0
30009,3.0,243.0,0.0
30010,58.0,256.0,0.0
30011,217.0,514.0,0.0
30012,210.0,140.0,0.0
30013,78.0,2.0,0.0
30014,60.0,550.0,0.0
30015,182.0,214.0,0.0
30016,221.0,578.0,0.0
30017,82.0,411.0,0.0
30018,198.0,62.0,0.0
30019,203.0,556.0,0.0
30020,188.0,496.0,0.0
30021,212.0,18.0,0.0
30022,99.0,363.0,0.0
30023,152.0,535.0,0.0
30024,242.0,319.0,0.0
30025,153.0,593.0,0.0
30026,137.0,72.0,0.0
30027,225.0,165.0,0.0
30028,121.0,100.0,0.0
30029,136.0,166.0,0.0
30030,37.0,392.0,0.0
30031,136.0,182.0,0.0
30032,249.0,506.0,0.0
30033,190.0,123.0,0.0
30034,26.0,99.0,0.0
30035,205.0,398.0,0.0
30036,22.0,12.0,0.0
30037,69.0,211.0,0.0
30038,153.0,536.0,0.0
30039,33.0,79.0,0.0
30040,53.0,50.0,0.0
30041,177.0,72.0,0.0
30042,34.0,359.0,0.0
30043,9.0,435.0,0.0
30044,115.0,469.0,0.0
30045,155.0,111.0,0.0
30046,206.0,108.0,0.0
30047,44.0,297.0,0.0
30048,48.0,226.0,0.0
30049,183.0,457.0,0.0
30050,47.0,431.0,0.0
30051,213.0,21.0,0.0
30052,124.0,582.0,0.0
30053,40.0,7.0,0.0
30054,251.0,506.0,0.0
30055,169.0,313.0,0.0
30056,219.0,245.0,0.0
30057,185.0,132.0,0.0
30058,235.0,259.0,0.0
30059,183.0,87.0,0.0
30060,162.0,451.0,0.0
30061,193.0,585.0,0.0
30062,54.0,377.0,0.0
30063,239.0,556.0,0.0
30064,55.0,570.0,0.0
30065,27.0,437.0,0.0
30066,191.0,7.0,0.0
30067,7.0,422.0,0.0
30068,261.0,421.0,0.0
30069,116.0,296.0,0.0
30070,202.0,145.0,0.0
30071,255.0,546.0,0.0
30072,111.0,469.0,0.0
30073,109.0,400.0,0.0
30074,4.0,95.0,0.0
30075,6.0,189.0,0.0
30076,207.0,520.0,0.0
30077,123.0,241.0,0.0
30078,253.0,280.0,0.0
30079,91.0,290.0,0.0
30080,140.0,64.0,0.0
30081,146.0,105.0,0.0
30082,23.0,19.0,0.0
30083,58.0,323.0,0.0
30084,116.0,311.0,0.0
30085,18.0,26.0,0.0
30086,15.0,502.0,0.0
30087,192.0,536.0,0.0
30088,25.0,100.0,0.0
30089,30.0,295.0,0.0
30090,105.0,404.0,0.0
30091,47.0,314.0,0.0
30092,174.0,23.0,0.0
30093,18.0,309.0,0.0
30094,205.0,266.0,0.0
30095,29.0,290.0,0.0
30096,189.0,218.0,0.0
30097,160.0,472.0,0.0
30098,22.0,520.0,0.0
30099,124.0,456.0,0.0
30100,149.0,502.0,0.0
30101,137.0,305.0,0.0
30102,88.0,573.0,0.0
30103,99.0,100.0,0.0
30104,259.0,176.0,0.0
30105,11.0,456.0,0.0
30106,188.0,263.0,0.0
30107,119.0,73.0,0.0
30108,35.0,506.0,0.0
30109,99.0,377.0,0.0
30110,251.0,51.0,0.0
30111,14.0,257.0,0.0
30112,9.0,478.0,0.0
30113,242.0,75.0,0.0
30114,171.0,167.0,0.0
30115,155.0,515.0,0.0
30116,57.0,437.0,0.0
30117,106.0,62.0,0.0
30118,103.0,183.0,0.0
30119,58.0,186.0,0.0
30120,110.0,129.0,0.0
30121,230.0,67.0,0.0
30122,155.0,536.0,0.0
30123,53.0,297.0,0.0
30124,102.0,527.0,0.0
30125,163.0,129.0,0.0
30126,244.0,12.0,0.0
30127,39.0,360.0,0.0
30128,251.0,539.0,0.0
30129,124.0,574.0,0.0
30130,139.0,250.0,0.0
30131,9.0,160.0,0.0
30132,73.0,560.0,0.0
30133,88.0,424.0,0.0
30134,246.0,55.0,0.0
30135,143.0,555.0,0.0
30136,153.0,325.0,0.0
30137,111.0,54.0,0.0
30138,144.0,48.0,0.0
30139,250.0,493.0,0.0
30140,194.0,439.0,0.0
30141,138.0,76.0,0.0
30142,88.0,50.0,0.0
30143,29.0,342.0,0.0
30144,182.0,291.0,0.0
30145,223.0,329.0,0.0
30146,96.0,144.0,0.0
30147,229.0,558.0,0.0
30148,250.0,483.0,0.0
30149,208.0,146.0,0.0
30150,241.0,376.0,0.0
30151,30.0,113.0,0.0
30152,12.0,297.0,0.0
30153,1.0,304.0,0.0
30154,46.0,466.0,0.0
30155,121.0,475.0,0.0
30156,88.0,545.0,0.0
30157,149.0,435.0,0.0
30158,93.0,498.0,0.0
30159,101.0,19.0,0.0
30160,167.0,42.0,0.0
30161,59.0,402.0,0.0
30162,72.0,585.0,0.0
30163,155.0,164.0,0.0
30164,2.0,507.0,0.0
30165,244.0,334.0,0.0
30166,98.0,134.0,0.0
30167,16.0,75.0,0.0
30168,53.0,237.0,0.0
30169,194.0,33.0,0.0
30170,132.0,265.0,0.0
30171,205.0,448.0,0.0
30172,185.0,54.0,0.0
30173,165.0,271.0,0.0
30174,177.0,134.0,0.0
30175,7.0,215.0,0.0
30176,192.0,528.0,0.0
30177,253.0,308.0,0.0
30178,117.0,334.0,0.0
30179,205.0,48.0,0.0
30180,196.0,519.0,0.0
30181,90.0,478.0,0.0
30182,229.0,475.0,0.0
30183,124.0,140.0,0.0
30184,165.0,247.0,0.0
30185,227.0,498.0,0.0
30186,157.0,527.0,0.0
30187,169.0,208.0,0.0
30188,61.0,16.0,0.0
30189,190.0,122.0,0.0
30190,260.0,467.0,0.0
30191,42.0,107.0,0.0
30192,211.0,207.0,0.0
30193,261.0,591.0,0.0
30194,209.0,378.0,0.0
30195,214.0,79.0,0.0
30196,150.0,351.0,0.0
30197,241.0,366.0,0.0
30198,242.0,537.0,0.0
30199,164.0,210.0,0.0
30200,41.0,568.0,0.0
30201,88.0,512.0,0.0
30202,257.0,1.0,0.0
30203,93.0,58.0,0.0
30204,249.0,137.0,0.0
30205,215.0,303.0,0.0
30206,67.0,123.0,0.0
30207,268.0,468.0,0.0
30208,263.0,42.0,0.0
30209,66.0,399.0,0.0
30210,161.0,83.0,0.0
30211,12.0,305.0,0.0
30212,66.0,494.0,0.0
30213,129.0,155.0,0.0
30214,10.0,232.0,0.0
30215,237.0,356.0,0.0
30216,55.0,511.0,0.0
30217,139.0,529.0,0.0
30218,124.0,526.0,0.0
30219,251.0,283.0,0.0
30220,9.0,432.0,0.0
30221,169.0,473.0,0.0
30222,35.0,57.0,0.0
30223,252.0,41.0,0.0
30224,113.0,129.0,0.0
30225,10.0,596.0,0.0
30226,155.0,74.0,0.0
30227,159.0,359.0,0.0
30228,148.0,3.0,0.0
30229,66.0,489.0,0.0
30230,187.0,171.0,0.0
30231,72.0,242.0,0.0
30232,146.0,342.0,0.0
30233,244.0,414.0,0.0
30234,29.0,29.0,0.0
30235,89.0,349.0,0.0
30236,89.0,500.0,0.0
30237,203.0,199.0,0.0
30238,140.0,495.0,0.0
30239,4.0,357.0,0.0
30240,263.0,225.0,0.0
30241,59.0,278.0,0.0
30242,187.0,113.0,0.0
30243,74.0,461.0,0.0
30244,221.0,167.0,0.0
30245,42.0,566.0,0.0
30246,94.0,391.0,0.0
30247,237.0,184.0,0.0
30248,97.0,333.0,0.0
30249,170.0,102.0,0.0
30250,1.0,271.0,0.0
30251,71.0,294.0,0.0
30252,24.0,470.0,0.0
30253,56.0,412.0,0.0
30254,223.0,118.0,0.0
30255,61.0,93.0,0.0
30256,158.0,554.0,0.0
30257,250.0,198.0,0.0
30258,148.0,13.0,0.0
30259,169.0,186.0,0.0
30260,144.0,539.0,0.0
30261,132.0,340.0,0.0
30262,222.0,75.0,0.0
30263,205.0,566.0,0.0
30264,40.0,210.0,0.0
30265,146.0,196.0,0.0
30266,138.0,370.0,0.0
30267,256.0,226.0,0.0
30268,15.0,289.0,0.0
30269,68.0,507.0,0.0
30270,220.0,454.0,0.0
30271,126.0,502.0,0.0
30272,64.0,541.0,0.0
30273,26.0,492.0,0.0
30274,208.0,210.0,0.0
30275,240.0,233.0,0.0
30276,72.0,516.0,0.0
30277,146.0,510.0,0.0
30278,262.0,360.0,0.0
30279,85.0,280.0,0.0
30280,194.0,575.0,0.0
30281,211.0,32.0,0.0
30282,257.0,159.0,0.0
30283,128.0,440.0,0.0
30284,13.0,31.0,0.0
30285,50.0,470.0,0.0
30286,173.0,104.0,0.0
30287,50.0,161.0,0.0
30288,204.0,27.0,0.0
30289,17.0,501.0,0.0
30290,238.0,557.0,0.0
30291,182.0,302.0,0.0
30292,230.0,93.0,0.0
30293,124.0,28.0,0.0
30294,65.0,167.0,0.0
30295,24.0,263.0,0.0
30296,237.0,415.0,0.0
30297,257.0,321.0,0.0
30298,137.0,12.0,0.0
30299,54.0,78.0,0.0
30300,165.0,85.0,0.0
30301,87.0,369.0,0.0
30302,143.0,351.0,0.0
30303,250.0,63.0,0.0
30304,253.0,582.0,0.0
30305,172.0,68.0,0.0
30306,47.0,303.0,0.0
30307,217.0,353.0,0.0
30308,79.0,588.0,0.0
30309,39.0,243.0,0.0
30310,8.0,114.0,0.0
30311,34.0,334.0,0.0
30312,255.0,290.0,0.0
30313,204.0,298.0,0.0
30314,254.0,176.0,0.0
30315,251.0,97.0,0.0
30316,91.0,376.0,0.0
30317,253.0,443.0,0.0
30318,91.0,46.0,0.0
30319,234.0,134.0,0.0
30320,43.0,369.0,0.0
30321,113.0,214.0,0.0
30322,5.0,53.0,0.0
30323,117.0,342.0,0.0
30324,265.0,26.0,0.0
30325,231.0,257.0,0.0
30326,200.0,498.0,0.0
30327,71.0,487.0,0.0
30328,36.0,248.0,0.0
30329,238.0,307.0,0.0
30330,212.0,214.0,0.0
30331,17.0,265.0,0.0
30332,152.0,555.0,0.0
30333,16.0,482.0,0.0
30334,202.0,541.0,0.0
30335,229.0,329.0,0.0
30336,127.0,90.0,0.0
30337,162.0,79.0,0.0
30338,70.0,363.0,0.0
30339,247.0,582.0,0.0
30340,18.0,558.0,0.0
30341,172.0,52.0,0.0
30342,29.0,487.0,0.0
30343,217.0,518.0,0.0
30344,232.0,187.0,0.0
30345,139.0,102.0,0.0
30346,59.0,275.0,0.0
30347,1.0,365.0,0.0
30348,163.0,282.0,0.0
30349,215.0,8.0,0.0
30350,257.0,415.0,0.0
30351,34.0,70.0,0.0
30352,72.0,244.0,0.0
30353,127.0,127.0,0.0
30354,48.0,325.0,0.0
30355,151.0,168.0,0.0
30356,142.0,547.0,0.0
30357,242.0,312.0,0.0
30358,209.0,162.0,0.0
30359,102.0,330.0,0.0
30360,78.0,370.0,0.0
30361,203.0,273.0,0.0
30362,220.0,507.0,0.0
30363,226.0,409.0,0.0
30364,231.0,401.0,0.0
30365,23.0,388.0,0.0
30366,12.0,538.0,0.0
30367,12.0,533.0,0.0
30368,194.0,498.0,0.0
30369,4.0,370.0,0.0
30370,151.0,558.0,0.0
30371,124.0,51.0,0.0
30372,145.0,258.0,0.0
30373,57.0,498.0,0.0
30374,7.0,200.0,0.0
30375,46.0,223.0,0.0
30376,163.0,434.0,0.0
30377,124.0,77.0,0.0
30378,242.0,220.0,0.0
30379,55.0,175.0,0.0
30380,213.0,182.0,0.0
30381,184.0,543.0,0.0
30382,168.0,422.0,0.0
30383,76.0,235.0,0.0
30384,254.0,419.0,0.0
30385,102.0,488.0,0.0
30386,99.0,495.0,0.0
30387,239.0,250.0,0.0
30388,74.0,280.0,0.0
30389,195.0,528.0,0.0
30390,19.0,101.0,0.0
30391,241.0,169.0,0.0
30392,79.0,95.0,0.0
30393,158.0,155.0,0.0
30394,24.0,331.0,0.0
30395,229.0,386.0,0.0
30396,62.0,474.0,0.0
30397,164.0,592.0,0.0
30398,258.0,563.0,0.0
30399,219.0,33.0,0.0
30400,73.0,138.0,0.0
30401,81.0,218.0,0.0
30402,211.0,452.0,0.0
30403,112.0,451.0,0.0
30404,181.0,359.0,0.0
30405,122.0,218.0,0.0
30406,251.0,345.0,0.0
30407,145.0,98.0,0.0
30408,233.0,73.0,0.0
30409,80.0,269.0,0.0
30410,197.0,412.0,0.0
30411,231.0,334.0,0.0
30412,0.0,550.0,0.0
30413,65.0,74.0,0.0
30414,113.0,595.0,0.0
30415,191.0,105.0,0.0
30416,268.0,352.0,0.0
30417,177.0,119.0,0.0
30418,144.0,4.0,0.0
30419,11.0,432.0,0.0
30420,126.0,342.0,0.0
30421,252.0,352.0,0.0
30422,211.0,466.0,0.0
30423,6.0,23.0,0.0
30424,186.0,595.0,0.0
30425,245.0,550.0,0.0
30426,111.0,191.0,0.0
30427,86.0,432.0,0.0
30428,258.0,174.0,0.0
30429,243.0,587.0,0.0
30430,68.0,127.0,0.0
30431,156.0,86.0,0.0
30432,108.0,464.0,0.0
30433,11.0,53.0,0.0
30434,102.0,572.0,0.0
30435,175.0,460.0,0.0
30436,154.0,484.0,0.0
30437,195.0,53.0,0.0
30438,54.0,4.0,0.0
30439,72.0,500.0,0.0
30440,8.0,347.0,0.0
30441,237.0,145.0,0.0
30442,210.0,429.0,0.0
30443,101.0,152.0,0.0
30444,86.0,220.0,0.0
30445,84.0,128.0,0.0
30446,60.0,109.0,0.0
30447,36.0,254.0,0.0
30448,16.0,517.0,0.0
30449,31.0,544.0,0.0
30450,255.0,511.0,0.0
30451,192.0,323.0,0.0
30452,31.0,165.0,0.0
30453,29.0,275.0,0.0
30454,129.0,592.0,0.0
30455,227.0,199.0,0.0
30456,140.0,351.0,0.0
30457,214.0,497.0,0.0
30458,180.0,453.0,0.0
30459,190.0,351.0,0.0
30460,77.0,239.0,0.0
30461,105.0,493.0,0.0
30462,218.0,493.0,0.0
30463,86.0,274.0,0.0
30464,67.0,125.0,0.0
30465,64.0,355.0,0.0
30466,126.0,427.0,0.0
30467,188.0,399.0,0.0
30468,198.0,339.0,0.0
30469,48.0,250.0,0.0
30470,254.0,17.0,0.0
30471,95.0,292.0,0.0
30472,68.0,13.0,0.0
30473,228.0,522.0,0.0
30474,181.0,75.0,0.0
30475,27.0,159.0,0.0
30476,38.0,386.0,0.0
30477,71.0,238.0,0.0
30478,50.0,565.0,0.0
30479,268.0,583.0,0.0
30480,201.0,395.0,0.0
30481,238.0,72.0,0.0
30482,88.0,185.0,0.0
30483,177.0,491.0,0.0
30484,4.0,92.0,0.0
30485,119.0,439.0,0.0
30486,141.0,228.0,0.0
30487,171.0,557.0,0.0
30488,114.0,584.0,0.0
30489,263.0,430.0,0.0
30490,252.0,12.0,0.0
30491,186.0,549.0,0.0
30492,106.0,171.0,0.0
30493,120.0,68.0,0.0
30494,12.0,148.0,0.0
30495,203.0,247.0,0.0
30496,14.0,575.0,0.0
30497,195.0,427.0,0.0
30498,198.0,404.0,0.0
30499,38.0,578.0,0.0
30500,118.0,299.0,0.0
30501,3.0,525.0,0.0
30502,150.0,311.0,0.0
30503,103.0,66.0,0.0
30504,97.0,40.0,0.0
30505,225.0,132.0,0.0
30506,152.0,136.0,0.0
30507,127.0,206.0,0.0
30508,204.0,329.0,0.0
30509,253.0,449.0,0.0
30510,79.0,575.0,0.0
30511,216.0,561.0,0.0
30512,192.0,556.0,0.0
30513,128.0,130.0,0.0
30514,140.0,123.0,0.0
30515,192.0,469.0,0.0
30516,27.0,279.0,0.0
30517,111.0,198.0,0.0
30518,190.0,540.0,0.0
30519,204.0,173.0,0.0
30520,103.0,501.0,0.0
30521,105.0,437.0,0.0
30522,82.0,28.0,0.0
30523,214.0,319.0,0.0
30524,162.0,505.0,0.0
30525,258.0,221.0,0.0
30526,11.0,320.0,0.0
30527,82.0,520.0,0.0
30528,193.0,492.0,0.0
30529,161.0,290.0,0.0
30530,260.0,312.0,0.0
30531,88.0,320.0,0.0
30532,68.0,258.0,0.0
30533,264.0,87.0,0.0
30534,207.0,362.0,0.0
30535,139.0,555.0,0.0
30536,241.0,490.0,0.0
30537,218.0,545.0,0.0
30538,123.0,542.0,0.0
30539,161.0,493.0,0.0
30540,47.0,271.0,0.0
30541,60.0,83.0,0.0
30542,213.0,73.0,0.0
30543,257.0,486.0,0.0
30544,129.0,276.0,0.0
30545,230.0,358.0,0.0
30546,144.0,187.0,0.0
30547,83.0,405.0,0.0
30548,40.0,385.0,0.0
30549,177.0,323.0,0.0
30550,88.0,139.0,0.0
30551,3.0,284.0,0.0
30552,7.0,94.0,0.0
30553,260.0,288.0,0.0
30554,143.0,417.0,0.0
30555,221.0,122.0,0.0
30556,146.0,554.0,0.0
30557,247.0,177.0,0.0
30558,252.0,553.0,0.0
30559,58.0,529.0,0.0
30560,166.0,306.0,0.0
30561,225.0,455.0,0.0
30562,235.0,16.0,0.0
30563,118.0,443.0,0.0
30564,190.0,439.0,0.0
30565,100.0,143.0,0.0
30566,222.0,12.0,0.0
30567,84.0,191.0,0.0
30568,140.0,595.0,0.0
30569,231.0,323.0,0.0
30570,138.0,363.0,0.0
30571,89.0,587.0,0.0
30572,69.0,519.0,0.0
30573,0.0,173.0,0.0
30574,211.0,259.0,0.0
30575,48.0,39.0,0.0
30576,255.0,201.0,0.0
30577,168.0,40.0,0.0
30578,229.0,11.0,0.0
30579,192.0,77.0,0.0
30580,161.0,434.0,0.0
30581,92.0,206.0,0.0
30582,230.0,452.0,0.0
30583,31.0,78.0,0.0
30584,256.0,4.0,0.0
30585,100.0,28.0,0.0
30586,59.0,556.0,0.0
30587,185.0,590.0,0.0
30588,227.0,520.0,0.0
30589,16.0,297.0,0.0
30590,0.0,311.0,0.0
30591,267.0,424.0,0.0
30592,246.0,95.0,0.0
30593,178.0,121.0,0.0
30594,192.0,483.0,0.0
30595,92.0,27.0,0.0
30596,79.0,312.0,0.0
30597,61.0,412.0,0.0
30598,204.0,552.0,0.0
30599,267.0,458.0,0.0
30600,243.0,245.0,0.0
30601,214.0,378.0,0.0
30602,212.0,31.0,0.0
30603,13.0,394.0,0.0
30604,171.0,531.0,0.0
30605,65.0,336.0,0.0
30606,227.0,448.0,0.0
30607,93.0,74.0,0.0
30608,237.0,117.0,0.0
30609,148.0,450.0,0.0
30610,34.0,252.0,0.0
30611,202.0,523.0,0.0
30612,227.0,114.0,0.0
30613,105.0,554.0,0.0
30614,246.0,24.0,0.0
30615,93.0,73.0,0.0
30616,4.0,431.0,0.0
30617,50.0,492.0,0.0
30618,0.0,546.0,0.0
30619,192.0,276.0,0.0
30620,222.0,398.0,0.0
30621,247.0,207.0,0.0
30622,238.0,561.0,0.0
30623,267.0,175.0,0.0
30624,118.0,170.0,0.0
30625,210.0,4.0,0.0
30626,148.0,406.0,0.0
30627,6.0,382.0,0.0
30628,34.0,586.0,0.0
30629,192.0,328.0,0.0
30630,258.0,429.0,0.0
30631,172.0,361.0,0.0
30632,132.0,321.0,0.0
30633,191.0,125.0,0.0
30634,158.0,477.0,0.0
30635,155.0,352.0,0.0
30636,148.0,270.0,0.0
30637,99.0,246.0,0.0
30638,210.0,506.0,0.0
30639,25.0,556.0,0.0
30640,252.0,428.0,0.0
30641,235.0,356.0,0.0
30642,150.0,17.0,0.0
30643,136.0,88.0,0.0
30644,115.0,346.0,0.0
30645,93.0,86.0,0.0
30646,187.0,67.0,0.0
30647,33.0,127.0,0.0
30648,234.0,212.0,0.0
30649,2.0,326.0,0.0
30650,49.0,436.0,0.0
30651,36.0,480.0,0.0
30652,192.0,545.0,0.0
30653,225.0,314.0,0.0
30654,239.0,481.0,0.0
30655,260.0,434.0,0.0
30656,21.0,196.0,0.0
30657,73.0,256.0,0.0
30658,36.0,523.0,0.0
30659,209.0,6.0,0.0
30660,210.0,583.0,0.0
30661,216.0,45.0,0.0
30662,42.0,67.0,0.0
30663,263.0,21.0,0.0
30664,152.0,108.0,0.0
30665,35.0,584.0,0.0
30666,244.0,520.0,0.0
30667,140.0,509.0,0.0
30668,86.0,502.0,0.0
30669,45.0,175.0,0.0
30670,58.0,439.0,0.0
30671,77.0,494.0,0.0
30672,158.0,429.0,0.0
30673,28.0,435.0,0.0
30674,123.0,485.0,0.0
30675,255.0,194.0,0.0
30676,163.0,397.0,0.0
30677,236.0,165.0,0.0
30678,7.0,584.0,0.0
30679,187.0,183.0,0.0
30680,37.0,439.0,0.0
30681,90.0,381.0,0.0
30682,268.0,525.0,0.0
30683,200.0,355.0,0.0
30684,185.0,117.0,0.0
30685,78.0,214.0,0.0
30686,26.0,158.0,0.0
30687,182.0,486.0,0.0
30688,201.0,267.0,0.0
30689,233.0,528.0,0.0
30690,117.0,140.0,0.0
30691,31.0,310.0,0.0
30692,44.0,365.0,0.0
30693,171.0,456.0,0.0
30694,243.0,574.0,0.0
30695,210.0,327.0,0.0
30696,144.0,97.0,0.0
30697,251.0,387.0,0.0
30698,191.0,307.0,0.0
30699,156.0,446.0,0.0
30700,99.0,390.0,0.0
30701,243.0,202.0,0.0
30702,78.0,321.0,0.0
30703,6.0,365.0,0.0
30704,30.0,198.0,0.0
30705,247.0,409.0,0.0
30706,197.0,119.0,0.0
30707,235.0,320.0,0.0
30708,224.0,359.0,0.0
30709,118.0,374.0,0.0
30710,206.0,493.0,0.0
30711,184.0,337.0,0.0
30712,134.0,272.0,0.0
30713,95.0,50.0,0.0
30714,232.0,186.0,0.0
30715,264.0,377.0,0.0
30716,253.0,488.0,0.0
30717,190.0,541.0,0.0
30718,237.0,368.0,0.0
30719,245.0,158.0,0.0
30720,134.0,580.0,0.0
30721,81.0,169.0,0.0
30722,193.0,209.0,0.0
30723,198.0,461.0,0.0
30724,2.0,250.0,0.0
30725,25.0,368.0,0.0
30726,150.0,257.0,0.0
30727,48.0,472.0,0.0
30728,58.0,514.0,0.0
30729,243.0,487.0,0.0
30730,234.0,237.0,0.0
30731,58.0,247.0,0.0
30732,165.0,54.0,0.0
30733,129.0,497.0,0.0
30734,192.0,281.0,0.0
30735,131.0,434.0,0.0
30736,147.0,144.0,0.0
30737,225.0,436.0,0.0
30738,70.0,6.0,0.0
30739,262.0,355.0,0.0
30740,3.0,459.0,0.0
30741,90.0,295.0,0.0
30742,54.0,387.0,0.0
30743,33.0,106.0,0.0
30744,106.0,492.0,0.0
30745,113.0,308.0,0.0
30746,146.0,365.0,0.0
30747,116.0,554.0,0.0
30748,104.0,436.0,0.0
30749,146.0,230.0,0.0
30750,33.0,218.0,0.0
30751,93.0,267.0,0.0
30752,140.0,222.0,0.0
30753,176.0,313.0,0.0
30754,206.0,191.0,0.0
30755,193.0,246.0,0.0
30756,183.0,475.0,0.0
30757,244.0,548.0,0.0
30758,123.0,158.0,0.0
30759,113.0,385.0,0.0
30760,241.0,372.0,0.0
30761,9.0,485.0,0.0
30762,4.0,488.0,0.0
30763,113.0,386.0,0.0
30764,130.0,189.0,0.0
30765,228.0,498.0,0.0
30766,44.0,339.0,0.0
30767,231.0,94.0,0.0
30768,78.0,69.0,0.0
30769,252.0,496.0,0.0
30770,136.0,444.0,0.0
30771,249.0,250.0,0.0
30772,111.0,443.0,0.0
30773,182.0,248.0,0.0
30774,250.0,410.0,0.0
30775,164.0,133.0,0.0
30776,233.0,460.0,0.0
30777,218.0,509.0,0.0
30778,12.0,591.0,0.0
30779,44.0,25.0,0.0
30780,129.0,274.0,0.0
30781,203.0,16.0,0.0
30782,31.0,568.0,0.0
30783,63.0,28.0,0.0
30784,98.0,460.0,0.0
30785,108.0,317.0,0.0
30786,257.0,457.0,0.0
30787,131.0,593.0,0.0
30788,166.0,557.0,0.0
30789,30.0,260.0,0.0
30790,99.0,538.0,0.0
30791,32.0,116.0,0.0
30792,74.0,305.0,0.0
30793,180.0,418.0,0.0
30794,39.0,382.0,0.0
30795,97.0,266.0,0.0
30796,127.0,392.0,0.0
30797,52.0,52.0,0.0
30798,218.0,543.0,0.0
30799,82.0,452.0,0.0
30800,264.0,483.0,0.0
30801,159.0,183.0,0.0
30802,8.0,574.0,0.0
30803,247.0,117.0,0.0
30804,159.0,217.0,0.0
30805,61.0,24.0,0.0
30806,80.0,571.0,0.0
30807,261.0,16.0,0.0
30808,4.0,483.0,0.0
30809,30.0,576.0,0.0
30810,188.0,371.0,0.0
30811,198.0,152.0,0.0
30812,173.0,525.0,0.0
30813,224.0,469.0,0.0
30814,219.0,177.0,0.0
30815,246.0,181.0,0.0
30816,151.0,324.0,0.0
30817,21.0,161.0,0.0
30818,133.0,566.0,0.0
30819,110.0,257.0,0.0
30820,186.0,502.0,0.0
30821,76.0,266.0,0.0
30822,173.0,283.0,0.0
30823,190.0,386.0,0.0
30824,46.0,594.0,0.0
30825,31.0,354.0,0.0
30826,241.0,222.0,0.0
30827,80.0,55.0,0.0
30828,121.0,580.0,0.0
30829,86.0,158.0,0.0
30830,67.0,390.0,0.0
30831,71.0,423.0,0.0
30832,111.0,311.0,0.0
30833,142.0,217.0,0.0
30834,185.0,40.0,0.0
30835,242.0,583.0,0.0
30836,171.0,298.0,0.0
30837,41.0,199.0,0.0
30838,22.0,409.0,0.0
30839,232.0,407.0,0.0
30840,52.0,577.0,0.0
30841,209.0,308.0,0.0
30842,88.0,22.0,0.0
30843,158.0,242.0,0.0
30844,101.0,280.0,0.0
30845,123.0,261.0,0.0
30846,70.0,597.0,0.0
30847,226.0,335.0,0.0
30848,123.0,291.0,0.0
30849,145.0,288.0,0.0
30850,47.0,408.0,0.0
30851,70.0,393.0,0.0
30852,216.0,311.0,0.0
30853,43.0,495.0,0.0
30854,23.0,279.0,0.0
30855,55.0,410.0,0.0
30856,184.0,539.0,0.0
30857,136.0,288.0,0.0
30858,14.0,186.0,0.0
30859,187.0,531.0,0.0
30860,16.0,99.0,0.0
30861,225.0,110.0,0.0
30862,77.0,267.0,0.0
30863,162.0,409.0,0.0
30864,192.0,110.0,0.0
30865,34.0,390.0,0.0
30866,151.0,198.0,0.0
30867,65.0,308.0,0.0
30868,235.0,9.0,0.0
30869,214.0,350.0,0.0
30870,210.0,152.0,0.0
30871,23.0,546.0,0.0
30872,236.0,235.0,0.0
30873,268.0,477.0,0.0
30874,205.0,56.0,0.0
30875,217.0,535.0,0.0
30876,165.0,330.0,0.0
30877,119.0,444.0,0.0
30878,165.0,438.0,0.0
30879,135.0,350.0,0.0
30880,234.0,311.0,0.0
30881,160.0,261.0,0.0
30882,143.0,493.0,0.0
30883,78.0,272.0,0.0
30884,49.0,400.0,0.0
30885,49.0,454.0,0.0
30886,160.0,130.0,0.0
30887,173.0,363.0,0.0
30888,134.0,429.0,0.0
30889,173.0,332.0,0.0
30890,195.0,94.0,0.0
30891,27.0,213.0,0.0
30892,66.0,588.0,0.0
30893,15.0,90.0,0.0
30894,253.0,37.0,0.0
30895,188.0,84.0,0.0
30896,260.0,83.0,0.0
30897,125.0,510.0,0.0
30898,18.0,267.0,0.0
30899,61.0,552.0,0.0
30900,49.0,263.0,0.0
30901,149.0,285.0,0.0
30902,59.0,425.0,0.0
30903,217.0,566.0,0.0
30904,88.0,119.0,0.0
30905,252.0,306.0,0.0
30906,222.0,243.0,0.0
30907,230.0,165.0,0.0
30908,147.0,305.0,0.0
30909,18.0,531.0,0.0
30910,6.0,99.0,0.0
30911,5.0,304.0,0.0
30912,146.0,168.0,0.0
30913,35.0,240.0,0.0
30914,247.0,516.0,0.0
30915,121.0,115.0,0.0
30916,68.0,482.0,0.0
30917,240.0,90.0,0.0
30918,48.0,504.0,0.0
30919,66.0,163.0,0.0
30920,121.0,6.0,0.0
30921,122.0,199.0,0.0
30922,167.0,224.0,0.0
30923,28.0,200.0,0.0
30924,135.0,274.0,0.0
30925,184.0,334.0,0.0
30926,98.0,8.0,0.0
30927,34.0,526.0,0.0
30928,125.0,291.0,0.0
30929,67.0,27.0,0.0
30930,85.0,127.0,0.0
30931,119.0,544.0,0.0
30932,89.0,480.0,0.0
30933,12.0,373.0,0.0
30934,67.0,31.0,0.0
30935,121.0,457.0,0.0
30936,267.0,46.0,0.0
30937,154.0,61.0,0.0
30938,128.0,578.0,0.0
30939,29.0,184.0,0.0
30940,133.0,363.0,0.0
30941,148.0,497.0,0.0
30942,46.0,386.0,0.0
30943,22.0,404.0,0.0
30944,21.0,352.0,0.0
30945,262.0,591.0,0.0
30946,79.0,184.0,0.0
30947,123.0,343.0,0.0
30948,116.0,301.0,0.0
30949,118.0,249.0,0.0
30950,155.0,534.0,0.0
30951,260.0,325.0,0.0
30952,164.0,543.0,0.0
30953,231.0,560.0,0.0
30954,111.0,82.0,0.0
30955,22.0,596.0,0.0
30956,172.0,299.0,0.0
30957,171.0,189.0,0.0
30958,2.0,221.0,0.0
30959,198.0,104.0,0.0
30960,213.0,337.0,0.0
30961,105.0,14.0,0.0
30962,132.0,537.0,0.0
30963,262.0,476.0,0.0
30964,78.0,158.0,0.0
30965,87.0,518.0,0.0
30966,228.0,184.0,0.0
30967,132.0,329.0,0.0
30968,35.0,524.0,0.0
30969,154.0,260.0,0.0
30970,265.0,200.0,0.0
30971,38.0,67.0,0.0
30972,224.0,97.0,0.0
30973,215.0,577.0,0.0
30974,122.0,359.0,0.0
30975,254.0,446.0,0.0
30976,106.0,585.0,0.0
30977,166.0,441.0,0.0
30978,39.0,27.0,0.0
30979,104.0,475.0,0.0
30980,202.0,456.0,0.0
30981,209.0,52.0,0.0
30982,121.0,483.0,0.0
30983,202.0,378.0,0.0
30984,109.0,131.0,0.0
30985,76.0,427.0,0.0
30986,28.0,247.0,0.0
30987,216.0,539.0,0.0
30988,29.0,189.0,0.0
30989,60.0,490.0,0.0
30990,195.0,494.0,0.0
30991,20.0,399.0,0.0
30992,169.0,62.0,0.0
30993,164.0,455.0,0.0
30994,268.0,378.0,0.0
30995,14.0,596.0,0.0
30996,99.0,582.0,0.0
30997,181.0,353.0,0.0
30998,45.0,508.0,0.0
30999,99.0,485.0,0.0
31000,0.0,344.0,0.0
31001,119.0,326.0,0.0
31002,168.0,53.0,0.0
31003,166.0,318.0,0.0
31004,91.0,104.0,0.0
31005,15.0,516.0,0.0
31006,72.0,439.0,0.0
31007,225.0,501.0,0.0
31008,14.0,145.0,0.0
31009,50.0,9.0,0.0
31010,61.0,588.0,0.0
31011,140.0,210.0,0.0
31012,151.0,70.0,0.0
31013,72.0,148.0,0.0
31014,35.0,394.0,0.0
31015,203.0,402.0,0.0
31016,195.0,550.0,0.0
31017,125.0,392.0,0.0
31018,49.0,375.0,0.0
31019,105.0,519.0,0.0
31020,28.0,291.0,0.0
31021,186.0,305.0,0.0
31022,250.0,382.0,0.0
31023,66.0,543.0,0.0
31024,115.0,174.0,0.0
31025,4.0,383.0,0.0
31026,99.0,494.0,0.0
31027,228.0,213.0,0.0
31028,10.0,379.0,0.0
31029,117.0,351.0,0.0
31030,163.0,325.0,0.0
31031,55.0,518.0,0.0
31032,78.0,319.0,0.0
31033,166.0,453.0,0.0
31034,202.0,250.0,0.0
31035,264.0,476.0,0.0
31036,33.0,519.0,0.0
31037,136.0,109.0,0.0
31038,129.0,508.0,0.0
31039,9.0,217.0,0.0
31040,106.0,287.0,0.0
31041,19.0,61.0,0.0
31042,44.0,127.0,0.0
31043,151.0,453.0,0.0
31044,88.0,236.0,0.0
31045,256.0,400.0,0.0
31046,46.0,248.0,0.0
31047,259.0,312.0,0.0
31048,61.0,387.0,0.0
31049,236.0,405.0,0.0
31050,109.0,112.0,0.0
31051,55.0,245.0,0.0
31052,95.0,312.0,0.0
31053,257.0,21.0,0.0
31054,213.0,88.0,0.0
31055,126.0,576.0,0.0
31056,222.0,235.0,0.0
31057,21.0,252.0,0.0
31058,154.0,443.0,0.0
31059,191.0,581.0,0.0
31060,88.0,464.0,0.0
31061,254.0,393.0,0.0
31062,29.0,346.0,0.0
31063,266.0,141.0,0.0
31064,265.0,201.0,0.0
31065,227.0,293.0,0.0
31066,99.0,445.0,0.0
31067,140.0,21.0,0.0
31068,156.0,29.0,0.0
31069,188.0,278.0,0.0
31070,238.0,589.0,0.0
31071,13.0,247.0,0.0
31072,160.0,137.0,0.0
31073,110.0,531.0,0.0
31074,263.0,368.0,0.0
31075,91.0,384.0,0.0
31076,235.0,450.0,0.0
31077,205.0,377.0,0.0
31078,4.0,433.0,0.0
31079,229.0,190.0,0.0
31080,219.0,182.0,0.0
31081,190.0,132.0,0.0
31082,29.0,320.0,0.0
31083,87.0,198.0,0.0
31084,219.0,466.0,0.0
31085,19.0,560.0,0.0
31086,198.0,201.0,0.0
31087,161.0,246.0,0.0
31088,137.0,212.0,0.0
31089,115.0,161.0,0.0
31090,264.0,249.0,0.0
31091,61.0,343.0,0.0
31092,201.0,328.0,0.0
31093,69.0,320.0,0.0
31094,126.0,557.0,0.0
31095,145.0,284.0,0.0
31096,240.0,329.0,0.0
31097,256.0,404.0,0.0
31098,165.0,415.0,0.0
31099,160.0,518.0,0.0
31100,267.0,240.0,0.0
31101,241.0,546.0,0.0
31102,61.0,205.0,0.0
31103,146.0,296.0,0.0
31104,233.0,557.0,0.0
31105,250.0,137.0,0.0
31106,202.0,27.0,0.0
31107,151.0,404.0,0.0
31108,82.0,156.0,0.0
31109,49.0,319.0,0.0
31110,196.0,522.0,0.0
31111,59.0,499.0,0.0
31112,92.0,430.0,0.0
31113,36.0,417.0,0.0
31114,74.0,338.0,0.0
31115,169.0,171.0,0.0
31116,188.0,356.0,0.0
31117,49.0,529.0,0.0
31118,19.0,357.0,0.0
31119,14.0,350.0,0.0
31120,47.0,354.0,0.0
31121,179.0,342.0,0.0
31122,94.0,326.0,0.0
31123,35.0,124.0,0.0
31124,176.0,544.0,0.0
31125,258.0,420.0,0.0
31126,147.0,526.0,0.0
31127,162.0,318.0,0.0
31128,155.0,552.0,0.0
31129,25.0,434.0,0.0
31130,170.0,343.0,0.0
31131,190.0,184.0,0.0
31132,146.0,549.0,0.0
31133,76.0,83.0,0.0
31134,40.0,533.0,0.0
31135,185.0,315.0,0.0
31136,26.0,255.0,0.0
31137,19.0,397.0,0.0
31138,181.0,294.0,0.0
31139,161.0,455.0,0.0
31140,232.0,540.0,0.0
31141,221.0,597.0,0.0
31142,172.0,298.0,0.0
31143,156.0,19.0,0.0
31144,178.0,461.0,0.0
31145,128.0,504.0,0.0
31146,264.0,31.0,0.0
31147,211.0,130.0,0.0
31148,47.0,503.0,0.0
31149,244.0,549.0,0.0
31150,73.0,179.0,0.0
31151,127.0,11.0,0.0
31152,98.0,531.0,0.0
31153,106.0,50.0,0.0
31154,159.0,470.0,0.0
31155,230.0,94.0,0.0
31156,255.0,311.0,0.0
31157,94.0,401.0,0.0
31158,57.0,365.0,0.0
31159,222.0,446.0,0.0
31160,62.0,151.0,0.0
31161,167.0,501.0,0.0
31162,133.0,570.0,0.0
31163,58.0,65.0,0.0
31164,66.0,438.0,0.0
31165,64.0,170.0,0.0
31166,177.0,59.0,0.0
31167,6.0,525.0,0.0
31168,18.0,68.0,0.0
31169,75.0,213.0,0.0
31170,115.0,244.0,0.0
31171,232.0,324.0,0.0
31172,162.0,147.0,0.0
31173,24.0,376.0,0.0
31174,95.0,259.0,0.0
31175,45.0,347.0,0.0
31176,143.0,283.0,0.0
31177,32.0,235.0,0.0
31178,150.0,275.0,0.0
31179,130.0,549.0,0.0
31180,228.0,208.0,0.0
31181,46.0,420.0,0.0
31182,159.0,165.0,0.0
31183,156.0,294.0,0.0
31184,257.0,550.0,0.0
31185,134.0,202.0,0.0
31186,16.0,248.0,0.0
31187,264.0,138.0,0.0
31188,254.0,160.0,0.0
31189,179.0,335.0,0.0
31190,230.0,433.0,0.0
31191,29.0,529.0,0.0
31192,202.0,311.0,0.0
31193,45.0,555.0,0.0
31194,110.0,404.0,0.0
31195,253.0,128.0,0.0
31196,182.0,468.0,0.0
31197,175.0,516.0,0.0
31198,265.0,576.0,0.0
31199,149.0,34.0,0.0
31200,190.0,447.0,0.0
31201,127.0,238.0,0.0
31202,209.0,29.0,0.0
31203,33.0,398.0,0.0
31204,171.0,49.0,0.0
31205,44.0,349.0,0.0
31206,142.0,533.0,0.0
31207,205.0,137.0,0.0
31208,58.0,215.0,0.0
31209,87.0,242.0,0.0
31210,265.0,77.0,0.0
31211,88.0,177.0,0.0
31212,150.0,507.0,0.0
31213,263.0,504.0,0.0
31214,238.0,539.0,0.0
31215,11.0,60.0,0.0
31216,238.0,450.0,0.0
31217,159.0,168.0,0.0
31218,201.0,427.0,0.0
31219,216.0,90.0,0.0
31220,228.0,101.0,0.0
31221,194.0,8.0,0.0
31222,118.0,411.0,0.0
31223,188.0,145.0,0.0
31224,1.0,378.0,0.0
31225,245.0,95.0,0.0
31226,209.0,113.0,0.0
31227,82.0,175.0,0.0
31228,181.0,39.0,0.0
31229,182.0,542.0,0.0
31230,218.0,536.0,0.0
31231,112.0,262.0,0.0
31232,2.0,551.0,0.0
31233,251.0,52.0,0.0
31234,247.0,176.0,0.0
31235,40.0,360.0,0.0
31236,94.0,168.0,0.0
31237,102.0,173.0,0.0
31238,74.0,57.0,0.0
31239,206.0,158.0,0.0
31240,186.0,393.0,0.0
31241,157.0,366.0,0.0
31242,265.0,87.0,0.0
31243,154.0,353.0,0.0
31244,264.0,366.0,0.0
31245,88.0,46.0,0.0
31246,138.0,123.0,0.0
31247,214.0,167.0,0.0
31248,209.0,213.0,0.0
31249,230.0,369.0,0.0
31250,31.0,573.0,0.0
31251,79.0,455.0,0.0
31252,220.0,491.0,0.0
31253,62.0,70.0,0.0
31254,138.0,437.0,0.0
31255,118.0,279.0,0.0
31256,66.0,354.0,0.0
31257,239.0,297.0,0.0
31258,168.0,176.0,0.0
31259,93.0,436.0,0.0
31260,150.0,476.0,0.0
31261,37.0,332.0,0.0
31262,150.0,248.0,0.0
31263,76.0,331.0,0.0
31264,114.0,310.0,0.0
31265,78.0,244.0,0.0
31266,8.0,543.0,0.0
31267,189.0,326.0,0.0
31268,133.0,14.0,0.0
31269,47.0,301.0,0.0
31270,265.0,154.0,0.0
31271,138.0,295.0,0.0
31272,231.0,86.0,0.0
31273,0.0,483.0,0.0
31274,58.0,445.0,0.0
31275,255.0,589.0,0.0
31276,189.0,496.0,0.0
31277,212.0,207.0,0.0
31278,2.0,151.0,0.0
31279,208.0,372.0,0.0
31280,167.0,267.0,0.0
31281,135.0,558.0,0.0
31282,30.0,390.0,0.0
31283,159.0,578.0,0.0
31284,145.0,256.0,0.0
31285,67.0,486.0,0.0
31286,46.0,296.0,0.0
31287,98.0,292.0,0.0
31288,10.0,586.0,0.0
31289,206.0,20.0,0.0
31290,252.0,23.0,0.0
31291,210.0,353.0,0.0
31292,221.0,452.0,0.0
31293,194.0,409.0,0.0
31294,95.0,198.0,0.0
31295,151.0,466.0,0.0
31296,173.0,245.0,0.0
31297,122.0,139.0,0.0
31298,145.0,234.0,0.0
31299,29.0,324.0,0.0
31300,91.0,406.0,0.0
31301,49.0,145.0,0.0
31302,131.0,45.0,0.0
31303,165.0,481.0,0.0
31304,24.0,426.0,0.0
31305,112.0,483.0,0.0
31306,122.0,112.0,0.0
31307,255.0,65.0,0.0
31308,230.0,341.0,0.0
31309,204.0,321.0,0.0
31310,253.0,89.0,0.0
31311,0.0,580.0,0.0
31312,179.0,470.0,0.0
31313,185.0,533.0,0.0
31314,107.0,210.0,0.0
31315,118.0,420.0,0.0
31316,138.0,71.0,0.0
31317,251.0,350.0,0.0
31318,96.0,85.0,0.0
31319,52.0,329.0,0.0
31320,134.0,327.0,0.0
31321,60.0,508.0,0.0
31322,58.0,412.0,0.0
31323,223.0,422.0,0.0
31324,114.0,184.0,0.0
31325,6.0,129.0,0.0
31326,112.0,46.0,0.0
31327,16.0,191.0,0.0
31328,53.0,339.0,0.0
31329,238.0,359.0,0.0
31330,38.0,127.0,0.0
31331,249.0,369.0,0.0
31332,144.0,596.0,0.0
31333,212.0,140.0,0.0
31334,21.0,571.0,0.0
31335,212.0,360.0,0.0
31336,91.0,127.0,0.0
31337,154.0,180.0,0.0
31338,138.0,188.0,0.0
31339,37.0,12.0,0.0
31340,53.0,402.0,0.0
31341,234.0,469.0,0.0
31342,121.0,345.0,0.0
31343,33.0,488.0,0.0
31344,56.0,316.0,0.0
31345,183.0,329.0,0.0
31346,27.0,271.0,0.0
31347,122.0,284.0,0.0
31348,255.0,86.0,0.0
31349,28.0,302.0,0.0
31350,135.0,85.0,0.0
31351,146.0,9.0,0.0
31352,136.0,471.0,0.0
31353,205.0,395.0,0.0
31354,163.0,361.0,0.0
31355,6.0,15.0,0.0
31356,115.0,336.0,0.0
31357,36.0,135.0,0.0
31358,39.0,316.0,0.0
31359,197.0,231.0,0.0
31360,129.0,348.0,0.0
31361,219.0,462.0,0.0
31362,92.0,231.0,0.0
31363,267.0,289.0,0.0
31364,118.0,308.0,0.0
31365,144.0,130.0,0.0
31366,119.0,46.0,0.0
31367,6.0,368.0,0.0
31368,120.0,84.0,0.0
31369,106.0,318.0,0.0
31370,165.0,37.0,0.0
31371,65.0,581.0,0.0
31372,73.0,511.0,0.0
31373,189.0,521.0,0.0
31374,43.0,147.0,0.0
31375,38.0,548.0,0.0
31376,247.0,443.0,0.0
31377,206.0,375.0,0.0
31378,265.0,324.0,0.0
31379,47.0,333.0,0.0
31380,251.0,233.0,0.0
31381,41.0,150.0,0.0
31382,52.0,82.0,0.0
31383,171.0,322.0,0.0
31384,62.0,118.0,0.0
31385,102.0,329.0,0.0
31386,240.0,284.0,0.0
31387,214.0,534.0,0.0
31388,213.0,210.0,0.0
31389,15.0,564.0,0.0
31390,149.0,288.0,0.0
31391,179.0,415.0,0.0
31392,55.0,2.0,0.0
31393,212.0,435.0,0.0
31394,28.0,208.0,0.0
31395,219.0,436.0,0.0
31396,21.0,429.0,0.0
31397,8.0,181.0,0.0
31398,145.0,171.0,0.0
31399,45.0,287.0,0.0
31400,236.0,227.0,0.0
31401,263.0,153.0,0.0
31402,104.0,309.0,0.0
31403,264.0,86.0,0.0
31404,60.0,252.0,0.0
31405,137.0,439.0,0.0
31406,175.0,468.0,0.0
31407,109.0,135.0,0.0
31408,241.0,382.0,0.0
31409,254.0,597.0,0.0
31410,50.0,383.0,0.0
31411,242.0,359.0,0.0
31412,66.0,306.0,0.0
31413,178.0,472.0,0.0
31414,253.0,444.0,0.0
31415,156.0,516.0,0.0
31416,157.0,46.0,0.0
31417,121.0,203.0,0.0
31418,21.0,341.0,0.0
31419,15.0,578.0,0.0
31420,50.0,58.0,0.0
31421,71.0,521.0,0.0
31422,69.0,328.0,0.0
31423,98.0,178.0,0.0
31424,87.0,512.0,0.0
31425,264.0,273.0,0.0
31426,238.0,87.0,0.0
31427,145.0,188.0,0.0
31428,215.0,580.0,0.0
31429,242.0,450.0,0.0
31430,44.0,552.0,0.0
31431,99.0,251.0,0.0
31432,3.0,127.0,0.0
31433,107.0,82.0,0.0
31434,140.0,486.0,0.0
31435,93.0,185.0,0.0
31436,170.0,438.0,0.0
31437,228.0,16.0,0.0
31438,231.0,25.0,0.0
31439,43.0,264.0,0.0
31440,113.0,21.0,0.0
31441,24.0,330.0,0.0
31442,179.0,100.0,0.0
31443,151.0,424.0,0.0
31444,37.0,315.0,0.0
31445,243.0,495.0,0.0
31446,220.0,402.0,0.0
31447,216.0,382.0,0.0
31448,230.0,310.0,0.0
31449,0.0,539.0,0.0
31450,74.0,158.0,0.0
31451,189.0,433.0,0.0
31452,137.0,287.0,0.0
31453,249.0,374.0,0.0
31454,179.0,116.0,0.0
31455,161.0,398.0,0.0
31456,268.0,427.0,0.0
31457,19.0,253.0,0.0
31458,259.0,360.0,0.0
31459,221.0,382.0,0.0
31460,246.0,560.0,0.0
31461,264.0,4.0,0.0
31462,40.0,130.0,0.0
31463,182.0,111.0,0.0
31464,42.0,526.0,0.0
31465,68.0,422.0,0.0
31466,9.0,12.0,0.0
31467,80.0,177.0,0.0
31468,111.0,455.0,0.0
31469,158.0,479.0,0.0
31470,41.0,338.0,0.0
31471,80.0,108.0,0.0
31472,42.0,520.0,0.0
31473,106.0,534.0,0.0
31474,6.0,95.0,0.0
31475,70.0,366.0,0.0
31476,170.0,207.0,0.0
31477,64.0,359.0,0.0
31478,119.0,78.0,0.0
31479,131.0,494.0,0.0
31480,105.0,447.0,0.0
31481,242.0,427.0,0.0
31482,76.0,312.0,0.0
31483,69.0,589.0,0.0
31484,52.0,369.0,0.0
31485,252.0,532.0,0.0
31486,208.0,488.0,0.0
31487,238.0,236.0,0.0
31488,97.0,593.0,0.0
31489,50.0,57.0,0.0
31490,81.0,41.0,0.0
