,drug,disease,label
0,205.0,190.0,1.0
1,114.0,6.0,1.0
2,39.0,410.0,1.0
3,28.0,289.0,1.0
4,44.0,295.0,1.0
5,240.0,388.0,1.0
6,248.0,62.0,1.0
7,97.0,498.0,1.0
8,8.0,150.0,1.0
9,230.0,59.0,1.0
10,130.0,556.0,1.0
11,17.0,417.0,1.0
12,159.0,536.0,1.0
13,223.0,197.0,1.0
14,182.0,436.0,1.0
15,242.0,62.0,1.0
16,162.0,175.0,1.0
17,248.0,502.0,1.0
18,166.0,216.0,1.0
19,256.0,91.0,1.0
20,207.0,59.0,1.0
21,257.0,255.0,1.0
22,128.0,9.0,1.0
23,268.0,313.0,1.0
24,130.0,382.0,1.0
25,207.0,436.0,1.0
26,111.0,17.0,1.0
27,189.0,121.0,1.0
28,102.0,65.0,1.0
29,132.0,284.0,1.0
30,129.0,527.0,1.0
31,104.0,111.0,1.0
32,164.0,175.0,1.0
33,57.0,439.0,1.0
34,82.0,506.0,1.0
35,164.0,386.0,1.0
36,156.0,216.0,1.0
37,16.0,45.0,1.0
38,112.0,143.0,1.0
39,219.0,218.0,1.0
40,99.0,410.0,1.0
41,126.0,14.0,1.0
42,156.0,93.0,1.0
43,165.0,147.0,1.0
44,223.0,227.0,1.0
45,91.0,259.0,1.0
46,129.0,404.0,1.0
47,33.0,322.0,1.0
48,71.0,287.0,1.0
49,147.0,594.0,1.0
50,102.0,264.0,1.0
51,156.0,248.0,1.0
52,72.0,292.0,1.0
53,89.0,36.0,1.0
54,185.0,181.0,1.0
55,182.0,442.0,1.0
56,49.0,315.0,1.0
57,79.0,552.0,1.0
58,16.0,11.0,1.0
59,65.0,150.0,1.0
60,35.0,196.0,1.0
61,238.0,54.0,1.0
62,123.0,222.0,1.0
63,248.0,248.0,1.0
64,69.0,374.0,1.0
65,158.0,24.0,1.0
66,68.0,66.0,1.0
67,88.0,368.0,1.0
68,121.0,146.0,1.0
69,44.0,277.0,1.0
70,90.0,233.0,1.0
71,183.0,479.0,1.0
72,102.0,203.0,1.0
73,223.0,62.0,1.0
74,160.0,491.0,1.0
75,155.0,77.0,1.0
76,200.0,247.0,1.0
77,193.0,40.0,1.0
78,86.0,289.0,1.0
79,8.0,77.0,1.0
80,14.0,282.0,1.0
81,85.0,304.0,1.0
82,85.0,510.0,1.0
83,104.0,37.0,1.0
84,128.0,147.0,1.0
85,51.0,6.0,1.0
86,42.0,310.0,1.0
87,49.0,7.0,1.0
88,232.0,244.0,1.0
89,258.0,59.0,1.0
90,173.0,263.0,1.0
91,178.0,363.0,1.0
92,188.0,360.0,1.0
93,235.0,389.0,1.0
94,193.0,524.0,1.0
95,148.0,327.0,1.0
96,234.0,309.0,1.0
97,109.0,40.0,1.0
98,6.0,83.0,1.0
99,191.0,35.0,1.0
100,17.0,156.0,1.0
101,248.0,103.0,1.0
102,49.0,32.0,1.0
103,91.0,311.0,1.0
104,250.0,518.0,1.0
105,183.0,146.0,1.0
106,255.0,193.0,1.0
107,108.0,269.0,1.0
108,87.0,204.0,1.0
109,65.0,217.0,1.0
110,150.0,109.0,1.0
111,78.0,100.0,1.0
112,223.0,214.0,1.0
113,51.0,133.0,1.0
114,35.0,302.0,1.0
115,133.0,89.0,1.0
116,8.0,82.0,1.0
117,178.0,421.0,1.0
118,199.0,293.0,1.0
119,108.0,95.0,1.0
120,264.0,168.0,1.0
121,3.0,124.0,1.0
122,13.0,328.0,1.0
123,164.0,219.0,1.0
124,163.0,103.0,1.0
125,249.0,21.0,1.0
126,264.0,485.0,1.0
127,47.0,280.0,1.0
128,37.0,320.0,1.0
129,142.0,398.0,1.0
130,136.0,202.0,1.0
131,147.0,346.0,1.0
132,178.0,208.0,1.0
133,149.0,308.0,1.0
134,262.0,208.0,1.0
135,160.0,38.0,1.0
136,259.0,382.0,1.0
137,84.0,460.0,1.0
138,122.0,217.0,1.0
139,100.0,148.0,1.0
140,226.0,8.0,1.0
141,59.0,417.0,1.0
142,20.0,136.0,1.0
143,65.0,251.0,1.0
144,186.0,480.0,1.0
145,37.0,164.0,1.0
146,60.0,113.0,1.0
147,89.0,267.0,1.0
148,256.0,0.0,1.0
149,22.0,54.0,1.0
150,165.0,328.0,1.0
151,160.0,256.0,1.0
152,191.0,118.0,1.0
153,182.0,306.0,1.0
154,89.0,498.0,1.0
155,129.0,113.0,1.0
156,235.0,318.0,1.0
157,75.0,261.0,1.0
158,102.0,126.0,1.0
159,148.0,248.0,1.0
160,64.0,153.0,1.0
161,207.0,445.0,1.0
162,2.0,47.0,1.0
163,162.0,482.0,1.0
164,223.0,525.0,1.0
165,91.0,560.0,1.0
166,160.0,81.0,1.0
167,64.0,493.0,1.0
168,122.0,105.0,1.0
169,117.0,221.0,1.0
170,51.0,514.0,1.0
171,195.0,331.0,1.0
172,104.0,239.0,1.0
173,28.0,303.0,1.0
174,123.0,152.0,1.0
175,51.0,45.0,1.0
176,223.0,87.0,1.0
177,53.0,390.0,1.0
178,96.0,201.0,1.0
179,130.0,39.0,1.0
180,123.0,49.0,1.0
181,96.0,328.0,1.0
182,39.0,1.0,1.0
183,51.0,122.0,1.0
184,148.0,225.0,1.0
185,104.0,136.0,1.0
186,123.0,272.0,1.0
187,133.0,307.0,1.0
188,223.0,464.0,1.0
189,169.0,487.0,1.0
190,147.0,559.0,1.0
191,10.0,288.0,1.0
192,44.0,378.0,1.0
193,78.0,44.0,1.0
194,266.0,379.0,1.0
195,185.0,100.0,1.0
196,51.0,125.0,1.0
197,76.0,256.0,1.0
198,182.0,332.0,1.0
199,261.0,146.0,1.0
200,226.0,246.0,1.0
201,64.0,210.0,1.0
202,156.0,186.0,1.0
203,107.0,24.0,1.0
204,230.0,564.0,1.0
205,83.0,147.0,1.0
206,182.0,444.0,1.0
207,9.0,252.0,1.0
208,74.0,103.0,1.0
209,156.0,202.0,1.0
210,200.0,50.0,1.0
211,71.0,26.0,1.0
212,104.0,117.0,1.0
213,14.0,10.0,1.0
214,74.0,385.0,1.0
215,195.0,284.0,1.0
216,165.0,100.0,1.0
217,238.0,282.0,1.0
218,247.0,290.0,1.0
219,82.0,105.0,1.0
220,94.0,262.0,1.0
221,124.0,277.0,1.0
222,51.0,156.0,1.0
223,207.0,575.0,1.0
224,260.0,156.0,1.0
225,103.0,350.0,1.0
226,264.0,315.0,1.0
227,230.0,208.0,1.0
228,195.0,202.0,1.0
229,93.0,106.0,1.0
230,104.0,251.0,1.0
231,175.0,284.0,1.0
232,145.0,0.0,1.0
233,71.0,305.0,1.0
234,202.0,50.0,1.0
235,66.0,253.0,1.0
236,71.0,406.0,1.0
237,98.0,92.0,1.0
238,167.0,80.0,1.0
239,148.0,96.0,1.0
240,245.0,374.0,1.0
241,80.0,156.0,1.0
242,153.0,310.0,1.0
243,19.0,136.0,1.0
244,9.0,53.0,1.0
245,226.0,520.0,1.0
246,115.0,589.0,1.0
247,246.0,111.0,1.0
248,26.0,95.0,1.0
249,264.0,272.0,1.0
250,87.0,73.0,1.0
251,214.0,243.0,1.0
252,31.0,341.0,1.0
253,178.0,153.0,1.0
254,159.0,207.0,1.0
255,201.0,531.0,1.0
256,147.0,184.0,1.0
257,224.0,124.0,1.0
258,45.0,38.0,1.0
259,118.0,464.0,1.0
260,156.0,374.0,1.0
261,82.0,43.0,1.0
262,145.0,533.0,1.0
263,127.0,57.0,1.0
264,56.0,319.0,1.0
265,130.0,40.0,1.0
266,18.0,154.0,1.0
267,218.0,511.0,1.0
268,136.0,351.0,1.0
269,104.0,112.0,1.0
270,5.0,1.0,1.0
271,138.0,40.0,1.0
272,64.0,216.0,1.0
273,196.0,161.0,1.0
274,217.0,198.0,1.0
275,82.0,328.0,1.0
276,256.0,223.0,1.0
277,178.0,9.0,1.0
278,67.0,469.0,1.0
279,138.0,117.0,1.0
280,60.0,410.0,1.0
281,65.0,185.0,1.0
282,106.0,21.0,1.0
283,264.0,442.0,1.0
284,53.0,337.0,1.0
285,67.0,376.0,1.0
286,117.0,217.0,1.0
287,257.0,150.0,1.0
288,257.0,87.0,1.0
289,196.0,125.0,1.0
290,259.0,377.0,1.0
291,89.0,481.0,1.0
292,223.0,360.0,1.0
293,145.0,138.0,1.0
294,230.0,544.0,1.0
295,191.0,67.0,1.0
296,166.0,191.0,1.0
297,172.0,123.0,1.0
298,74.0,157.0,1.0
299,85.0,261.0,1.0
300,219.0,0.0,1.0
301,223.0,338.0,1.0
302,262.0,111.0,1.0
303,44.0,172.0,1.0
304,67.0,74.0,1.0
305,118.0,217.0,1.0
306,189.0,207.0,1.0
307,17.0,188.0,1.0
308,257.0,70.0,1.0
309,193.0,126.0,1.0
310,51.0,177.0,1.0
311,182.0,439.0,1.0
312,101.0,399.0,1.0
313,14.0,66.0,1.0
314,211.0,407.0,1.0
315,235.0,560.0,1.0
316,71.0,461.0,1.0
317,137.0,410.0,1.0
318,94.0,21.0,1.0
319,263.0,161.0,1.0
320,126.0,91.0,1.0
321,108.0,345.0,1.0
322,238.0,223.0,1.0
323,45.0,420.0,1.0
324,124.0,291.0,1.0
325,159.0,204.0,1.0
326,10.0,162.0,1.0
327,173.0,115.0,1.0
328,199.0,20.0,1.0
329,230.0,44.0,1.0
330,256.0,510.0,1.0
331,128.0,97.0,1.0
332,262.0,148.0,1.0
333,144.0,219.0,1.0
334,187.0,159.0,1.0
335,264.0,595.0,1.0
336,144.0,525.0,1.0
337,225.0,446.0,1.0
338,116.0,246.0,1.0
339,207.0,77.0,1.0
340,96.0,286.0,1.0
341,126.0,48.0,1.0
342,84.0,103.0,1.0
343,164.0,60.0,1.0
344,156.0,201.0,1.0
345,132.0,575.0,1.0
346,231.0,430.0,1.0
347,186.0,241.0,1.0
348,138.0,527.0,1.0
349,37.0,20.0,1.0
350,208.0,60.0,1.0
351,57.0,91.0,1.0
352,170.0,91.0,1.0
353,156.0,496.0,1.0
354,245.0,232.0,1.0
355,69.0,91.0,1.0
356,261.0,336.0,1.0
357,199.0,35.0,1.0
358,195.0,128.0,1.0
359,94.0,143.0,1.0
360,242.0,327.0,1.0
361,94.0,44.0,1.0
362,119.0,57.0,1.0
363,248.0,204.0,1.0
364,78.0,12.0,1.0
365,158.0,59.0,1.0
366,257.0,434.0,1.0
367,211.0,218.0,1.0
368,126.0,104.0,1.0
369,72.0,327.0,1.0
370,122.0,180.0,1.0
371,219.0,434.0,1.0
372,161.0,92.0,1.0
373,136.0,347.0,1.0
374,184.0,213.0,1.0
375,228.0,409.0,1.0
376,126.0,188.0,1.0
377,10.0,156.0,1.0
378,103.0,11.0,1.0
379,52.0,219.0,1.0
380,208.0,62.0,1.0
381,1.0,88.0,1.0
382,155.0,468.0,1.0
383,178.0,1.0,1.0
384,108.0,555.0,1.0
385,37.0,196.0,1.0
386,248.0,545.0,1.0
387,223.0,122.0,1.0
388,17.0,322.0,1.0
389,175.0,169.0,1.0
390,90.0,491.0,1.0
391,126.0,378.0,1.0
392,42.0,77.0,1.0
393,90.0,282.0,1.0
394,128.0,40.0,1.0
395,64.0,100.0,1.0
396,37.0,106.0,1.0
397,141.0,214.0,1.0
398,147.0,118.0,1.0
399,102.0,556.0,1.0
400,248.0,64.0,1.0
401,182.0,276.0,1.0
402,45.0,116.0,1.0
403,131.0,11.0,1.0
404,52.0,372.0,1.0
405,164.0,91.0,1.0
406,209.0,50.0,1.0
407,226.0,189.0,1.0
408,245.0,112.0,1.0
409,203.0,137.0,1.0
410,211.0,238.0,1.0
411,259.0,1.0,1.0
412,183.0,78.0,1.0
413,164.0,326.0,1.0
414,175.0,363.0,1.0
415,230.0,460.0,1.0
416,184.0,4.0,1.0
417,83.0,48.0,1.0
418,227.0,517.0,1.0
419,93.0,145.0,1.0
420,89.0,596.0,1.0
421,32.0,103.0,1.0
422,60.0,537.0,1.0
423,196.0,104.0,1.0
424,179.0,353.0,1.0
425,229.0,47.0,1.0
426,175.0,194.0,1.0
427,178.0,407.0,1.0
428,90.0,348.0,1.0
429,104.0,92.0,1.0
430,28.0,54.0,1.0
431,245.0,48.0,1.0
432,265.0,168.0,1.0
433,255.0,39.0,1.0
434,76.0,236.0,1.0
435,87.0,420.0,1.0
436,56.0,8.0,1.0
437,262.0,273.0,1.0
438,53.0,141.0,1.0
439,21.0,293.0,1.0
440,9.0,65.0,1.0
441,128.0,17.0,1.0
442,248.0,66.0,1.0
443,258.0,409.0,1.0
444,122.0,521.0,1.0
445,248.0,120.0,1.0
446,187.0,204.0,1.0
447,72.0,226.0,1.0
448,127.0,369.0,1.0
449,76.0,18.0,1.0
450,126.0,197.0,1.0
451,126.0,126.0,1.0
452,102.0,319.0,1.0
453,41.0,27.0,1.0
454,218.0,105.0,1.0
455,195.0,282.0,1.0
456,26.0,359.0,1.0
457,108.0,561.0,1.0
458,210.0,124.0,1.0
459,144.0,368.0,1.0
460,51.0,126.0,1.0
461,51.0,222.0,1.0
462,83.0,208.0,1.0
463,91.0,483.0,1.0
464,154.0,100.0,1.0
465,87.0,250.0,1.0
466,132.0,227.0,1.0
467,141.0,106.0,1.0
468,213.0,209.0,1.0
469,62.0,39.0,1.0
470,59.0,406.0,1.0
471,95.0,86.0,1.0
472,173.0,524.0,1.0
473,75.0,222.0,1.0
474,60.0,112.0,1.0
475,229.0,111.0,1.0
476,45.0,11.0,1.0
477,210.0,193.0,1.0
478,201.0,95.0,1.0
479,129.0,353.0,1.0
480,65.0,10.0,1.0
481,53.0,398.0,1.0
482,242.0,135.0,1.0
483,129.0,22.0,1.0
484,100.0,213.0,1.0
485,201.0,416.0,1.0
486,183.0,270.0,1.0
487,160.0,90.0,1.0
488,86.0,382.0,1.0
489,248.0,92.0,1.0
490,82.0,246.0,1.0
491,82.0,237.0,1.0
492,261.0,103.0,1.0
493,1.0,51.0,1.0
494,126.0,251.0,1.0
495,189.0,89.0,1.0
496,218.0,170.0,1.0
497,226.0,333.0,1.0
498,251.0,100.0,1.0
499,149.0,253.0,1.0
500,69.0,89.0,1.0
501,102.0,105.0,1.0
502,17.0,117.0,1.0
503,74.0,534.0,1.0
504,82.0,227.0,1.0
505,115.0,410.0,1.0
506,256.0,114.0,1.0
507,124.0,157.0,1.0
508,200.0,34.0,1.0
509,122.0,88.0,1.0
510,228.0,416.0,1.0
511,162.0,450.0,1.0
512,202.0,392.0,1.0
513,69.0,8.0,1.0
514,112.0,48.0,1.0
515,199.0,253.0,1.0
516,83.0,77.0,1.0
517,165.0,10.0,1.0
518,233.0,88.0,1.0
519,178.0,169.0,1.0
520,5.0,3.0,1.0
521,62.0,66.0,1.0
522,14.0,45.0,1.0
523,250.0,202.0,1.0
524,42.0,232.0,1.0
525,81.0,199.0,1.0
526,148.0,10.0,1.0
527,266.0,48.0,1.0
528,116.0,295.0,1.0
529,117.0,106.0,1.0
530,56.0,488.0,1.0
531,102.0,200.0,1.0
532,138.0,47.0,1.0
533,98.0,38.0,1.0
534,147.0,59.0,1.0
535,250.0,251.0,1.0
536,26.0,305.0,1.0
537,180.0,61.0,1.0
538,175.0,451.0,1.0
539,230.0,469.0,1.0
540,199.0,143.0,1.0
541,226.0,443.0,1.0
542,229.0,229.0,1.0
543,75.0,388.0,1.0
544,208.0,252.0,1.0
545,203.0,157.0,1.0
546,199.0,236.0,1.0
547,57.0,97.0,1.0
548,186.0,86.0,1.0
549,259.0,411.0,1.0
550,68.0,577.0,1.0
551,39.0,111.0,1.0
552,84.0,443.0,1.0
553,182.0,36.0,1.0
554,248.0,529.0,1.0
555,67.0,156.0,1.0
556,135.0,530.0,1.0
557,266.0,399.0,1.0
558,176.0,259.0,1.0
559,81.0,203.0,1.0
560,52.0,31.0,1.0
561,113.0,363.0,1.0
562,104.0,423.0,1.0
563,256.0,588.0,1.0
564,148.0,47.0,1.0
565,209.0,103.0,1.0
566,82.0,587.0,1.0
567,169.0,120.0,1.0
568,85.0,154.0,1.0
569,79.0,69.0,1.0
570,123.0,529.0,1.0
571,65.0,261.0,1.0
572,266.0,202.0,1.0
573,126.0,410.0,1.0
574,199.0,527.0,1.0
575,239.0,84.0,1.0
576,235.0,421.0,1.0
577,103.0,266.0,1.0
578,145.0,218.0,1.0
579,211.0,514.0,1.0
580,65.0,92.0,1.0
581,11.0,146.0,1.0
582,213.0,282.0,1.0
583,122.0,302.0,1.0
584,96.0,136.0,1.0
585,50.0,10.0,1.0
586,175.0,382.0,1.0
587,50.0,143.0,1.0
588,214.0,44.0,1.0
589,218.0,78.0,1.0
590,210.0,197.0,1.0
591,205.0,116.0,1.0
592,197.0,530.0,1.0
593,88.0,168.0,1.0
594,250.0,143.0,1.0
595,181.0,92.0,1.0
596,178.0,130.0,1.0
597,201.0,112.0,1.0
598,261.0,112.0,1.0
599,87.0,120.0,1.0
600,93.0,92.0,1.0
601,64.0,494.0,1.0
602,47.0,313.0,1.0
603,15.0,146.0,1.0
604,74.0,131.0,1.0
605,81.0,382.0,1.0
606,226.0,311.0,1.0
607,170.0,104.0,1.0
608,229.0,36.0,1.0
609,230.0,125.0,1.0
610,172.0,257.0,1.0
611,158.0,451.0,1.0
612,255.0,77.0,1.0
613,253.0,432.0,1.0
614,209.0,488.0,1.0
615,175.0,213.0,1.0
616,141.0,425.0,1.0
617,65.0,404.0,1.0
618,187.0,391.0,1.0
619,217.0,95.0,1.0
620,94.0,36.0,1.0
621,205.0,10.0,1.0
622,91.0,555.0,1.0
623,257.0,594.0,1.0
624,156.0,129.0,1.0
625,10.0,289.0,1.0
626,230.0,225.0,1.0
627,162.0,100.0,1.0
628,211.0,59.0,1.0
629,226.0,118.0,1.0
630,87.0,100.0,1.0
631,242.0,241.0,1.0
632,53.0,20.0,1.0
633,202.0,510.0,1.0
634,234.0,195.0,1.0
635,141.0,0.0,1.0
636,82.0,461.0,1.0
637,65.0,461.0,1.0
638,39.0,402.0,1.0
639,230.0,50.0,1.0
640,165.0,511.0,1.0
641,204.0,147.0,1.0
642,129.0,241.0,1.0
643,90.0,50.0,1.0
644,31.0,61.0,1.0
645,258.0,310.0,1.0
646,127.0,91.0,1.0
647,10.0,175.0,1.0
648,225.0,313.0,1.0
649,44.0,179.0,1.0
650,156.0,81.0,1.0
651,250.0,546.0,1.0
652,197.0,251.0,1.0
653,56.0,302.0,1.0
654,155.0,61.0,1.0
655,12.0,120.0,1.0
656,136.0,0.0,1.0
657,214.0,245.0,1.0
658,150.0,243.0,1.0
659,62.0,454.0,1.0
660,116.0,281.0,1.0
661,74.0,492.0,1.0
662,82.0,535.0,1.0
663,104.0,389.0,1.0
664,8.0,51.0,1.0
665,138.0,207.0,1.0
666,2.0,147.0,1.0
667,226.0,226.0,1.0
668,89.0,7.0,1.0
669,262.0,243.0,1.0
670,72.0,290.0,1.0
671,56.0,242.0,1.0
672,62.0,58.0,1.0
673,226.0,43.0,1.0
674,69.0,190.0,1.0
675,132.0,481.0,1.0
676,117.0,318.0,1.0
677,100.0,120.0,1.0
678,52.0,49.0,1.0
679,81.0,205.0,1.0
680,232.0,408.0,1.0
681,75.0,100.0,1.0
682,263.0,462.0,1.0
683,65.0,368.0,1.0
684,117.0,356.0,1.0
685,226.0,147.0,1.0
686,256.0,105.0,1.0
687,155.0,147.0,1.0
688,169.0,194.0,1.0
689,32.0,24.0,1.0
690,98.0,58.0,1.0
691,5.0,195.0,1.0
692,69.0,133.0,1.0
693,159.0,66.0,1.0
694,165.0,243.0,1.0
695,63.0,309.0,1.0
696,44.0,282.0,1.0
697,164.0,125.0,1.0
698,248.0,367.0,1.0
699,205.0,66.0,1.0
700,217.0,39.0,1.0
701,165.0,395.0,1.0
702,183.0,450.0,1.0
703,87.0,500.0,1.0
704,119.0,398.0,1.0
705,266.0,217.0,1.0
706,44.0,89.0,1.0
707,82.0,332.0,1.0
708,195.0,100.0,1.0
709,155.0,35.0,1.0
710,52.0,356.0,1.0
711,42.0,146.0,1.0
712,60.0,186.0,1.0
713,13.0,341.0,1.0
714,154.0,69.0,1.0
715,222.0,83.0,1.0
716,82.0,244.0,1.0
717,44.0,66.0,1.0
718,209.0,576.0,1.0
719,84.0,253.0,1.0
720,247.0,11.0,1.0
721,104.0,67.0,1.0
722,197.0,0.0,1.0
723,17.0,309.0,1.0
724,3.0,45.0,1.0
725,183.0,177.0,1.0
726,81.0,510.0,1.0
727,81.0,353.0,1.0
728,102.0,77.0,1.0
729,264.0,106.0,1.0
730,149.0,164.0,1.0
731,223.0,353.0,1.0
732,157.0,317.0,1.0
733,189.0,52.0,1.0
734,38.0,300.0,1.0
735,136.0,3.0,1.0
736,34.0,150.0,1.0
737,203.0,180.0,1.0
738,200.0,288.0,1.0
739,84.0,385.0,1.0
740,69.0,262.0,1.0
741,135.0,569.0,1.0
742,182.0,399.0,1.0
743,35.0,388.0,1.0
744,19.0,106.0,1.0
745,51.0,36.0,1.0
746,70.0,57.0,1.0
747,55.0,50.0,1.0
748,176.0,112.0,1.0
749,101.0,392.0,1.0
750,214.0,32.0,1.0
751,5.0,100.0,1.0
752,207.0,31.0,1.0
753,156.0,557.0,1.0
754,239.0,7.0,1.0
755,141.0,462.0,1.0
756,60.0,33.0,1.0
757,130.0,20.0,1.0
758,52.0,80.0,1.0
759,214.0,330.0,1.0
760,22.0,294.0,1.0
761,228.0,134.0,1.0
762,51.0,397.0,1.0
763,125.0,424.0,1.0
764,198.0,478.0,1.0
765,79.0,383.0,1.0
766,105.0,79.0,1.0
767,256.0,347.0,1.0
768,148.0,307.0,1.0
769,159.0,10.0,1.0
770,234.0,373.0,1.0
771,197.0,113.0,1.0
772,182.0,407.0,1.0
773,189.0,111.0,1.0
774,96.0,186.0,1.0
775,182.0,58.0,1.0
776,16.0,34.0,1.0
777,234.0,60.0,1.0
778,9.0,262.0,1.0
779,117.0,373.0,1.0
780,19.0,292.0,1.0
781,195.0,460.0,1.0
782,101.0,146.0,1.0
783,135.0,216.0,1.0
784,200.0,321.0,1.0
785,160.0,196.0,1.0
786,44.0,55.0,1.0
787,233.0,388.0,1.0
788,74.0,221.0,1.0
789,226.0,60.0,1.0
790,85.0,430.0,1.0
791,83.0,113.0,1.0
792,136.0,260.0,1.0
793,206.0,47.0,1.0
794,259.0,305.0,1.0
795,226.0,545.0,1.0
796,235.0,517.0,1.0
797,231.0,449.0,1.0
798,164.0,7.0,1.0
799,26.0,130.0,1.0
800,5.0,184.0,1.0
801,203.0,347.0,1.0
802,93.0,191.0,1.0
803,177.0,259.0,1.0
804,178.0,145.0,1.0
805,226.0,196.0,1.0
806,224.0,186.0,1.0
807,107.0,434.0,1.0
808,156.0,111.0,1.0
809,2.0,137.0,1.0
810,51.0,20.0,1.0
811,264.0,155.0,1.0
812,194.0,0.0,1.0
813,128.0,256.0,1.0
814,156.0,424.0,1.0
815,85.0,349.0,1.0
816,105.0,242.0,1.0
817,71.0,102.0,1.0
818,130.0,493.0,1.0
819,218.0,173.0,1.0
820,44.0,317.0,1.0
821,252.0,52.0,1.0
822,56.0,136.0,1.0
823,148.0,358.0,1.0
824,185.0,245.0,1.0
825,245.0,10.0,1.0
826,130.0,332.0,1.0
827,144.0,222.0,1.0
828,8.0,18.0,1.0
829,224.0,7.0,1.0
830,150.0,126.0,1.0
831,232.0,261.0,1.0
832,28.0,41.0,1.0
833,253.0,27.0,1.0
834,20.0,47.0,1.0
835,230.0,10.0,1.0
836,152.0,122.0,1.0
837,91.0,73.0,1.0
838,34.0,50.0,1.0
839,105.0,1.0,1.0
840,83.0,66.0,1.0
841,226.0,332.0,1.0
842,230.0,436.0,1.0
843,64.0,441.0,1.0
844,171.0,429.0,1.0
845,202.0,439.0,1.0
846,132.0,399.0,1.0
847,121.0,348.0,1.0
848,44.0,388.0,1.0
849,69.0,230.0,1.0
850,58.0,66.0,1.0
851,149.0,64.0,1.0
852,210.0,10.0,1.0
853,65.0,470.0,1.0
854,79.0,492.0,1.0
855,99.0,415.0,1.0
856,147.0,512.0,1.0
857,248.0,75.0,1.0
858,256.0,81.0,1.0
859,56.0,250.0,1.0
860,78.0,79.0,1.0
861,53.0,238.0,1.0
862,223.0,365.0,1.0
863,191.0,94.0,1.0
864,89.0,116.0,1.0
865,194.0,68.0,1.0
866,78.0,457.0,1.0
867,224.0,219.0,1.0
868,81.0,177.0,1.0
869,149.0,428.0,1.0
870,214.0,494.0,1.0
871,182.0,495.0,1.0
872,123.0,145.0,1.0
873,102.0,463.0,1.0
874,22.0,226.0,1.0
875,84.0,591.0,1.0
876,179.0,219.0,1.0
877,144.0,434.0,1.0
878,84.0,46.0,1.0
879,134.0,172.0,1.0
880,83.0,35.0,1.0
881,182.0,410.0,1.0
882,258.0,195.0,1.0
883,78.0,99.0,1.0
884,96.0,24.0,1.0
885,178.0,511.0,1.0
886,197.0,135.0,1.0
887,82.0,64.0,1.0
888,98.0,563.0,1.0
889,122.0,512.0,1.0
890,180.0,194.0,1.0
891,75.0,344.0,1.0
892,229.0,193.0,1.0
893,105.0,277.0,1.0
894,49.0,415.0,1.0
895,102.0,548.0,1.0
896,67.0,11.0,1.0
897,102.0,252.0,1.0
898,167.0,257.0,1.0
899,145.0,310.0,1.0
900,13.0,201.0,1.0
901,259.0,555.0,1.0
902,1.0,29.0,1.0
903,199.0,260.0,1.0
904,183.0,137.0,1.0
905,110.0,218.0,1.0
906,202.0,36.0,1.0
907,239.0,451.0,1.0
908,101.0,95.0,1.0
909,55.0,441.0,1.0
910,187.0,319.0,1.0
911,160.0,272.0,1.0
912,239.0,454.0,1.0
913,259.0,74.0,1.0
914,200.0,577.0,1.0
915,175.0,19.0,1.0
916,65.0,60.0,1.0
917,183.0,485.0,1.0
918,52.0,191.0,1.0
919,84.0,223.0,1.0
920,194.0,529.0,1.0
921,138.0,9.0,1.0
922,71.0,511.0,1.0
923,36.0,11.0,1.0
924,32.0,244.0,1.0
925,14.0,345.0,1.0
926,172.0,10.0,1.0
927,65.0,225.0,1.0
928,248.0,343.0,1.0
929,226.0,244.0,1.0
930,60.0,141.0,1.0
931,147.0,70.0,1.0
932,77.0,555.0,1.0
933,160.0,220.0,1.0
934,46.0,425.0,1.0
935,102.0,440.0,1.0
936,266.0,232.0,1.0
937,193.0,135.0,1.0
938,75.0,147.0,1.0
939,89.0,466.0,1.0
940,96.0,31.0,1.0
941,108.0,193.0,1.0
942,101.0,474.0,1.0
943,75.0,5.0,1.0
944,266.0,132.0,1.0
945,115.0,386.0,1.0
946,74.0,584.0,1.0
947,51.0,146.0,1.0
948,193.0,127.0,1.0
949,105.0,219.0,1.0
950,95.0,392.0,1.0
951,164.0,292.0,1.0
952,70.0,382.0,1.0
953,160.0,314.0,1.0
954,134.0,82.0,1.0
955,135.0,394.0,1.0
956,247.0,31.0,1.0
957,64.0,378.0,1.0
958,160.0,11.0,1.0
959,211.0,227.0,1.0
960,158.0,122.0,1.0
961,138.0,296.0,1.0
962,37.0,58.0,1.0
963,44.0,351.0,1.0
964,108.0,161.0,1.0
965,224.0,190.0,1.0
966,171.0,112.0,1.0
967,142.0,213.0,1.0
968,108.0,296.0,1.0
969,22.0,239.0,1.0
970,116.0,36.0,1.0
971,259.0,420.0,1.0
972,185.0,126.0,1.0
973,107.0,241.0,1.0
974,15.0,343.0,1.0
975,78.0,342.0,1.0
976,205.0,456.0,1.0
977,210.0,213.0,1.0
978,113.0,191.0,1.0
979,132.0,546.0,1.0
980,232.0,136.0,1.0
981,245.0,131.0,1.0
982,49.0,506.0,1.0
983,89.0,89.0,1.0
984,127.0,53.0,1.0
985,64.0,35.0,1.0
986,259.0,214.0,1.0
987,69.0,104.0,1.0
988,218.0,245.0,1.0
989,44.0,9.0,1.0
990,56.0,40.0,1.0
991,68.0,521.0,1.0
992,185.0,537.0,1.0
993,75.0,177.0,1.0
994,44.0,175.0,1.0
995,90.0,236.0,1.0
996,187.0,5.0,1.0
997,64.0,27.0,1.0
998,51.0,358.0,1.0
999,78.0,398.0,1.0
1000,44.0,202.0,1.0
1001,183.0,340.0,1.0
1002,122.0,179.0,1.0
1003,175.0,587.0,1.0
1004,188.0,127.0,1.0
1005,226.0,418.0,1.0
1006,9.0,281.0,1.0
1007,96.0,498.0,1.0
1008,262.0,228.0,1.0
1009,224.0,21.0,1.0
1010,102.0,18.0,1.0
1011,222.0,61.0,1.0
1012,117.0,22.0,1.0
1013,97.0,117.0,1.0
1014,65.0,410.0,1.0
1015,46.0,10.0,1.0
1016,60.0,233.0,1.0
1017,170.0,205.0,1.0
1018,149.0,24.0,1.0
1019,123.0,91.0,1.0
1020,98.0,277.0,1.0
1021,143.0,18.0,1.0
1022,188.0,216.0,1.0
1023,191.0,378.0,1.0
1024,255.0,306.0,1.0
1025,120.0,32.0,1.0
1026,202.0,12.0,1.0
1027,84.0,59.0,1.0
1028,82.0,559.0,1.0
1029,104.0,160.0,1.0
1030,189.0,219.0,1.0
1031,19.0,44.0,1.0
1032,102.0,408.0,1.0
1033,238.0,6.0,1.0
1034,199.0,164.0,1.0
1035,51.0,59.0,1.0
1036,234.0,197.0,1.0
1037,223.0,176.0,1.0
1038,79.0,310.0,1.0
1039,238.0,7.0,1.0
1040,263.0,58.0,1.0
1041,64.0,116.0,1.0
1042,133.0,203.0,1.0
1043,67.0,282.0,1.0
1044,9.0,29.0,1.0
1045,239.0,126.0,1.0
1046,56.0,125.0,1.0
1047,3.0,151.0,1.0
1048,87.0,159.0,1.0
1049,119.0,81.0,1.0
1050,164.0,53.0,1.0
1051,72.0,268.0,1.0
1052,12.0,324.0,1.0
1053,147.0,9.0,1.0
1054,226.0,268.0,1.0
1055,262.0,456.0,1.0
1056,74.0,50.0,1.0
1057,108.0,435.0,1.0
1058,89.0,95.0,1.0
1059,224.0,24.0,1.0
1060,129.0,0.0,1.0
1061,93.0,262.0,1.0
1062,45.0,103.0,1.0
1063,259.0,588.0,1.0
1064,203.0,482.0,1.0
1065,39.0,314.0,1.0
1066,164.0,273.0,1.0
1067,148.0,76.0,1.0
1068,141.0,533.0,1.0
1069,82.0,209.0,1.0
1070,200.0,11.0,1.0
1071,126.0,227.0,1.0
1072,17.0,7.0,1.0
1073,86.0,412.0,1.0
1074,125.0,120.0,1.0
1075,136.0,138.0,1.0
1076,102.0,281.0,1.0
1077,182.0,515.0,1.0
1078,182.0,275.0,1.0
1079,116.0,575.0,1.0
1080,228.0,119.0,1.0
1081,264.0,293.0,1.0
1082,85.0,308.0,1.0
1083,83.0,487.0,1.0
1084,212.0,391.0,1.0
1085,226.0,441.0,1.0
1086,65.0,194.0,1.0
1087,115.0,204.0,1.0
1088,268.0,89.0,1.0
1089,126.0,143.0,1.0
1090,228.0,168.0,1.0
1091,115.0,103.0,1.0
1092,235.0,92.0,1.0
1093,217.0,207.0,1.0
1094,87.0,538.0,1.0
1095,91.0,514.0,1.0
1096,248.0,271.0,1.0
1097,86.0,63.0,1.0
1098,161.0,100.0,1.0
1099,219.0,207.0,1.0
1100,208.0,204.0,1.0
1101,117.0,181.0,1.0
1102,191.0,382.0,1.0
1103,186.0,193.0,1.0
1104,218.0,30.0,1.0
1105,165.0,39.0,1.0
1106,60.0,219.0,1.0
1107,164.0,58.0,1.0
1108,150.0,204.0,1.0
1109,209.0,255.0,1.0
1110,225.0,320.0,1.0
1111,58.0,130.0,1.0
1112,97.0,482.0,1.0
1113,74.0,445.0,1.0
1114,104.0,292.0,1.0
1115,141.0,116.0,1.0
1116,185.0,186.0,1.0
1117,102.0,541.0,1.0
1118,231.0,184.0,1.0
1119,19.0,80.0,1.0
1120,264.0,364.0,1.0
1121,68.0,116.0,1.0
1122,127.0,10.0,1.0
1123,128.0,493.0,1.0
1124,206.0,425.0,1.0
1125,180.0,527.0,1.0
1126,87.0,147.0,1.0
1127,116.0,127.0,1.0
1128,197.0,146.0,1.0
1129,223.0,339.0,1.0
1130,13.0,9.0,1.0
1131,138.0,22.0,1.0
1132,53.0,199.0,1.0
1133,127.0,130.0,1.0
1134,194.0,434.0,1.0
1135,197.0,459.0,1.0
1136,74.0,429.0,1.0
1137,219.0,411.0,1.0
1138,183.0,308.0,1.0
1139,207.0,382.0,1.0
1140,51.0,431.0,1.0
1141,182.0,73.0,1.0
1142,205.0,39.0,1.0
1143,199.0,514.0,1.0
1144,191.0,167.0,1.0
1145,147.0,172.0,1.0
1146,259.0,566.0,1.0
1147,164.0,47.0,1.0
1148,262.0,47.0,1.0
1149,128.0,11.0,1.0
1150,194.0,124.0,1.0
1151,60.0,415.0,1.0
1152,262.0,36.0,1.0
1153,183.0,324.0,1.0
1154,194.0,205.0,1.0
1155,103.0,35.0,1.0
1156,162.0,579.0,1.0
1157,208.0,27.0,1.0
1158,88.0,278.0,1.0
1159,87.0,494.0,1.0
1160,240.0,47.0,1.0
1161,262.0,143.0,1.0
1162,178.0,168.0,1.0
1163,69.0,514.0,1.0
1164,145.0,14.0,1.0
1165,115.0,151.0,1.0
1166,178.0,44.0,1.0
1167,87.0,456.0,1.0
1168,214.0,523.0,1.0
1169,61.0,147.0,1.0
1170,150.0,124.0,1.0
1171,130.0,306.0,1.0
1172,113.0,241.0,1.0
1173,91.0,22.0,1.0
1174,209.0,439.0,1.0
1175,259.0,394.0,1.0
1176,165.0,222.0,1.0
1177,63.0,5.0,1.0
1178,132.0,223.0,1.0
1179,113.0,176.0,1.0
1180,96.0,62.0,1.0
1181,116.0,257.0,1.0
1182,197.0,120.0,1.0
1183,193.0,327.0,1.0
1184,262.0,312.0,1.0
1185,135.0,5.0,1.0
1186,248.0,261.0,1.0
1187,103.0,547.0,1.0
1188,67.0,138.0,1.0
1189,38.0,88.0,1.0
1190,96.0,494.0,1.0
1191,183.0,562.0,1.0
1192,39.0,7.0,1.0
1193,105.0,0.0,1.0
1194,205.0,342.0,1.0
1195,147.0,386.0,1.0
1196,225.0,248.0,1.0
1197,235.0,130.0,1.0
1198,175.0,62.0,1.0
1199,116.0,279.0,1.0
1200,182.0,341.0,1.0
1201,147.0,294.0,1.0
1202,60.0,247.0,1.0
1203,144.0,474.0,1.0
1204,173.0,143.0,1.0
1205,203.0,51.0,1.0
1206,75.0,208.0,1.0
1207,138.0,293.0,1.0
1208,82.0,130.0,1.0
1209,176.0,229.0,1.0
1210,238.0,60.0,1.0
1211,59.0,382.0,1.0
1212,42.0,3.0,1.0
1213,127.0,64.0,1.0
1214,69.0,306.0,1.0
1215,148.0,376.0,1.0
1216,64.0,127.0,1.0
1217,0.0,8.0,1.0
1218,17.0,380.0,1.0
1219,205.0,68.0,1.0
1220,148.0,196.0,1.0
1221,90.0,252.0,1.0
1222,175.0,87.0,1.0
1223,79.0,218.0,1.0
1224,228.0,62.0,1.0
1225,250.0,398.0,1.0
1226,11.0,157.0,1.0
1227,44.0,24.0,1.0
1228,16.0,369.0,1.0
1229,250.0,87.0,1.0
1230,130.0,112.0,1.0
1231,85.0,364.0,1.0
1232,202.0,146.0,1.0
1233,221.0,391.0,1.0
1234,17.0,394.0,1.0
1235,39.0,241.0,1.0
1236,235.0,420.0,1.0
1237,214.0,38.0,1.0
1238,248.0,50.0,1.0
1239,163.0,273.0,1.0
1240,94.0,504.0,1.0
1241,52.0,505.0,1.0
1242,186.0,200.0,1.0
1243,64.0,432.0,1.0
1244,144.0,385.0,1.0
1245,107.0,43.0,1.0
1246,49.0,38.0,1.0
1247,22.0,349.0,1.0
1248,183.0,242.0,1.0
1249,147.0,92.0,1.0
1250,31.0,194.0,1.0
1251,69.0,140.0,1.0
1252,51.0,321.0,1.0
1253,113.0,45.0,1.0
1254,85.0,61.0,1.0
1255,106.0,84.0,1.0
1256,189.0,382.0,1.0
1257,72.0,21.0,1.0
1258,170.0,133.0,1.0
1259,197.0,344.0,1.0
1260,50.0,272.0,1.0
1261,120.0,202.0,1.0
1262,226.0,460.0,1.0
1263,223.0,241.0,1.0
1264,175.0,310.0,1.0
1265,74.0,24.0,1.0
1266,266.0,10.0,1.0
1267,27.0,253.0,1.0
1268,202.0,93.0,1.0
1269,7.0,103.0,1.0
1270,31.0,17.0,1.0
1271,264.0,546.0,1.0
1272,65.0,192.0,1.0
1273,74.0,77.0,1.0
1274,26.0,350.0,1.0
1275,149.0,459.0,1.0
1276,61.0,166.0,1.0
1277,94.0,245.0,1.0
1278,14.0,9.0,1.0
1279,162.0,478.0,1.0
1280,200.0,427.0,1.0
1281,175.0,218.0,1.0
1282,225.0,270.0,1.0
1283,193.0,541.0,1.0
1284,211.0,60.0,1.0
1285,225.0,585.0,1.0
1286,203.0,226.0,1.0
1287,87.0,444.0,1.0
1288,69.0,513.0,1.0
1289,44.0,212.0,1.0
1290,234.0,24.0,1.0
1291,64.0,40.0,1.0
1292,207.0,28.0,1.0
1293,18.0,422.0,1.0
1294,156.0,95.0,1.0
1295,130.0,36.0,1.0
1296,168.0,498.0,1.0
1297,249.0,168.0,1.0
1298,135.0,184.0,1.0
1299,259.0,48.0,1.0
1300,236.0,153.0,1.0
1301,223.0,18.0,1.0
1302,87.0,54.0,1.0
1303,32.0,158.0,1.0
1304,65.0,156.0,1.0
1305,189.0,147.0,1.0
1306,263.0,116.0,1.0
1307,68.0,194.0,1.0
1308,149.0,177.0,1.0
1309,104.0,426.0,1.0
1310,122.0,445.0,1.0
1311,115.0,232.0,1.0
1312,70.0,81.0,1.0
1313,189.0,223.0,1.0
1314,97.0,227.0,1.0
1315,100.0,577.0,1.0
1316,68.0,46.0,1.0
1317,83.0,116.0,1.0
1318,165.0,111.0,1.0
1319,104.0,342.0,1.0
1320,87.0,343.0,1.0
1321,116.0,254.0,1.0
1322,199.0,517.0,1.0
1323,87.0,553.0,1.0
1324,128.0,554.0,1.0
1325,156.0,326.0,1.0
1326,102.0,115.0,1.0
1327,193.0,142.0,1.0
1328,229.0,378.0,1.0
1329,183.0,306.0,1.0
1330,85.0,10.0,1.0
1331,114.0,285.0,1.0
1332,168.0,414.0,1.0
1333,71.0,241.0,1.0
1334,86.0,44.0,1.0
1335,247.0,456.0,1.0
1336,165.0,36.0,1.0
1337,211.0,405.0,1.0
1338,235.0,12.0,1.0
1339,113.0,86.0,1.0
1340,117.0,219.0,1.0
1341,86.0,191.0,1.0
1342,218.0,87.0,1.0
1343,160.0,236.0,1.0
1344,150.0,384.0,1.0
1345,102.0,529.0,1.0
1346,129.0,57.0,1.0
1347,45.0,236.0,1.0
1348,106.0,12.0,1.0
1349,56.0,526.0,1.0
1350,249.0,196.0,1.0
1351,87.0,359.0,1.0
1352,194.0,181.0,1.0
1353,259.0,126.0,1.0
1354,130.0,102.0,1.0
1355,123.0,234.0,1.0
1356,156.0,266.0,1.0
1357,133.0,574.0,1.0
1358,182.0,216.0,1.0
1359,81.0,202.0,1.0
1360,79.0,96.0,1.0
1361,123.0,251.0,1.0
1362,28.0,106.0,1.0
1363,108.0,385.0,1.0
1364,62.0,100.0,1.0
1365,18.0,419.0,1.0
1366,250.0,145.0,1.0
1367,165.0,206.0,1.0
1368,264.0,159.0,1.0
1369,148.0,214.0,1.0
1370,165.0,562.0,1.0
1371,189.0,126.0,1.0
1372,242.0,394.0,1.0
1373,159.0,35.0,1.0
1374,67.0,118.0,1.0
1375,217.0,133.0,1.0
1376,183.0,255.0,1.0
1377,147.0,240.0,1.0
1378,130.0,172.0,1.0
1379,256.0,38.0,1.0
1380,165.0,38.0,1.0
1381,127.0,395.0,1.0
1382,56.0,408.0,1.0
1383,96.0,519.0,1.0
1384,108.0,36.0,1.0
1385,191.0,517.0,1.0
1386,226.0,264.0,1.0
1387,96.0,374.0,1.0
1388,129.0,45.0,1.0
1389,53.0,326.0,1.0
1390,17.0,193.0,1.0
1391,32.0,58.0,1.0
1392,164.0,242.0,1.0
1393,126.0,180.0,1.0
1394,141.0,70.0,1.0
1395,182.0,44.0,1.0
1396,56.0,380.0,1.0
1397,194.0,251.0,1.0
1398,229.0,354.0,1.0
1399,209.0,179.0,1.0
1400,82.0,511.0,1.0
1401,69.0,99.0,1.0
1402,106.0,153.0,1.0
1403,176.0,15.0,1.0
1404,250.0,151.0,1.0
1405,75.0,312.0,1.0
1406,160.0,5.0,1.0
1407,82.0,294.0,1.0
1408,136.0,434.0,1.0
1409,264.0,305.0,1.0
1410,202.0,52.0,1.0
1411,23.0,10.0,1.0
1412,195.0,12.0,1.0
1413,180.0,350.0,1.0
1414,65.0,373.0,1.0
1415,131.0,31.0,1.0
1416,183.0,373.0,1.0
1417,114.0,27.0,1.0
1418,13.0,105.0,1.0
1419,194.0,43.0,1.0
1420,86.0,150.0,1.0
1421,196.0,354.0,1.0
1422,91.0,203.0,1.0
1423,61.0,35.0,1.0
1424,102.0,92.0,1.0
1425,57.0,114.0,1.0
1426,104.0,61.0,1.0
1427,113.0,150.0,1.0
1428,7.0,116.0,1.0
1429,136.0,127.0,1.0
1430,39.0,396.0,1.0
1431,13.0,146.0,1.0
1432,159.0,191.0,1.0
1433,48.0,427.0,1.0
1434,112.0,529.0,1.0
1435,259.0,321.0,1.0
1436,110.0,449.0,1.0
1437,158.0,121.0,1.0
1438,9.0,261.0,1.0
1439,210.0,147.0,1.0
1440,115.0,7.0,1.0
1441,85.0,20.0,1.0
1442,141.0,146.0,1.0
1443,56.0,514.0,1.0
1444,195.0,11.0,1.0
1445,31.0,86.0,1.0
1446,84.0,446.0,1.0
1447,105.0,272.0,1.0
1448,82.0,78.0,1.0
1449,86.0,126.0,1.0
1450,183.0,82.0,1.0
1451,257.0,66.0,1.0
1452,60.0,47.0,1.0
1453,66.0,10.0,1.0
1454,261.0,12.0,1.0
1455,164.0,12.0,1.0
1456,158.0,200.0,1.0
1457,194.0,44.0,1.0
1458,33.0,120.0,1.0
1459,85.0,83.0,1.0
1460,71.0,35.0,1.0
1461,113.0,81.0,1.0
1462,164.0,288.0,1.0
1463,64.0,99.0,1.0
1464,165.0,456.0,1.0
1465,218.0,66.0,1.0
1466,234.0,416.0,1.0
1467,229.0,361.0,1.0
1468,264.0,349.0,1.0
1469,182.0,595.0,1.0
1470,147.0,288.0,1.0
1471,136.0,420.0,1.0
1472,156.0,143.0,1.0
1473,231.0,287.0,1.0
1474,174.0,290.0,1.0
1475,218.0,317.0,1.0
1476,104.0,151.0,1.0
1477,147.0,370.0,1.0
1478,68.0,559.0,1.0
1479,257.0,294.0,1.0
1480,155.0,73.0,1.0
1481,233.0,22.0,1.0
1482,53.0,381.0,1.0
1483,56.0,284.0,1.0
1484,132.0,164.0,1.0
1485,259.0,62.0,1.0
1486,56.0,9.0,1.0
1487,150.0,266.0,1.0
1488,161.0,384.0,1.0
1489,262.0,162.0,1.0
1490,189.0,14.0,1.0
1491,177.0,359.0,1.0
1492,262.0,24.0,1.0
1493,49.0,504.0,1.0
1494,242.0,156.0,1.0
1495,127.0,554.0,1.0
1496,206.0,146.0,1.0
1497,96.0,135.0,1.0
1498,226.0,112.0,1.0
1499,186.0,349.0,1.0
1500,193.0,92.0,1.0
1501,189.0,206.0,1.0
1502,117.0,251.0,1.0
1503,17.0,216.0,1.0
1504,264.0,36.0,1.0
1505,71.0,505.0,1.0
1506,86.0,70.0,1.0
1507,11.0,315.0,1.0
1508,175.0,458.0,1.0
1509,257.0,75.0,1.0
1510,31.0,287.0,1.0
1511,156.0,126.0,1.0
1512,225.0,59.0,1.0
1513,19.0,9.0,1.0
1514,228.0,505.0,1.0
1515,103.0,248.0,1.0
1516,228.0,108.0,1.0
1517,193.0,256.0,1.0
1518,211.0,420.0,1.0
1519,256.0,207.0,1.0
1520,52.0,373.0,1.0
1521,135.0,378.0,1.0
1522,193.0,242.0,1.0
1523,160.0,70.0,1.0
1524,71.0,127.0,1.0
1525,150.0,84.0,1.0
1526,64.0,382.0,1.0
1527,51.0,220.0,1.0
1528,3.0,9.0,1.0
1529,130.0,143.0,1.0
1530,82.0,205.0,1.0
1531,223.0,8.0,1.0
1532,165.0,92.0,1.0
1533,156.0,33.0,1.0
1534,145.0,143.0,1.0
1535,58.0,114.0,1.0
1536,132.0,395.0,1.0
1537,99.0,378.0,1.0
1538,20.0,109.0,1.0
1539,145.0,266.0,1.0
1540,203.0,117.0,1.0
1541,147.0,143.0,1.0
1542,47.0,10.0,1.0
1543,63.0,103.0,1.0
1544,186.0,488.0,1.0
1545,178.0,463.0,1.0
1546,69.0,148.0,1.0
1547,2.0,26.0,1.0
1548,30.0,81.0,1.0
1549,226.0,410.0,1.0
1550,178.0,448.0,1.0
1551,105.0,420.0,1.0
1552,101.0,207.0,1.0
1553,259.0,195.0,1.0
1554,233.0,35.0,1.0
1555,107.0,181.0,1.0
1556,236.0,38.0,1.0
1557,178.0,269.0,1.0
1558,98.0,409.0,1.0
1559,16.0,146.0,1.0
1560,81.0,185.0,1.0
1561,84.0,247.0,1.0
1562,133.0,196.0,1.0
1563,218.0,319.0,1.0
1564,213.0,7.0,1.0
1565,160.0,331.0,1.0
1566,124.0,476.0,1.0
1567,198.0,367.0,1.0
1568,51.0,365.0,1.0
1569,65.0,446.0,1.0
1570,173.0,486.0,1.0
1571,82.0,493.0,1.0
1572,26.0,10.0,1.0
1573,82.0,50.0,1.0
1574,69.0,440.0,1.0
1575,8.0,248.0,1.0
1576,178.0,551.0,1.0
1577,197.0,20.0,1.0
1578,154.0,497.0,1.0
1579,81.0,492.0,1.0
1580,90.0,66.0,1.0
1581,221.0,186.0,1.0
1582,177.0,71.0,1.0
1583,129.0,196.0,1.0
1584,223.0,565.0,1.0
1585,178.0,46.0,1.0
1586,87.0,0.0,1.0
1587,100.0,45.0,1.0
1588,79.0,206.0,1.0
1589,155.0,443.0,1.0
1590,16.0,156.0,1.0
1591,96.0,110.0,1.0
1592,202.0,89.0,1.0
1593,60.0,254.0,1.0
1594,117.0,525.0,1.0
1595,74.0,233.0,1.0
1596,168.0,455.0,1.0
1597,16.0,275.0,1.0
1598,185.0,429.0,1.0
1599,183.0,157.0,1.0
1600,207.0,78.0,1.0
1601,44.0,324.0,1.0
1602,39.0,391.0,1.0
1603,174.0,31.0,1.0
1604,250.0,215.0,1.0
1605,64.0,395.0,1.0
1606,59.0,191.0,1.0
1607,210.0,426.0,1.0
1608,193.0,332.0,1.0
1609,153.0,492.0,1.0
1610,96.0,272.0,1.0
1611,84.0,120.0,1.0
1612,102.0,441.0,1.0
1613,213.0,515.0,1.0
1614,165.0,11.0,1.0
1615,194.0,429.0,1.0
1616,149.0,272.0,1.0
1617,44.0,263.0,1.0
1618,166.0,190.0,1.0
1619,177.0,52.0,1.0
1620,196.0,386.0,1.0
1621,191.0,226.0,1.0
1622,158.0,205.0,1.0
1623,51.0,223.0,1.0
1624,147.0,89.0,1.0
1625,29.0,297.0,1.0
1626,79.0,507.0,1.0
1627,194.0,246.0,1.0
1628,68.0,308.0,1.0
1629,71.0,61.0,1.0
1630,28.0,109.0,1.0
1631,234.0,399.0,1.0
1632,3.0,90.0,1.0
1633,135.0,503.0,1.0
1634,60.0,437.0,1.0
1635,102.0,66.0,1.0
1636,50.0,218.0,1.0
1637,75.0,394.0,1.0
1638,8.0,146.0,1.0
1639,108.0,58.0,1.0
1640,224.0,412.0,1.0
1641,56.0,268.0,1.0
1642,96.0,9.0,1.0
1643,208.0,73.0,1.0
1644,158.0,12.0,1.0
1645,248.0,24.0,1.0
1646,218.0,426.0,1.0
1647,141.0,139.0,1.0
1648,184.0,59.0,1.0
1649,78.0,528.0,1.0
1650,16.0,59.0,1.0
1651,217.0,557.0,1.0
1652,171.0,556.0,1.0
1653,208.0,21.0,1.0
1654,242.0,72.0,1.0
1655,224.0,233.0,1.0
1656,11.0,14.0,1.0
1657,129.0,588.0,1.0
1658,224.0,149.0,1.0
1659,39.0,465.0,1.0
1660,82.0,267.0,1.0
1661,130.0,194.0,1.0
1662,207.0,80.0,1.0
1663,13.0,299.0,1.0
1664,241.0,236.0,1.0
1665,44.0,298.0,1.0
1666,259.0,143.0,1.0
1667,131.0,122.0,1.0
1668,205.0,203.0,1.0
1669,95.0,252.0,1.0
1670,209.0,143.0,1.0
1671,56.0,273.0,1.0
1672,74.0,20.0,1.0
1673,142.0,309.0,1.0
1674,158.0,199.0,1.0
1675,81.0,9.0,1.0
1676,82.0,21.0,1.0
1677,147.0,46.0,1.0
1678,122.0,281.0,1.0
1679,247.0,147.0,1.0
1680,168.0,10.0,1.0
1681,147.0,226.0,1.0
1682,88.0,190.0,1.0
1683,155.0,264.0,1.0
1684,249.0,129.0,1.0
1685,145.0,15.0,1.0
1686,82.0,19.0,1.0
1687,185.0,357.0,1.0
1688,126.0,209.0,1.0
1689,89.0,219.0,1.0
1690,208.0,310.0,1.0
1691,71.0,214.0,1.0
1692,214.0,202.0,1.0
1693,39.0,229.0,1.0
1694,138.0,362.0,1.0
1695,56.0,240.0,1.0
1696,218.0,120.0,1.0
1697,193.0,427.0,1.0
1698,135.0,413.0,1.0
1699,150.0,556.0,1.0
1700,98.0,126.0,1.0
1701,113.0,230.0,1.0
1702,139.0,400.0,1.0
1703,226.0,548.0,1.0
1704,93.0,219.0,1.0
1705,225.0,266.0,1.0
1706,82.0,284.0,1.0
1707,148.0,92.0,1.0
1708,44.0,14.0,1.0
1709,180.0,491.0,1.0
1710,115.0,223.0,1.0
1711,227.0,70.0,1.0
1712,224.0,79.0,1.0
1713,156.0,420.0,1.0
1714,64.0,202.0,1.0
1715,246.0,247.0,1.0
1716,242.0,223.0,1.0
1717,228.0,112.0,1.0
1718,75.0,130.0,1.0
1719,149.0,333.0,1.0
1720,0.0,9.0,1.0
1721,26.0,239.0,1.0
1722,81.0,147.0,1.0
1723,164.0,162.0,1.0
1724,75.0,201.0,1.0
1725,42.0,0.0,1.0
1726,175.0,383.0,1.0
1727,147.0,227.0,1.0
1728,156.0,145.0,1.0
1729,130.0,208.0,1.0
1730,141.0,288.0,1.0
1731,149.0,85.0,1.0
1732,86.0,224.0,1.0
1733,90.0,10.0,1.0
1734,227.0,252.0,1.0
1735,189.0,135.0,1.0
1736,77.0,78.0,1.0
1737,248.0,274.0,1.0
1738,1.0,72.0,1.0
1739,183.0,502.0,1.0
1740,183.0,57.0,1.0
1741,53.0,447.0,1.0
1742,164.0,10.0,1.0
1743,81.0,226.0,1.0
1744,150.0,144.0,1.0
1745,64.0,326.0,1.0
1746,136.0,32.0,1.0
1747,52.0,119.0,1.0
1748,248.0,264.0,1.0
1749,226.0,511.0,1.0
1750,130.0,179.0,1.0
1751,234.0,543.0,1.0
1752,258.0,119.0,1.0
1753,51.0,185.0,1.0
1754,228.0,80.0,1.0
1755,86.0,588.0,1.0
1756,94.0,272.0,1.0
1757,232.0,41.0,1.0
1758,84.0,95.0,1.0
1759,129.0,534.0,1.0
1760,125.0,485.0,1.0
1761,16.0,39.0,1.0
1762,179.0,528.0,1.0
1763,181.0,146.0,1.0
1764,248.0,57.0,1.0
1765,42.0,471.0,1.0
1766,153.0,132.0,1.0
1767,64.0,17.0,1.0
1768,193.0,388.0,1.0
1769,86.0,190.0,1.0
1770,177.0,308.0,1.0
1771,90.0,386.0,1.0
1772,223.0,351.0,1.0
1773,229.0,171.0,1.0
1774,150.0,277.0,1.0
1775,185.0,112.0,1.0
1776,16.0,57.0,1.0
1777,103.0,220.0,1.0
1778,238.0,66.0,1.0
1779,51.0,184.0,1.0
1780,103.0,175.0,1.0
1781,261.0,120.0,1.0
1782,218.0,92.0,1.0
1783,109.0,111.0,1.0
1784,185.0,7.0,1.0
1785,97.0,202.0,1.0
1786,82.0,558.0,1.0
1787,114.0,58.0,1.0
1788,105.0,138.0,1.0
1789,184.0,99.0,1.0
1790,71.0,185.0,1.0
1791,177.0,154.0,1.0
1792,102.0,430.0,1.0
1793,223.0,194.0,1.0
1794,216.0,179.0,1.0
1795,53.0,374.0,1.0
1796,17.0,360.0,1.0
1797,102.0,31.0,1.0
1798,28.0,439.0,1.0
1799,145.0,230.0,1.0
1800,18.0,420.0,1.0
1801,81.0,191.0,1.0
1802,245.0,66.0,1.0
1803,203.0,316.0,1.0
1804,138.0,120.0,1.0
1805,178.0,358.0,1.0
1806,88.0,12.0,1.0
1807,112.0,532.0,1.0
1808,65.0,213.0,1.0
1809,26.0,40.0,1.0
1810,217.0,125.0,1.0
1811,82.0,195.0,1.0
1812,37.0,122.0,1.0
1813,199.0,157.0,1.0
1814,31.0,331.0,1.0
1815,185.0,267.0,1.0
1816,128.0,253.0,1.0
1817,65.0,398.0,1.0
1818,130.0,47.0,1.0
1819,89.0,62.0,1.0
1820,91.0,572.0,1.0
1821,232.0,76.0,1.0
1822,91.0,305.0,1.0
1823,215.0,166.0,1.0
1824,121.0,538.0,1.0
1825,155.0,51.0,1.0
1826,237.0,36.0,1.0
1827,149.0,186.0,1.0
1828,10.0,154.0,1.0
1829,196.0,382.0,1.0
1830,197.0,194.0,1.0
1831,102.0,241.0,1.0
1832,210.0,92.0,1.0
1833,118.0,356.0,1.0
1834,220.0,526.0,1.0
1835,52.0,238.0,1.0
1836,169.0,11.0,1.0
1837,18.0,90.0,1.0
1838,105.0,453.0,1.0
1839,156.0,289.0,1.0
1840,175.0,311.0,1.0
1841,218.0,118.0,1.0
1842,224.0,50.0,1.0
1843,183.0,587.0,1.0
1844,72.0,34.0,1.0
1845,130.0,202.0,1.0
1846,132.0,509.0,1.0
1847,226.0,301.0,1.0
1848,203.0,178.0,1.0
1849,79.0,569.0,1.0
1850,22.0,171.0,1.0
1851,218.0,113.0,1.0
1852,229.0,382.0,1.0
1853,136.0,213.0,1.0
1854,29.0,269.0,1.0
1855,129.0,79.0,1.0
1856,144.0,81.0,1.0
1857,186.0,380.0,1.0
1858,115.0,569.0,1.0
1859,164.0,233.0,1.0
1860,249.0,97.0,1.0
1861,209.0,63.0,1.0
1862,95.0,80.0,1.0
1863,109.0,44.0,1.0
1864,122.0,424.0,1.0
1865,82.0,396.0,1.0
1866,84.0,364.0,1.0
1867,257.0,429.0,1.0
1868,148.0,411.0,1.0
1869,248.0,70.0,1.0
1870,71.0,353.0,1.0
1871,183.0,155.0,1.0
1872,180.0,331.0,1.0
1873,263.0,305.0,1.0
1874,121.0,181.0,1.0
1875,165.0,114.0,1.0
1876,165.0,317.0,1.0
1877,96.0,504.0,1.0
1878,72.0,201.0,1.0
1879,129.0,111.0,1.0
1880,209.0,66.0,1.0
1881,150.0,4.0,1.0
1882,5.0,192.0,1.0
1883,52.0,117.0,1.0
1884,119.0,231.0,1.0
1885,133.0,253.0,1.0
1886,82.0,118.0,1.0
1887,165.0,181.0,1.0
1888,177.0,441.0,1.0
1889,149.0,156.0,1.0
1890,8.0,254.0,1.0
1891,134.0,62.0,1.0
1892,206.0,311.0,1.0
1893,87.0,275.0,1.0
1894,262.0,12.0,1.0
1895,8.0,240.0,1.0
1896,226.0,248.0,1.0
1897,102.0,275.0,1.0
1898,116.0,137.0,1.0
1899,175.0,303.0,1.0
1900,158.0,117.0,1.0
1901,222.0,122.0,1.0
1902,81.0,222.0,1.0
1903,149.0,341.0,1.0
1904,104.0,489.0,1.0
1905,52.0,202.0,1.0
1906,175.0,199.0,1.0
1907,104.0,172.0,1.0
1908,81.0,221.0,1.0
1909,97.0,320.0,1.0
1910,108.0,175.0,1.0
1911,47.0,499.0,1.0
1912,245.0,393.0,1.0
1913,138.0,203.0,1.0
1914,223.0,12.0,1.0
1915,143.0,274.0,1.0
1916,250.0,42.0,1.0
1917,145.0,239.0,1.0
1918,146.0,269.0,1.0
1919,117.0,388.0,1.0
1920,86.0,47.0,1.0
1921,150.0,245.0,1.0
1922,205.0,356.0,1.0
1923,52.0,496.0,1.0
1924,87.0,111.0,1.0
1925,89.0,200.0,1.0
1926,121.0,103.0,1.0
1927,156.0,536.0,1.0
1928,129.0,31.0,1.0
1929,180.0,1.0,1.0
1930,96.0,150.0,1.0
1931,155.0,50.0,1.0
1932,157.0,410.0,1.0
1933,226.0,589.0,1.0
1934,178.0,222.0,1.0
1935,82.0,518.0,1.0
1936,89.0,426.0,1.0
1937,159.0,282.0,1.0
1938,248.0,521.0,1.0
1939,171.0,106.0,1.0
1940,145.0,118.0,1.0
1941,53.0,117.0,1.0
1942,144.0,282.0,1.0
1943,1.0,84.0,1.0
1944,105.0,92.0,1.0
1945,133.0,173.0,1.0
1946,135.0,7.0,1.0
1947,2.0,106.0,1.0
1948,112.0,22.0,1.0
1949,132.0,310.0,1.0
1950,157.0,94.0,1.0
1951,178.0,189.0,1.0
1952,56.0,407.0,1.0
1953,128.0,79.0,1.0
1954,82.0,436.0,1.0
1955,200.0,122.0,1.0
1956,51.0,112.0,1.0
1957,35.0,120.0,1.0
1958,254.0,388.0,1.0
1959,79.0,408.0,1.0
1960,144.0,212.0,1.0
1961,64.0,343.0,1.0
1962,32.0,118.0,1.0
1963,126.0,38.0,1.0
1964,118.0,214.0,1.0
1965,178.0,10.0,1.0
1966,232.0,297.0,1.0
1967,214.0,325.0,1.0
1968,223.0,156.0,1.0
1969,93.0,280.0,1.0
1970,221.0,3.0,1.0
1971,4.0,35.0,1.0
1972,178.0,346.0,1.0
1973,261.0,47.0,1.0
1974,84.0,595.0,1.0
1975,165.0,586.0,1.0
1976,16.0,366.0,1.0
1977,139.0,368.0,1.0
1978,83.0,374.0,1.0
1979,81.0,372.0,1.0
1980,128.0,491.0,1.0
1981,158.0,456.0,1.0
1982,32.0,133.0,1.0
1983,170.0,426.0,1.0
1984,212.0,185.0,1.0
1985,178.0,210.0,1.0
1986,136.0,501.0,1.0
1987,179.0,504.0,1.0
1988,71.0,470.0,1.0
1989,102.0,364.0,1.0
1990,158.0,107.0,1.0
1991,224.0,9.0,1.0
1992,79.0,393.0,1.0
1993,40.0,242.0,1.0
1994,183.0,275.0,1.0
1995,207.0,86.0,1.0
1996,74.0,348.0,1.0
1997,54.0,35.0,1.0
1998,5.0,97.0,1.0
1999,205.0,327.0,1.0
2000,77.0,86.0,1.0
2001,149.0,68.0,1.0
2002,266.0,231.0,1.0
2003,156.0,351.0,1.0
2004,148.0,352.0,1.0
2005,156.0,569.0,1.0
2006,197.0,147.0,1.0
2007,182.0,74.0,1.0
2008,82.0,381.0,1.0
2009,221.0,10.0,1.0
2010,83.0,424.0,1.0
2011,218.0,155.0,1.0
2012,209.0,83.0,1.0
2013,102.0,388.0,1.0
2014,174.0,193.0,1.0
2015,58.0,153.0,1.0
2016,44.0,438.0,1.0
2017,259.0,219.0,1.0
2018,129.0,112.0,1.0
2019,230.0,190.0,1.0
2020,218.0,180.0,1.0
2021,9.0,37.0,1.0
2022,145.0,115.0,1.0
2023,48.0,484.0,1.0
2024,58.0,306.0,1.0
2025,88.0,151.0,1.0
2026,149.0,118.0,1.0
2027,49.0,223.0,1.0
2028,147.0,364.0,1.0
2029,233.0,585.0,1.0
2030,244.0,388.0,1.0
2031,126.0,47.0,1.0
2032,64.0,558.0,1.0
2033,74.0,245.0,1.0
2034,71.0,186.0,1.0
2035,250.0,241.0,1.0
2036,218.0,590.0,1.0
2037,89.0,103.0,1.0
2038,129.0,50.0,1.0
2039,149.0,274.0,1.0
2040,229.0,28.0,1.0
2041,55.0,191.0,1.0
2042,262.0,194.0,1.0
2043,15.0,354.0,1.0
2044,225.0,343.0,1.0
2045,225.0,57.0,1.0
2046,94.0,10.0,1.0
2047,37.0,177.0,1.0
2048,51.0,1.0,1.0
2049,128.0,83.0,1.0
2050,199.0,319.0,1.0
2051,257.0,91.0,1.0
2052,60.0,554.0,1.0
2053,46.0,453.0,1.0
2054,51.0,206.0,1.0
2055,127.0,314.0,1.0
2056,230.0,216.0,1.0
2057,182.0,310.0,1.0
2058,178.0,248.0,1.0
2059,135.0,40.0,1.0
2060,191.0,116.0,1.0
2061,146.0,138.0,1.0
2062,190.0,197.0,1.0
2063,147.0,10.0,1.0
2064,207.0,117.0,1.0
2065,167.0,163.0,1.0
2066,87.0,447.0,1.0
2067,8.0,244.0,1.0
2068,44.0,253.0,1.0
2069,78.0,424.0,1.0
2070,126.0,200.0,1.0
2071,37.0,124.0,1.0
2072,49.0,10.0,1.0
2073,53.0,235.0,1.0
2074,243.0,451.0,1.0
2075,210.0,436.0,1.0
2076,65.0,355.0,1.0
2077,257.0,97.0,1.0
2078,63.0,357.0,1.0
2079,247.0,208.0,1.0
2080,48.0,268.0,1.0
2081,91.0,35.0,1.0
2082,220.0,554.0,1.0
2083,136.0,486.0,1.0
2084,218.0,74.0,1.0
2085,117.0,5.0,1.0
2086,105.0,434.0,1.0
2087,85.0,62.0,1.0
2088,82.0,67.0,1.0
2089,84.0,397.0,1.0
2090,150.0,201.0,1.0
2091,138.0,70.0,1.0
2092,16.0,44.0,1.0
2093,267.0,36.0,1.0
2094,151.0,328.0,1.0
2095,65.0,479.0,1.0
2096,156.0,180.0,1.0
2097,144.0,453.0,1.0
2098,51.0,132.0,1.0
2099,130.0,115.0,1.0
2100,235.0,571.0,1.0
2101,177.0,62.0,1.0
2102,234.0,218.0,1.0
2103,82.0,570.0,1.0
2104,90.0,31.0,1.0
2105,262.0,50.0,1.0
2106,28.0,65.0,1.0
2107,97.0,376.0,1.0
2108,10.0,300.0,1.0
2109,212.0,126.0,1.0
2110,245.0,206.0,1.0
2111,208.0,553.0,1.0
2112,190.0,186.0,1.0
2113,164.0,429.0,1.0
2114,165.0,84.0,1.0
2115,230.0,223.0,1.0
2116,226.0,275.0,1.0
2117,110.0,96.0,1.0
2118,64.0,113.0,1.0
2119,35.0,313.0,1.0
2120,268.0,58.0,1.0
2121,49.0,47.0,1.0
2122,103.0,333.0,1.0
2123,135.0,227.0,1.0
2124,231.0,124.0,1.0
2125,0.0,2.0,1.0
2126,187.0,179.0,1.0
2127,166.0,197.0,1.0
2128,199.0,307.0,1.0
2129,223.0,221.0,1.0
2130,128.0,247.0,1.0
2131,152.0,132.0,1.0
2132,102.0,28.0,1.0
2133,264.0,121.0,1.0
2134,178.0,310.0,1.0
2135,96.0,461.0,1.0
2136,264.0,39.0,1.0
2137,178.0,174.0,1.0
2138,49.0,49.0,1.0
2139,45.0,447.0,1.0
2140,207.0,27.0,1.0
2141,141.0,575.0,1.0
2142,89.0,389.0,1.0
2143,209.0,241.0,1.0
2144,247.0,538.0,1.0
2145,130.0,92.0,1.0
2146,63.0,232.0,1.0
2147,218.0,117.0,1.0
2148,53.0,118.0,1.0
2149,259.0,190.0,1.0
2150,67.0,35.0,1.0
2151,175.0,12.0,1.0
2152,126.0,12.0,1.0
2153,228.0,335.0,1.0
2154,103.0,48.0,1.0
2155,44.0,489.0,1.0
2156,226.0,352.0,1.0
2157,230.0,219.0,1.0
2158,73.0,52.0,1.0
2159,144.0,279.0,1.0
2160,164.0,352.0,1.0
2161,47.0,500.0,1.0
2162,53.0,111.0,1.0
2163,168.0,337.0,1.0
2164,113.0,159.0,1.0
2165,58.0,4.0,1.0
2166,87.0,337.0,1.0
2167,206.0,386.0,1.0
2168,31.0,359.0,1.0
2169,127.0,138.0,1.0
2170,114.0,429.0,1.0
2171,193.0,230.0,1.0
2172,2.0,149.0,1.0
2173,191.0,109.0,1.0
2174,248.0,69.0,1.0
2175,259.0,124.0,1.0
2176,56.0,447.0,1.0
2177,17.0,157.0,1.0
2178,81.0,402.0,1.0
2179,157.0,219.0,1.0
2180,180.0,289.0,1.0
2181,191.0,423.0,1.0
2182,176.0,247.0,1.0
2183,102.0,282.0,1.0
2184,105.0,244.0,1.0
2185,145.0,566.0,1.0
2186,89.0,423.0,1.0
2187,56.0,24.0,1.0
2188,65.0,38.0,1.0
2189,15.0,284.0,1.0
2190,58.0,295.0,1.0
2191,75.0,581.0,1.0
2192,28.0,130.0,1.0
2193,136.0,91.0,1.0
2194,80.0,268.0,1.0
2195,263.0,594.0,1.0
2196,87.0,197.0,1.0
2197,197.0,93.0,1.0
2198,199.0,584.0,1.0
2199,222.0,313.0,1.0
2200,153.0,92.0,1.0
2201,94.0,45.0,1.0
2202,148.0,524.0,1.0
2203,75.0,202.0,1.0
2204,9.0,263.0,1.0
2205,222.0,477.0,1.0
2206,177.0,484.0,1.0
2207,179.0,399.0,1.0
2208,259.0,89.0,1.0
2209,177.0,354.0,1.0
2210,183.0,310.0,1.0
2211,19.0,47.0,1.0
2212,56.0,421.0,1.0
2213,56.0,21.0,1.0
2214,263.0,445.0,1.0
2215,226.0,592.0,1.0
2216,43.0,44.0,1.0
2217,226.0,203.0,1.0
2218,147.0,34.0,1.0
2219,130.0,500.0,1.0
2220,258.0,58.0,1.0
2221,128.0,120.0,1.0
2222,149.0,37.0,1.0
2223,214.0,492.0,1.0
2224,106.0,498.0,1.0
2225,13.0,39.0,1.0
2226,266.0,138.0,1.0
2227,7.0,234.0,1.0
2228,127.0,71.0,1.0
2229,108.0,297.0,1.0
2230,77.0,526.0,1.0
2231,250.0,111.0,1.0
2232,51.0,83.0,1.0
2233,135.0,230.0,1.0
2234,146.0,10.0,1.0
2235,242.0,299.0,1.0
2236,102.0,340.0,1.0
2237,135.0,411.0,1.0
2238,230.0,576.0,1.0
2239,238.0,434.0,1.0
2240,262.0,164.0,1.0
2241,183.0,9.0,1.0
2242,183.0,64.0,1.0
2243,205.0,143.0,1.0
2244,47.0,197.0,1.0
2245,223.0,528.0,1.0
2246,210.0,504.0,1.0
2247,38.0,35.0,1.0
2248,31.0,58.0,1.0
2249,128.0,574.0,1.0
2250,138.0,342.0,1.0
2251,69.0,218.0,1.0
2252,182.0,196.0,1.0
2253,267.0,120.0,1.0
2254,89.0,453.0,1.0
2255,132.0,205.0,1.0
2256,105.0,45.0,1.0
2257,39.0,5.0,1.0
2258,64.0,105.0,1.0
2259,263.0,129.0,1.0
2260,121.0,179.0,1.0
2261,164.0,145.0,1.0
2262,158.0,69.0,1.0
2263,242.0,216.0,1.0
2264,54.0,306.0,1.0
2265,223.0,507.0,1.0
2266,189.0,429.0,1.0
2267,42.0,391.0,1.0
2268,224.0,39.0,1.0
2269,126.0,399.0,1.0
2270,248.0,28.0,1.0
2271,117.0,23.0,1.0
2272,234.0,3.0,1.0
2273,159.0,37.0,1.0
2274,263.0,73.0,1.0
2275,183.0,478.0,1.0
2276,81.0,120.0,1.0
2277,39.0,112.0,1.0
2278,53.0,186.0,1.0
2279,132.0,498.0,1.0
2280,132.0,459.0,1.0
2281,186.0,139.0,1.0
2282,189.0,120.0,1.0
2283,71.0,386.0,1.0
2284,200.0,113.0,1.0
2285,49.0,378.0,1.0
2286,87.0,395.0,1.0
2287,104.0,242.0,1.0
2288,234.0,12.0,1.0
2289,148.0,59.0,1.0
2290,56.0,437.0,1.0
2291,147.0,520.0,1.0
2292,3.0,153.0,1.0
2293,208.0,87.0,1.0
2294,89.0,44.0,1.0
2295,139.0,39.0,1.0
2296,149.0,91.0,1.0
2297,189.0,128.0,1.0
2298,258.0,103.0,1.0
2299,53.0,525.0,1.0
2300,15.0,194.0,1.0
2301,87.0,535.0,1.0
2302,226.0,65.0,1.0
2303,175.0,147.0,1.0
2304,175.0,558.0,1.0
2305,228.0,301.0,1.0
2306,264.0,568.0,1.0
2307,178.0,500.0,1.0
2308,6.0,191.0,1.0
2309,79.0,39.0,1.0
2310,52.0,39.0,1.0
2311,189.0,434.0,1.0
2312,62.0,89.0,1.0
2313,178.0,226.0,1.0
2314,145.0,209.0,1.0
2315,208.0,199.0,1.0
2316,193.0,59.0,1.0
2317,147.0,223.0,1.0
2318,226.0,252.0,1.0
2319,153.0,369.0,1.0
2320,224.0,421.0,1.0
2321,2.0,110.0,1.0
2322,161.0,219.0,1.0
2323,10.0,52.0,1.0
2324,72.0,408.0,1.0
2325,250.0,388.0,1.0
2326,90.0,62.0,1.0
2327,178.0,45.0,1.0
2328,156.0,412.0,1.0
2329,67.0,39.0,1.0
2330,104.0,527.0,1.0
2331,191.0,166.0,1.0
2332,63.0,531.0,1.0
2333,185.0,597.0,1.0
2334,81.0,335.0,1.0
2335,264.0,275.0,1.0
2336,227.0,246.0,1.0
2337,102.0,283.0,1.0
2338,58.0,462.0,1.0
2339,85.0,247.0,1.0
2340,232.0,9.0,1.0
2341,185.0,580.0,1.0
2342,52.0,529.0,1.0
2343,116.0,330.0,1.0
2344,105.0,58.0,1.0
2345,126.0,222.0,1.0
2346,223.0,488.0,1.0
2347,52.0,221.0,1.0
2348,128.0,527.0,1.0
2349,132.0,257.0,1.0
2350,257.0,514.0,1.0
2351,83.0,120.0,1.0
2352,127.0,593.0,1.0
2353,69.0,118.0,1.0
2354,51.0,242.0,1.0
2355,82.0,420.0,1.0
2356,156.0,58.0,1.0
2357,149.0,104.0,1.0
2358,208.0,206.0,1.0
2359,138.0,304.0,1.0
2360,130.0,110.0,1.0
2361,135.0,408.0,1.0
2362,86.0,185.0,1.0
2363,207.0,45.0,1.0
2364,195.0,103.0,1.0
2365,163.0,145.0,1.0
2366,60.0,227.0,1.0
2367,156.0,87.0,1.0
2368,183.0,392.0,1.0
2369,135.0,185.0,1.0
2370,69.0,27.0,1.0
2371,207.0,264.0,1.0
2372,149.0,342.0,1.0
2373,250.0,223.0,1.0
2374,158.0,130.0,1.0
2375,153.0,231.0,1.0
2376,79.0,3.0,1.0
2377,78.0,156.0,1.0
2378,193.0,324.0,1.0
2379,198.0,14.0,1.0
2380,44.0,113.0,1.0
2381,218.0,145.0,1.0
2382,225.0,18.0,1.0
2383,18.0,139.0,1.0
2384,156.0,456.0,1.0
2385,65.0,135.0,1.0
2386,153.0,399.0,1.0
2387,102.0,61.0,1.0
2388,89.0,259.0,1.0
2389,84.0,337.0,1.0
2390,91.0,540.0,1.0
2391,224.0,378.0,1.0
2392,189.0,40.0,1.0
2393,122.0,62.0,1.0
2394,86.0,467.0,1.0
2395,53.0,467.0,1.0
2396,248.0,19.0,1.0
2397,211.0,105.0,1.0
2398,102.0,597.0,1.0
2399,3.0,144.0,1.0
2400,176.0,337.0,1.0
2401,252.0,281.0,1.0
2402,250.0,497.0,1.0
2403,168.0,453.0,1.0
2404,223.0,397.0,1.0
2405,141.0,19.0,1.0
2406,6.0,156.0,1.0
2407,149.0,457.0,1.0
2408,158.0,216.0,1.0
2409,148.0,442.0,1.0
2410,64.0,533.0,1.0
2411,145.0,465.0,1.0
2412,106.0,86.0,1.0
2413,165.0,252.0,1.0
2414,259.0,191.0,1.0
2415,164.0,294.0,1.0
2416,153.0,121.0,1.0
2417,20.0,45.0,1.0
2418,155.0,367.0,1.0
2419,31.0,220.0,1.0
2420,97.0,92.0,1.0
2421,115.0,12.0,1.0
2422,112.0,10.0,1.0
2423,93.0,47.0,1.0
2424,182.0,518.0,1.0
2425,65.0,100.0,1.0
2426,44.0,268.0,1.0
2427,141.0,178.0,1.0
2428,11.0,259.0,1.0
2429,234.0,69.0,1.0
2430,224.0,203.0,1.0
2431,65.0,5.0,1.0
2432,228.0,126.0,1.0
2433,102.0,122.0,1.0
2434,70.0,5.0,1.0
2435,189.0,388.0,1.0
2436,182.0,17.0,1.0
2437,189.0,232.0,1.0
2438,165.0,339.0,1.0
2439,191.0,95.0,1.0
2440,22.0,139.0,1.0
2441,110.0,374.0,1.0
2442,56.0,264.0,1.0
2443,218.0,356.0,1.0
2444,17.0,412.0,1.0
2445,108.0,294.0,1.0
2446,106.0,103.0,1.0
2447,169.0,0.0,1.0
2448,65.0,276.0,1.0
2449,259.0,314.0,1.0
2450,117.0,382.0,1.0
2451,223.0,580.0,1.0
2452,82.0,368.0,1.0
2453,128.0,272.0,1.0
2454,259.0,39.0,1.0
2455,29.0,194.0,1.0
2456,52.0,412.0,1.0
2457,81.0,91.0,1.0
2458,242.0,37.0,1.0
2459,85.0,118.0,1.0
2460,84.0,306.0,1.0
2461,209.0,266.0,1.0
2462,64.0,120.0,1.0
2463,52.0,209.0,1.0
2464,179.0,385.0,1.0
2465,95.0,232.0,1.0
2466,64.0,0.0,1.0
2467,128.0,57.0,1.0
2468,105.0,474.0,1.0
2469,116.0,73.0,1.0
2470,123.0,103.0,1.0
2471,164.0,154.0,1.0
2472,193.0,420.0,1.0
2473,92.0,487.0,1.0
2474,168.0,111.0,1.0
2475,264.0,90.0,1.0
2476,128.0,281.0,1.0
2477,200.0,268.0,1.0
2478,200.0,546.0,1.0
2479,145.0,134.0,1.0
2480,87.0,52.0,1.0
2481,147.0,122.0,1.0
2482,168.0,247.0,1.0
2483,233.0,333.0,1.0
2484,200.0,10.0,1.0
2485,262.0,60.0,1.0
2486,145.0,159.0,1.0
2487,209.0,581.0,1.0
2488,223.0,480.0,1.0
2489,133.0,208.0,1.0
2490,165.0,277.0,1.0
2491,65.0,126.0,1.0
2492,115.0,88.0,1.0
2493,214.0,219.0,1.0
2494,56.0,172.0,1.0
2495,35.0,147.0,1.0
2496,209.0,395.0,1.0
2497,73.0,209.0,1.0
2498,128.0,36.0,1.0
2499,98.0,145.0,1.0
2500,37.0,243.0,1.0
2501,266.0,103.0,1.0
2502,53.0,414.0,1.0
2503,154.0,45.0,1.0
2504,187.0,195.0,1.0
2505,248.0,201.0,1.0
2506,52.0,534.0,1.0
2507,266.0,334.0,1.0
2508,147.0,192.0,1.0
2509,218.0,171.0,1.0
2510,211.0,209.0,1.0
2511,145.0,31.0,1.0
2512,223.0,131.0,1.0
2513,50.0,147.0,1.0
2514,147.0,461.0,1.0
2515,70.0,205.0,1.0
2516,124.0,208.0,1.0
2517,194.0,112.0,1.0
2518,147.0,69.0,1.0
2519,17.0,384.0,1.0
2520,223.0,59.0,1.0
2521,182.0,119.0,1.0
2522,119.0,216.0,1.0
2523,65.0,36.0,1.0
2524,39.0,96.0,1.0
2525,39.0,39.0,1.0
2526,264.0,299.0,1.0
2527,92.0,20.0,1.0
2528,209.0,392.0,1.0
2529,210.0,337.0,1.0
2530,116.0,550.0,1.0
2531,250.0,194.0,1.0
2532,22.0,109.0,1.0
2533,45.0,81.0,1.0
2534,202.0,152.0,1.0
2535,227.0,146.0,1.0
2536,99.0,348.0,1.0
2537,86.0,91.0,1.0
2538,165.0,533.0,1.0
2539,8.0,59.0,1.0
2540,217.0,91.0,1.0
2541,52.0,473.0,1.0
2542,71.0,467.0,1.0
2543,149.0,44.0,1.0
2544,234.0,22.0,1.0
2545,86.0,131.0,1.0
2546,232.0,19.0,1.0
2547,223.0,379.0,1.0
2548,144.0,382.0,1.0
2549,49.0,392.0,1.0
2550,180.0,164.0,1.0
2551,104.0,101.0,1.0
2552,92.0,568.0,1.0
2553,33.0,98.0,1.0
2554,107.0,420.0,1.0
2555,226.0,267.0,1.0
2556,130.0,18.0,1.0
2557,183.0,305.0,1.0
2558,165.0,127.0,1.0
2559,117.0,589.0,1.0
2560,189.0,168.0,1.0
2561,164.0,470.0,1.0
2562,30.0,136.0,1.0
2563,196.0,378.0,1.0
2564,5.0,146.0,1.0
2565,211.0,191.0,1.0
2566,138.0,242.0,1.0
2567,4.0,177.0,1.0
2568,150.0,129.0,1.0
2569,149.0,260.0,1.0
2570,259.0,111.0,1.0
2571,14.0,304.0,1.0
2572,39.0,399.0,1.0
2573,179.0,388.0,1.0
2574,224.0,84.0,1.0
2575,82.0,279.0,1.0
2576,211.0,205.0,1.0
2577,97.0,66.0,1.0
2578,99.0,66.0,1.0
2579,11.0,139.0,1.0
2580,82.0,364.0,1.0
2581,200.0,326.0,1.0
2582,146.0,222.0,1.0
2583,107.0,145.0,1.0
2584,38.0,61.0,1.0
2585,164.0,170.0,1.0
2586,208.0,419.0,1.0
2587,56.0,482.0,1.0
2588,195.0,348.0,1.0
2589,3.0,140.0,1.0
2590,85.0,17.0,1.0
2591,147.0,86.0,1.0
2592,102.0,27.0,1.0
2593,218.0,302.0,1.0
2594,156.0,230.0,1.0
2595,178.0,76.0,1.0
2596,228.0,10.0,1.0
2597,104.0,121.0,1.0
2598,251.0,316.0,1.0
2599,97.0,204.0,1.0
2600,71.0,3.0,1.0
2601,117.0,192.0,1.0
2602,96.0,137.0,1.0
2603,223.0,135.0,1.0
2604,144.0,386.0,1.0
2605,143.0,39.0,1.0
2606,82.0,272.0,1.0
2607,117.0,532.0,1.0
2608,207.0,463.0,1.0
2609,257.0,147.0,1.0
2610,130.0,596.0,1.0
2611,82.0,258.0,1.0
2612,165.0,146.0,1.0
2613,226.0,361.0,1.0
2614,178.0,378.0,1.0
2615,32.0,109.0,1.0
2616,183.0,304.0,1.0
2617,129.0,145.0,1.0
2618,185.0,38.0,1.0
2619,136.0,274.0,1.0
2620,250.0,91.0,1.0
2621,105.0,473.0,1.0
2622,65.0,63.0,1.0
2623,57.0,453.0,1.0
2624,149.0,22.0,1.0
2625,248.0,525.0,1.0
2626,232.0,84.0,1.0
2627,238.0,145.0,1.0
2628,71.0,190.0,1.0
2629,102.0,11.0,1.0
2630,88.0,5.0,1.0
2631,166.0,117.0,1.0
2632,22.0,47.0,1.0
2633,141.0,321.0,1.0
2634,31.0,30.0,1.0
2635,147.0,496.0,1.0
2636,4.0,178.0,1.0
2637,44.0,92.0,1.0
2638,187.0,433.0,1.0
2639,235.0,543.0,1.0
2640,18.0,305.0,1.0
2641,143.0,251.0,1.0
2642,218.0,297.0,1.0
2643,223.0,460.0,1.0
2644,37.0,461.0,1.0
2645,51.0,517.0,1.0
2646,147.0,45.0,1.0
2647,230.0,135.0,1.0
2648,74.0,218.0,1.0
2649,163.0,410.0,1.0
2650,75.0,121.0,1.0
2651,81.0,134.0,1.0
2652,143.0,125.0,1.0
2653,84.0,335.0,1.0
2654,207.0,44.0,1.0
2655,185.0,194.0,1.0
2656,117.0,401.0,1.0
2657,117.0,415.0,1.0
2658,218.0,435.0,1.0
2659,106.0,495.0,1.0
2660,65.0,201.0,1.0
2661,210.0,415.0,1.0
2662,32.0,415.0,1.0
2663,115.0,219.0,1.0
2664,71.0,387.0,1.0
2665,122.0,31.0,1.0
2666,182.0,147.0,1.0
2667,147.0,201.0,1.0
2668,183.0,326.0,1.0
2669,268.0,80.0,1.0
2670,17.0,122.0,1.0
2671,178.0,156.0,1.0
2672,85.0,115.0,1.0
2673,111.0,441.0,1.0
2674,81.0,571.0,1.0
2675,89.0,135.0,1.0
2676,116.0,21.0,1.0
2677,74.0,362.0,1.0
2678,221.0,205.0,1.0
2679,18.0,272.0,1.0
2680,237.0,252.0,1.0
2681,65.0,116.0,1.0
2682,89.0,232.0,1.0
2683,136.0,44.0,1.0
2684,73.0,175.0,1.0
2685,115.0,10.0,1.0
2686,208.0,205.0,1.0
2687,1.0,33.0,1.0
2688,95.0,438.0,1.0
2689,147.0,40.0,1.0
2690,152.0,369.0,1.0
2691,147.0,38.0,1.0
2692,103.0,81.0,1.0
2693,62.0,59.0,1.0
2694,156.0,227.0,1.0
2695,150.0,45.0,1.0
2696,147.0,329.0,1.0
2697,209.0,59.0,1.0
2698,22.0,21.0,1.0
2699,261.0,330.0,1.0
2700,262.0,139.0,1.0
2701,19.0,344.0,1.0
2702,100.0,12.0,1.0
2703,10.0,29.0,1.0
2704,86.0,479.0,1.0
2705,84.0,51.0,1.0
2706,56.0,440.0,1.0
2707,208.0,581.0,1.0
2708,245.0,223.0,1.0
2709,35.0,27.0,1.0
2710,157.0,230.0,1.0
2711,165.0,226.0,1.0
2712,69.0,172.0,1.0
2713,249.0,253.0,1.0
2714,71.0,120.0,1.0
2715,81.0,262.0,1.0
2716,153.0,571.0,1.0
2717,53.0,132.0,1.0
2718,63.0,7.0,1.0
2719,62.0,560.0,1.0
2720,213.0,226.0,1.0
2721,177.0,413.0,1.0
2722,181.0,148.0,1.0
2723,37.0,145.0,1.0
2724,90.0,39.0,1.0
2725,223.0,198.0,1.0
2726,218.0,69.0,1.0
2727,119.0,570.0,1.0
2728,153.0,453.0,1.0
2729,257.0,436.0,1.0
2730,96.0,129.0,1.0
2731,261.0,93.0,1.0
2732,130.0,428.0,1.0
2733,122.0,115.0,1.0
2734,82.0,5.0,1.0
2735,225.0,593.0,1.0
2736,56.0,144.0,1.0
2737,183.0,211.0,1.0
2738,74.0,92.0,1.0
2739,234.0,470.0,1.0
2740,37.0,47.0,1.0
2741,261.0,106.0,1.0
2742,128.0,10.0,1.0
2743,150.0,122.0,1.0
2744,128.0,485.0,1.0
2745,178.0,451.0,1.0
2746,44.0,220.0,1.0
2747,126.0,530.0,1.0
2748,66.0,97.0,1.0
2749,60.0,185.0,1.0
2750,130.0,397.0,1.0
2751,96.0,509.0,1.0
2752,211.0,84.0,1.0
2753,256.0,10.0,1.0
2754,22.0,106.0,1.0
2755,191.0,345.0,1.0
2756,114.0,54.0,1.0
2757,87.0,506.0,1.0
2758,81.0,527.0,1.0
2759,4.0,47.0,1.0
2760,195.0,220.0,1.0
2761,183.0,201.0,1.0
2762,191.0,153.0,1.0
2763,84.0,123.0,1.0
2764,228.0,223.0,1.0
2765,160.0,201.0,1.0
2766,37.0,156.0,1.0
2767,218.0,64.0,1.0
2768,207.0,159.0,1.0
2769,180.0,143.0,1.0
2770,81.0,277.0,1.0
2771,186.0,62.0,1.0
2772,94.0,89.0,1.0
2773,51.0,92.0,1.0
2774,224.0,11.0,1.0
2775,89.0,454.0,1.0
2776,49.0,221.0,1.0
2777,158.0,411.0,1.0
2778,234.0,186.0,1.0
2779,109.0,45.0,1.0
2780,224.0,153.0,1.0
2781,220.0,287.0,1.0
2782,38.0,161.0,1.0
2783,189.0,242.0,1.0
2784,147.0,327.0,1.0
2785,250.0,216.0,1.0
2786,51.0,512.0,1.0
2787,219.0,416.0,1.0
2788,264.0,297.0,1.0
2789,257.0,81.0,1.0
2790,18.0,106.0,1.0
2791,9.0,23.0,1.0
2792,242.0,532.0,1.0
2793,79.0,12.0,1.0
2794,236.0,100.0,1.0
2795,146.0,463.0,1.0
2796,263.0,16.0,1.0
2797,243.0,253.0,1.0
2798,44.0,153.0,1.0
2799,223.0,265.0,1.0
2800,230.0,157.0,1.0
2801,52.0,504.0,1.0
2802,82.0,479.0,1.0
2803,134.0,395.0,1.0
2804,170.0,326.0,1.0
2805,159.0,284.0,1.0
2806,37.0,153.0,1.0
2807,71.0,232.0,1.0
2808,52.0,516.0,1.0
2809,149.0,465.0,1.0
2810,156.0,407.0,1.0
2811,87.0,440.0,1.0
2812,82.0,206.0,1.0
2813,44.0,39.0,1.0
2814,56.0,492.0,1.0
2815,247.0,70.0,1.0
2816,144.0,492.0,1.0
2817,168.0,216.0,1.0
2818,94.0,434.0,1.0
2819,256.0,375.0,1.0
2820,223.0,100.0,1.0
2821,238.0,211.0,1.0
2822,203.0,485.0,1.0
2823,132.0,5.0,1.0
2824,113.0,67.0,1.0
2825,119.0,399.0,1.0
2826,259.0,207.0,1.0
2827,107.0,429.0,1.0
2828,245.0,12.0,1.0
2829,185.0,143.0,1.0
2830,147.0,426.0,1.0
2831,65.0,511.0,1.0
2832,116.0,229.0,1.0
2833,266.0,282.0,1.0
2834,117.0,150.0,1.0
2835,97.0,190.0,1.0
2836,192.0,244.0,1.0
2837,257.0,103.0,1.0
2838,82.0,286.0,1.0
2839,3.0,162.0,1.0
2840,51.0,330.0,1.0
2841,113.0,56.0,1.0
2842,45.0,177.0,1.0
2843,211.0,317.0,1.0
2844,118.0,191.0,1.0
2845,100.0,388.0,1.0
2846,56.0,322.0,1.0
2847,158.0,449.0,1.0
2848,93.0,91.0,1.0
2849,123.0,42.0,1.0
2850,203.0,52.0,1.0
2851,213.0,349.0,1.0
2852,199.0,550.0,1.0
2853,178.0,446.0,1.0
2854,224.0,75.0,1.0
2855,207.0,475.0,1.0
2856,75.0,111.0,1.0
2857,82.0,255.0,1.0
2858,200.0,356.0,1.0
2859,232.0,150.0,1.0
2860,43.0,92.0,1.0
2861,129.0,119.0,1.0
2862,144.0,116.0,1.0
2863,12.0,253.0,1.0
2864,233.0,335.0,1.0
2865,232.0,20.0,1.0
2866,265.0,146.0,1.0
2867,225.0,242.0,1.0
2868,84.0,248.0,1.0
2869,217.0,117.0,1.0
2870,116.0,86.0,1.0
2871,51.0,300.0,1.0
2872,264.0,161.0,1.0
2873,161.0,47.0,1.0
2874,136.0,279.0,1.0
2875,156.0,84.0,1.0
2876,83.0,70.0,1.0
2877,126.0,534.0,1.0
2878,62.0,204.0,1.0
2879,86.0,405.0,1.0
2880,48.0,459.0,1.0
2881,162.0,367.0,1.0
2882,135.0,467.0,1.0
2883,79.0,309.0,1.0
2884,110.0,287.0,1.0
2885,123.0,514.0,1.0
2886,262.0,72.0,1.0
2887,178.0,132.0,1.0
2888,122.0,75.0,1.0
2889,119.0,378.0,1.0
2890,213.0,224.0,1.0
2891,223.0,36.0,1.0
2892,200.0,218.0,1.0
2893,82.0,229.0,1.0
2894,264.0,152.0,1.0
2895,50.0,48.0,1.0
2896,98.0,230.0,1.0
2897,144.0,124.0,1.0
2898,52.0,48.0,1.0
2899,258.0,38.0,1.0
2900,116.0,46.0,1.0
2901,79.0,58.0,1.0
2902,149.0,94.0,1.0
2903,197.0,570.0,1.0
2904,84.0,509.0,1.0
2905,8.0,144.0,1.0
2906,89.0,230.0,1.0
2907,153.0,398.0,1.0
2908,57.0,418.0,1.0
2909,256.0,23.0,1.0
2910,71.0,396.0,1.0
2911,183.0,147.0,1.0
2912,153.0,343.0,1.0
2913,162.0,567.0,1.0
2914,81.0,564.0,1.0
2915,265.0,532.0,1.0
2916,165.0,465.0,1.0
2917,145.0,429.0,1.0
2918,125.0,147.0,1.0
2919,259.0,403.0,1.0
2920,136.0,57.0,1.0
2921,105.0,120.0,1.0
2922,226.0,15.0,1.0
2923,209.0,181.0,1.0
2924,17.0,403.0,1.0
2925,114.0,68.0,1.0
2926,84.0,451.0,1.0
2927,114.0,102.0,1.0
2928,165.0,287.0,1.0
2929,116.0,542.0,1.0
2930,178.0,157.0,1.0
2931,102.0,51.0,1.0
2932,207.0,259.0,1.0
2933,104.0,496.0,1.0
2934,153.0,3.0,1.0
2935,95.0,273.0,1.0
2936,202.0,191.0,1.0
2937,261.0,291.0,1.0
2938,248.0,37.0,1.0
2939,8.0,253.0,1.0
2940,196.0,416.0,1.0
2941,136.0,71.0,1.0
2942,79.0,104.0,1.0
2943,22.0,293.0,1.0
2944,126.0,92.0,1.0
2945,26.0,437.0,1.0
2946,2.0,113.0,1.0
2947,117.0,126.0,1.0
2948,224.0,460.0,1.0
2949,89.0,214.0,1.0
2950,134.0,437.0,1.0
2951,148.0,178.0,1.0
2952,87.0,205.0,1.0
2953,51.0,230.0,1.0
2954,165.0,103.0,1.0
2955,195.0,156.0,1.0
2956,223.0,66.0,1.0
2957,144.0,560.0,1.0
2958,117.0,464.0,1.0
2959,113.0,239.0,1.0
2960,200.0,348.0,1.0
2961,186.0,113.0,1.0
2962,89.0,196.0,1.0
2963,31.0,263.0,1.0
2964,248.0,29.0,1.0
2965,227.0,46.0,1.0
2966,68.0,261.0,1.0
2967,150.0,395.0,1.0
2968,105.0,184.0,1.0
2969,183.0,22.0,1.0
2970,113.0,358.0,1.0
2971,177.0,294.0,1.0
2972,137.0,33.0,1.0
2973,128.0,312.0,1.0
2974,224.0,45.0,1.0
2975,156.0,408.0,1.0
2976,133.0,63.0,1.0
2977,226.0,84.0,1.0
2978,259.0,78.0,1.0
2979,121.0,78.0,1.0
2980,53.0,504.0,1.0
2981,203.0,17.0,1.0
2982,8.0,251.0,1.0
2983,176.0,219.0,1.0
2984,183.0,66.0,1.0
2985,130.0,128.0,1.0
2986,132.0,21.0,1.0
2987,207.0,565.0,1.0
2988,17.0,395.0,1.0
2989,149.0,175.0,1.0
2990,69.0,191.0,1.0
2991,136.0,70.0,1.0
2992,71.0,496.0,1.0
2993,141.0,50.0,1.0
2994,156.0,239.0,1.0
2995,217.0,429.0,1.0
2996,158.0,133.0,1.0
2997,218.0,14.0,1.0
2998,128.0,184.0,1.0
2999,72.0,49.0,1.0
3000,215.0,539.0,1.0
3001,56.0,151.0,1.0
3002,148.0,126.0,1.0
3003,144.0,204.0,1.0
3004,94.0,59.0,1.0
3005,82.0,453.0,1.0
3006,107.0,111.0,1.0
3007,261.0,163.0,1.0
3008,234.0,233.0,1.0
3009,168.0,325.0,1.0
3010,182.0,590.0,1.0
3011,45.0,357.0,1.0
3012,126.0,391.0,1.0
3013,22.0,204.0,1.0
3014,177.0,66.0,1.0
3015,51.0,225.0,1.0
3016,102.0,245.0,1.0
3017,165.0,74.0,1.0
3018,22.0,94.0,1.0
3019,153.0,125.0,1.0
3020,203.0,96.0,1.0
3021,156.0,50.0,1.0
3022,200.0,319.0,1.0
3023,115.0,92.0,1.0
3024,236.0,107.0,1.0
3025,176.0,465.0,1.0
3026,102.0,468.0,1.0
3027,207.0,415.0,1.0
3028,156.0,177.0,1.0
3029,96.0,146.0,1.0
3030,262.0,462.0,1.0
3031,218.0,45.0,1.0
3032,116.0,136.0,1.0
3033,50.0,264.0,1.0
3034,5.0,216.0,1.0
3035,266.0,3.0,1.0
3036,211.0,387.0,1.0
3037,178.0,32.0,1.0
3038,175.0,201.0,1.0
3039,199.0,175.0,1.0
3040,141.0,9.0,1.0
3041,10.0,67.0,1.0
3042,183.0,121.0,1.0
3043,89.0,410.0,1.0
3044,180.0,236.0,1.0
3045,17.0,399.0,1.0
3046,86.0,7.0,1.0
3047,165.0,141.0,1.0
3048,183.0,52.0,1.0
3049,125.0,50.0,1.0
3050,89.0,144.0,1.0
3051,45.0,195.0,1.0
3052,123.0,123.0,1.0
3053,145.0,220.0,1.0
3054,16.0,17.0,1.0
3055,108.0,241.0,1.0
3056,158.0,383.0,1.0
3057,65.0,203.0,1.0
3058,96.0,384.0,1.0
3059,156.0,409.0,1.0
3060,189.0,317.0,1.0
3061,54.0,146.0,1.0
3062,212.0,205.0,1.0
3063,126.0,117.0,1.0
3064,92.0,256.0,1.0
3065,32.0,312.0,1.0
3066,158.0,202.0,1.0
3067,31.0,95.0,1.0
3068,156.0,368.0,1.0
3069,126.0,116.0,1.0
3070,178.0,216.0,1.0
3071,183.0,191.0,1.0
3072,105.0,280.0,1.0
3073,17.0,0.0,1.0
3074,149.0,111.0,1.0
3075,208.0,239.0,1.0
3076,129.0,216.0,1.0
3077,203.0,349.0,1.0
3078,139.0,403.0,1.0
3079,241.0,100.0,1.0
3080,113.0,252.0,1.0
3081,64.0,185.0,1.0
3082,128.0,326.0,1.0
3083,87.0,81.0,1.0
3084,248.0,111.0,1.0
3085,258.0,144.0,1.0
3086,209.0,544.0,1.0
3087,262.0,161.0,1.0
3088,233.0,266.0,1.0
3089,9.0,70.0,1.0
3090,113.0,126.0,1.0
3091,141.0,153.0,1.0
3092,140.0,154.0,1.0
3093,128.0,211.0,1.0
3094,226.0,165.0,1.0
3095,104.0,326.0,1.0
3096,176.0,204.0,1.0
3097,81.0,401.0,1.0
3098,175.0,259.0,1.0
3099,226.0,63.0,1.0
3100,91.0,100.0,1.0
3101,202.0,225.0,1.0
3102,259.0,528.0,1.0
3103,63.0,195.0,1.0
3104,259.0,561.0,1.0
3105,144.0,216.0,1.0
3106,180.0,211.0,1.0
3107,190.0,581.0,1.0
3108,144.0,278.0,1.0
3109,164.0,141.0,1.0
3110,262.0,8.0,1.0
3111,53.0,193.0,1.0
3112,142.0,216.0,1.0
3113,226.0,517.0,1.0
3114,102.0,553.0,1.0
3115,170.0,10.0,1.0
3116,217.0,466.0,1.0
3117,103.0,62.0,1.0
3118,135.0,186.0,1.0
3119,159.0,65.0,1.0
3120,189.0,25.0,1.0
3121,98.0,342.0,1.0
3122,52.0,245.0,1.0
3123,57.0,47.0,1.0
3124,90.0,354.0,1.0
3125,247.0,572.0,1.0
3126,130.0,565.0,1.0
3127,162.0,31.0,1.0
3128,135.0,327.0,1.0
3129,266.0,416.0,1.0
3130,261.0,111.0,1.0
3131,114.0,362.0,1.0
3132,223.0,398.0,1.0
3133,150.0,89.0,1.0
3134,223.0,230.0,1.0
3135,108.0,445.0,1.0
3136,189.0,530.0,1.0
3137,229.0,122.0,1.0
3138,89.0,80.0,1.0
3139,223.0,199.0,1.0
3140,257.0,190.0,1.0
3141,75.0,92.0,1.0
3142,158.0,311.0,1.0
3143,135.0,125.0,1.0
3144,136.0,392.0,1.0
3145,215.0,482.0,1.0
3146,54.0,91.0,1.0
3147,94.0,387.0,1.0
3148,180.0,538.0,1.0
3149,234.0,231.0,1.0
3150,153.0,81.0,1.0
3151,128.0,549.0,1.0
3152,147.0,264.0,1.0
3153,103.0,122.0,1.0
3154,67.0,93.0,1.0
3155,234.0,230.0,1.0
3156,211.0,38.0,1.0
3157,9.0,280.0,1.0
3158,90.0,11.0,1.0
3159,39.0,401.0,1.0
3160,153.0,7.0,1.0
3161,57.0,58.0,1.0
3162,63.0,382.0,1.0
3163,200.0,130.0,1.0
3164,211.0,23.0,1.0
3165,74.0,394.0,1.0
3166,65.0,220.0,1.0
3167,21.0,44.0,1.0
3168,193.0,96.0,1.0
3169,156.0,205.0,1.0
3170,194.0,518.0,1.0
3171,130.0,70.0,1.0
3172,189.0,91.0,1.0
3173,8.0,239.0,1.0
3174,126.0,558.0,1.0
3175,87.0,316.0,1.0
3176,88.0,241.0,1.0
3177,118.0,536.0,1.0
3178,124.0,136.0,1.0
3179,116.0,234.0,1.0
3180,102.0,226.0,1.0
3181,13.0,191.0,1.0
3182,90.0,81.0,1.0
3183,200.0,83.0,1.0
3184,113.0,44.0,1.0
3185,104.0,506.0,1.0
3186,91.0,55.0,1.0
3187,130.0,218.0,1.0
3188,62.0,351.0,1.0
3189,178.0,389.0,1.0
3190,40.0,168.0,1.0
3191,234.0,148.0,1.0
3192,203.0,101.0,1.0
3193,15.0,223.0,1.0
3194,63.0,59.0,1.0
3195,175.0,111.0,1.0
3196,24.0,11.0,1.0
3197,222.0,120.0,1.0
3198,183.0,74.0,1.0
3199,224.0,91.0,1.0
3200,54.0,27.0,1.0
3201,130.0,31.0,1.0
3202,192.0,18.0,1.0
3203,69.0,111.0,1.0
3204,256.0,66.0,1.0
3205,138.0,52.0,1.0
3206,191.0,0.0,1.0
3207,262.0,117.0,1.0
3208,59.0,195.0,1.0
3209,158.0,10.0,1.0
3210,13.0,23.0,1.0
3211,151.0,106.0,1.0
3212,52.0,413.0,1.0
3213,264.0,82.0,1.0
3214,104.0,208.0,1.0
3215,266.0,49.0,1.0
3216,74.0,111.0,1.0
3217,71.0,219.0,1.0
3218,37.0,341.0,1.0
3219,105.0,258.0,1.0
3220,126.0,217.0,1.0
3221,3.0,93.0,1.0
3222,26.0,147.0,1.0
3223,189.0,16.0,1.0
3224,99.0,127.0,1.0
3225,214.0,317.0,1.0
3226,108.0,305.0,1.0
3227,58.0,298.0,1.0
3228,196.0,217.0,1.0
3229,136.0,429.0,1.0
3230,196.0,227.0,1.0
3231,242.0,125.0,1.0
3232,203.0,290.0,1.0
3233,169.0,40.0,1.0
3234,145.0,185.0,1.0
3235,75.0,241.0,1.0
3236,35.0,436.0,1.0
3237,114.0,91.0,1.0
3238,58.0,432.0,1.0
3239,136.0,37.0,1.0
3240,91.0,294.0,1.0
3241,197.0,268.0,1.0
3242,178.0,568.0,1.0
3243,224.0,501.0,1.0
3244,168.0,121.0,1.0
3245,9.0,10.0,1.0
3246,196.0,425.0,1.0
3247,127.0,141.0,1.0
3248,223.0,311.0,1.0
3249,245.0,92.0,1.0
3250,143.0,68.0,1.0
3251,228.0,367.0,1.0
3252,231.0,143.0,1.0
3253,119.0,402.0,1.0
3254,217.0,0.0,1.0
3255,22.0,316.0,1.0
3256,197.0,86.0,1.0
3257,203.0,213.0,1.0
3258,107.0,10.0,1.0
3259,56.0,177.0,1.0
3260,130.0,256.0,1.0
3261,90.0,204.0,1.0
3262,102.0,565.0,1.0
3263,185.0,92.0,1.0
3264,141.0,387.0,1.0
3265,160.0,47.0,1.0
3266,217.0,314.0,1.0
3267,238.0,441.0,1.0
3268,65.0,62.0,1.0
3269,58.0,50.0,1.0
3270,103.0,135.0,1.0
3271,139.0,117.0,1.0
3272,107.0,85.0,1.0
3273,259.0,474.0,1.0
3274,53.0,125.0,1.0
3275,248.0,42.0,1.0
3276,91.0,355.0,1.0
3277,182.0,186.0,1.0
3278,238.0,354.0,1.0
3279,26.0,128.0,1.0
3280,67.0,239.0,1.0
3281,162.0,348.0,1.0
3282,178.0,274.0,1.0
3283,105.0,118.0,1.0
3284,53.0,119.0,1.0
3285,168.0,118.0,1.0
3286,107.0,554.0,1.0
3287,42.0,7.0,1.0
3288,64.0,50.0,1.0
3289,56.0,115.0,1.0
3290,114.0,122.0,1.0
3291,89.0,404.0,1.0
3292,75.0,524.0,1.0
3293,19.0,36.0,1.0
3294,132.0,38.0,1.0
3295,80.0,241.0,1.0
3296,183.0,393.0,1.0
3297,156.0,209.0,1.0
3298,207.0,246.0,1.0
3299,176.0,504.0,1.0
3300,208.0,138.0,1.0
3301,65.0,14.0,1.0
3302,65.0,70.0,1.0
3303,98.0,146.0,1.0
3304,244.0,156.0,1.0
3305,84.0,345.0,1.0
3306,169.0,179.0,1.0
3307,82.0,36.0,1.0
3308,162.0,476.0,1.0
3309,102.0,46.0,1.0
3310,217.0,189.0,1.0
3311,82.0,266.0,1.0
3312,22.0,98.0,1.0
3313,117.0,337.0,1.0
3314,182.0,384.0,1.0
3315,116.0,52.0,1.0
3316,114.0,223.0,1.0
3317,62.0,228.0,1.0
3318,261.0,109.0,1.0
3319,84.0,266.0,1.0
3320,163.0,250.0,1.0
3321,180.0,437.0,1.0
3322,234.0,516.0,1.0
3323,199.0,146.0,1.0
3324,141.0,122.0,1.0
3325,132.0,39.0,1.0
3326,165.0,325.0,1.0
3327,243.0,146.0,1.0
3328,246.0,105.0,1.0
3329,103.0,146.0,1.0
3330,56.0,485.0,1.0
3331,14.0,120.0,1.0
3332,107.0,81.0,1.0
3333,79.0,14.0,1.0
3334,135.0,342.0,1.0
3335,71.0,188.0,1.0
3336,262.0,311.0,1.0
3337,226.0,27.0,1.0
3338,194.0,100.0,1.0
3339,105.0,91.0,1.0
3340,74.0,452.0,1.0
3341,110.0,243.0,1.0
3342,229.0,59.0,1.0
3343,58.0,539.0,1.0
3344,194.0,127.0,1.0
3345,136.0,59.0,1.0
3346,259.0,412.0,1.0
3347,182.0,27.0,1.0
3348,200.0,35.0,1.0
3349,122.0,46.0,1.0
3350,10.0,304.0,1.0
3351,127.0,327.0,1.0
3352,100.0,91.0,1.0
3353,186.0,252.0,1.0
3354,107.0,322.0,1.0
3355,238.0,546.0,1.0
3356,60.0,195.0,1.0
3357,130.0,170.0,1.0
3358,51.0,175.0,1.0
3359,218.0,276.0,1.0
3360,147.0,256.0,1.0
3361,223.0,3.0,1.0
3362,150.0,251.0,1.0
3363,29.0,443.0,1.0
3364,102.0,422.0,1.0
3365,51.0,127.0,1.0
3366,186.0,318.0,1.0
3367,209.0,327.0,1.0
3368,214.0,407.0,1.0
3369,234.0,116.0,1.0
3370,132.0,92.0,1.0
3371,147.0,83.0,1.0
3372,79.0,564.0,1.0
3373,144.0,558.0,1.0
3374,88.0,223.0,1.0
3375,29.0,302.0,1.0
3376,142.0,320.0,1.0
3377,101.0,464.0,1.0
3378,44.0,133.0,1.0
3379,228.0,83.0,1.0
3380,194.0,11.0,1.0
3381,102.0,37.0,1.0
3382,207.0,478.0,1.0
3383,22.0,305.0,1.0
3384,229.0,103.0,1.0
3385,229.0,164.0,1.0
3386,264.0,304.0,1.0
3387,118.0,10.0,1.0
3388,123.0,141.0,1.0
3389,79.0,378.0,1.0
3390,52.0,241.0,1.0
3391,105.0,194.0,1.0
3392,211.0,50.0,1.0
3393,93.0,223.0,1.0
3394,145.0,382.0,1.0
3395,211.0,10.0,1.0
3396,141.0,311.0,1.0
3397,197.0,79.0,1.0
3398,44.0,309.0,1.0
3399,51.0,111.0,1.0
3400,119.0,49.0,1.0
3401,177.0,36.0,1.0
3402,202.0,40.0,1.0
3403,168.0,9.0,1.0
3404,201.0,586.0,1.0
3405,109.0,51.0,1.0
3406,130.0,425.0,1.0
3407,228.0,106.0,1.0
3408,228.0,100.0,1.0
3409,209.0,120.0,1.0
3410,158.0,109.0,1.0
3411,94.0,124.0,1.0
3412,149.0,478.0,1.0
3413,145.0,378.0,1.0
3414,156.0,549.0,1.0
3415,248.0,280.0,1.0
3416,234.0,353.0,1.0
3417,263.0,443.0,1.0
3418,136.0,206.0,1.0
3419,145.0,254.0,1.0
3420,50.0,395.0,1.0
3421,74.0,434.0,1.0
3422,119.0,59.0,1.0
3423,69.0,68.0,1.0
3424,52.0,137.0,1.0
3425,69.0,120.0,1.0
3426,153.0,429.0,1.0
3427,82.0,136.0,1.0
3428,150.0,134.0,1.0
3429,258.0,413.0,1.0
3430,108.0,332.0,1.0
3431,136.0,547.0,1.0
3432,87.0,336.0,1.0
3433,102.0,537.0,1.0
3434,129.0,229.0,1.0
3435,263.0,17.0,1.0
3436,37.0,89.0,1.0
3437,34.0,140.0,1.0
3438,148.0,525.0,1.0
3439,161.0,121.0,1.0
3440,11.0,316.0,1.0
3441,82.0,323.0,1.0
3442,33.0,10.0,1.0
3443,52.0,257.0,1.0
3444,189.0,245.0,1.0
3445,91.0,178.0,1.0
3446,161.0,66.0,1.0
3447,130.0,49.0,1.0
3448,74.0,310.0,1.0
3449,132.0,10.0,1.0
3450,37.0,146.0,1.0
3451,191.0,302.0,1.0
3452,182.0,379.0,1.0
3453,71.0,260.0,1.0
3454,60.0,44.0,1.0
3455,128.0,287.0,1.0
3456,131.0,223.0,1.0
3457,211.0,492.0,1.0
3458,228.0,341.0,1.0
3459,195.0,206.0,1.0
3460,229.0,313.0,1.0
3461,156.0,394.0,1.0
3462,194.0,461.0,1.0
3463,222.0,550.0,1.0
3464,79.0,38.0,1.0
3465,104.0,168.0,1.0
3466,92.0,201.0,1.0
3467,116.0,120.0,1.0
3468,113.0,328.0,1.0
3469,86.0,103.0,1.0
3470,17.0,80.0,1.0
3471,205.0,255.0,1.0
3472,132.0,571.0,1.0
3473,56.0,542.0,1.0
3474,127.0,258.0,1.0
3475,175.0,496.0,1.0
3476,64.0,52.0,1.0
3477,130.0,9.0,1.0
3478,35.0,73.0,1.0
3479,52.0,145.0,1.0
3480,79.0,26.0,1.0
3481,88.0,100.0,1.0
3482,60.0,66.0,1.0
3483,18.0,239.0,1.0
3484,71.0,202.0,1.0
3485,76.0,35.0,1.0
3486,178.0,236.0,1.0
3487,70.0,400.0,1.0
3488,189.0,378.0,1.0
3489,183.0,89.0,1.0
3490,191.0,297.0,1.0
3491,62.0,24.0,1.0
3492,212.0,284.0,1.0
3493,223.0,571.0,1.0
3494,212.0,310.0,1.0
3495,149.0,349.0,1.0
3496,3.0,167.0,1.0
3497,56.0,22.0,1.0
3498,47.0,133.0,1.0
3499,105.0,126.0,1.0
3500,52.0,87.0,1.0
3501,187.0,286.0,1.0
3502,226.0,509.0,1.0
3503,136.0,69.0,1.0
3504,79.0,148.0,1.0
3505,147.0,148.0,1.0
3506,135.0,195.0,1.0
3507,85.0,80.0,1.0
3508,256.0,221.0,1.0
3509,216.0,212.0,1.0
3510,49.0,382.0,1.0
3511,97.0,20.0,1.0
3512,71.0,62.0,1.0
3513,84.0,192.0,1.0
3514,78.0,38.0,1.0
3515,91.0,320.0,1.0
3516,223.0,306.0,1.0
3517,138.0,125.0,1.0
3518,116.0,463.0,1.0
3519,90.0,327.0,1.0
3520,181.0,31.0,1.0
3521,139.0,135.0,1.0
3522,16.0,102.0,1.0
3523,82.0,501.0,1.0
3524,87.0,77.0,1.0
3525,39.0,434.0,1.0
3526,51.0,135.0,1.0
3527,17.0,191.0,1.0
3528,162.0,304.0,1.0
3529,156.0,282.0,1.0
3530,75.0,51.0,1.0
3531,266.0,126.0,1.0
3532,162.0,167.0,1.0
3533,43.0,127.0,1.0
3534,102.0,121.0,1.0
3535,169.0,164.0,1.0
3536,58.0,390.0,1.0
3537,82.0,380.0,1.0
3538,105.0,66.0,1.0
3539,52.0,377.0,1.0
3540,183.0,345.0,1.0
3541,71.0,349.0,1.0
3542,260.0,143.0,1.0
3543,242.0,190.0,1.0
3544,87.0,89.0,1.0
3545,12.0,181.0,1.0
3546,51.0,32.0,1.0
3547,58.0,113.0,1.0
3548,65.0,411.0,1.0
3549,104.0,201.0,1.0
3550,259.0,466.0,1.0
3551,108.0,116.0,1.0
3552,158.0,168.0,1.0
3553,178.0,205.0,1.0
3554,39.0,380.0,1.0
3555,101.0,190.0,1.0
3556,84.0,64.0,1.0
3557,81.0,266.0,1.0
3558,107.0,11.0,1.0
3559,144.0,380.0,1.0
3560,205.0,245.0,1.0
3561,35.0,220.0,1.0
3562,115.0,122.0,1.0
3563,175.0,200.0,1.0
3564,9.0,230.0,1.0
3565,193.0,194.0,1.0
3566,147.0,333.0,1.0
3567,136.0,582.0,1.0
3568,86.0,389.0,1.0
3569,178.0,501.0,1.0
3570,182.0,485.0,1.0
3571,82.0,427.0,1.0
3572,10.0,168.0,1.0
3573,247.0,241.0,1.0
3574,100.0,245.0,1.0
3575,128.0,109.0,1.0
3576,87.0,153.0,1.0
3577,52.0,45.0,1.0
3578,167.0,111.0,1.0
3579,44.0,147.0,1.0
3580,158.0,320.0,1.0
3581,189.0,87.0,1.0
3582,165.0,120.0,1.0
3583,177.0,120.0,1.0
3584,201.0,138.0,1.0
3585,44.0,481.0,1.0
3586,172.0,121.0,1.0
3587,167.0,233.0,1.0
3588,97.0,185.0,1.0
3589,78.0,389.0,1.0
3590,234.0,501.0,1.0
3591,156.0,337.0,1.0
3592,196.0,294.0,1.0
3593,18.0,94.0,1.0
3594,148.0,145.0,1.0
3595,226.0,270.0,1.0
3596,2.0,134.0,1.0
3597,245.0,205.0,1.0
3598,69.0,434.0,1.0
3599,33.0,156.0,1.0
3600,114.0,89.0,1.0
3601,149.0,57.0,1.0
3602,182.0,584.0,1.0
3603,22.0,375.0,1.0
3604,226.0,585.0,1.0
3605,220.0,201.0,1.0
3606,103.0,13.0,1.0
3607,117.0,409.0,1.0
3608,81.0,148.0,1.0
3609,158.0,410.0,1.0
3610,64.0,419.0,1.0
3611,71.0,12.0,1.0
3612,37.0,111.0,1.0
3613,97.0,584.0,1.0
3614,59.0,12.0,1.0
3615,82.0,38.0,1.0
3616,234.0,417.0,1.0
3617,83.0,367.0,1.0
3618,183.0,338.0,1.0
3619,200.0,37.0,1.0
3620,165.0,59.0,1.0
3621,199.0,485.0,1.0
3622,218.0,161.0,1.0
3623,3.0,130.0,1.0
3624,205.0,115.0,1.0
3625,182.0,39.0,1.0
3626,96.0,118.0,1.0
3627,107.0,59.0,1.0
3628,147.0,491.0,1.0
3629,133.0,236.0,1.0
3630,87.0,397.0,1.0
3631,218.0,326.0,1.0
3632,184.0,9.0,1.0
3633,31.0,238.0,1.0
3634,178.0,11.0,1.0
3635,3.0,158.0,1.0
3636,74.0,5.0,1.0
3637,89.0,398.0,1.0
3638,130.0,239.0,1.0
3639,52.0,147.0,1.0
3640,223.0,236.0,1.0
3641,136.0,151.0,1.0
3642,108.0,204.0,1.0
3643,100.0,411.0,1.0
3644,147.0,277.0,1.0
3645,138.0,208.0,1.0
3646,11.0,136.0,1.0
3647,249.0,47.0,1.0
3648,203.0,80.0,1.0
3649,189.0,191.0,1.0
3650,181.0,266.0,1.0
3651,218.0,409.0,1.0
3652,213.0,294.0,1.0
3653,130.0,27.0,1.0
3654,206.0,411.0,1.0
3655,175.0,376.0,1.0
3656,206.0,374.0,1.0
3657,75.0,554.0,1.0
3658,196.0,385.0,1.0
3659,200.0,155.0,1.0
3660,201.0,186.0,1.0
3661,116.0,19.0,1.0
3662,89.0,47.0,1.0
3663,164.0,375.0,1.0
3664,219.0,267.0,1.0
3665,226.0,54.0,1.0
3666,117.0,156.0,1.0
3667,56.0,141.0,1.0
3668,183.0,179.0,1.0
3669,71.0,147.0,1.0
3670,203.0,62.0,1.0
3671,141.0,207.0,1.0
3672,37.0,343.0,1.0
3673,84.0,444.0,1.0
3674,126.0,412.0,1.0
3675,62.0,15.0,1.0
3676,211.0,215.0,1.0
3677,183.0,283.0,1.0
3678,72.0,154.0,1.0
3679,107.0,37.0,1.0
3680,225.0,456.0,1.0
3681,70.0,47.0,1.0
3682,77.0,379.0,1.0
3683,144.0,513.0,1.0
3684,86.0,499.0,1.0
3685,217.0,10.0,1.0
3686,14.0,21.0,1.0
3687,150.0,90.0,1.0
3688,183.0,253.0,1.0
3689,232.0,575.0,1.0
3690,31.0,22.0,1.0
3691,244.0,44.0,1.0
3692,127.0,255.0,1.0
3693,208.0,440.0,1.0
3694,233.0,36.0,1.0
3695,226.0,271.0,1.0
3696,160.0,170.0,1.0
3697,158.0,498.0,1.0
3698,128.0,103.0,1.0
3699,82.0,489.0,1.0
3700,102.0,204.0,1.0
3701,48.0,179.0,1.0
3702,148.0,191.0,1.0
3703,178.0,326.0,1.0
3704,156.0,117.0,1.0
3705,216.0,253.0,1.0
3706,87.0,80.0,1.0
3707,194.0,193.0,1.0
3708,164.0,67.0,1.0
3709,102.0,256.0,1.0
3710,234.0,224.0,1.0
3711,72.0,447.0,1.0
3712,116.0,35.0,1.0
3713,10.0,271.0,1.0
3714,205.0,347.0,1.0
3715,211.0,499.0,1.0
3716,226.0,33.0,1.0
3717,207.0,161.0,1.0
3718,123.0,130.0,1.0
3719,1.0,73.0,1.0
3720,96.0,147.0,1.0
3721,191.0,293.0,1.0
3722,97.0,147.0,1.0
3723,135.0,103.0,1.0
3724,147.0,31.0,1.0
3725,44.0,121.0,1.0
3726,117.0,59.0,1.0
3727,138.0,305.0,1.0
3728,2.0,39.0,1.0
3729,229.0,204.0,1.0
3730,60.0,92.0,1.0
3731,182.0,179.0,1.0
3732,218.0,247.0,1.0
3733,52.0,153.0,1.0
3734,13.0,86.0,1.0
3735,22.0,31.0,1.0
3736,84.0,181.0,1.0
3737,56.0,337.0,1.0
3738,137.0,35.0,1.0
3739,51.0,331.0,1.0
3740,164.0,414.0,1.0
3741,29.0,220.0,1.0
3742,117.0,89.0,1.0
3743,249.0,136.0,1.0
3744,96.0,262.0,1.0
3745,138.0,390.0,1.0
3746,147.0,284.0,1.0
3747,89.0,66.0,1.0
3748,17.0,196.0,1.0
3749,219.0,214.0,1.0
3750,16.0,54.0,1.0
3751,132.0,31.0,1.0
3752,38.0,44.0,1.0
3753,200.0,135.0,1.0
3754,205.0,170.0,1.0
3755,94.0,25.0,1.0
3756,34.0,58.0,1.0
3757,145.0,414.0,1.0
3758,126.0,504.0,1.0
3759,199.0,529.0,1.0
3760,45.0,426.0,1.0
3761,6.0,224.0,1.0
3762,232.0,44.0,1.0
3763,1.0,20.0,1.0
3764,197.0,515.0,1.0
3765,162.0,243.0,1.0
3766,202.0,490.0,1.0
3767,122.0,47.0,1.0
3768,258.0,380.0,1.0
3769,128.0,282.0,1.0
3770,197.0,92.0,1.0
3771,218.0,335.0,1.0
3772,87.0,177.0,1.0
3773,113.0,52.0,1.0
3774,31.0,275.0,1.0
3775,52.0,103.0,1.0
3776,175.0,298.0,1.0
3777,104.0,407.0,1.0
3778,119.0,404.0,1.0
3779,36.0,157.0,1.0
3780,266.0,40.0,1.0
3781,175.0,77.0,1.0
3782,165.0,326.0,1.0
3783,264.0,97.0,1.0
3784,113.0,445.0,1.0
3785,82.0,554.0,1.0
3786,129.0,232.0,1.0
3787,64.0,161.0,1.0
3788,11.0,120.0,1.0
3789,164.0,435.0,1.0
3790,150.0,114.0,1.0
3791,89.0,534.0,1.0
3792,147.0,308.0,1.0
3793,17.0,167.0,1.0
3794,150.0,150.0,1.0
3795,84.0,136.0,1.0
3796,26.0,179.0,1.0
3797,195.0,119.0,1.0
3798,11.0,87.0,1.0
3799,81.0,198.0,1.0
3800,57.0,94.0,1.0
3801,116.0,161.0,1.0
3802,209.0,497.0,1.0
3803,1.0,36.0,1.0
3804,97.0,214.0,1.0
3805,104.0,455.0,1.0
3806,139.0,371.0,1.0
3807,147.0,289.0,1.0
3808,253.0,263.0,1.0
3809,191.0,89.0,1.0
3810,141.0,148.0,1.0
3811,199.0,487.0,1.0
3812,139.0,104.0,1.0
3813,17.0,96.0,1.0
3814,212.0,186.0,1.0
3815,262.0,573.0,1.0
3816,121.0,66.0,1.0
3817,137.0,282.0,1.0
3818,164.0,62.0,1.0
3819,224.0,208.0,1.0
3820,227.0,194.0,1.0
3821,257.0,69.0,1.0
3822,183.0,228.0,1.0
3823,89.0,190.0,1.0
3824,59.0,214.0,1.0
3825,117.0,383.0,1.0
3826,51.0,121.0,1.0
3827,256.0,131.0,1.0
3828,141.0,315.0,1.0
3829,234.0,221.0,1.0
3830,214.0,35.0,1.0
3831,238.0,255.0,1.0
3832,248.0,84.0,1.0
3833,258.0,69.0,1.0
3834,206.0,400.0,1.0
3835,259.0,267.0,1.0
3836,114.0,181.0,1.0
3837,183.0,448.0,1.0
3838,71.0,33.0,1.0
3839,256.0,227.0,1.0
3840,246.0,183.0,1.0
3841,16.0,53.0,1.0
3842,116.0,29.0,1.0
3843,60.0,45.0,1.0
3844,247.0,9.0,1.0
3845,83.0,47.0,1.0
3846,205.0,172.0,1.0
3847,101.0,519.0,1.0
3848,95.0,84.0,1.0
3849,194.0,266.0,1.0
3850,48.0,129.0,1.0
3851,205.0,463.0,1.0
3852,53.0,534.0,1.0
3853,68.0,70.0,1.0
3854,56.0,282.0,1.0
3855,214.0,122.0,1.0
3856,202.0,80.0,1.0
3857,39.0,11.0,1.0
3858,81.0,305.0,1.0
3859,248.0,296.0,1.0
3860,182.0,317.0,1.0
3861,212.0,47.0,1.0
3862,264.0,241.0,1.0
3863,89.0,406.0,1.0
3864,44.0,420.0,1.0
3865,264.0,35.0,1.0
3866,262.0,287.0,1.0
3867,160.0,344.0,1.0
3868,247.0,44.0,1.0
3869,223.0,179.0,1.0
3870,42.0,398.0,1.0
3871,160.0,437.0,1.0
3872,208.0,464.0,1.0
3873,178.0,457.0,1.0
3874,128.0,135.0,1.0
3875,213.0,190.0,1.0
3876,58.0,142.0,1.0
3877,224.0,136.0,1.0
3878,245.0,191.0,1.0
3879,148.0,556.0,1.0
3880,146.0,106.0,1.0
3881,22.0,292.0,1.0
3882,126.0,7.0,1.0
3883,232.0,459.0,1.0
3884,164.0,2.0,1.0
3885,102.0,81.0,1.0
3886,83.0,180.0,1.0
3887,69.0,10.0,1.0
3888,248.0,269.0,1.0
3889,84.0,274.0,1.0
3890,116.0,88.0,1.0
3891,191.0,128.0,1.0
3892,166.0,460.0,1.0
3893,266.0,177.0,1.0
3894,261.0,95.0,1.0
3895,262.0,142.0,1.0
3896,39.0,195.0,1.0
3897,232.0,35.0,1.0
3898,68.0,306.0,1.0
3899,96.0,44.0,1.0
3900,67.0,253.0,1.0
3901,51.0,38.0,1.0
3902,67.0,256.0,1.0
3903,237.0,273.0,1.0
3904,0.0,12.0,1.0
3905,247.0,106.0,1.0
3906,257.0,35.0,1.0
3907,82.0,394.0,1.0
3908,69.0,260.0,1.0
3909,67.0,10.0,1.0
3910,136.0,519.0,1.0
3911,61.0,245.0,1.0
3912,150.0,202.0,1.0
3913,52.0,374.0,1.0
3914,74.0,122.0,1.0
3915,223.0,130.0,1.0
3916,9.0,19.0,1.0
3917,248.0,51.0,1.0
3918,234.0,222.0,1.0
3919,89.0,118.0,1.0
3920,211.0,116.0,1.0
3921,77.0,365.0,1.0
3922,163.0,238.0,1.0
3923,96.0,190.0,1.0
3924,245.0,0.0,1.0
3925,250.0,11.0,1.0
3926,149.0,247.0,1.0
3927,85.0,252.0,1.0
3928,234.0,58.0,1.0
3929,52.0,217.0,1.0
3930,147.0,102.0,1.0
3931,69.0,66.0,1.0
3932,188.0,262.0,1.0
3933,22.0,113.0,1.0
3934,34.0,99.0,1.0
3935,37.0,462.0,1.0
3936,123.0,493.0,1.0
3937,92.0,59.0,1.0
3938,147.0,111.0,1.0
3939,65.0,180.0,1.0
3940,149.0,223.0,1.0
3941,149.0,283.0,1.0
3942,115.0,352.0,1.0
3943,69.0,186.0,1.0
3944,199.0,582.0,1.0
3945,54.0,271.0,1.0
3946,89.0,122.0,1.0
3947,71.0,223.0,1.0
3948,83.0,521.0,1.0
3949,186.0,355.0,1.0
3950,156.0,389.0,1.0
3951,162.0,578.0,1.0
3952,116.0,289.0,1.0
3953,83.0,343.0,1.0
3954,65.0,119.0,1.0
3955,228.0,81.0,1.0
3956,3.0,101.0,1.0
3957,208.0,12.0,1.0
3958,37.0,144.0,1.0
3959,22.0,87.0,1.0
3960,82.0,25.0,1.0
3961,256.0,5.0,1.0
3962,135.0,420.0,1.0
3963,33.0,222.0,1.0
3964,11.0,116.0,1.0
3965,142.0,57.0,1.0
3966,71.0,8.0,1.0
3967,95.0,59.0,1.0
3968,81.0,92.0,1.0
3969,89.0,205.0,1.0
3970,147.0,569.0,1.0
3971,65.0,363.0,1.0
3972,104.0,497.0,1.0
3973,117.0,298.0,1.0
3974,53.0,66.0,1.0
3975,148.0,48.0,1.0
3976,217.0,434.0,1.0
3977,228.0,11.0,1.0
3978,265.0,116.0,1.0
3979,113.0,294.0,1.0
3980,87.0,50.0,1.0
3981,199.0,135.0,1.0
3982,44.0,479.0,1.0
3983,263.0,292.0,1.0
3984,77.0,58.0,1.0
3985,75.0,44.0,1.0
3986,74.0,91.0,1.0
3987,152.0,255.0,1.0
3988,96.0,501.0,1.0
3989,106.0,58.0,1.0
3990,129.0,412.0,1.0
3991,248.0,100.0,1.0
3992,71.0,70.0,1.0
3993,250.0,489.0,1.0
3994,240.0,24.0,1.0
3995,101.0,5.0,1.0
3996,84.0,344.0,1.0
3997,95.0,21.0,1.0
3998,17.0,381.0,1.0
3999,259.0,310.0,1.0
4000,96.0,98.0,1.0
4001,159.0,584.0,1.0
4002,153.0,66.0,1.0
4003,155.0,308.0,1.0
4004,104.0,10.0,1.0
4005,9.0,273.0,1.0
4006,148.0,409.0,1.0
4007,94.0,213.0,1.0
4008,206.0,205.0,1.0
4009,189.0,203.0,1.0
4010,156.0,107.0,1.0
4011,71.0,411.0,1.0
4012,59.0,190.0,1.0
4013,1.0,62.0,1.0
4014,89.0,8.0,1.0
4015,175.0,313.0,1.0
4016,135.0,138.0,1.0
4017,171.0,127.0,1.0
4018,175.0,116.0,1.0
4019,183.0,482.0,1.0
4020,102.0,140.0,1.0
4021,199.0,113.0,1.0
4022,229.0,120.0,1.0
4023,81.0,337.0,1.0
4024,94.0,284.0,1.0
4025,81.0,547.0,1.0
4026,75.0,57.0,1.0
4027,102.0,35.0,1.0
4028,129.0,146.0,1.0
4029,220.0,103.0,1.0
4030,223.0,1.0,1.0
4031,69.0,332.0,1.0
4032,217.0,384.0,1.0
4033,56.0,89.0,1.0
4034,135.0,356.0,1.0
4035,9.0,35.0,1.0
4036,105.0,374.0,1.0
4037,116.0,133.0,1.0
4038,116.0,150.0,1.0
4039,248.0,315.0,1.0
4040,85.0,279.0,1.0
4041,224.0,10.0,1.0
4042,76.0,89.0,1.0
4043,214.0,556.0,1.0
4044,256.0,122.0,1.0
4045,128.0,204.0,1.0
4046,182.0,331.0,1.0
4047,116.0,119.0,1.0
4048,182.0,9.0,1.0
4049,226.0,19.0,1.0
4050,105.0,532.0,1.0
4051,56.0,347.0,1.0
4052,208.0,296.0,1.0
4053,49.0,33.0,1.0
4054,189.0,273.0,1.0
4055,114.0,274.0,1.0
4056,145.0,93.0,1.0
4057,248.0,442.0,1.0
4058,30.0,268.0,1.0
4059,51.0,527.0,1.0
4060,182.0,474.0,1.0
4061,159.0,92.0,1.0
4062,164.0,411.0,1.0
4063,164.0,159.0,1.0
4064,232.0,252.0,1.0
4065,158.0,351.0,1.0
4066,217.0,9.0,1.0
4067,47.0,317.0,1.0
4068,226.0,64.0,1.0
4069,242.0,375.0,1.0
4070,33.0,316.0,1.0
4071,149.0,172.0,1.0
4072,224.0,273.0,1.0
4073,85.0,111.0,1.0
4074,65.0,391.0,1.0
4075,1.0,26.0,1.0
4076,149.0,343.0,1.0
4077,256.0,103.0,1.0
4078,82.0,181.0,1.0
4079,194.0,456.0,1.0
4080,67.0,321.0,1.0
4081,107.0,223.0,1.0
4082,71.0,403.0,1.0
4083,160.0,1.0,1.0
4084,216.0,82.0,1.0
4085,49.0,434.0,1.0
4086,147.0,81.0,1.0
4087,62.0,146.0,1.0
4088,165.0,523.0,1.0
4089,147.0,203.0,1.0
4090,150.0,219.0,1.0
4091,51.0,120.0,1.0
4092,94.0,511.0,1.0
4093,248.0,1.0,1.0
4094,223.0,282.0,1.0
4095,1.0,35.0,1.0
4096,69.0,578.0,1.0
4097,105.0,479.0,1.0
4098,199.0,583.0,1.0
4099,218.0,226.0,1.0
4100,161.0,351.0,1.0
4101,58.0,31.0,1.0
4102,259.0,389.0,1.0
4103,202.0,118.0,1.0
4104,65.0,384.0,1.0
4105,145.0,423.0,1.0
4106,10.0,302.0,1.0
4107,129.0,398.0,1.0
4108,130.0,356.0,1.0
4109,149.0,150.0,1.0
4110,178.0,572.0,1.0
4111,205.0,226.0,1.0
4112,102.0,370.0,1.0
4113,8.0,249.0,1.0
4114,124.0,279.0,1.0
4115,128.0,123.0,1.0
4116,155.0,594.0,1.0
4117,81.0,138.0,1.0
4118,64.0,313.0,1.0
4119,217.0,220.0,1.0
4120,187.0,12.0,1.0
4121,81.0,417.0,1.0
4122,120.0,207.0,1.0
4123,193.0,461.0,1.0
4124,228.0,99.0,1.0
4125,257.0,127.0,1.0
4126,87.0,49.0,1.0
4127,168.0,103.0,1.0
4128,127.0,317.0,1.0
4129,178.0,531.0,1.0
4130,135.0,505.0,1.0
4131,65.0,382.0,1.0
4132,114.0,29.0,1.0
4133,64.0,318.0,1.0
4134,241.0,39.0,1.0
4135,71.0,352.0,1.0
4136,102.0,58.0,1.0
4137,81.0,131.0,1.0
4138,50.0,45.0,1.0
4139,259.0,116.0,1.0
4140,105.0,342.0,1.0
4141,2.0,24.0,1.0
4142,60.0,380.0,1.0
4143,79.0,249.0,1.0
4144,169.0,59.0,1.0
4145,51.0,44.0,1.0
4146,51.0,87.0,1.0
4147,141.0,62.0,1.0
4148,123.0,181.0,1.0
4149,145.0,196.0,1.0
4150,113.0,295.0,1.0
4151,106.0,142.0,1.0
4152,94.0,522.0,1.0
4153,34.0,31.0,1.0
4154,86.0,156.0,1.0
4155,7.0,47.0,1.0
4156,44.0,259.0,1.0
4157,50.0,203.0,1.0
4158,180.0,9.0,1.0
4159,16.0,370.0,1.0
4160,96.0,57.0,1.0
4161,175.0,36.0,1.0
4162,136.0,277.0,1.0
4163,1.0,89.0,1.0
4164,182.0,432.0,1.0
4165,150.0,229.0,1.0
4166,64.0,565.0,1.0
4167,259.0,396.0,1.0
4168,60.0,232.0,1.0
4169,17.0,304.0,1.0
4170,108.0,122.0,1.0
4171,136.0,496.0,1.0
4172,248.0,352.0,1.0
4173,22.0,428.0,1.0
4174,175.0,217.0,1.0
4175,129.0,516.0,1.0
4176,9.0,82.0,1.0
4177,134.0,40.0,1.0
4178,81.0,566.0,1.0
4179,200.0,486.0,1.0
4180,56.0,540.0,1.0
4181,71.0,205.0,1.0
4182,175.0,504.0,1.0
4183,3.0,115.0,1.0
4184,145.0,390.0,1.0
4185,256.0,224.0,1.0
4186,47.0,118.0,1.0
4187,9.0,272.0,1.0
4188,155.0,20.0,1.0
4189,240.0,91.0,1.0
4190,188.0,91.0,1.0
4191,176.0,352.0,1.0
4192,81.0,321.0,1.0
4193,202.0,455.0,1.0
4194,208.0,517.0,1.0
4195,108.0,358.0,1.0
4196,81.0,284.0,1.0
4197,75.0,125.0,1.0
4198,145.0,521.0,1.0
4199,68.0,443.0,1.0
4200,139.0,386.0,1.0
4201,117.0,240.0,1.0
4202,168.0,47.0,1.0
4203,114.0,384.0,1.0
4204,142.0,378.0,1.0
4205,218.0,438.0,1.0
4206,184.0,485.0,1.0
4207,147.0,74.0,1.0
4208,17.0,314.0,1.0
4209,96.0,192.0,1.0
4210,10.0,44.0,1.0
4211,51.0,367.0,1.0
4212,217.0,22.0,1.0
4213,34.0,455.0,1.0
4214,223.0,309.0,1.0
4215,17.0,401.0,1.0
4216,97.0,323.0,1.0
4217,126.0,467.0,1.0
4218,226.0,39.0,1.0
4219,127.0,26.0,1.0
4220,98.0,10.0,1.0
4221,235.0,146.0,1.0
4222,211.0,337.0,1.0
4223,256.0,22.0,1.0
4224,127.0,305.0,1.0
4225,79.0,217.0,1.0
4226,245.0,195.0,1.0
4227,71.0,426.0,1.0
4228,136.0,184.0,1.0
4229,185.0,119.0,1.0
4230,58.0,228.0,1.0
4231,147.0,73.0,1.0
4232,175.0,480.0,1.0
4233,87.0,463.0,1.0
4234,184.0,40.0,1.0
4235,248.0,429.0,1.0
4236,83.0,40.0,1.0
4237,121.0,11.0,1.0
4238,68.0,8.0,1.0
4239,47.0,266.0,1.0
4240,97.0,379.0,1.0
4241,107.0,117.0,1.0
4242,217.0,191.0,1.0
4243,104.0,589.0,1.0
4244,2.0,141.0,1.0
4245,223.0,430.0,1.0
4246,62.0,124.0,1.0
4247,80.0,289.0,1.0
4248,89.0,530.0,1.0
4249,178.0,148.0,1.0
4250,223.0,185.0,1.0
4251,105.0,325.0,1.0
4252,208.0,45.0,1.0
4253,260.0,162.0,1.0
4254,189.0,563.0,1.0
4255,177.0,170.0,1.0
4256,2.0,95.0,1.0
4257,220.0,97.0,1.0
4258,29.0,306.0,1.0
4259,64.0,176.0,1.0
4260,30.0,261.0,1.0
4261,96.0,342.0,1.0
4262,116.0,590.0,1.0
4263,51.0,511.0,1.0
4264,192.0,156.0,1.0
4265,115.0,136.0,1.0
4266,89.0,337.0,1.0
4267,129.0,83.0,1.0
4268,32.0,120.0,1.0
4269,29.0,136.0,1.0
4270,90.0,123.0,1.0
4271,248.0,33.0,1.0
4272,228.0,51.0,1.0
4273,82.0,245.0,1.0
4274,54.0,261.0,1.0
4275,223.0,225.0,1.0
4276,89.0,21.0,1.0
4277,5.0,186.0,1.0
4278,239.0,379.0,1.0
4279,226.0,521.0,1.0
4280,173.0,484.0,1.0
4281,45.0,1.0,1.0
4282,199.0,356.0,1.0
4283,147.0,341.0,1.0
4284,53.0,144.0,1.0
4285,202.0,9.0,1.0
4286,87.0,9.0,1.0
4287,147.0,197.0,1.0
4288,250.0,282.0,1.0
4289,189.0,401.0,1.0
4290,127.0,60.0,1.0
4291,56.0,246.0,1.0
4292,31.0,255.0,1.0
4293,67.0,327.0,1.0
4294,189.0,561.0,1.0
4295,248.0,592.0,1.0
4296,11.0,225.0,1.0
4297,150.0,388.0,1.0
4298,65.0,18.0,1.0
4299,81.0,399.0,1.0
4300,58.0,293.0,1.0
4301,228.0,68.0,1.0
4302,53.0,411.0,1.0
4303,190.0,127.0,1.0
4304,98.0,262.0,1.0
4305,183.0,39.0,1.0
4306,172.0,519.0,1.0
4307,147.0,108.0,1.0
4308,147.0,368.0,1.0
4309,74.0,145.0,1.0
4310,191.0,168.0,1.0
4311,147.0,381.0,1.0
4312,65.0,58.0,1.0
4313,239.0,121.0,1.0
4314,177.0,527.0,1.0
4315,84.0,83.0,1.0
4316,65.0,191.0,1.0
4317,52.0,197.0,1.0
4318,195.0,266.0,1.0
4319,244.0,133.0,1.0
4320,22.0,240.0,1.0
4321,85.0,306.0,1.0
4322,225.0,156.0,1.0
4323,238.0,104.0,1.0
4324,9.0,62.0,1.0
4325,182.0,89.0,1.0
4326,182.0,114.0,1.0
4327,79.0,100.0,1.0
4328,84.0,32.0,1.0
4329,224.0,280.0,1.0
4330,156.0,505.0,1.0
4331,128.0,584.0,1.0
4332,87.0,410.0,1.0
4333,259.0,168.0,1.0
4334,105.0,286.0,1.0
4335,133.0,204.0,1.0
4336,39.0,146.0,1.0
4337,205.0,370.0,1.0
4338,188.0,563.0,1.0
4339,82.0,221.0,1.0
4340,114.0,44.0,1.0
4341,147.0,424.0,1.0
4342,105.0,331.0,1.0
4343,244.0,31.0,1.0
4344,102.0,423.0,1.0
4345,189.0,164.0,1.0
4346,168.0,250.0,1.0
4347,87.0,130.0,1.0
4348,32.0,59.0,1.0
4349,104.0,313.0,1.0
4350,223.0,120.0,1.0
4351,242.0,191.0,1.0
4352,145.0,326.0,1.0
4353,159.0,59.0,1.0
4354,51.0,66.0,1.0
4355,256.0,205.0,1.0
4356,7.0,233.0,1.0
4357,78.0,186.0,1.0
4358,195.0,352.0,1.0
4359,82.0,116.0,1.0
4360,197.0,238.0,1.0
4361,37.0,246.0,1.0
4362,53.0,254.0,1.0
4363,182.0,241.0,1.0
4364,116.0,67.0,1.0
4365,100.0,32.0,1.0
4366,64.0,44.0,1.0
4367,89.0,511.0,1.0
4368,243.0,137.0,1.0
4369,165.0,424.0,1.0
4370,163.0,31.0,1.0
4371,79.0,1.0,1.0
4372,103.0,532.0,1.0
4373,89.0,207.0,1.0
4374,62.0,224.0,1.0
4375,33.0,334.0,1.0
4376,214.0,367.0,1.0
4377,64.0,408.0,1.0
4378,94.0,330.0,1.0
4379,212.0,368.0,1.0
4380,176.0,91.0,1.0
4381,56.0,457.0,1.0
4382,147.0,5.0,1.0
4383,264.0,420.0,1.0
4384,147.0,1.0,1.0
4385,77.0,407.0,1.0
4386,223.0,343.0,1.0
4387,57.0,367.0,1.0
4388,128.0,359.0,1.0
4389,119.0,62.0,1.0
4390,32.0,437.0,1.0
4391,119.0,387.0,1.0
4392,245.0,219.0,1.0
4393,205.0,362.0,1.0
4394,16.0,77.0,1.0
4395,42.0,45.0,1.0
4396,9.0,24.0,1.0
4397,129.0,415.0,1.0
4398,104.0,48.0,1.0
4399,58.0,252.0,1.0
4400,248.0,60.0,1.0
4401,84.0,449.0,1.0
4402,56.0,529.0,1.0
4403,189.0,33.0,1.0
4404,145.0,45.0,1.0
4405,163.0,400.0,1.0
4406,81.0,394.0,1.0
4407,123.0,45.0,1.0
4408,258.0,81.0,1.0
4409,91.0,545.0,1.0
4410,189.0,455.0,1.0
4411,91.0,445.0,1.0
4412,75.0,97.0,1.0
4413,64.0,59.0,1.0
4414,39.0,420.0,1.0
4415,147.0,340.0,1.0
4416,174.0,89.0,1.0
4417,83.0,226.0,1.0
4418,173.0,179.0,1.0
4419,42.0,23.0,1.0
4420,169.0,560.0,1.0
4421,126.0,425.0,1.0
4422,145.0,126.0,1.0
4423,183.0,494.0,1.0
4424,256.0,186.0,1.0
4425,225.0,50.0,1.0
4426,116.0,61.0,1.0
4427,79.0,234.0,1.0
4428,116.0,429.0,1.0
4429,145.0,207.0,1.0
4430,84.0,310.0,1.0
4431,89.0,145.0,1.0
4432,102.0,213.0,1.0
4433,75.0,103.0,1.0
4434,224.0,241.0,1.0
4435,169.0,241.0,1.0
4436,109.0,363.0,1.0
4437,224.0,243.0,1.0
4438,128.0,420.0,1.0
4439,102.0,593.0,1.0
4440,238.0,156.0,1.0
4441,141.0,332.0,1.0
4442,73.0,218.0,1.0
4443,64.0,205.0,1.0
4444,105.0,266.0,1.0
4445,162.0,59.0,1.0
4446,82.0,277.0,1.0
4447,97.0,403.0,1.0
4448,82.0,127.0,1.0
4449,182.0,20.0,1.0
4450,245.0,40.0,1.0
4451,222.0,269.0,1.0
4452,178.0,423.0,1.0
4453,102.0,343.0,1.0
4454,96.0,242.0,1.0
4455,4.0,70.0,1.0
4456,86.0,415.0,1.0
4457,256.0,36.0,1.0
4458,56.0,534.0,1.0
4459,164.0,201.0,1.0
4460,191.0,178.0,1.0
4461,108.0,213.0,1.0
4462,179.0,10.0,1.0
4463,116.0,62.0,1.0
4464,225.0,111.0,1.0
4465,147.0,173.0,1.0
4466,78.0,221.0,1.0
4467,114.0,308.0,1.0
4468,152.0,44.0,1.0
4469,82.0,81.0,1.0
4470,231.0,527.0,1.0
4471,223.0,60.0,1.0
4472,218.0,143.0,1.0
4473,81.0,10.0,1.0
4474,79.0,4.0,1.0
4475,147.0,591.0,1.0
4476,126.0,415.0,1.0
4477,87.0,445.0,1.0
4478,81.0,386.0,1.0
4479,144.0,133.0,1.0
4480,248.0,39.0,1.0
4481,175.0,197.0,1.0
4482,102.0,21.0,1.0
4483,17.0,383.0,1.0
4484,64.0,413.0,1.0
4485,81.0,379.0,1.0
4486,67.0,22.0,1.0
4487,126.0,472.0,1.0
4488,178.0,154.0,1.0
4489,83.0,425.0,1.0
4490,203.0,463.0,1.0
4491,175.0,226.0,1.0
4492,45.0,400.0,1.0
4493,71.0,375.0,1.0
4494,68.0,236.0,1.0
4495,101.0,409.0,1.0
4496,74.0,156.0,1.0
4497,124.0,449.0,1.0
4498,148.0,321.0,1.0
4499,262.0,103.0,1.0
4500,78.0,113.0,1.0
4501,50.0,288.0,1.0
4502,53.0,310.0,1.0
4503,203.0,59.0,1.0
4504,195.0,253.0,1.0
4505,196.0,47.0,1.0
4506,198.0,70.0,1.0
4507,128.0,39.0,1.0
4508,10.0,286.0,1.0
4509,164.0,425.0,1.0
4510,223.0,195.0,1.0
4511,87.0,148.0,1.0
4512,227.0,255.0,1.0
4513,21.0,349.0,1.0
4514,90.0,147.0,1.0
4515,249.0,111.0,1.0
4516,97.0,59.0,1.0
4517,160.0,95.0,1.0
4518,71.0,191.0,1.0
4519,69.0,202.0,1.0
4520,176.0,410.0,1.0
4521,208.0,0.0,1.0
4522,127.0,420.0,1.0
4523,224.0,126.0,1.0
4524,6.0,223.0,1.0
4525,34.0,103.0,1.0
4526,126.0,417.0,1.0
4527,102.0,411.0,1.0
4528,42.0,48.0,1.0
4529,178.0,391.0,1.0
4530,261.0,253.0,1.0
4531,229.0,91.0,1.0
4532,24.0,113.0,1.0
4533,87.0,128.0,1.0
4534,163.0,159.0,1.0
4535,32.0,141.0,1.0
4536,223.0,512.0,1.0
4537,49.0,214.0,1.0
4538,214.0,58.0,1.0
4539,139.0,33.0,1.0
4540,203.0,120.0,1.0
4541,186.0,100.0,1.0
4542,250.0,394.0,1.0
4543,26.0,141.0,1.0
4544,20.0,9.0,1.0
4545,248.0,384.0,1.0
4546,74.0,382.0,1.0
4547,17.0,379.0,1.0
4548,60.0,411.0,1.0
4549,80.0,47.0,1.0
4550,200.0,69.0,1.0
4551,207.0,268.0,1.0
4552,82.0,80.0,1.0
4553,14.0,316.0,1.0
4554,69.0,388.0,1.0
4555,101.0,224.0,1.0
4556,49.0,467.0,1.0
4557,183.0,449.0,1.0
4558,234.0,59.0,1.0
4559,212.0,399.0,1.0
4560,83.0,61.0,1.0
4561,183.0,202.0,1.0
4562,59.0,378.0,1.0
4563,105.0,197.0,1.0
4564,143.0,512.0,1.0
4565,6.0,146.0,1.0
4566,248.0,27.0,1.0
4567,133.0,73.0,1.0
4568,114.0,45.0,1.0
4569,166.0,222.0,1.0
4570,248.0,23.0,1.0
4571,100.0,487.0,1.0
4572,124.0,482.0,1.0
4573,136.0,436.0,1.0
4574,223.0,284.0,1.0
4575,90.0,122.0,1.0
4576,136.0,62.0,1.0
4577,31.0,370.0,1.0
4578,81.0,230.0,1.0
4579,147.0,497.0,1.0
4580,216.0,147.0,1.0
4581,170.0,429.0,1.0
4582,59.0,399.0,1.0
4583,206.0,219.0,1.0
4584,103.0,219.0,1.0
4585,167.0,12.0,1.0
4586,131.0,143.0,1.0
4587,52.0,36.0,1.0
4588,227.0,230.0,1.0
4589,63.0,378.0,1.0
4590,203.0,305.0,1.0
4591,183.0,343.0,1.0
4592,251.0,106.0,1.0
4593,6.0,222.0,1.0
4594,94.0,509.0,1.0
4595,251.0,103.0,1.0
4596,195.0,208.0,1.0
4597,68.0,146.0,1.0
4598,218.0,97.0,1.0
4599,87.0,92.0,1.0
4600,160.0,39.0,1.0
4601,258.0,107.0,1.0
4602,85.0,91.0,1.0
4603,127.0,73.0,1.0
4604,38.0,156.0,1.0
4605,82.0,536.0,1.0
4606,16.0,55.0,1.0
4607,210.0,116.0,1.0
4608,262.0,64.0,1.0
4609,108.0,209.0,1.0
4610,133.0,47.0,1.0
4611,12.0,208.0,1.0
4612,126.0,374.0,1.0
4613,96.0,279.0,1.0
4614,185.0,400.0,1.0
4615,48.0,294.0,1.0
4616,183.0,222.0,1.0
4617,104.0,120.0,1.0
4618,138.0,339.0,1.0
4619,82.0,387.0,1.0
4620,19.0,175.0,1.0
4621,94.0,429.0,1.0
4622,100.0,62.0,1.0
4623,71.0,527.0,1.0
4624,130.0,134.0,1.0
4625,129.0,429.0,1.0
4626,170.0,457.0,1.0
4627,188.0,434.0,1.0
4628,156.0,197.0,1.0
4629,232.0,71.0,1.0
4630,51.0,25.0,1.0
4631,22.0,14.0,1.0
4632,87.0,86.0,1.0
4633,240.0,92.0,1.0
4634,49.0,202.0,1.0
4635,202.0,206.0,1.0
4636,128.0,170.0,1.0
4637,130.0,226.0,1.0
4638,149.0,39.0,1.0
4639,8.0,246.0,1.0
4640,75.0,79.0,1.0
4641,86.0,215.0,1.0
4642,2.0,142.0,1.0
4643,26.0,226.0,1.0
4644,225.0,64.0,1.0
4645,114.0,143.0,1.0
4646,136.0,229.0,1.0
4647,141.0,295.0,1.0
4648,14.0,59.0,1.0
4649,223.0,182.0,1.0
4650,17.0,135.0,1.0
4651,182.0,284.0,1.0
4652,1.0,87.0,1.0
4653,235.0,296.0,1.0
4654,199.0,211.0,1.0
4655,199.0,572.0,1.0
4656,165.0,434.0,1.0
4657,154.0,343.0,1.0
4658,126.0,133.0,1.0
4659,234.0,400.0,1.0
4660,258.0,21.0,1.0
4661,181.0,103.0,1.0
4662,69.0,581.0,1.0
4663,1.0,43.0,1.0
4664,94.0,24.0,1.0
4665,139.0,191.0,1.0
4666,13.0,343.0,1.0
4667,10.0,301.0,1.0
4668,48.0,306.0,1.0
4669,238.0,146.0,1.0
4670,207.0,346.0,1.0
4671,60.0,125.0,1.0
4672,65.0,310.0,1.0
4673,196.0,189.0,1.0
4674,92.0,103.0,1.0
4675,97.0,135.0,1.0
4676,89.0,266.0,1.0
4677,49.0,89.0,1.0
4678,52.0,89.0,1.0
4679,195.0,79.0,1.0
4680,149.0,127.0,1.0
4681,242.0,398.0,1.0
4682,96.0,90.0,1.0
4683,121.0,73.0,1.0
4684,87.0,234.0,1.0
4685,1.0,45.0,1.0
4686,86.0,89.0,1.0
4687,52.0,113.0,1.0
4688,203.0,50.0,1.0
4689,90.0,7.0,1.0
4690,117.0,1.0,1.0
4691,147.0,348.0,1.0
4692,184.0,115.0,1.0
4693,114.0,56.0,1.0
4694,90.0,29.0,1.0
4695,88.0,95.0,1.0
4696,31.0,40.0,1.0
4697,249.0,118.0,1.0
4698,64.0,207.0,1.0
4699,175.0,26.0,1.0
4700,165.0,31.0,1.0
4701,224.0,100.0,1.0
4702,158.0,40.0,1.0
4703,139.0,284.0,1.0
4704,9.0,56.0,1.0
4705,116.0,269.0,1.0
4706,144.0,75.0,1.0
4707,53.0,136.0,1.0
4708,33.0,9.0,1.0
4709,52.0,62.0,1.0
4710,177.0,487.0,1.0
4711,96.0,202.0,1.0
4712,102.0,506.0,1.0
4713,123.0,245.0,1.0
4714,117.0,564.0,1.0
4715,87.0,544.0,1.0
4716,102.0,50.0,1.0
4717,87.0,157.0,1.0
4718,185.0,135.0,1.0
4719,177.0,341.0,1.0
4720,45.0,59.0,1.0
4721,92.0,11.0,1.0
4722,84.0,333.0,1.0
4723,231.0,31.0,1.0
4724,74.0,197.0,1.0
4725,84.0,319.0,1.0
4726,31.0,379.0,1.0
4727,123.0,256.0,1.0
4728,155.0,143.0,1.0
4729,84.0,286.0,1.0
4730,88.0,1.0,1.0
4731,216.0,146.0,1.0
4732,132.0,412.0,1.0
4733,178.0,86.0,1.0
4734,187.0,205.0,1.0
4735,154.0,456.0,1.0
4736,245.0,415.0,1.0
4737,144.0,427.0,1.0
4738,175.0,39.0,1.0
4739,93.0,429.0,1.0
4740,214.0,223.0,1.0
4741,68.0,136.0,1.0
4742,207.0,239.0,1.0
4743,178.0,376.0,1.0
4744,97.0,374.0,1.0
4745,65.0,46.0,1.0
4746,145.0,393.0,1.0
4747,159.0,138.0,1.0
4748,197.0,42.0,1.0
4749,200.0,172.0,1.0
4750,245.0,464.0,1.0
4751,82.0,459.0,1.0
4752,96.0,89.0,1.0
4753,47.0,111.0,1.0
4754,240.0,136.0,1.0
4755,186.0,372.0,1.0
4756,74.0,354.0,1.0
4757,202.0,130.0,1.0
4758,4.0,175.0,1.0
4759,78.0,35.0,1.0
4760,82.0,504.0,1.0
4761,31.0,179.0,1.0
4762,44.0,7.0,1.0
4763,81.0,74.0,1.0
4764,72.0,521.0,1.0
4765,82.0,311.0,1.0
4766,94.0,521.0,1.0
4767,173.0,50.0,1.0
4768,223.0,174.0,1.0
4769,158.0,147.0,1.0
4770,79.0,90.0,1.0
4771,259.0,464.0,1.0
4772,156.0,190.0,1.0
4773,193.0,8.0,1.0
4774,187.0,378.0,1.0
4775,194.0,179.0,1.0
4776,148.0,18.0,1.0
4777,48.0,147.0,1.0
4778,84.0,267.0,1.0
4779,122.0,538.0,1.0
4780,75.0,232.0,1.0
4781,195.0,120.0,1.0
4782,181.0,134.0,1.0
4783,62.0,14.0,1.0
4784,207.0,102.0,1.0
4785,224.0,59.0,1.0
4786,132.0,213.0,1.0
4787,178.0,505.0,1.0
4788,141.0,293.0,1.0
4789,156.0,116.0,1.0
4790,16.0,61.0,1.0
4791,74.0,518.0,1.0
4792,16.0,194.0,1.0
4793,203.0,94.0,1.0
4794,193.0,329.0,1.0
4795,20.0,159.0,1.0
4796,82.0,475.0,1.0
4797,181.0,26.0,1.0
4798,83.0,321.0,1.0
4799,191.0,268.0,1.0
4800,203.0,175.0,1.0
4801,199.0,12.0,1.0
4802,149.0,47.0,1.0
4803,17.0,131.0,1.0
4804,79.0,207.0,1.0
4805,149.0,147.0,1.0
4806,149.0,50.0,1.0
4807,194.0,145.0,1.0
4808,81.0,310.0,1.0
4809,164.0,498.0,1.0
4810,147.0,540.0,1.0
4811,197.0,334.0,1.0
4812,78.0,33.0,1.0
4813,42.0,47.0,1.0
4814,190.0,79.0,1.0
4815,118.0,305.0,1.0
4816,133.0,327.0,1.0
4817,58.0,32.0,1.0
4818,31.0,91.0,1.0
4819,5.0,7.0,1.0
4820,225.0,420.0,1.0
4821,81.0,537.0,1.0
4822,129.0,411.0,1.0
4823,162.0,70.0,1.0
4824,164.0,506.0,1.0
4825,88.0,310.0,1.0
4826,81.0,292.0,1.0
4827,104.0,362.0,1.0
4828,103.0,116.0,1.0
4829,88.0,454.0,1.0
4830,81.0,375.0,1.0
4831,159.0,47.0,1.0
4832,183.0,334.0,1.0
4833,266.0,59.0,1.0
4834,84.0,156.0,1.0
4835,103.0,106.0,1.0
4836,29.0,65.0,1.0
4837,150.0,100.0,1.0
4838,141.0,84.0,1.0
4839,116.0,490.0,1.0
4840,147.0,85.0,1.0
4841,145.0,144.0,1.0
4842,133.0,579.0,1.0
4843,17.0,353.0,1.0
4844,268.0,252.0,1.0
4845,175.0,448.0,1.0
4846,230.0,438.0,1.0
4847,51.0,113.0,1.0
4848,12.0,128.0,1.0
4849,158.0,229.0,1.0
4850,243.0,182.0,1.0
4851,218.0,478.0,1.0
4852,234.0,10.0,1.0
4853,69.0,113.0,1.0
4854,31.0,204.0,1.0
4855,129.0,528.0,1.0
4856,64.0,437.0,1.0
4857,9.0,28.0,1.0
4858,102.0,459.0,1.0
4859,65.0,333.0,1.0
4860,86.0,258.0,1.0
4861,156.0,63.0,1.0
4862,104.0,141.0,1.0
4863,94.0,190.0,1.0
4864,117.0,586.0,1.0
4865,117.0,234.0,1.0
4866,116.0,77.0,1.0
4867,96.0,253.0,1.0
4868,242.0,567.0,1.0
4869,123.0,510.0,1.0
4870,205.0,11.0,1.0
4871,200.0,526.0,1.0
4872,147.0,162.0,1.0
4873,242.0,236.0,1.0
4874,232.0,146.0,1.0
4875,199.0,256.0,1.0
4876,232.0,369.0,1.0
4877,17.0,388.0,1.0
4878,52.0,229.0,1.0
4879,202.0,420.0,1.0
4880,82.0,218.0,1.0
4881,148.0,282.0,1.0
4882,14.0,22.0,1.0
4883,183.0,463.0,1.0
4884,226.0,1.0,1.0
4885,231.0,229.0,1.0
4886,29.0,38.0,1.0
4887,260.0,273.0,1.0
4888,194.0,223.0,1.0
4889,82.0,133.0,1.0
4890,74.0,321.0,1.0
4891,262.0,125.0,1.0
4892,17.0,378.0,1.0
4893,250.0,547.0,1.0
4894,248.0,233.0,1.0
4895,89.0,311.0,1.0
4896,262.0,179.0,1.0
4897,117.0,457.0,1.0
4898,183.0,486.0,1.0
4899,224.0,331.0,1.0
4900,114.0,51.0,1.0
4901,144.0,157.0,1.0
4902,81.0,388.0,1.0
4903,265.0,194.0,1.0
4904,1.0,60.0,1.0
4905,248.0,11.0,1.0
4906,16.0,62.0,1.0
4907,30.0,60.0,1.0
4908,226.0,420.0,1.0
4909,123.0,128.0,1.0
4910,126.0,406.0,1.0
4911,114.0,120.0,1.0
4912,176.0,551.0,1.0
4913,64.0,177.0,1.0
4914,6.0,232.0,1.0
4915,213.0,50.0,1.0
4916,74.0,36.0,1.0
4917,71.0,498.0,1.0
4918,83.0,518.0,1.0
4919,5.0,95.0,1.0
4920,6.0,220.0,1.0
4921,116.0,147.0,1.0
4922,105.0,136.0,1.0
4923,49.0,227.0,1.0
4924,5.0,203.0,1.0
4925,242.0,213.0,1.0
4926,97.0,81.0,1.0
4927,218.0,278.0,1.0
4928,113.0,31.0,1.0
4929,79.0,229.0,1.0
4930,194.0,260.0,1.0
4931,160.0,147.0,1.0
4932,226.0,219.0,1.0
4933,247.0,19.0,1.0
4934,203.0,181.0,1.0
4935,193.0,25.0,1.0
4936,183.0,518.0,1.0
4937,89.0,209.0,1.0
4938,248.0,36.0,1.0
4939,134.0,146.0,1.0
4940,71.0,208.0,1.0
4941,56.0,10.0,1.0
4942,262.0,252.0,1.0
4943,248.0,79.0,1.0
4944,180.0,219.0,1.0
4945,157.0,408.0,1.0
4946,130.0,113.0,1.0
4947,139.0,100.0,1.0
4948,78.0,378.0,1.0
4949,262.0,95.0,1.0
4950,104.0,181.0,1.0
4951,259.0,206.0,1.0
4952,159.0,190.0,1.0
4953,57.0,37.0,1.0
4954,189.0,562.0,1.0
4955,200.0,537.0,1.0
4956,147.0,276.0,1.0
4957,216.0,175.0,1.0
4958,114.0,270.0,1.0
4959,56.0,452.0,1.0
4960,149.0,70.0,1.0
4961,82.0,91.0,1.0
4962,178.0,429.0,1.0
4963,170.0,126.0,1.0
4964,180.0,220.0,1.0
4965,117.0,408.0,1.0
4966,79.0,411.0,1.0
4967,149.0,364.0,1.0
4968,58.0,166.0,1.0
4969,155.0,64.0,1.0
4970,107.0,407.0,1.0
4971,37.0,50.0,1.0
4972,138.0,228.0,1.0
4973,141.0,103.0,1.0
4974,82.0,393.0,1.0
4975,266.0,516.0,1.0
4976,234.0,26.0,1.0
4977,49.0,127.0,1.0
4978,264.0,132.0,1.0
4979,226.0,192.0,1.0
4980,224.0,120.0,1.0
4981,60.0,190.0,1.0
4982,124.0,83.0,1.0
4983,148.0,241.0,1.0
4984,211.0,410.0,1.0
4985,64.0,24.0,1.0
4986,83.0,220.0,1.0
4987,90.0,336.0,1.0
4988,90.0,346.0,1.0
4989,212.0,267.0,1.0
4990,191.0,203.0,1.0
4991,138.0,50.0,1.0
4992,156.0,543.0,1.0
4993,218.0,103.0,1.0
4994,242.0,224.0,1.0
4995,89.0,57.0,1.0
4996,180.0,179.0,1.0
4997,7.0,150.0,1.0
4998,49.0,388.0,1.0
4999,147.0,213.0,1.0
5000,117.0,117.0,1.0
5001,103.0,103.0,1.0
5002,99.0,92.0,1.0
5003,224.0,395.0,1.0
5004,218.0,394.0,1.0
5005,208.0,337.0,1.0
5006,255.0,45.0,1.0
5007,207.0,263.0,1.0
5008,64.0,379.0,1.0
5009,178.0,112.0,1.0
5010,201.0,89.0,1.0
5011,257.0,343.0,1.0
5012,105.0,31.0,1.0
5013,145.0,89.0,1.0
5014,161.0,59.0,1.0
5015,231.0,349.0,1.0
5016,58.0,316.0,1.0
5017,195.0,527.0,1.0
5018,1.0,32.0,1.0
5019,147.0,342.0,1.0
5020,133.0,57.0,1.0
5021,248.0,88.0,1.0
5022,155.0,335.0,1.0
5023,147.0,39.0,1.0
5024,149.0,365.0,1.0
5025,78.0,14.0,1.0
5026,58.0,70.0,1.0
5027,226.0,543.0,1.0
5028,259.0,309.0,1.0
5029,13.0,340.0,1.0
5030,17.0,396.0,1.0
5031,149.0,77.0,1.0
5032,242.0,100.0,1.0
5033,160.0,58.0,1.0
5034,84.0,410.0,1.0
5035,165.0,148.0,1.0
5036,60.0,15.0,1.0
5037,64.0,337.0,1.0
5038,44.0,218.0,1.0
5039,93.0,10.0,1.0
5040,104.0,561.0,1.0
5041,178.0,70.0,1.0
5042,187.0,454.0,1.0
5043,226.0,66.0,1.0
5044,210.0,186.0,1.0
5045,147.0,574.0,1.0
5046,138.0,333.0,1.0
5047,91.0,240.0,1.0
5048,232.0,424.0,1.0
5049,82.0,260.0,1.0
5050,94.0,202.0,1.0
5051,82.0,106.0,1.0
5052,264.0,60.0,1.0
5053,158.0,44.0,1.0
5054,189.0,10.0,1.0
5055,116.0,252.0,1.0
5056,146.0,156.0,1.0
5057,191.0,329.0,1.0
5058,89.0,5.0,1.0
5059,181.0,47.0,1.0
5060,67.0,104.0,1.0
5061,227.0,425.0,1.0
5062,129.0,221.0,1.0
5063,69.0,532.0,1.0
5064,87.0,493.0,1.0
5065,73.0,99.0,1.0
5066,52.0,70.0,1.0
5067,211.0,113.0,1.0
5068,257.0,420.0,1.0
5069,56.0,12.0,1.0
5070,35.0,70.0,1.0
5071,43.0,47.0,1.0
5072,248.0,566.0,1.0
5073,199.0,225.0,1.0
5074,217.0,396.0,1.0
5075,182.0,233.0,1.0
5076,136.0,204.0,1.0
5077,178.0,4.0,1.0
5078,214.0,126.0,1.0
5079,180.0,113.0,1.0
5080,132.0,379.0,1.0
5081,71.0,477.0,1.0
5082,78.0,206.0,1.0
5083,225.0,89.0,1.0
5084,31.0,36.0,1.0
5085,106.0,240.0,1.0
5086,51.0,118.0,1.0
5087,247.0,243.0,1.0
5088,16.0,29.0,1.0
5089,82.0,546.0,1.0
5090,86.0,186.0,1.0
5091,158.0,100.0,1.0
5092,108.0,447.0,1.0
5093,130.0,287.0,1.0
5094,178.0,92.0,1.0
5095,65.0,332.0,1.0
5096,191.0,269.0,1.0
5097,82.0,3.0,1.0
5098,177.0,175.0,1.0
5099,116.0,173.0,1.0
5100,146.0,577.0,1.0
5101,211.0,47.0,1.0
5102,162.0,570.0,1.0
5103,75.0,77.0,1.0
5104,139.0,409.0,1.0
5105,56.0,438.0,1.0
5106,87.0,498.0,1.0
5107,95.0,103.0,1.0
5108,90.0,199.0,1.0
5109,88.0,128.0,1.0
5110,32.0,10.0,1.0
5111,264.0,457.0,1.0
5112,214.0,111.0,1.0
5113,223.0,203.0,1.0
5114,223.0,395.0,1.0
5115,153.0,59.0,1.0
5116,83.0,245.0,1.0
5117,90.0,178.0,1.0
5118,136.0,549.0,1.0
5119,191.0,130.0,1.0
5120,178.0,504.0,1.0
5121,132.0,100.0,1.0
5122,148.0,38.0,1.0
5123,186.0,50.0,1.0
5124,17.0,158.0,1.0
5125,139.0,388.0,1.0
5126,48.0,274.0,1.0
5127,26.0,243.0,1.0
5128,90.0,21.0,1.0
5129,104.0,500.0,1.0
5130,37.0,241.0,1.0
5131,64.0,130.0,1.0
5132,51.0,478.0,1.0
5133,90.0,494.0,1.0
5134,98.0,70.0,1.0
5135,101.0,178.0,1.0
5136,12.0,277.0,1.0
5137,79.0,415.0,1.0
5138,130.0,50.0,1.0
5139,132.0,116.0,1.0
5140,144.0,257.0,1.0
5141,210.0,66.0,1.0
5142,189.0,117.0,1.0
5143,223.0,34.0,1.0
5144,226.0,272.0,1.0
5145,53.0,500.0,1.0
5146,90.0,272.0,1.0
5147,214.0,45.0,1.0
5148,72.0,146.0,1.0
5149,3.0,168.0,1.0
5150,130.0,484.0,1.0
5151,22.0,429.0,1.0
5152,87.0,541.0,1.0
5153,96.0,112.0,1.0
5154,88.0,222.0,1.0
5155,230.0,11.0,1.0
5156,167.0,134.0,1.0
5157,128.0,50.0,1.0
5158,71.0,332.0,1.0
5159,165.0,440.0,1.0
5160,139.0,25.0,1.0
5161,205.0,17.0,1.0
5162,150.0,94.0,1.0
5163,89.0,70.0,1.0
5164,37.0,10.0,1.0
5165,86.0,112.0,1.0
5166,224.0,279.0,1.0
5167,51.0,522.0,1.0
5168,129.0,39.0,1.0
5169,147.0,281.0,1.0
5170,149.0,69.0,1.0
5171,205.0,103.0,1.0
5172,140.0,103.0,1.0
5173,64.0,562.0,1.0
5174,175.0,14.0,1.0
5175,217.0,223.0,1.0
5176,108.0,229.0,1.0
5177,126.0,231.0,1.0
5178,177.0,252.0,1.0
5179,177.0,331.0,1.0
5180,246.0,362.0,1.0
5181,71.0,24.0,1.0
5182,189.0,1.0,1.0
5183,3.0,129.0,1.0
5184,181.0,36.0,1.0
5185,248.0,161.0,1.0
5186,164.0,117.0,1.0
5187,95.0,242.0,1.0
5188,165.0,378.0,1.0
5189,2.0,99.0,1.0
5190,255.0,20.0,1.0
5191,97.0,398.0,1.0
5192,246.0,252.0,1.0
5193,178.0,57.0,1.0
5194,144.0,273.0,1.0
5195,203.0,263.0,1.0
5196,84.0,89.0,1.0
5197,218.0,9.0,1.0
5198,183.0,413.0,1.0
5199,207.0,83.0,1.0
5200,2.0,143.0,1.0
5201,64.0,470.0,1.0
5202,223.0,534.0,1.0
5203,51.0,82.0,1.0
5204,7.0,143.0,1.0
5205,145.0,282.0,1.0
5206,132.0,217.0,1.0
5207,203.0,292.0,1.0
5208,108.0,576.0,1.0
5209,194.0,79.0,1.0
5210,110.0,445.0,1.0
5211,178.0,231.0,1.0
5212,147.0,282.0,1.0
5213,82.0,456.0,1.0
5214,223.0,77.0,1.0
5215,94.0,93.0,1.0
5216,82.0,379.0,1.0
5217,195.0,272.0,1.0
5218,142.0,92.0,1.0
5219,77.0,245.0,1.0
5220,158.0,534.0,1.0
5221,56.0,469.0,1.0
5222,8.0,247.0,1.0
5223,65.0,488.0,1.0
5224,123.0,66.0,1.0
5225,209.0,351.0,1.0
5226,178.0,51.0,1.0
5227,207.0,130.0,1.0
5228,194.0,66.0,1.0
5229,84.0,77.0,1.0
5230,130.0,30.0,1.0
5231,89.0,343.0,1.0
5232,249.0,241.0,1.0
5233,17.0,382.0,1.0
5234,96.0,280.0,1.0
5235,84.0,367.0,1.0
5236,107.0,348.0,1.0
5237,22.0,311.0,1.0
5238,5.0,36.0,1.0
5239,258.0,31.0,1.0
5240,239.0,522.0,1.0
5241,234.0,57.0,1.0
5242,190.0,191.0,1.0
5243,39.0,416.0,1.0
5244,84.0,357.0,1.0
5245,135.0,575.0,1.0
5246,230.0,118.0,1.0
5247,33.0,58.0,1.0
5248,183.0,390.0,1.0
5249,165.0,214.0,1.0
5250,29.0,225.0,1.0
5251,214.0,206.0,1.0
5252,182.0,517.0,1.0
5253,144.0,33.0,1.0
5254,156.0,531.0,1.0
5255,82.0,144.0,1.0
5256,209.0,226.0,1.0
5257,114.0,545.0,1.0
5258,16.0,215.0,1.0
5259,187.0,474.0,1.0
5260,69.0,518.0,1.0
5261,164.0,209.0,1.0
5262,147.0,32.0,1.0
5263,263.0,337.0,1.0
5264,147.0,120.0,1.0
5265,89.0,74.0,1.0
5266,113.0,78.0,1.0
5267,173.0,147.0,1.0
5268,71.0,86.0,1.0
5269,133.0,510.0,1.0
5270,256.0,372.0,1.0
5271,122.0,147.0,1.0
5272,44.0,342.0,1.0
5273,77.0,36.0,1.0
5274,126.0,66.0,1.0
5275,163.0,317.0,1.0
5276,184.0,411.0,1.0
5277,162.0,81.0,1.0
5278,195.0,64.0,1.0
5279,146.0,102.0,1.0
5280,23.0,175.0,1.0
5281,126.0,185.0,1.0
5282,38.0,102.0,1.0
5283,183.0,28.0,1.0
5284,65.0,77.0,1.0
5285,178.0,495.0,1.0
5286,16.0,356.0,1.0
5287,1.0,63.0,1.0
5288,2.0,116.0,1.0
5289,203.0,88.0,1.0
5290,100.0,44.0,1.0
5291,102.0,82.0,1.0
5292,65.0,99.0,1.0
5293,193.0,170.0,1.0
5294,78.0,39.0,1.0
5295,108.0,226.0,1.0
5296,96.0,479.0,1.0
5297,257.0,113.0,1.0
5298,156.0,453.0,1.0
5299,11.0,294.0,1.0
5300,1.0,85.0,1.0
5301,185.0,219.0,1.0
5302,71.0,237.0,1.0
5303,268.0,106.0,1.0
5304,227.0,447.0,1.0
5305,208.0,382.0,1.0
5306,210.0,123.0,1.0
5307,136.0,255.0,1.0
5308,30.0,147.0,1.0
5309,123.0,247.0,1.0
5310,178.0,398.0,1.0
5311,91.0,45.0,1.0
5312,165.0,106.0,1.0
5313,258.0,86.0,1.0
5314,2.0,131.0,1.0
5315,147.0,18.0,1.0
5316,44.0,484.0,1.0
5317,9.0,267.0,1.0
5318,259.0,138.0,1.0
5319,226.0,177.0,1.0
5320,259.0,177.0,1.0
5321,10.0,89.0,1.0
5322,182.0,594.0,1.0
5323,200.0,241.0,1.0
5324,38.0,442.0,1.0
5325,78.0,387.0,1.0
5326,131.0,81.0,1.0
5327,189.0,229.0,1.0
5328,178.0,195.0,1.0
5329,123.0,448.0,1.0
5330,194.0,420.0,1.0
5331,186.0,65.0,1.0
5332,114.0,84.0,1.0
5333,234.0,5.0,1.0
5334,90.0,120.0,1.0
5335,122.0,27.0,1.0
5336,78.0,0.0,1.0
5337,104.0,49.0,1.0
5338,96.0,282.0,1.0
5339,39.0,398.0,1.0
5340,137.0,62.0,1.0
5341,142.0,122.0,1.0
5342,82.0,485.0,1.0
5343,49.0,357.0,1.0
5344,190.0,409.0,1.0
5345,34.0,136.0,1.0
5346,249.0,494.0,1.0
5347,37.0,316.0,1.0
5348,9.0,69.0,1.0
5349,17.0,377.0,1.0
5350,21.0,241.0,1.0
5351,60.0,472.0,1.0
5352,104.0,103.0,1.0
5353,19.0,291.0,1.0
5354,28.0,367.0,1.0
5355,214.0,59.0,1.0
5356,184.0,367.0,1.0
5357,178.0,410.0,1.0
5358,156.0,596.0,1.0
5359,68.0,238.0,1.0
5360,234.0,49.0,1.0
5361,96.0,126.0,1.0
5362,62.0,505.0,1.0
5363,194.0,77.0,1.0
5364,223.0,310.0,1.0
5365,130.0,155.0,1.0
5366,136.0,399.0,1.0
5367,74.0,256.0,1.0
5368,174.0,482.0,1.0
5369,31.0,219.0,1.0
5370,155.0,238.0,1.0
5371,2.0,84.0,1.0
5372,199.0,156.0,1.0
5373,164.0,413.0,1.0
5374,127.0,80.0,1.0
5375,147.0,542.0,1.0
5376,72.0,156.0,1.0
5377,168.0,386.0,1.0
5378,10.0,153.0,1.0
5379,218.0,65.0,1.0
5380,234.0,382.0,1.0
5381,131.0,40.0,1.0
5382,116.0,102.0,1.0
5383,102.0,333.0,1.0
5384,126.0,420.0,1.0
5385,83.0,59.0,1.0
5386,84.0,147.0,1.0
5387,181.0,556.0,1.0
5388,186.0,463.0,1.0
5389,102.0,23.0,1.0
5390,150.0,280.0,1.0
5391,153.0,89.0,1.0
5392,74.0,116.0,1.0
5393,98.0,241.0,1.0
5394,202.0,47.0,1.0
5395,176.0,120.0,1.0
5396,141.0,478.0,1.0
5397,100.0,597.0,1.0
5398,158.0,138.0,1.0
5399,127.0,517.0,1.0
5400,39.0,305.0,1.0
5401,51.0,369.0,1.0
5402,87.0,78.0,1.0
5403,194.0,91.0,1.0
5404,130.0,420.0,1.0
5405,104.0,118.0,1.0
5406,254.0,103.0,1.0
5407,211.0,159.0,1.0
5408,53.0,507.0,1.0
5409,116.0,175.0,1.0
5410,227.0,20.0,1.0
5411,209.0,81.0,1.0
5412,164.0,181.0,1.0
5413,154.0,47.0,1.0
5414,158.0,222.0,1.0
5415,207.0,295.0,1.0
5416,52.0,402.0,1.0
5417,161.0,377.0,1.0
5418,94.0,206.0,1.0
5419,173.0,447.0,1.0
5420,48.0,247.0,1.0
5421,195.0,204.0,1.0
5422,128.0,82.0,1.0
5423,226.0,123.0,1.0
5424,103.0,5.0,1.0
5425,226.0,214.0,1.0
5426,79.0,337.0,1.0
5427,105.0,571.0,1.0
5428,153.0,218.0,1.0
5429,186.0,105.0,1.0
5430,189.0,7.0,1.0
5431,81.0,31.0,1.0
5432,136.0,248.0,1.0
5433,182.0,270.0,1.0
5434,262.0,304.0,1.0
5435,64.0,538.0,1.0
5436,84.0,14.0,1.0
5437,206.0,7.0,1.0
5438,176.0,111.0,1.0
5439,145.0,130.0,1.0
5440,178.0,356.0,1.0
5441,51.0,515.0,1.0
5442,81.0,474.0,1.0
5443,95.0,111.0,1.0
5444,175.0,156.0,1.0
5445,135.0,204.0,1.0
5446,232.0,361.0,1.0
5447,229.0,245.0,1.0
5448,231.0,168.0,1.0
5449,16.0,88.0,1.0
5450,82.0,495.0,1.0
5451,64.0,118.0,1.0
5452,145.0,40.0,1.0
5453,155.0,548.0,1.0
5454,249.0,58.0,1.0
5455,172.0,310.0,1.0
5456,17.0,374.0,1.0
5457,264.0,51.0,1.0
5458,16.0,301.0,1.0
5459,250.0,246.0,1.0
5460,108.0,19.0,1.0
5461,88.0,10.0,1.0
5462,53.0,413.0,1.0
5463,165.0,62.0,1.0
5464,181.0,133.0,1.0
5465,233.0,247.0,1.0
5466,79.0,471.0,1.0
5467,250.0,125.0,1.0
5468,9.0,201.0,1.0
5469,247.0,460.0,1.0
5470,47.0,120.0,1.0
5471,64.0,126.0,1.0
5472,53.0,391.0,1.0
5473,22.0,431.0,1.0
5474,37.0,458.0,1.0
5475,261.0,143.0,1.0
5476,135.0,251.0,1.0
5477,78.0,388.0,1.0
5478,33.0,66.0,1.0
5479,56.0,481.0,1.0
5480,103.0,581.0,1.0
5481,256.0,181.0,1.0
5482,82.0,507.0,1.0
5483,99.0,39.0,1.0
5484,84.0,548.0,1.0
5485,73.0,113.0,1.0
5486,20.0,143.0,1.0
5487,19.0,45.0,1.0
5488,114.0,195.0,1.0
5489,207.0,352.0,1.0
5490,87.0,592.0,1.0
5491,148.0,175.0,1.0
5492,147.0,50.0,1.0
5493,11.0,311.0,1.0
5494,185.0,58.0,1.0
5495,17.0,389.0,1.0
5496,65.0,399.0,1.0
5497,264.0,201.0,1.0
5498,132.0,197.0,1.0
5499,23.0,133.0,1.0
5500,71.0,195.0,1.0
5501,64.0,3.0,1.0
5502,51.0,208.0,1.0
5503,64.0,295.0,1.0
5504,157.0,280.0,1.0
5505,147.0,160.0,1.0
5506,162.0,111.0,1.0
5507,27.0,122.0,1.0
5508,259.0,241.0,1.0
5509,168.0,197.0,1.0
5510,121.0,119.0,1.0
5511,51.0,147.0,1.0
5512,147.0,524.0,1.0
5513,102.0,91.0,1.0
5514,259.0,434.0,1.0
5515,46.0,266.0,1.0
5516,169.0,124.0,1.0
5517,51.0,384.0,1.0
5518,61.0,468.0,1.0
5519,82.0,100.0,1.0
5520,52.0,79.0,1.0
5521,239.0,501.0,1.0
5522,186.0,31.0,1.0
5523,195.0,190.0,1.0
5524,155.0,92.0,1.0
5525,102.0,359.0,1.0
5526,179.0,416.0,1.0
5527,85.0,266.0,1.0
5528,207.0,495.0,1.0
5529,48.0,76.0,1.0
5530,266.0,580.0,1.0
5531,75.0,216.0,1.0
5532,195.0,287.0,1.0
5533,16.0,264.0,1.0
5534,196.0,214.0,1.0
5535,256.0,525.0,1.0
5536,106.0,44.0,1.0
5537,9.0,278.0,1.0
5538,133.0,22.0,1.0
5539,145.0,561.0,1.0
5540,42.0,320.0,1.0
5541,70.0,97.0,1.0
5542,181.0,143.0,1.0
5543,191.0,65.0,1.0
5544,69.0,127.0,1.0
5545,40.0,468.0,1.0
5546,64.0,253.0,1.0
5547,165.0,293.0,1.0
5548,135.0,310.0,1.0
5549,15.0,59.0,1.0
5550,75.0,43.0,1.0
5551,189.0,320.0,1.0
5552,248.0,230.0,1.0
5553,81.0,86.0,1.0
5554,158.0,58.0,1.0
5555,207.0,219.0,1.0
5556,123.0,356.0,1.0
5557,187.0,394.0,1.0
5558,189.0,357.0,1.0
5559,214.0,420.0,1.0
5560,178.0,562.0,1.0
5561,211.0,398.0,1.0
5562,24.0,12.0,1.0
5563,88.0,347.0,1.0
5564,246.0,309.0,1.0
5565,33.0,35.0,1.0
5566,164.0,378.0,1.0
5567,56.0,348.0,1.0
5568,81.0,39.0,1.0
5569,83.0,395.0,1.0
5570,89.0,434.0,1.0
5571,155.0,463.0,1.0
5572,84.0,100.0,1.0
5573,256.0,47.0,1.0
5574,56.0,107.0,1.0
5575,102.0,59.0,1.0
5576,86.0,133.0,1.0
5577,175.0,490.0,1.0
5578,237.0,243.0,1.0
5579,84.0,275.0,1.0
5580,104.0,59.0,1.0
5581,132.0,153.0,1.0
5582,117.0,386.0,1.0
5583,250.0,10.0,1.0
5584,74.0,424.0,1.0
5585,197.0,320.0,1.0
5586,205.0,458.0,1.0
5587,250.0,124.0,1.0
5588,147.0,238.0,1.0
5589,225.0,300.0,1.0
5590,9.0,264.0,1.0
5591,102.0,95.0,1.0
5592,82.0,120.0,1.0
5593,196.0,191.0,1.0
5594,56.0,278.0,1.0
5595,195.0,20.0,1.0
5596,165.0,501.0,1.0
5597,84.0,589.0,1.0
5598,248.0,40.0,1.0
5599,163.0,294.0,1.0
5600,177.0,68.0,1.0
5601,79.0,400.0,1.0
5602,19.0,103.0,1.0
5603,52.0,222.0,1.0
5604,178.0,530.0,1.0
5605,207.0,293.0,1.0
5606,102.0,497.0,1.0
5607,62.0,147.0,1.0
5608,100.0,126.0,1.0
5609,65.0,48.0,1.0
5610,195.0,223.0,1.0
5611,211.0,143.0,1.0
5612,181.0,404.0,1.0
5613,180.0,56.0,1.0
5614,186.0,218.0,1.0
5615,5.0,209.0,1.0
5616,218.0,485.0,1.0
5617,133.0,150.0,1.0
5618,162.0,69.0,1.0
5619,134.0,191.0,1.0
5620,89.0,386.0,1.0
5621,223.0,286.0,1.0
5622,97.0,10.0,1.0
5623,164.0,120.0,1.0
5624,128.0,230.0,1.0
5625,145.0,409.0,1.0
5626,164.0,266.0,1.0
5627,264.0,166.0,1.0
5628,17.0,368.0,1.0
5629,179.0,117.0,1.0
5630,75.0,89.0,1.0
5631,200.0,36.0,1.0
5632,259.0,112.0,1.0
5633,2.0,114.0,1.0
5634,65.0,1.0,1.0
5635,2.0,25.0,1.0
5636,200.0,208.0,1.0
5637,193.0,523.0,1.0
5638,87.0,62.0,1.0
5639,105.0,148.0,1.0
5640,219.0,460.0,1.0
5641,75.0,47.0,1.0
5642,135.0,392.0,1.0
5643,147.0,551.0,1.0
5644,102.0,356.0,1.0
5645,212.0,371.0,1.0
5646,42.0,412.0,1.0
5647,230.0,91.0,1.0
5648,257.0,202.0,1.0
5649,8.0,252.0,1.0
5650,84.0,91.0,1.0
5651,149.0,124.0,1.0
5652,38.0,281.0,1.0
5653,14.0,103.0,1.0
5654,148.0,427.0,1.0
5655,42.0,223.0,1.0
5656,51.0,219.0,1.0
5657,258.0,592.0,1.0
5658,202.0,143.0,1.0
5659,144.0,125.0,1.0
5660,102.0,532.0,1.0
5661,249.0,134.0,1.0
5662,104.0,104.0,1.0
5663,135.0,214.0,1.0
5664,105.0,168.0,1.0
5665,149.0,81.0,1.0
5666,102.0,163.0,1.0
5667,56.0,254.0,1.0
5668,60.0,58.0,1.0
5669,189.0,58.0,1.0
5670,183.0,532.0,1.0
5671,183.0,0.0,1.0
5672,41.0,22.0,1.0
5673,230.0,97.0,1.0
5674,156.0,185.0,1.0
5675,65.0,383.0,1.0
5676,65.0,111.0,1.0
5677,130.0,234.0,1.0
5678,82.0,353.0,1.0
5679,82.0,355.0,1.0
5680,118.0,175.0,1.0
5681,262.0,318.0,1.0
5682,165.0,80.0,1.0
5683,87.0,326.0,1.0
5684,229.0,281.0,1.0
5685,74.0,12.0,1.0
5686,11.0,58.0,1.0
5687,261.0,159.0,1.0
5688,149.0,143.0,1.0
5689,128.0,24.0,1.0
5690,30.0,120.0,1.0
5691,84.0,127.0,1.0
5692,181.0,66.0,1.0
5693,188.0,334.0,1.0
5694,199.0,147.0,1.0
5695,138.0,460.0,1.0
5696,89.0,136.0,1.0
5697,18.0,50.0,1.0
5698,156.0,0.0,1.0
5699,83.0,20.0,1.0
5700,137.0,190.0,1.0
5701,202.0,108.0,1.0
5702,65.0,202.0,1.0
5703,191.0,313.0,1.0
5704,85.0,474.0,1.0
5705,85.0,540.0,1.0
5706,102.0,306.0,1.0
5707,182.0,510.0,1.0
5708,156.0,146.0,1.0
5709,97.0,95.0,1.0
5710,251.0,349.0,1.0
5711,153.0,234.0,1.0
5712,117.0,216.0,1.0
5713,98.0,453.0,1.0
5714,71.0,216.0,1.0
5715,158.0,543.0,1.0
5716,252.0,256.0,1.0
5717,52.0,305.0,1.0
5718,27.0,409.0,1.0
5719,252.0,181.0,1.0
5720,129.0,374.0,1.0
5721,113.0,399.0,1.0
5722,117.0,287.0,1.0
5723,35.0,56.0,1.0
5724,9.0,26.0,1.0
5725,65.0,228.0,1.0
5726,214.0,47.0,1.0
5727,52.0,126.0,1.0
5728,180.0,367.0,1.0
5729,161.0,496.0,1.0
5730,61.0,45.0,1.0
5731,103.0,184.0,1.0
5732,129.0,204.0,1.0
5733,87.0,392.0,1.0
5734,98.0,147.0,1.0
5735,113.0,103.0,1.0
5736,223.0,79.0,1.0
5737,176.0,206.0,1.0
5738,58.0,179.0,1.0
5739,101.0,510.0,1.0
5740,237.0,47.0,1.0
5741,257.0,36.0,1.0
5742,77.0,209.0,1.0
5743,108.0,66.0,1.0
5744,94.0,267.0,1.0
5745,256.0,394.0,1.0
5746,196.0,126.0,1.0
5747,9.0,165.0,1.0
5748,84.0,19.0,1.0
5749,165.0,21.0,1.0
5750,162.0,156.0,1.0
5751,180.0,11.0,1.0
5752,205.0,201.0,1.0
5753,267.0,143.0,1.0
5754,147.0,271.0,1.0
5755,197.0,399.0,1.0
5756,128.0,67.0,1.0
5757,179.0,471.0,1.0
5758,52.0,196.0,1.0
5759,179.0,55.0,1.0
5760,232.0,55.0,1.0
5761,17.0,57.0,1.0
5762,82.0,104.0,1.0
5763,61.0,455.0,1.0
5764,255.0,463.0,1.0
5765,182.0,157.0,1.0
5766,114.0,333.0,1.0
5767,218.0,146.0,1.0
5768,205.0,236.0,1.0
5769,162.0,61.0,1.0
5770,102.0,146.0,1.0
5771,223.0,124.0,1.0
5772,45.0,125.0,1.0
5773,247.0,146.0,1.0
5774,228.0,326.0,1.0
5775,69.0,268.0,1.0
5776,14.0,11.0,1.0
5777,147.0,20.0,1.0
5778,233.0,39.0,1.0
5779,122.0,143.0,1.0
5780,185.0,201.0,1.0
5781,2.0,102.0,1.0
5782,49.0,48.0,1.0
5783,182.0,83.0,1.0
5784,148.0,332.0,1.0
5785,34.0,100.0,1.0
5786,105.0,514.0,1.0
5787,65.0,522.0,1.0
5788,51.0,103.0,1.0
5789,56.0,441.0,1.0
5790,131.0,9.0,1.0
5791,11.0,277.0,1.0
5792,217.0,227.0,1.0
5793,97.0,36.0,1.0
5794,203.0,111.0,1.0
5795,149.0,311.0,1.0
5796,103.0,469.0,1.0
5797,149.0,275.0,1.0
5798,156.0,112.0,1.0
5799,122.0,533.0,1.0
5800,0.0,7.0,1.0
5801,199.0,508.0,1.0
5802,47.0,47.0,1.0
5803,19.0,128.0,1.0
5804,187.0,95.0,1.0
5805,57.0,34.0,1.0
5806,149.0,82.0,1.0
5807,189.0,136.0,1.0
5808,31.0,126.0,1.0
5809,178.0,518.0,1.0
5810,198.0,141.0,1.0
5811,87.0,196.0,1.0
5812,136.0,262.0,1.0
5813,153.0,219.0,1.0
5814,22.0,129.0,1.0
5815,106.0,254.0,1.0
5816,96.0,156.0,1.0
5817,156.0,125.0,1.0
5818,84.0,9.0,1.0
5819,231.0,304.0,1.0
5820,179.0,195.0,1.0
5821,89.0,252.0,1.0
5822,105.0,81.0,1.0
5823,65.0,176.0,1.0
5824,196.0,296.0,1.0
5825,48.0,146.0,1.0
5826,156.0,454.0,1.0
5827,178.0,392.0,1.0
5828,211.0,107.0,1.0
5829,224.0,19.0,1.0
5830,105.0,230.0,1.0
5831,153.0,148.0,1.0
5832,148.0,288.0,1.0
5833,229.0,389.0,1.0
5834,203.0,146.0,1.0
5835,89.0,315.0,1.0
5836,56.0,244.0,1.0
5837,165.0,421.0,1.0
5838,153.0,249.0,1.0
5839,78.0,190.0,1.0
5840,44.0,323.0,1.0
5841,146.0,99.0,1.0
5842,136.0,10.0,1.0
5843,90.0,255.0,1.0
5844,161.0,343.0,1.0
5845,147.0,356.0,1.0
5846,255.0,68.0,1.0
5847,78.0,464.0,1.0
5848,213.0,146.0,1.0
5849,105.0,250.0,1.0
5850,102.0,259.0,1.0
5851,2.0,111.0,1.0
5852,51.0,386.0,1.0
5853,229.0,168.0,1.0
5854,79.0,0.0,1.0
5855,58.0,159.0,1.0
5856,72.0,36.0,1.0
5857,158.0,536.0,1.0
5858,222.0,515.0,1.0
5859,135.0,391.0,1.0
5860,82.0,337.0,1.0
5861,170.0,45.0,1.0
5862,209.0,175.0,1.0
5863,207.0,113.0,1.0
5864,106.0,70.0,1.0
5865,102.0,70.0,1.0
5866,231.0,52.0,1.0
5867,148.0,400.0,1.0
5868,256.0,326.0,1.0
5869,103.0,495.0,1.0
5870,229.0,172.0,1.0
5871,232.0,29.0,1.0
5872,26.0,408.0,1.0
5873,200.0,9.0,1.0
5874,40.0,66.0,1.0
5875,69.0,156.0,1.0
5876,15.0,219.0,1.0
5877,135.0,382.0,1.0
5878,266.0,415.0,1.0
5879,86.0,384.0,1.0
5880,261.0,255.0,1.0
5881,114.0,39.0,1.0
5882,19.0,100.0,1.0
5883,84.0,65.0,1.0
5884,217.0,460.0,1.0
5885,261.0,135.0,1.0
5886,182.0,113.0,1.0
5887,92.0,351.0,1.0
5888,218.0,1.0,1.0
5889,89.0,204.0,1.0
5890,68.0,392.0,1.0
5891,139.0,202.0,1.0
5892,79.0,92.0,1.0
5893,218.0,294.0,1.0
5894,86.0,221.0,1.0
5895,228.0,118.0,1.0
5896,116.0,178.0,1.0
5897,175.0,326.0,1.0
5898,20.0,129.0,1.0
5899,248.0,61.0,1.0
5900,135.0,152.0,1.0
5901,91.0,175.0,1.0
5902,113.0,475.0,1.0
5903,123.0,242.0,1.0
5904,99.0,81.0,1.0
5905,242.0,22.0,1.0
5906,139.0,0.0,1.0
5907,232.0,594.0,1.0
5908,145.0,368.0,1.0
5909,231.0,57.0,1.0
5910,134.0,118.0,1.0
5911,98.0,66.0,1.0
5912,127.0,388.0,1.0
5913,16.0,276.0,1.0
5914,78.0,179.0,1.0
5915,203.0,336.0,1.0
5916,56.0,487.0,1.0
5917,194.0,256.0,1.0
5918,115.0,121.0,1.0
5919,98.0,47.0,1.0
5920,43.0,0.0,1.0
5921,122.0,432.0,1.0
5922,102.0,90.0,1.0
5923,64.0,111.0,1.0
5924,90.0,571.0,1.0
5925,145.0,367.0,1.0
5926,90.0,344.0,1.0
5927,56.0,343.0,1.0
5928,45.0,494.0,1.0
5929,71.0,310.0,1.0
5930,182.0,175.0,1.0
5931,255.0,260.0,1.0
5932,139.0,186.0,1.0
5933,1.0,66.0,1.0
5934,245.0,231.0,1.0
5935,262.0,124.0,1.0
5936,132.0,122.0,1.0
5937,81.0,189.0,1.0
5938,65.0,458.0,1.0
5939,64.0,315.0,1.0
5940,248.0,89.0,1.0
5941,31.0,208.0,1.0
5942,56.0,490.0,1.0
5943,44.0,120.0,1.0
5944,121.0,22.0,1.0
5945,158.0,272.0,1.0
5946,144.0,566.0,1.0
5947,62.0,488.0,1.0
5948,71.0,47.0,1.0
5949,83.0,474.0,1.0
5950,102.0,191.0,1.0
5951,164.0,35.0,1.0
5952,90.0,350.0,1.0
5953,151.0,209.0,1.0
5954,49.0,230.0,1.0
5955,145.0,221.0,1.0
5956,65.0,173.0,1.0
5957,228.0,204.0,1.0
5958,223.0,371.0,1.0
5959,129.0,407.0,1.0
5960,196.0,131.0,1.0
5961,82.0,409.0,1.0
5962,133.0,416.0,1.0
5963,42.0,393.0,1.0
5964,65.0,330.0,1.0
5965,64.0,138.0,1.0
5966,82.0,250.0,1.0
5967,149.0,146.0,1.0
5968,114.0,499.0,1.0
5969,218.0,68.0,1.0
5970,89.0,121.0,1.0
5971,251.0,23.0,1.0
5972,79.0,191.0,1.0
5973,203.0,448.0,1.0
5974,165.0,208.0,1.0
5975,4.0,169.0,1.0
5976,181.0,571.0,1.0
5977,147.0,548.0,1.0
5978,9.0,246.0,1.0
5979,64.0,233.0,1.0
5980,51.0,392.0,1.0
5981,133.0,10.0,1.0
5982,141.0,40.0,1.0
5983,191.0,256.0,1.0
5984,248.0,241.0,1.0
5985,65.0,564.0,1.0
5986,105.0,227.0,1.0
5987,31.0,454.0,1.0
5988,46.0,233.0,1.0
5989,148.0,385.0,1.0
5990,156.0,423.0,1.0
5991,178.0,192.0,1.0
5992,1.0,23.0,1.0
5993,117.0,10.0,1.0
5994,103.0,10.0,1.0
5995,199.0,36.0,1.0
5996,149.0,46.0,1.0
5997,150.0,147.0,1.0
5998,233.0,274.0,1.0
5999,218.0,444.0,1.0
6000,182.0,215.0,1.0
6001,82.0,529.0,1.0
6002,126.0,516.0,1.0
6003,44.0,52.0,1.0
6004,51.0,164.0,1.0
6005,67.0,529.0,1.0
6006,113.0,207.0,1.0
6007,150.0,91.0,1.0
6008,63.0,337.0,1.0
6009,222.0,156.0,1.0
6010,87.0,91.0,1.0
6011,178.0,247.0,1.0
6012,18.0,421.0,1.0
6013,96.0,103.0,1.0
6014,69.0,343.0,1.0
6015,183.0,175.0,1.0
6016,248.0,541.0,1.0
6017,259.0,146.0,1.0
6018,115.0,222.0,1.0
6019,141.0,538.0,1.0
6020,114.0,48.0,1.0
6021,114.0,591.0,1.0
6022,248.0,46.0,1.0
6023,200.0,285.0,1.0
6024,182.0,564.0,1.0
6025,182.0,290.0,1.0
6026,224.0,12.0,1.0
6027,261.0,39.0,1.0
6028,247.0,57.0,1.0
6029,103.0,460.0,1.0
6030,168.0,58.0,1.0
6031,259.0,354.0,1.0
6032,150.0,111.0,1.0
6033,257.0,282.0,1.0
6034,1.0,39.0,1.0
6035,104.0,424.0,1.0
6036,115.0,95.0,1.0
6037,182.0,246.0,1.0
6038,207.0,570.0,1.0
6039,105.0,69.0,1.0
6040,144.0,5.0,1.0
6041,144.0,505.0,1.0
6042,81.0,157.0,1.0
6043,89.0,75.0,1.0
6044,258.0,191.0,1.0
6045,1.0,17.0,1.0
6046,79.0,66.0,1.0
6047,44.0,83.0,1.0
6048,86.0,378.0,1.0
6049,51.0,97.0,1.0
6050,47.0,128.0,1.0
6051,193.0,201.0,1.0
6052,200.0,60.0,1.0
6053,60.0,300.0,1.0
6054,56.0,317.0,1.0
6055,91.0,14.0,1.0
6056,182.0,198.0,1.0
6057,160.0,177.0,1.0
6058,182.0,154.0,1.0
6059,248.0,126.0,1.0
6060,100.0,315.0,1.0
6061,226.0,44.0,1.0
6062,219.0,290.0,1.0
6063,173.0,120.0,1.0
6064,32.0,262.0,1.0
6065,70.0,255.0,1.0
6066,186.0,191.0,1.0
6067,21.0,130.0,1.0
6068,133.0,496.0,1.0
6069,117.0,404.0,1.0
6070,244.0,122.0,1.0
6071,144.0,381.0,1.0
6072,134.0,484.0,1.0
6073,29.0,263.0,1.0
6074,146.0,178.0,1.0
6075,178.0,436.0,1.0
6076,147.0,103.0,1.0
6077,136.0,45.0,1.0
6078,264.0,269.0,1.0
6079,123.0,226.0,1.0
6080,158.0,427.0,1.0
6081,53.0,138.0,1.0
6082,181.0,22.0,1.0
6083,85.0,99.0,1.0
6084,228.0,64.0,1.0
6085,65.0,379.0,1.0
6086,63.0,224.0,1.0
6087,51.0,463.0,1.0
6088,83.0,326.0,1.0
6089,156.0,59.0,1.0
6090,187.0,103.0,1.0
6091,48.0,316.0,1.0
6092,162.0,251.0,1.0
6093,126.0,356.0,1.0
6094,11.0,292.0,1.0
6095,75.0,367.0,1.0
6096,262.0,191.0,1.0
6097,258.0,91.0,1.0
6098,82.0,185.0,1.0
6099,21.0,146.0,1.0
6100,89.0,117.0,1.0
6101,96.0,12.0,1.0
6102,142.0,204.0,1.0
6103,65.0,80.0,1.0
6104,84.0,270.0,1.0
6105,49.0,216.0,1.0
6106,40.0,146.0,1.0
6107,35.0,169.0,1.0
6108,264.0,113.0,1.0
6109,234.0,434.0,1.0
6110,160.0,153.0,1.0
6111,227.0,253.0,1.0
6112,56.0,315.0,1.0
6113,130.0,579.0,1.0
6114,105.0,358.0,1.0
6115,117.0,100.0,1.0
6116,67.0,356.0,1.0
6117,201.0,209.0,1.0
6118,82.0,93.0,1.0
6119,64.0,289.0,1.0
6120,143.0,567.0,1.0
6121,87.0,114.0,1.0
6122,194.0,195.0,1.0
6123,17.0,33.0,1.0
6124,225.0,556.0,1.0
6125,178.0,573.0,1.0
6126,127.0,47.0,1.0
6127,234.0,472.0,1.0
6128,244.0,317.0,1.0
6129,116.0,60.0,1.0
6130,100.0,382.0,1.0
6131,194.0,399.0,1.0
6132,11.0,158.0,1.0
6133,164.0,190.0,1.0
6134,182.0,202.0,1.0
6135,189.0,227.0,1.0
6136,56.0,247.0,1.0
6137,196.0,546.0,1.0
6138,226.0,265.0,1.0
6139,84.0,76.0,1.0
6140,182.0,274.0,1.0
6141,125.0,99.0,1.0
6142,147.0,359.0,1.0
6143,149.0,181.0,1.0
6144,18.0,80.0,1.0
6145,71.0,409.0,1.0
6146,17.0,372.0,1.0
6147,172.0,213.0,1.0
6148,93.0,2.0,1.0
6149,261.0,160.0,1.0
6150,22.0,178.0,1.0
6151,178.0,241.0,1.0
6152,189.0,26.0,1.0
6153,85.0,595.0,1.0
6154,115.0,120.0,1.0
6155,185.0,18.0,1.0
6156,87.0,79.0,1.0
6157,224.0,47.0,1.0
6158,102.0,164.0,1.0
6159,87.0,45.0,1.0
6160,261.0,460.0,1.0
6161,132.0,109.0,1.0
6162,10.0,143.0,1.0
6163,79.0,91.0,1.0
6164,248.0,38.0,1.0
6165,86.0,213.0,1.0
6166,87.0,277.0,1.0
6167,225.0,39.0,1.0
6168,93.0,136.0,1.0
6169,60.0,7.0,1.0
6170,15.0,1.0,1.0
6171,28.0,259.0,1.0
6172,250.0,127.0,1.0
6173,97.0,417.0,1.0
6174,56.0,320.0,1.0
6175,147.0,366.0,1.0
6176,56.0,113.0,1.0
6177,183.0,172.0,1.0
6178,87.0,118.0,1.0
6179,15.0,353.0,1.0
6180,208.0,209.0,1.0
6181,85.0,537.0,1.0
6182,234.0,564.0,1.0
6183,234.0,392.0,1.0
6184,97.0,566.0,1.0
6185,64.0,563.0,1.0
6186,195.0,194.0,1.0
6187,95.0,233.0,1.0
6188,244.0,150.0,1.0
6189,87.0,58.0,1.0
6190,177.0,40.0,1.0
6191,6.0,0.0,1.0
6192,122.0,10.0,1.0
6193,256.0,425.0,1.0
6194,81.0,416.0,1.0
6195,210.0,277.0,1.0
6196,205.0,550.0,1.0
6197,74.0,104.0,1.0
6198,17.0,373.0,1.0
6199,165.0,108.0,1.0
6200,103.0,226.0,1.0
6201,233.0,120.0,1.0
6202,68.0,39.0,1.0
6203,121.0,253.0,1.0
6204,234.0,50.0,1.0
6205,139.0,103.0,1.0
6206,126.0,309.0,1.0
6207,132.0,230.0,1.0
6208,249.0,290.0,1.0
6209,158.0,277.0,1.0
6210,71.0,320.0,1.0
6211,142.0,1.0,1.0
6212,60.0,153.0,1.0
6213,259.0,379.0,1.0
6214,164.0,70.0,1.0
6215,157.0,245.0,1.0
6216,78.0,382.0,1.0
6217,216.0,170.0,1.0
6218,124.0,91.0,1.0
6219,15.0,81.0,1.0
6220,228.0,430.0,1.0
6221,208.0,128.0,1.0
6222,214.0,579.0,1.0
6223,149.0,219.0,1.0
6224,223.0,10.0,1.0
6225,159.0,201.0,1.0
6226,237.0,84.0,1.0
6227,59.0,352.0,1.0
6228,96.0,27.0,1.0
6229,24.0,150.0,1.0
6230,165.0,496.0,1.0
6231,156.0,257.0,1.0
6232,105.0,119.0,1.0
6233,129.0,118.0,1.0
6234,52.0,471.0,1.0
6235,194.0,326.0,1.0
6236,102.0,367.0,1.0
6237,104.0,226.0,1.0
6238,129.0,51.0,1.0
6239,248.0,53.0,1.0
6240,169.0,253.0,1.0
6241,63.0,69.0,1.0
6242,259.0,104.0,1.0
6243,181.0,219.0,1.0
6244,263.0,552.0,1.0
6245,129.0,207.0,1.0
6246,266.0,401.0,1.0
6247,119.0,5.0,1.0
6248,53.0,471.0,1.0
6249,126.0,564.0,1.0
6250,59.0,63.0,1.0
6251,4.0,170.0,1.0
6252,69.0,150.0,1.0
6253,56.0,436.0,1.0
6254,17.0,221.0,1.0
6255,184.0,50.0,1.0
6256,82.0,464.0,1.0
6257,126.0,120.0,1.0
6258,256.0,415.0,1.0
6259,69.0,143.0,1.0
6260,244.0,410.0,1.0
6261,48.0,255.0,1.0
6262,56.0,546.0,1.0
6263,165.0,109.0,1.0
6264,81.0,126.0,1.0
6265,32.0,282.0,1.0
6266,36.0,36.0,1.0
6267,185.0,70.0,1.0
6268,225.0,28.0,1.0
6269,165.0,460.0,1.0
6270,89.0,467.0,1.0
6271,130.0,342.0,1.0
6272,156.0,427.0,1.0
6273,74.0,150.0,1.0
6274,32.0,84.0,1.0
6275,265.0,222.0,1.0
6276,26.0,230.0,1.0
6277,200.0,97.0,1.0
6278,10.0,290.0,1.0
6279,39.0,394.0,1.0
6280,146.0,175.0,1.0
6281,191.0,565.0,1.0
6282,261.0,455.0,1.0
6283,23.0,168.0,1.0
6284,109.0,74.0,1.0
6285,223.0,22.0,1.0
6286,139.0,379.0,1.0
6287,19.0,151.0,1.0
6288,91.0,337.0,1.0
6289,164.0,517.0,1.0
6290,200.0,336.0,1.0
6291,183.0,196.0,1.0
6292,179.0,185.0,1.0
6293,165.0,280.0,1.0
6294,197.0,216.0,1.0
6295,63.0,473.0,1.0
6296,67.0,575.0,1.0
6297,78.0,59.0,1.0
6298,26.0,47.0,1.0
6299,122.0,263.0,1.0
6300,16.0,343.0,1.0
6301,235.0,28.0,1.0
6302,147.0,267.0,1.0
6303,184.0,194.0,1.0
6304,19.0,288.0,1.0
6305,205.0,257.0,1.0
6306,83.0,450.0,1.0
6307,210.0,0.0,1.0
6308,127.0,343.0,1.0
6309,69.0,38.0,1.0
6310,233.0,85.0,1.0
6311,44.0,143.0,1.0
6312,231.0,206.0,1.0
6313,219.0,405.0,1.0
6314,257.0,234.0,1.0
6315,4.0,182.0,1.0
6316,16.0,289.0,1.0
6317,87.0,317.0,1.0
6318,116.0,1.0,1.0
6319,200.0,220.0,1.0
6320,117.0,111.0,1.0
6321,97.0,388.0,1.0
6322,17.0,387.0,1.0
6323,81.0,516.0,1.0
6324,104.0,457.0,1.0
6325,52.0,474.0,1.0
6326,53.0,44.0,1.0
6327,136.0,103.0,1.0
6328,99.0,3.0,1.0
6329,97.0,146.0,1.0
6330,44.0,424.0,1.0
6331,218.0,192.0,1.0
6332,89.0,417.0,1.0
6333,94.0,130.0,1.0
6334,87.0,426.0,1.0
6335,199.0,194.0,1.0
6336,228.0,486.0,1.0
6337,196.0,10.0,1.0
6338,130.0,15.0,1.0
6339,134.0,321.0,1.0
6340,90.0,414.0,1.0
6341,197.0,234.0,1.0
6342,52.0,111.0,1.0
6343,148.0,315.0,1.0
6344,85.0,269.0,1.0
6345,199.0,85.0,1.0
6346,116.0,45.0,1.0
6347,147.0,66.0,1.0
6348,89.0,378.0,1.0
6349,90.0,435.0,1.0
6350,9.0,20.0,1.0
6351,130.0,107.0,1.0
6352,116.0,51.0,1.0
6353,228.0,57.0,1.0
6354,91.0,30.0,1.0
6355,219.0,382.0,1.0
6356,89.0,179.0,1.0
6357,250.0,147.0,1.0
6358,240.0,100.0,1.0
6359,9.0,223.0,1.0
6360,162.0,573.0,1.0
6361,194.0,3.0,1.0
6362,130.0,85.0,1.0
6363,48.0,491.0,1.0
6364,256.0,230.0,1.0
6365,147.0,161.0,1.0
6366,147.0,572.0,1.0
6367,214.0,255.0,1.0
6368,226.0,62.0,1.0
6369,103.0,461.0,1.0
6370,56.0,145.0,1.0
6371,105.0,587.0,1.0
6372,75.0,251.0,1.0
6373,87.0,393.0,1.0
6374,259.0,209.0,1.0
6375,45.0,495.0,1.0
6376,141.0,320.0,1.0
6377,39.0,463.0,1.0
6378,124.0,179.0,1.0
6379,67.0,542.0,1.0
6380,250.0,24.0,1.0
6381,245.0,186.0,1.0
6382,255.0,261.0,1.0
6383,134.0,508.0,1.0
6384,65.0,136.0,1.0
6385,225.0,252.0,1.0
6386,84.0,226.0,1.0
6387,250.0,228.0,1.0
6388,230.0,427.0,1.0
6389,175.0,57.0,1.0
6390,89.0,284.0,1.0
6391,248.0,302.0,1.0
6392,147.0,177.0,1.0
6393,51.0,84.0,1.0
6394,83.0,100.0,1.0
6395,185.0,91.0,1.0
6396,26.0,204.0,1.0
6397,130.0,153.0,1.0
6398,190.0,206.0,1.0
6399,34.0,116.0,1.0
6400,135.0,548.0,1.0
6401,256.0,11.0,1.0
6402,96.0,0.0,1.0
6403,194.0,10.0,1.0
6404,43.0,334.0,1.0
6405,92.0,179.0,1.0
6406,143.0,374.0,1.0
6407,232.0,22.0,1.0
6408,31.0,50.0,1.0
6409,200.0,338.0,1.0
6410,249.0,93.0,1.0
6411,87.0,533.0,1.0
6412,163.0,226.0,1.0
6413,244.0,420.0,1.0
6414,84.0,229.0,1.0
6415,99.0,315.0,1.0
6416,155.0,149.0,1.0
6417,199.0,179.0,1.0
6418,49.0,190.0,1.0
6419,97.0,32.0,1.0
6420,195.0,191.0,1.0
6421,51.0,458.0,1.0
6422,126.0,383.0,1.0
6423,56.0,358.0,1.0
6424,57.0,337.0,1.0
6425,183.0,59.0,1.0
6426,147.0,8.0,1.0
6427,154.0,195.0,1.0
6428,60.0,42.0,1.0
6429,93.0,504.0,1.0
6430,28.0,431.0,1.0
6431,195.0,332.0,1.0
6432,82.0,188.0,1.0
6433,189.0,112.0,1.0
6434,189.0,339.0,1.0
6435,53.0,250.0,1.0
6436,217.0,527.0,1.0
6437,82.0,447.0,1.0
6438,12.0,319.0,1.0
6439,105.0,396.0,1.0
6440,178.0,284.0,1.0
6441,89.0,194.0,1.0
6442,229.0,27.0,1.0
6443,102.0,74.0,1.0
6444,165.0,50.0,1.0
6445,104.0,22.0,1.0
6446,2.0,144.0,1.0
6447,68.0,554.0,1.0
6448,138.0,256.0,1.0
6449,164.0,380.0,1.0
6450,78.0,383.0,1.0
6451,228.0,261.0,1.0
6452,224.0,465.0,1.0
6453,71.0,74.0,1.0
6454,31.0,11.0,1.0
6455,173.0,215.0,1.0
6456,99.0,104.0,1.0
6457,233.0,50.0,1.0
6458,247.0,469.0,1.0
6459,226.0,72.0,1.0
6460,193.0,489.0,1.0
6461,188.0,190.0,1.0
6462,153.0,24.0,1.0
6463,1.0,42.0,1.0
6464,223.0,121.0,1.0
6465,132.0,411.0,1.0
6466,191.0,61.0,1.0
6467,56.0,176.0,1.0
6468,77.0,59.0,1.0
6469,49.0,40.0,1.0
6470,145.0,193.0,1.0
6471,194.0,427.0,1.0
6472,58.0,349.0,1.0
6473,189.0,216.0,1.0
6474,102.0,55.0,1.0
6475,187.0,121.0,1.0
6476,165.0,24.0,1.0
6477,19.0,239.0,1.0
6478,261.0,424.0,1.0
6479,129.0,384.0,1.0
6480,178.0,52.0,1.0
6481,121.0,266.0,1.0
6482,109.0,514.0,1.0
6483,68.0,80.0,1.0
6484,192.0,57.0,1.0
6485,205.0,230.0,1.0
6486,223.0,175.0,1.0
6487,218.0,453.0,1.0
6488,35.0,45.0,1.0
6489,184.0,36.0,1.0
6490,39.0,138.0,1.0
6491,12.0,320.0,1.0
6492,136.0,222.0,1.0
6493,219.0,117.0,1.0
6494,88.0,413.0,1.0
6495,245.0,103.0,1.0
6496,223.0,305.0,1.0
6497,261.0,90.0,1.0
6498,127.0,367.0,1.0
6499,194.0,34.0,1.0
6500,16.0,321.0,1.0
6501,189.0,138.0,1.0
6502,159.0,383.0,1.0
6503,164.0,311.0,1.0
6504,135.0,219.0,1.0
6505,203.0,432.0,1.0
6506,87.0,216.0,1.0
6507,55.0,259.0,1.0
6508,109.0,64.0,1.0
6509,88.0,204.0,1.0
6510,145.0,87.0,1.0
6511,183.0,181.0,1.0
6512,127.0,191.0,1.0
6513,254.0,516.0,1.0
6514,199.0,546.0,1.0
6515,203.0,0.0,1.0
6516,218.0,81.0,1.0
6517,96.0,50.0,1.0
6518,259.0,399.0,1.0
6519,105.0,107.0,1.0
6520,234.0,251.0,1.0
6521,147.0,422.0,1.0
6522,73.0,95.0,1.0
6523,101.0,66.0,1.0
6524,163.0,111.0,1.0
6525,84.0,202.0,1.0
6526,129.0,394.0,1.0
6527,16.0,19.0,1.0
6528,211.0,509.0,1.0
6529,211.0,202.0,1.0
6530,194.0,120.0,1.0
6531,91.0,314.0,1.0
6532,203.0,14.0,1.0
6533,158.0,378.0,1.0
6534,119.0,214.0,1.0
6535,233.0,459.0,1.0
6536,144.0,12.0,1.0
6537,9.0,73.0,1.0
6538,217.0,204.0,1.0
6539,102.0,143.0,1.0
6540,60.0,81.0,1.0
6541,173.0,413.0,1.0
6542,228.0,282.0,1.0
6543,44.0,255.0,1.0
6544,235.0,247.0,1.0
6545,51.0,419.0,1.0
6546,238.0,55.0,1.0
6547,210.0,488.0,1.0
6548,223.0,17.0,1.0
6549,134.0,147.0,1.0
6550,155.0,434.0,1.0
6551,17.0,39.0,1.0
6552,225.0,70.0,1.0
6553,115.0,59.0,1.0
6554,232.0,118.0,1.0
6555,46.0,45.0,1.0
6556,159.0,103.0,1.0
6557,256.0,206.0,1.0
6558,250.0,0.0,1.0
6559,229.0,50.0,1.0
6560,256.0,397.0,1.0
6561,45.0,176.0,1.0
6562,68.0,371.0,1.0
6563,147.0,169.0,1.0
6564,140.0,226.0,1.0
6565,53.0,124.0,1.0
6566,104.0,257.0,1.0
6567,78.0,112.0,1.0
6568,165.0,446.0,1.0
6569,90.0,82.0,1.0
6570,134.0,9.0,1.0
6571,165.0,312.0,1.0
6572,265.0,317.0,1.0
6573,75.0,319.0,1.0
6574,225.0,259.0,1.0
6575,223.0,316.0,1.0
6576,129.0,279.0,1.0
6577,63.0,504.0,1.0
6578,137.0,542.0,1.0
6579,126.0,206.0,1.0
6580,133.0,326.0,1.0
6581,145.0,466.0,1.0
6582,226.0,590.0,1.0
6583,87.0,221.0,1.0
6584,113.0,552.0,1.0
6585,39.0,216.0,1.0
6586,8.0,250.0,1.0
6587,86.0,462.0,1.0
6588,90.0,226.0,1.0
6589,37.0,45.0,1.0
6590,67.0,268.0,1.0
6591,31.0,67.0,1.0
6592,206.0,531.0,1.0
6593,100.0,47.0,1.0
6594,238.0,538.0,1.0
6595,44.0,146.0,1.0
6596,158.0,81.0,1.0
6597,130.0,22.0,1.0
6598,180.0,97.0,1.0
6599,192.0,298.0,1.0
6600,117.0,69.0,1.0
6601,126.0,379.0,1.0
6602,34.0,153.0,1.0
6603,225.0,281.0,1.0
6604,28.0,301.0,1.0
6605,207.0,297.0,1.0
6606,145.0,69.0,1.0
6607,51.0,416.0,1.0
6608,185.0,216.0,1.0
6609,8.0,81.0,1.0
6610,143.0,122.0,1.0
6611,257.0,44.0,1.0
6612,117.0,492.0,1.0
6613,199.0,44.0,1.0
6614,105.0,77.0,1.0
6615,232.0,65.0,1.0
6616,158.0,47.0,1.0
6617,267.0,106.0,1.0
6618,158.0,104.0,1.0
6619,129.0,32.0,1.0
6620,148.0,156.0,1.0
6621,262.0,129.0,1.0
6622,145.0,194.0,1.0
6623,100.0,209.0,1.0
6624,181.0,227.0,1.0
6625,145.0,460.0,1.0
6626,81.0,530.0,1.0
6627,44.0,469.0,1.0
6628,81.0,201.0,1.0
6629,145.0,84.0,1.0
6630,91.0,141.0,1.0
6631,116.0,22.0,1.0
6632,71.0,1.0,1.0
6633,205.0,175.0,1.0
6634,44.0,135.0,1.0
6635,195.0,251.0,1.0
6636,149.0,549.0,1.0
6637,8.0,86.0,1.0
6638,172.0,127.0,1.0
6639,116.0,113.0,1.0
6640,226.0,525.0,1.0
6641,105.0,64.0,1.0
6642,145.0,507.0,1.0
6643,31.0,298.0,1.0
6644,162.0,37.0,1.0
6645,74.0,546.0,1.0
6646,172.0,569.0,1.0
6647,57.0,509.0,1.0
6648,180.0,481.0,1.0
6649,89.0,199.0,1.0
6650,9.0,95.0,1.0
6651,130.0,348.0,1.0
6652,178.0,337.0,1.0
6653,52.0,7.0,1.0
6654,225.0,545.0,1.0
6655,3.0,11.0,1.0
6656,259.0,353.0,1.0
6657,262.0,9.0,1.0
6658,8.0,141.0,1.0
6659,96.0,45.0,1.0
6660,77.0,196.0,1.0
6661,127.0,44.0,1.0
6662,174.0,109.0,1.0
6663,178.0,72.0,1.0
6664,145.0,132.0,1.0
6665,261.0,150.0,1.0
6666,200.0,215.0,1.0
6667,71.0,447.0,1.0
6668,178.0,69.0,1.0
6669,86.0,92.0,1.0
6670,14.0,344.0,1.0
6671,124.0,50.0,1.0
6672,87.0,64.0,1.0
6673,123.0,279.0,1.0
6674,69.0,146.0,1.0
6675,65.0,508.0,1.0
6676,64.0,567.0,1.0
6677,149.0,25.0,1.0
6678,68.0,150.0,1.0
6679,79.0,557.0,1.0
6680,259.0,150.0,1.0
6681,56.0,146.0,1.0
6682,89.0,402.0,1.0
6683,147.0,183.0,1.0
6684,94.0,91.0,1.0
6685,62.0,559.0,1.0
6686,37.0,259.0,1.0
6687,182.0,324.0,1.0
6688,60.0,556.0,1.0
6689,159.0,309.0,1.0
6690,89.0,493.0,1.0
6691,148.0,89.0,1.0
6692,143.0,111.0,1.0
6693,113.0,305.0,1.0
6694,96.0,589.0,1.0
6695,237.0,21.0,1.0
6696,97.0,150.0,1.0
6697,232.0,104.0,1.0
6698,148.0,153.0,1.0
6699,126.0,531.0,1.0
6700,165.0,233.0,1.0
6701,59.0,186.0,1.0
6702,51.0,278.0,1.0
6703,64.0,114.0,1.0
6704,191.0,27.0,1.0
6705,84.0,8.0,1.0
6706,116.0,222.0,1.0
6707,230.0,57.0,1.0
6708,182.0,299.0,1.0
6709,235.0,10.0,1.0
6710,110.0,194.0,1.0
6711,85.0,44.0,1.0
6712,149.0,485.0,1.0
6713,84.0,197.0,1.0
6714,42.0,385.0,1.0
6715,217.0,320.0,1.0
6716,19.0,114.0,1.0
6717,96.0,47.0,1.0
6718,207.0,521.0,1.0
6719,230.0,181.0,1.0
6720,117.0,414.0,1.0
6721,165.0,58.0,1.0
6722,132.0,157.0,1.0
6723,185.0,81.0,1.0
6724,176.0,407.0,1.0
6725,82.0,352.0,1.0
6726,204.0,21.0,1.0
6727,132.0,374.0,1.0
6728,56.0,543.0,1.0
6729,150.0,44.0,1.0
6730,142.0,223.0,1.0
6731,18.0,146.0,1.0
6732,164.0,282.0,1.0
6733,206.0,138.0,1.0
6734,56.0,78.0,1.0
6735,178.0,368.0,1.0
6736,71.0,504.0,1.0
6737,232.0,58.0,1.0
6738,162.0,443.0,1.0
6739,37.0,70.0,1.0
6740,56.0,31.0,1.0
6741,200.0,146.0,1.0
6742,97.0,406.0,1.0
6743,96.0,191.0,1.0
6744,211.0,464.0,1.0
6745,126.0,353.0,1.0
6746,228.0,69.0,1.0
6747,87.0,313.0,1.0
6748,180.0,215.0,1.0
6749,117.0,394.0,1.0
6750,213.0,222.0,1.0
6751,258.0,36.0,1.0
6752,177.0,196.0,1.0
6753,83.0,356.0,1.0
6754,262.0,106.0,1.0
6755,160.0,164.0,1.0
6756,94.0,111.0,1.0
6757,252.0,60.0,1.0
6758,224.0,15.0,1.0
6759,79.0,409.0,1.0
6760,189.0,251.0,1.0
6761,90.0,460.0,1.0
6762,180.0,361.0,1.0
6763,148.0,103.0,1.0
6764,203.0,98.0,1.0
6765,28.0,27.0,1.0
6766,64.0,401.0,1.0
6767,178.0,183.0,1.0
6768,102.0,420.0,1.0
6769,226.0,595.0,1.0
6770,64.0,167.0,1.0
6771,89.0,304.0,1.0
6772,174.0,343.0,1.0
6773,115.0,255.0,1.0
6774,84.0,20.0,1.0
6775,108.0,367.0,1.0
6776,189.0,231.0,1.0
6777,116.0,263.0,1.0
6778,9.0,120.0,1.0
6779,259.0,385.0,1.0
6780,135.0,379.0,1.0
6781,184.0,315.0,1.0
6782,170.0,92.0,1.0
6783,91.0,266.0,1.0
6784,202.0,58.0,1.0
6785,266.0,91.0,1.0
6786,226.0,37.0,1.0
6787,131.0,74.0,1.0
6788,259.0,393.0,1.0
6789,67.0,113.0,1.0
6790,251.0,47.0,1.0
6791,82.0,26.0,1.0
6792,9.0,88.0,1.0
6793,151.0,116.0,1.0
6794,45.0,22.0,1.0
6795,102.0,326.0,1.0
6796,141.0,5.0,1.0
6797,189.0,309.0,1.0
6798,156.0,204.0,1.0
6799,169.0,196.0,1.0
6800,31.0,99.0,1.0
6801,67.0,574.0,1.0
6802,91.0,256.0,1.0
6803,104.0,562.0,1.0
6804,247.0,153.0,1.0
6805,107.0,113.0,1.0
6806,164.0,207.0,1.0
6807,141.0,526.0,1.0
6808,17.0,146.0,1.0
6809,5.0,220.0,1.0
6810,116.0,226.0,1.0
6811,206.0,209.0,1.0
6812,166.0,69.0,1.0
6813,178.0,103.0,1.0
6814,238.0,32.0,1.0
6815,172.0,133.0,1.0
6816,154.0,120.0,1.0
6817,81.0,197.0,1.0
6818,84.0,540.0,1.0
6819,26.0,160.0,1.0
6820,14.0,146.0,1.0
6821,168.0,239.0,1.0
6822,175.0,61.0,1.0
6823,44.0,204.0,1.0
6824,10.0,307.0,1.0
6825,141.0,115.0,1.0
6826,5.0,199.0,1.0
6827,224.0,479.0,1.0
6828,179.0,383.0,1.0
6829,187.0,216.0,1.0
6830,193.0,399.0,1.0
6831,220.0,226.0,1.0
6832,116.0,182.0,1.0
6833,56.0,98.0,1.0
6834,243.0,234.0,1.0
6835,98.0,91.0,1.0
6836,195.0,552.0,1.0
6837,85.0,103.0,1.0
6838,108.0,177.0,1.0
6839,226.0,496.0,1.0
6840,51.0,247.0,1.0
6841,156.0,24.0,1.0
6842,153.0,104.0,1.0
6843,162.0,95.0,1.0
6844,65.0,138.0,1.0
6845,203.0,61.0,1.0
6846,69.0,517.0,1.0
6847,82.0,147.0,1.0
6848,175.0,422.0,1.0
6849,82.0,530.0,1.0
6850,158.0,454.0,1.0
6851,15.0,269.0,1.0
6852,239.0,100.0,1.0
6853,196.0,116.0,1.0
6854,5.0,221.0,1.0
6855,41.0,282.0,1.0
6856,211.0,12.0,1.0
6857,188.0,277.0,1.0
6858,87.0,459.0,1.0
6859,94.0,156.0,1.0
6860,76.0,282.0,1.0
6861,148.0,143.0,1.0
6862,156.0,89.0,1.0
6863,64.0,219.0,1.0
6864,228.0,66.0,1.0
6865,119.0,111.0,1.0
6866,117.0,314.0,1.0
6867,193.0,89.0,1.0
6868,2.0,104.0,1.0
6869,129.0,277.0,1.0
6870,6.0,229.0,1.0
6871,245.0,226.0,1.0
6872,70.0,122.0,1.0
6873,193.0,280.0,1.0
6874,175.0,305.0,1.0
6875,141.0,241.0,1.0
6876,75.0,69.0,1.0
6877,77.0,207.0,1.0
6878,30.0,448.0,1.0
6879,245.0,383.0,1.0
6880,224.0,257.0,1.0
6881,123.0,50.0,1.0
6882,123.0,194.0,1.0
6883,105.0,499.0,1.0
6884,89.0,192.0,1.0
6885,238.0,52.0,1.0
6886,42.0,117.0,1.0
6887,132.0,234.0,1.0
6888,225.0,92.0,1.0
6889,114.0,594.0,1.0
6890,214.0,92.0,1.0
6891,193.0,210.0,1.0
6892,155.0,270.0,1.0
6893,145.0,136.0,1.0
6894,94.0,104.0,1.0
6895,97.0,382.0,1.0
6896,85.0,101.0,1.0
6897,85.0,88.0,1.0
6898,213.0,81.0,1.0
6899,13.0,329.0,1.0
6900,238.0,10.0,1.0
6901,20.0,153.0,1.0
6902,214.0,513.0,1.0
6903,162.0,513.0,1.0
6904,148.0,206.0,1.0
6905,56.0,148.0,1.0
6906,242.0,39.0,1.0
6907,257.0,253.0,1.0
6908,164.0,126.0,1.0
6909,109.0,369.0,1.0
6910,128.0,141.0,1.0
6911,228.0,203.0,1.0
6912,46.0,66.0,1.0
6913,121.0,201.0,1.0
6914,223.0,447.0,1.0
6915,119.0,117.0,1.0
6916,28.0,34.0,1.0
6917,130.0,236.0,1.0
6918,245.0,425.0,1.0
6919,148.0,337.0,1.0
6920,75.0,197.0,1.0
6921,183.0,476.0,1.0
6922,257.0,62.0,1.0
6923,199.0,220.0,1.0
6924,162.0,431.0,1.0
6925,116.0,118.0,1.0
6926,195.0,211.0,1.0
6927,94.0,47.0,1.0
6928,223.0,533.0,1.0
6929,73.0,130.0,1.0
6930,75.0,397.0,1.0
6931,91.0,583.0,1.0
6932,150.0,316.0,1.0
6933,127.0,337.0,1.0
6934,70.0,277.0,1.0
6935,237.0,100.0,1.0
6936,175.0,179.0,1.0
6937,56.0,77.0,1.0
6938,131.0,353.0,1.0
6939,45.0,10.0,1.0
6940,101.0,12.0,1.0
6941,102.0,39.0,1.0
6942,102.0,41.0,1.0
6943,86.0,470.0,1.0
6944,262.0,146.0,1.0
6945,122.0,197.0,1.0
6946,236.0,126.0,1.0
6947,134.0,10.0,1.0
6948,65.0,64.0,1.0
6949,263.0,296.0,1.0
6950,87.0,69.0,1.0
6951,268.0,136.0,1.0
6952,79.0,423.0,1.0
6953,230.0,133.0,1.0
6954,86.0,17.0,1.0
6955,141.0,87.0,1.0
6956,206.0,92.0,1.0
6957,183.0,185.0,1.0
6958,205.0,211.0,1.0
6959,15.0,89.0,1.0
6960,119.0,391.0,1.0
6961,218.0,99.0,1.0
6962,242.0,451.0,1.0
6963,161.0,33.0,1.0
6964,68.0,111.0,1.0
6965,11.0,98.0,1.0
6966,78.0,218.0,1.0
6967,238.0,348.0,1.0
6968,53.0,15.0,1.0
6969,161.0,492.0,1.0
6970,156.0,128.0,1.0
6971,115.0,112.0,1.0
6972,130.0,135.0,1.0
6973,209.0,495.0,1.0
6974,224.0,504.0,1.0
6975,34.0,106.0,1.0
6976,22.0,213.0,1.0
6977,183.0,367.0,1.0
6978,185.0,242.0,1.0
6979,178.0,203.0,1.0
6980,261.0,59.0,1.0
6981,74.0,147.0,1.0
6982,84.0,343.0,1.0
6983,177.0,147.0,1.0
6984,71.0,217.0,1.0
6985,181.0,137.0,1.0
6986,36.0,80.0,1.0
6987,116.0,236.0,1.0
6988,28.0,441.0,1.0
6989,71.0,103.0,1.0
6990,131.0,284.0,1.0
6991,231.0,146.0,1.0
6992,239.0,531.0,1.0
6993,114.0,492.0,1.0
6994,183.0,10.0,1.0
6995,50.0,47.0,1.0
6996,256.0,74.0,1.0
6997,91.0,298.0,1.0
6998,239.0,227.0,1.0
6999,14.0,348.0,1.0
7000,183.0,514.0,1.0
7001,132.0,50.0,1.0
7002,144.0,326.0,1.0
7003,147.0,130.0,1.0
7004,160.0,82.0,1.0
7005,74.0,185.0,1.0
7006,247.0,242.0,1.0
7007,218.0,367.0,1.0
7008,178.0,186.0,1.0
7009,184.0,120.0,1.0
7010,30.0,220.0,1.0
7011,115.0,388.0,1.0
7012,62.0,410.0,1.0
7013,217.0,409.0,1.0
7014,44.0,426.0,1.0
7015,200.0,103.0,1.0
7016,130.0,514.0,1.0
7017,51.0,143.0,1.0
7018,128.0,91.0,1.0
7019,66.0,256.0,1.0
7020,185.0,207.0,1.0
7021,98.0,429.0,1.0
7022,105.0,47.0,1.0
7023,104.0,150.0,1.0
7024,91.0,74.0,1.0
7025,158.0,360.0,1.0
7026,105.0,121.0,1.0
7027,178.0,150.0,1.0
7028,185.0,280.0,1.0
7029,127.0,163.0,1.0
7030,178.0,176.0,1.0
7031,186.0,347.0,1.0
7032,17.0,202.0,1.0
7033,162.0,230.0,1.0
7034,117.0,471.0,1.0
7035,52.0,33.0,1.0
7036,168.0,504.0,1.0
7037,218.0,242.0,1.0
7038,169.0,213.0,1.0
7039,185.0,47.0,1.0
7040,88.0,66.0,1.0
7041,191.0,291.0,1.0
7042,155.0,101.0,1.0
7043,90.0,164.0,1.0
7044,84.0,35.0,1.0
7045,126.0,354.0,1.0
7046,219.0,217.0,1.0
7047,183.0,273.0,1.0
7048,163.0,21.0,1.0
7049,108.0,295.0,1.0
7050,38.0,36.0,1.0
7051,139.0,197.0,1.0
7052,160.0,452.0,1.0
7053,87.0,446.0,1.0
7054,248.0,356.0,1.0
7055,200.0,322.0,1.0
7056,121.0,484.0,1.0
7057,259.0,92.0,1.0
7058,130.0,247.0,1.0
7059,57.0,172.0,1.0
7060,28.0,215.0,1.0
7061,9.0,83.0,1.0
7062,189.0,411.0,1.0
7063,58.0,269.0,1.0
7064,22.0,50.0,1.0
7065,85.0,9.0,1.0
7066,149.0,241.0,1.0
7067,66.0,259.0,1.0
7068,161.0,282.0,1.0
7069,82.0,230.0,1.0
7070,123.0,31.0,1.0
7071,256.0,190.0,1.0
7072,95.0,112.0,1.0
7073,185.0,334.0,1.0
7074,80.0,54.0,1.0
7075,199.0,165.0,1.0
7076,97.0,45.0,1.0
7077,125.0,141.0,1.0
7078,86.0,386.0,1.0
7079,28.0,296.0,1.0
7080,147.0,62.0,1.0
7081,84.0,326.0,1.0
7082,223.0,307.0,1.0
7083,48.0,253.0,1.0
7084,223.0,96.0,1.0
7085,126.0,50.0,1.0
7086,170.0,356.0,1.0
7087,168.0,147.0,1.0
7088,225.0,84.0,1.0
7089,16.0,65.0,1.0
7090,44.0,454.0,1.0
7091,238.0,481.0,1.0
7092,155.0,575.0,1.0
7093,18.0,45.0,1.0
7094,66.0,71.0,1.0
7095,122.0,328.0,1.0
7096,197.0,478.0,1.0
7097,218.0,204.0,1.0
7098,256.0,382.0,1.0
7099,231.0,243.0,1.0
7100,56.0,230.0,1.0
7101,191.0,60.0,1.0
7102,263.0,269.0,1.0
7103,147.0,525.0,1.0
7104,10.0,157.0,1.0
7105,77.0,230.0,1.0
7106,251.0,141.0,1.0
7107,19.0,247.0,1.0
7108,162.0,113.0,1.0
7109,250.0,452.0,1.0
7110,242.0,112.0,1.0
7111,56.0,532.0,1.0
7112,156.0,398.0,1.0
7113,218.0,261.0,1.0
7114,116.0,31.0,1.0
7115,51.0,343.0,1.0
7116,65.0,81.0,1.0
7117,148.0,227.0,1.0
7118,213.0,147.0,1.0
7119,102.0,219.0,1.0
7120,153.0,100.0,1.0
7121,108.0,553.0,1.0
7122,254.0,433.0,1.0
7123,91.0,60.0,1.0
7124,185.0,329.0,1.0
7125,46.0,92.0,1.0
7126,264.0,551.0,1.0
7127,219.0,39.0,1.0
7128,135.0,504.0,1.0
7129,1.0,16.0,1.0
7130,189.0,48.0,1.0
7131,42.0,10.0,1.0
7132,247.0,468.0,1.0
7133,259.0,167.0,1.0
7134,214.0,415.0,1.0
7135,82.0,556.0,1.0
7136,228.0,27.0,1.0
7137,9.0,277.0,1.0
7138,10.0,120.0,1.0
7139,44.0,485.0,1.0
7140,147.0,17.0,1.0
7141,61.0,286.0,1.0
7142,104.0,456.0,1.0
7143,226.0,308.0,1.0
7144,31.0,122.0,1.0
7145,2.0,98.0,1.0
7146,165.0,45.0,1.0
7147,150.0,242.0,1.0
7148,188.0,7.0,1.0
7149,103.0,71.0,1.0
7150,65.0,147.0,1.0
7151,234.0,556.0,1.0
7152,63.0,0.0,1.0
7153,82.0,280.0,1.0
7154,244.0,127.0,1.0
7155,135.0,59.0,1.0
7156,108.0,157.0,1.0
7157,143.0,81.0,1.0
7158,137.0,103.0,1.0
7159,104.0,311.0,1.0
7160,4.0,68.0,1.0
7161,234.0,368.0,1.0
7162,127.0,443.0,1.0
7163,261.0,561.0,1.0
7164,60.0,117.0,1.0
7165,217.0,23.0,1.0
7166,147.0,84.0,1.0
7167,104.0,347.0,1.0
7168,132.0,190.0,1.0
7169,58.0,339.0,1.0
7170,52.0,409.0,1.0
7171,63.0,1.0,1.0
7172,148.0,49.0,1.0
7173,85.0,37.0,1.0
7174,123.0,572.0,1.0
7175,96.0,427.0,1.0
7176,183.0,93.0,1.0
7177,17.0,375.0,1.0
7178,94.0,356.0,1.0
7179,141.0,356.0,1.0
7180,262.0,70.0,1.0
7181,214.0,240.0,1.0
7182,182.0,354.0,1.0
7183,248.0,192.0,1.0
7184,84.0,40.0,1.0
7185,182.0,496.0,1.0
7186,16.0,49.0,1.0
7187,209.0,236.0,1.0
7188,248.0,102.0,1.0
7189,136.0,145.0,1.0
7190,175.0,46.0,1.0
7191,81.0,343.0,1.0
7192,264.0,61.0,1.0
7193,200.0,592.0,1.0
7194,142.0,209.0,1.0
7195,266.0,12.0,1.0
7196,111.0,73.0,1.0
7197,79.0,59.0,1.0
7198,248.0,78.0,1.0
7199,136.0,375.0,1.0
7200,256.0,135.0,1.0
7201,193.0,91.0,1.0
7202,53.0,358.0,1.0
7203,187.0,363.0,1.0
7204,215.0,31.0,1.0
7205,32.0,47.0,1.0
7206,117.0,24.0,1.0
7207,128.0,193.0,1.0
7208,82.0,388.0,1.0
7209,67.0,226.0,1.0
7210,242.0,59.0,1.0
7211,247.0,590.0,1.0
7212,150.0,168.0,1.0
7213,262.0,239.0,1.0
7214,22.0,277.0,1.0
7215,62.0,285.0,1.0
7216,210.0,412.0,1.0
7217,142.0,381.0,1.0
7218,65.0,490.0,1.0
7219,191.0,289.0,1.0
7220,156.0,70.0,1.0
7221,261.0,223.0,1.0
7222,75.0,3.0,1.0
7223,89.0,173.0,1.0
7224,105.0,460.0,1.0
7225,101.0,126.0,1.0
7226,175.0,195.0,1.0
7227,182.0,548.0,1.0
7228,130.0,111.0,1.0
7229,75.0,54.0,1.0
7230,227.0,62.0,1.0
7231,163.0,15.0,1.0
7232,223.0,490.0,1.0
7233,99.0,222.0,1.0
7234,202.0,138.0,1.0
7235,217.0,229.0,1.0
7236,42.0,220.0,1.0
7237,196.0,38.0,1.0
7238,124.0,156.0,1.0
7239,256.0,35.0,1.0
7240,62.0,202.0,1.0
7241,263.0,149.0,1.0
7242,160.0,291.0,1.0
7243,247.0,316.0,1.0
7244,162.0,190.0,1.0
7245,247.0,58.0,1.0
7246,81.0,81.0,1.0
7247,56.0,201.0,1.0
7248,77.0,65.0,1.0
7249,53.0,197.0,1.0
7250,242.0,116.0,1.0
7251,39.0,190.0,1.0
7252,82.0,542.0,1.0
7253,256.0,348.0,1.0
7254,195.0,179.0,1.0
7255,177.0,339.0,1.0
7256,49.0,138.0,1.0
7257,179.0,411.0,1.0
7258,22.0,134.0,1.0
7259,257.0,276.0,1.0
7260,169.0,459.0,1.0
7261,83.0,130.0,1.0
7262,145.0,103.0,1.0
7263,191.0,161.0,1.0
7264,81.0,119.0,1.0
7265,261.0,165.0,1.0
7266,123.0,93.0,1.0
7267,56.0,97.0,1.0
7268,1.0,58.0,1.0
7269,158.0,126.0,1.0
7270,182.0,427.0,1.0
7271,200.0,261.0,1.0
7272,252.0,230.0,1.0
7273,81.0,11.0,1.0
7274,16.0,46.0,1.0
7275,194.0,282.0,1.0
7276,262.0,285.0,1.0
7277,9.0,255.0,1.0
7278,163.0,104.0,1.0
7279,104.0,36.0,1.0
7280,104.0,45.0,1.0
7281,130.0,146.0,1.0
7282,132.0,525.0,1.0
7283,199.0,69.0,1.0
7284,134.0,47.0,1.0
7285,31.0,450.0,1.0
7286,129.0,95.0,1.0
7287,203.0,113.0,1.0
7288,207.0,135.0,1.0
7289,235.0,138.0,1.0
7290,231.0,293.0,1.0
7291,94.0,329.0,1.0
7292,113.0,370.0,1.0
7293,191.0,440.0,1.0
7294,127.0,173.0,1.0
7295,177.0,156.0,1.0
7296,240.0,434.0,1.0
7297,259.0,186.0,1.0
7298,182.0,397.0,1.0
7299,132.0,492.0,1.0
7300,123.0,253.0,1.0
7301,7.0,58.0,1.0
7302,141.0,126.0,1.0
7303,66.0,143.0,1.0
7304,9.0,36.0,1.0
7305,2.0,9.0,1.0
7306,62.0,111.0,1.0
7307,164.0,238.0,1.0
7308,135.0,362.0,1.0
7309,65.0,573.0,1.0
7310,191.0,284.0,1.0
7311,126.0,386.0,1.0
7312,226.0,532.0,1.0
7313,109.0,77.0,1.0
7314,226.0,99.0,1.0
7315,99.0,320.0,1.0
7316,191.0,321.0,1.0
7317,115.0,118.0,1.0
7318,218.0,153.0,1.0
7319,188.0,199.0,1.0
7320,149.0,9.0,1.0
7321,71.0,520.0,1.0
7322,56.0,538.0,1.0
7323,261.0,86.0,1.0
7324,228.0,14.0,1.0
7325,157.0,126.0,1.0
7326,139.0,63.0,1.0
7327,29.0,47.0,1.0
7328,211.0,111.0,1.0
7329,260.0,570.0,1.0
7330,17.0,62.0,1.0
7331,266.0,596.0,1.0
7332,29.0,162.0,1.0
7333,205.0,216.0,1.0
7334,166.0,399.0,1.0
7335,180.0,354.0,1.0
7336,31.0,23.0,1.0
7337,63.0,202.0,1.0
7338,89.0,382.0,1.0
7339,249.0,120.0,1.0
7340,158.0,148.0,1.0
7341,51.0,137.0,1.0
7342,58.0,314.0,1.0
7343,153.0,460.0,1.0
7344,152.0,31.0,1.0
7345,103.0,463.0,1.0
7346,136.0,240.0,1.0
7347,185.0,57.0,1.0
7348,82.0,434.0,1.0
7349,31.0,453.0,1.0
7350,60.0,206.0,1.0
7351,182.0,546.0,1.0
7352,56.0,386.0,1.0
7353,211.0,266.0,1.0
7354,132.0,260.0,1.0
7355,183.0,290.0,1.0
7356,249.0,272.0,1.0
7357,223.0,0.0,1.0
7358,104.0,11.0,1.0
7359,95.0,143.0,1.0
7360,91.0,59.0,1.0
7361,129.0,14.0,1.0
7362,115.0,39.0,1.0
7363,51.0,310.0,1.0
7364,217.0,66.0,1.0
7365,178.0,59.0,1.0
7366,48.0,99.0,1.0
7367,122.0,20.0,1.0
7368,81.0,293.0,1.0
7369,230.0,207.0,1.0
7370,64.0,145.0,1.0
7371,213.0,89.0,1.0
7372,126.0,226.0,1.0
7373,155.0,28.0,1.0
7374,98.0,576.0,1.0
7375,227.0,68.0,1.0
7376,149.0,548.0,1.0
7377,87.0,289.0,1.0
7378,127.0,143.0,1.0
7379,149.0,123.0,1.0
7380,150.0,119.0,1.0
7381,175.0,368.0,1.0
7382,165.0,7.0,1.0
7383,56.0,38.0,1.0
7384,102.0,69.0,1.0
7385,78.0,5.0,1.0
7386,224.0,178.0,1.0
7387,188.0,257.0,1.0
7388,176.0,7.0,1.0
7389,9.0,143.0,1.0
7390,90.0,374.0,1.0
7391,248.0,262.0,1.0
7392,89.0,191.0,1.0
7393,105.0,597.0,1.0
7394,9.0,58.0,1.0
7395,145.0,3.0,1.0
7396,165.0,266.0,1.0
7397,138.0,150.0,1.0
7398,116.0,84.0,1.0
7399,82.0,248.0,1.0
7400,18.0,134.0,1.0
7401,247.0,323.0,1.0
7402,87.0,482.0,1.0
7403,226.0,463.0,1.0
7404,115.0,277.0,1.0
7405,126.0,10.0,1.0
7406,150.0,103.0,1.0
7407,266.0,157.0,1.0
7408,241.0,146.0,1.0
7409,51.0,106.0,1.0
7410,124.0,287.0,1.0
7411,77.0,117.0,1.0
7412,105.0,253.0,1.0
7413,223.0,336.0,1.0
7414,107.0,89.0,1.0
7415,123.0,392.0,1.0
7416,49.0,394.0,1.0
7417,151.0,47.0,1.0
7418,16.0,361.0,1.0
7419,251.0,66.0,1.0
7420,28.0,264.0,1.0
7421,85.0,46.0,1.0
7422,262.0,175.0,1.0
7423,75.0,485.0,1.0
7424,65.0,83.0,1.0
7425,99.0,185.0,1.0
7426,134.0,317.0,1.0
7427,129.0,84.0,1.0
7428,117.0,195.0,1.0
7429,224.0,148.0,1.0
7430,56.0,44.0,1.0
7431,52.0,531.0,1.0
7432,189.0,515.0,1.0
7433,64.0,426.0,1.0
7434,118.0,205.0,1.0
7435,193.0,146.0,1.0
7436,44.0,99.0,1.0
7437,73.0,191.0,1.0
7438,208.0,66.0,1.0
7439,226.0,67.0,1.0
7440,122.0,146.0,1.0
7441,89.0,351.0,1.0
7442,63.0,416.0,1.0
7443,26.0,318.0,1.0
7444,129.0,6.0,1.0
7445,126.0,411.0,1.0
7446,262.0,168.0,1.0
7447,227.0,573.0,1.0
7448,81.0,117.0,1.0
7449,163.0,92.0,1.0
7450,138.0,11.0,1.0
7451,87.0,252.0,1.0
7452,179.0,191.0,1.0
7453,109.0,19.0,1.0
7454,259.0,38.0,1.0
7455,155.0,274.0,1.0
7456,67.0,196.0,1.0
7457,155.0,423.0,1.0
7458,107.0,262.0,1.0
7459,39.0,464.0,1.0
7460,113.0,578.0,1.0
7461,210.0,423.0,1.0
7462,49.0,116.0,1.0
7463,117.0,95.0,1.0
7464,158.0,223.0,1.0
7465,205.0,256.0,1.0
7466,146.0,113.0,1.0
7467,57.0,74.0,1.0
7468,199.0,321.0,1.0
7469,110.0,242.0,1.0
7470,214.0,384.0,1.0
7471,159.0,131.0,1.0
7472,82.0,406.0,1.0
7473,207.0,513.0,1.0
7474,105.0,124.0,1.0
7475,65.0,87.0,1.0
7476,74.0,135.0,1.0
7477,226.0,594.0,1.0
7478,65.0,252.0,1.0
7479,90.0,485.0,1.0
7480,197.0,192.0,1.0
7481,108.0,27.0,1.0
7482,262.0,277.0,1.0
7483,132.0,438.0,1.0
7484,22.0,295.0,1.0
7485,85.0,345.0,1.0
7486,53.0,382.0,1.0
7487,263.0,440.0,1.0
7488,145.0,202.0,1.0
7489,79.0,112.0,1.0
7490,102.0,500.0,1.0
7491,203.0,63.0,1.0
7492,56.0,496.0,1.0
7493,107.0,246.0,1.0
7494,223.0,405.0,1.0
7495,35.0,444.0,1.0
7496,106.0,144.0,1.0
7497,165.0,125.0,1.0
7498,218.0,8.0,1.0
7499,116.0,247.0,1.0
7500,189.0,331.0,1.0
7501,13.0,20.0,1.0
7502,180.0,327.0,1.0
7503,144.0,189.0,1.0
7504,227.0,245.0,1.0
7505,178.0,104.0,1.0
7506,200.0,289.0,1.0
7507,165.0,420.0,1.0
7508,146.0,309.0,1.0
7509,136.0,418.0,1.0
7510,236.0,243.0,1.0
7511,226.0,36.0,1.0
7512,49.0,105.0,1.0
7513,62.0,36.0,1.0
7514,136.0,137.0,1.0
7515,49.0,351.0,1.0
7516,26.0,45.0,1.0
7517,8.0,74.0,1.0
7518,153.0,505.0,1.0
7519,64.0,191.0,1.0
7520,150.0,273.0,1.0
7521,197.0,66.0,1.0
7522,64.0,47.0,1.0
7523,115.0,400.0,1.0
7524,44.0,326.0,1.0
7525,165.0,134.0,1.0
7526,94.0,35.0,1.0
7527,47.0,239.0,1.0
7528,141.0,36.0,1.0
7529,157.0,111.0,1.0
7530,128.0,116.0,1.0
7531,117.0,451.0,1.0
7532,135.0,232.0,1.0
7533,258.0,92.0,1.0
7534,78.0,309.0,1.0
7535,136.0,111.0,1.0
7536,248.0,440.0,1.0
7537,163.0,36.0,1.0
7538,117.0,385.0,1.0
7539,146.0,225.0,1.0
7540,200.0,85.0,1.0
7541,169.0,147.0,1.0
7542,90.0,40.0,1.0
7543,82.0,231.0,1.0
7544,52.0,112.0,1.0
7545,81.0,135.0,1.0
7546,73.0,381.0,1.0
7547,57.0,107.0,1.0
7548,135.0,89.0,1.0
7549,75.0,510.0,1.0
7550,248.0,54.0,1.0
7551,102.0,270.0,1.0
7552,189.0,391.0,1.0
7553,203.0,179.0,1.0
7554,224.0,325.0,1.0
7555,127.0,84.0,1.0
7556,200.0,6.0,1.0
7557,73.0,309.0,1.0
7558,141.0,226.0,1.0
7559,87.0,20.0,1.0
7560,44.0,488.0,1.0
7561,78.0,230.0,1.0
7562,48.0,64.0,1.0
7563,81.0,51.0,1.0
7564,259.0,391.0,1.0
7565,85.0,241.0,1.0
7566,70.0,103.0,1.0
7567,94.0,420.0,1.0
7568,230.0,574.0,1.0
7569,203.0,114.0,1.0
7570,87.0,438.0,1.0
7571,185.0,22.0,1.0
7572,67.0,382.0,1.0
7573,175.0,578.0,1.0
7574,195.0,77.0,1.0
7575,145.0,485.0,1.0
7576,49.0,383.0,1.0
7577,136.0,509.0,1.0
7578,17.0,206.0,1.0
7579,223.0,213.0,1.0
7580,183.0,484.0,1.0
7581,87.0,507.0,1.0
7582,182.0,144.0,1.0
7583,5.0,201.0,1.0
7584,160.0,315.0,1.0
7585,98.0,456.0,1.0
7586,114.0,340.0,1.0
7587,149.0,215.0,1.0
7588,117.0,48.0,1.0
7589,129.0,190.0,1.0
7590,141.0,480.0,1.0
7591,73.0,432.0,1.0
7592,74.0,201.0,1.0
7593,0.0,4.0,1.0
7594,223.0,267.0,1.0
7595,82.0,66.0,1.0
7596,126.0,81.0,1.0
7597,206.0,382.0,1.0
7598,1.0,69.0,1.0
7599,187.0,534.0,1.0
7600,67.0,81.0,1.0
7601,96.0,327.0,1.0
7602,185.0,154.0,1.0
7603,69.0,516.0,1.0
7604,37.0,61.0,1.0
7605,243.0,388.0,1.0
7606,148.0,22.0,1.0
7607,29.0,97.0,1.0
7608,152.0,296.0,1.0
7609,219.0,91.0,1.0
7610,262.0,390.0,1.0
7611,213.0,59.0,1.0
7612,219.0,49.0,1.0
7613,226.0,18.0,1.0
7614,106.0,457.0,1.0
7615,79.0,284.0,1.0
7616,12.0,66.0,1.0
7617,193.0,104.0,1.0
7618,147.0,301.0,1.0
7619,188.0,384.0,1.0
7620,207.0,81.0,1.0
7621,236.0,10.0,1.0
7622,97.0,221.0,1.0
7623,102.0,133.0,1.0
7624,65.0,356.0,1.0
7625,81.0,3.0,1.0
7626,227.0,510.0,1.0
7627,226.0,540.0,1.0
7628,114.0,156.0,1.0
7629,231.0,369.0,1.0
7630,55.0,104.0,1.0
7631,89.0,400.0,1.0
7632,116.0,580.0,1.0
7633,257.0,574.0,1.0
7634,84.0,201.0,1.0
7635,69.0,195.0,1.0
7636,90.0,437.0,1.0
7637,245.0,224.0,1.0
7638,106.0,69.0,1.0
7639,193.0,97.0,1.0
7640,145.0,360.0,1.0
7641,239.0,66.0,1.0
7642,82.0,490.0,1.0
7643,39.0,202.0,1.0
7644,87.0,131.0,1.0
7645,102.0,63.0,1.0
7646,147.0,225.0,1.0
7647,95.0,120.0,1.0
7648,99.0,385.0,1.0
7649,104.0,143.0,1.0
7650,130.0,350.0,1.0
7651,223.0,5.0,1.0
7652,120.0,10.0,1.0
7653,89.0,202.0,1.0
7654,33.0,84.0,1.0
7655,103.0,72.0,1.0
7656,248.0,497.0,1.0
7657,178.0,120.0,1.0
7658,106.0,59.0,1.0
7659,235.0,104.0,1.0
7660,53.0,233.0,1.0
7661,163.0,23.0,1.0
7662,102.0,214.0,1.0
7663,162.0,141.0,1.0
7664,153.0,245.0,1.0
7665,105.0,252.0,1.0
7666,131.0,424.0,1.0
7667,139.0,224.0,1.0
7668,175.0,408.0,1.0
7669,182.0,455.0,1.0
7670,128.0,150.0,1.0
7671,159.0,503.0,1.0
7672,255.0,283.0,1.0
7673,86.0,0.0,1.0
7674,1.0,30.0,1.0
7675,44.0,50.0,1.0
7676,91.0,333.0,1.0
7677,64.0,561.0,1.0
7678,114.0,40.0,1.0
7679,102.0,47.0,1.0
7680,149.0,89.0,1.0
7681,227.0,513.0,1.0
7682,13.0,46.0,1.0
7683,116.0,34.0,1.0
7684,165.0,121.0,1.0
7685,2.0,58.0,1.0
7686,170.0,570.0,1.0
7687,130.0,554.0,1.0
7688,102.0,160.0,1.0
7689,1.0,76.0,1.0
7690,203.0,128.0,1.0
7691,268.0,150.0,1.0
7692,207.0,483.0,1.0
7693,39.0,217.0,1.0
7694,228.0,70.0,1.0
7695,78.0,70.0,1.0
7696,241.0,427.0,1.0
7697,145.0,44.0,1.0
7698,183.0,47.0,1.0
7699,177.0,39.0,1.0
7700,115.0,408.0,1.0
7701,104.0,294.0,1.0
7702,97.0,420.0,1.0
7703,67.0,375.0,1.0
7704,242.0,103.0,1.0
7705,104.0,58.0,1.0
7706,96.0,474.0,1.0
7707,98.0,527.0,1.0
7708,49.0,36.0,1.0
7709,139.0,222.0,1.0
7710,44.0,307.0,1.0
7711,64.0,104.0,1.0
7712,228.0,130.0,1.0
7713,62.0,337.0,1.0
7714,78.0,352.0,1.0
7715,168.0,45.0,1.0
7716,211.0,325.0,1.0
7717,168.0,138.0,1.0
7718,257.0,92.0,1.0
7719,53.0,39.0,1.0
7720,84.0,161.0,1.0
7721,181.0,398.0,1.0
7722,91.0,411.0,1.0
7723,4.0,180.0,1.0
7724,62.0,225.0,1.0
7725,183.0,190.0,1.0
7726,82.0,31.0,1.0
7727,228.0,337.0,1.0
7728,136.0,92.0,1.0
7729,69.0,34.0,1.0
7730,178.0,7.0,1.0
7731,42.0,148.0,1.0
7732,248.0,499.0,1.0
7733,203.0,209.0,1.0
7734,29.0,13.0,1.0
7735,78.0,31.0,1.0
7736,90.0,351.0,1.0
7737,67.0,147.0,1.0
7738,75.0,194.0,1.0
7739,66.0,9.0,1.0
7740,139.0,5.0,1.0
7741,84.0,111.0,1.0
7742,53.0,355.0,1.0
7743,188.0,241.0,1.0
7744,16.0,225.0,1.0
7745,97.0,368.0,1.0
7746,89.0,3.0,1.0
7747,94.0,230.0,1.0
7748,261.0,44.0,1.0
7749,121.0,97.0,1.0
7750,10.0,241.0,1.0
7751,186.0,10.0,1.0
7752,248.0,35.0,1.0
7753,1.0,61.0,1.0
7754,28.0,300.0,1.0
7755,71.0,327.0,1.0
7756,203.0,70.0,1.0
7757,39.0,224.0,1.0
7758,94.0,223.0,1.0
7759,81.0,195.0,1.0
7760,53.0,226.0,1.0
7761,130.0,109.0,1.0
7762,87.0,183.0,1.0
7763,233.0,430.0,1.0
7764,132.0,199.0,1.0
7765,122.0,299.0,1.0
7766,90.0,22.0,1.0
7767,261.0,251.0,1.0
7768,108.0,410.0,1.0
7769,164.0,161.0,1.0
7770,208.0,17.0,1.0
7771,189.0,157.0,1.0
7772,238.0,214.0,1.0
7773,268.0,152.0,1.0
7774,127.0,576.0,1.0
7775,69.0,103.0,1.0
7776,154.0,553.0,1.0
7777,100.0,112.0,1.0
7778,72.0,47.0,1.0
7779,37.0,157.0,1.0
7780,87.0,261.0,1.0
7781,84.0,50.0,1.0
7782,223.0,173.0,1.0
7783,42.0,219.0,1.0
7784,16.0,247.0,1.0
7785,127.0,48.0,1.0
7786,164.0,426.0,1.0
7787,248.0,259.0,1.0
7788,81.0,319.0,1.0
7789,156.0,47.0,1.0
7790,78.0,89.0,1.0
7791,129.0,44.0,1.0
7792,67.0,362.0,1.0
7793,202.0,136.0,1.0
7794,87.0,39.0,1.0
7795,17.0,12.0,1.0
7796,52.0,120.0,1.0
7797,168.0,12.0,1.0
7798,87.0,158.0,1.0
7799,24.0,196.0,1.0
7800,126.0,437.0,1.0
7801,64.0,302.0,1.0
7802,9.0,54.0,1.0
7803,98.0,501.0,1.0
7804,79.0,117.0,1.0
7805,25.0,27.0,1.0
7806,39.0,413.0,1.0
7807,162.0,173.0,1.0
7808,126.0,62.0,1.0
7809,200.0,253.0,1.0
7810,180.0,326.0,1.0
7811,52.0,280.0,1.0
7812,145.0,91.0,1.0
7813,133.0,315.0,1.0
7814,0.0,6.0,1.0
7815,65.0,182.0,1.0
7816,44.0,11.0,1.0
7817,17.0,310.0,1.0
7818,47.0,110.0,1.0
7819,239.0,400.0,1.0
7820,122.0,332.0,1.0
7821,178.0,196.0,1.0
7822,156.0,413.0,1.0
7823,65.0,497.0,1.0
7824,188.0,429.0,1.0
7825,51.0,71.0,1.0
7826,11.0,312.0,1.0
7827,156.0,136.0,1.0
7828,90.0,266.0,1.0
7829,82.0,320.0,1.0
7830,200.0,258.0,1.0
7831,87.0,190.0,1.0
7832,11.0,9.0,1.0
7833,185.0,388.0,1.0
7834,124.0,204.0,1.0
7835,11.0,28.0,1.0
7836,147.0,236.0,1.0
7837,177.0,241.0,1.0
7838,178.0,377.0,1.0
7839,158.0,408.0,1.0
7840,257.0,49.0,1.0
7841,56.0,220.0,1.0
7842,182.0,224.0,1.0
7843,228.0,330.0,1.0
7844,88.0,81.0,1.0
7845,118.0,310.0,1.0
7846,74.0,368.0,1.0
7847,66.0,559.0,1.0
7848,178.0,249.0,1.0
7849,8.0,11.0,1.0
7850,69.0,512.0,1.0
7851,97.0,122.0,1.0
7852,189.0,482.0,1.0
7853,103.0,157.0,1.0
7854,191.0,459.0,1.0
7855,135.0,525.0,1.0
7856,219.0,399.0,1.0
7857,113.0,66.0,1.0
7858,105.0,10.0,1.0
7859,255.0,59.0,1.0
7860,122.0,309.0,1.0
7861,75.0,85.0,1.0
7862,205.0,54.0,1.0
7863,69.0,384.0,1.0
7864,113.0,269.0,1.0
7865,65.0,568.0,1.0
7866,210.0,557.0,1.0
7867,235.0,65.0,1.0
7868,256.0,150.0,1.0
7869,182.0,100.0,1.0
7870,150.0,216.0,1.0
7871,79.0,386.0,1.0
7872,238.0,433.0,1.0
7873,117.0,475.0,1.0
7874,199.0,130.0,1.0
7875,9.0,215.0,1.0
7876,9.0,1.0,1.0
7877,184.0,338.0,1.0
7878,207.0,360.0,1.0
7879,240.0,21.0,1.0
7880,89.0,0.0,1.0
7881,17.0,24.0,1.0
7882,63.0,219.0,1.0
7883,53.0,412.0,1.0
7884,170.0,374.0,1.0
7885,26.0,252.0,1.0
7886,196.0,89.0,1.0
7887,75.0,104.0,1.0
7888,252.0,89.0,1.0
7889,22.0,209.0,1.0
7890,189.0,150.0,1.0
7891,261.0,92.0,1.0
7892,261.0,252.0,1.0
7893,182.0,561.0,1.0
7894,130.0,161.0,1.0
7895,130.0,320.0,1.0
7896,144.0,587.0,1.0
7897,13.0,180.0,1.0
7898,88.0,414.0,1.0
7899,17.0,416.0,1.0
7900,185.0,24.0,1.0
7901,22.0,288.0,1.0
7902,229.0,160.0,1.0
7903,128.0,276.0,1.0
7904,90.0,3.0,1.0
7905,56.0,122.0,1.0
7906,74.0,395.0,1.0
7907,117.0,138.0,1.0
7908,101.0,133.0,1.0
7909,72.0,208.0,1.0
7910,183.0,118.0,1.0
7911,205.0,67.0,1.0
7912,134.0,143.0,1.0
7913,164.0,1.0,1.0
7914,147.0,442.0,1.0
7915,195.0,487.0,1.0
7916,168.0,474.0,1.0
7917,52.0,464.0,1.0
7918,141.0,20.0,1.0
7919,129.0,48.0,1.0
7920,8.0,245.0,1.0
7921,217.0,36.0,1.0
7922,145.0,62.0,1.0
7923,97.0,201.0,1.0
7924,138.0,221.0,1.0
7925,262.0,590.0,1.0
7926,223.0,440.0,1.0
7927,229.0,104.0,1.0
7928,119.0,205.0,1.0
7929,45.0,343.0,1.0
7930,16.0,269.0,1.0
7931,167.0,455.0,1.0
7932,193.0,253.0,1.0
7933,75.0,400.0,1.0
7934,105.0,145.0,1.0
7935,229.0,0.0,1.0
7936,74.0,234.0,1.0
7937,153.0,26.0,1.0
7938,262.0,52.0,1.0
7939,63.0,379.0,1.0
7940,261.0,9.0,1.0
7941,79.0,81.0,1.0
7942,165.0,489.0,1.0
7943,212.0,378.0,1.0
7944,209.0,208.0,1.0
7945,138.0,146.0,1.0
7946,104.0,337.0,1.0
7947,124.0,66.0,1.0
7948,143.0,12.0,1.0
7949,199.0,177.0,1.0
7950,105.0,238.0,1.0
7951,116.0,367.0,1.0
7952,160.0,351.0,1.0
7953,178.0,569.0,1.0
7954,49.0,100.0,1.0
7955,82.0,533.0,1.0
7956,74.0,127.0,1.0
7957,69.0,216.0,1.0
7958,178.0,96.0,1.0
7959,255.0,327.0,1.0
7960,5.0,190.0,1.0
7961,175.0,294.0,1.0
7962,103.0,374.0,1.0
7963,218.0,303.0,1.0
7964,192.0,332.0,1.0
7965,100.0,136.0,1.0
7966,21.0,424.0,1.0
7967,268.0,9.0,1.0
7968,7.0,36.0,1.0
7969,209.0,387.0,1.0
7970,107.0,92.0,1.0
7971,2.0,119.0,1.0
7972,78.0,92.0,1.0
7973,116.0,243.0,1.0
7974,200.0,342.0,1.0
7975,92.0,147.0,1.0
7976,109.0,89.0,1.0
7977,84.0,254.0,1.0
7978,98.0,434.0,1.0
7979,154.0,251.0,1.0
7980,104.0,9.0,1.0
7981,48.0,259.0,1.0
7982,51.0,33.0,1.0
7983,244.0,92.0,1.0
7984,158.0,50.0,1.0
7985,58.0,430.0,1.0
7986,30.0,47.0,1.0
7987,222.0,220.0,1.0
7988,94.0,22.0,1.0
7989,182.0,395.0,1.0
7990,130.0,481.0,1.0
7991,155.0,87.0,1.0
7992,22.0,427.0,1.0
7993,25.0,397.0,1.0
7994,239.0,197.0,1.0
7995,240.0,106.0,1.0
7996,71.0,460.0,1.0
7997,37.0,66.0,1.0
7998,58.0,150.0,1.0
7999,69.0,378.0,1.0
8000,27.0,103.0,1.0
8001,226.0,28.0,1.0
8002,90.0,150.0,1.0
8003,64.0,10.0,1.0
8004,84.0,493.0,1.0
8005,205.0,81.0,1.0
8006,179.0,310.0,1.0
8007,156.0,356.0,1.0
8008,102.0,154.0,1.0
8009,19.0,167.0,1.0
8010,113.0,50.0,1.0
8011,117.0,116.0,1.0
8012,17.0,207.0,1.0
8013,189.0,108.0,1.0
8014,148.0,57.0,1.0
8015,56.0,413.0,1.0
8016,225.0,577.0,1.0
8017,223.0,530.0,1.0
8018,180.0,287.0,1.0
8019,182.0,35.0,1.0
8020,84.0,214.0,1.0
8021,191.0,9.0,1.0
8022,82.0,358.0,1.0
8023,145.0,32.0,1.0
8024,255.0,340.0,1.0
8025,89.0,203.0,1.0
8026,106.0,233.0,1.0
8027,81.0,151.0,1.0
8028,203.0,95.0,1.0
8029,127.0,591.0,1.0
8030,177.0,143.0,1.0
8031,128.0,458.0,1.0
8032,121.0,331.0,1.0
8033,173.0,80.0,1.0
8034,1.0,59.0,1.0
8035,52.0,218.0,1.0
8036,136.0,357.0,1.0
8037,17.0,290.0,1.0
8038,114.0,263.0,1.0
8039,239.0,571.0,1.0
8040,17.0,414.0,1.0
8041,135.0,26.0,1.0
8042,114.0,10.0,1.0
8043,153.0,12.0,1.0
8044,82.0,8.0,1.0
8045,145.0,59.0,1.0
8046,136.0,433.0,1.0
8047,45.0,325.0,1.0
8048,100.0,104.0,1.0
8049,116.0,48.0,1.0
8050,218.0,172.0,1.0
8051,247.0,341.0,1.0
8052,178.0,214.0,1.0
8053,71.0,376.0,1.0
8054,82.0,386.0,1.0
8055,87.0,116.0,1.0
8056,84.0,359.0,1.0
8057,148.0,111.0,1.0
8058,117.0,258.0,1.0
8059,223.0,153.0,1.0
8060,51.0,154.0,1.0
8061,117.0,86.0,1.0
8062,127.0,308.0,1.0
8063,90.0,124.0,1.0
8064,200.0,32.0,1.0
8065,82.0,177.0,1.0
8066,145.0,145.0,1.0
8067,204.0,485.0,1.0
8068,87.0,304.0,1.0
8069,229.0,410.0,1.0
8070,91.0,265.0,1.0
8071,232.0,265.0,1.0
8072,2.0,93.0,1.0
8073,178.0,529.0,1.0
8074,2.0,115.0,1.0
8075,87.0,374.0,1.0
8076,65.0,467.0,1.0
8077,117.0,202.0,1.0
8078,207.0,11.0,1.0
8079,168.0,218.0,1.0
8080,201.0,207.0,1.0
8081,200.0,87.0,1.0
8082,226.0,230.0,1.0
8083,62.0,480.0,1.0
8084,101.0,47.0,1.0
8085,216.0,327.0,1.0
8086,122.0,337.0,1.0
8087,128.0,179.0,1.0
8088,200.0,578.0,1.0
8089,65.0,407.0,1.0
8090,248.0,122.0,1.0
8091,65.0,388.0,1.0
8092,20.0,15.0,1.0
8093,225.0,143.0,1.0
8094,132.0,530.0,1.0
8095,234.0,464.0,1.0
8096,9.0,283.0,1.0
8097,213.0,411.0,1.0
8098,16.0,259.0,1.0
8099,87.0,358.0,1.0
8100,87.0,201.0,1.0
8101,189.0,420.0,1.0
8102,116.0,2.0,1.0
8103,173.0,462.0,1.0
8104,65.0,337.0,1.0
8105,25.0,61.0,1.0
8106,82.0,566.0,1.0
8107,258.0,243.0,1.0
8108,82.0,111.0,1.0
8109,164.0,180.0,1.0
8110,83.0,160.0,1.0
8111,223.0,169.0,1.0
8112,121.0,351.0,1.0
8113,264.0,313.0,1.0
8114,191.0,106.0,1.0
8115,37.0,242.0,1.0
8116,208.0,218.0,1.0
8117,147.0,207.0,1.0
8118,10.0,228.0,1.0
8119,78.0,338.0,1.0
8120,130.0,254.0,1.0
8121,60.0,365.0,1.0
8122,117.0,130.0,1.0
8123,200.0,77.0,1.0
8124,211.0,286.0,1.0
8125,136.0,311.0,1.0
8126,86.0,146.0,1.0
8127,89.0,338.0,1.0
8128,27.0,59.0,1.0
8129,234.0,39.0,1.0
8130,90.0,77.0,1.0
8131,45.0,107.0,1.0
8132,182.0,365.0,1.0
8133,102.0,591.0,1.0
8134,89.0,379.0,1.0
8135,28.0,35.0,1.0
8136,256.0,352.0,1.0
8137,31.0,350.0,1.0
8138,93.0,45.0,1.0
8139,228.0,201.0,1.0
8140,85.0,511.0,1.0
8141,71.0,416.0,1.0
8142,104.0,115.0,1.0
8143,127.0,247.0,1.0
8144,207.0,514.0,1.0
8145,52.0,185.0,1.0
8146,168.0,104.0,1.0
8147,102.0,244.0,1.0
8148,153.0,204.0,1.0
8149,90.0,49.0,1.0
8150,252.0,36.0,1.0
8151,88.0,7.0,1.0
8152,169.0,100.0,1.0
8153,233.0,594.0,1.0
8154,141.0,120.0,1.0
8155,85.0,426.0,1.0
8156,250.0,434.0,1.0
8157,211.0,189.0,1.0
8158,102.0,17.0,1.0
8159,82.0,413.0,1.0
8160,149.0,317.0,1.0
8161,21.0,106.0,1.0
8162,20.0,250.0,1.0
8163,243.0,148.0,1.0
8164,234.0,38.0,1.0
8165,52.0,456.0,1.0
8166,85.0,591.0,1.0
8167,130.0,387.0,1.0
8168,84.0,219.0,1.0
8169,178.0,124.0,1.0
8170,89.0,310.0,1.0
8171,150.0,192.0,1.0
8172,238.0,452.0,1.0
8173,104.0,69.0,1.0
8174,189.0,205.0,1.0
8175,133.0,40.0,1.0
8176,217.0,310.0,1.0
8177,119.0,337.0,1.0
8178,128.0,320.0,1.0
8179,116.0,419.0,1.0
8180,102.0,30.0,1.0
8181,16.0,120.0,1.0
8182,79.0,222.0,1.0
8183,131.0,103.0,1.0
8184,84.0,215.0,1.0
8185,7.0,130.0,1.0
8186,115.0,498.0,1.0
8187,9.0,258.0,1.0
8188,189.0,374.0,1.0
8189,264.0,2.0,1.0
8190,147.0,343.0,1.0
8191,53.0,375.0,1.0
8192,63.0,231.0,1.0
8193,16.0,255.0,1.0
8194,91.0,28.0,1.0
8195,13.0,338.0,1.0
8196,145.0,412.0,1.0
8197,115.0,413.0,1.0
8198,42.0,24.0,1.0
8199,5.0,197.0,1.0
8200,112.0,120.0,1.0
8201,72.0,482.0,1.0
8202,189.0,398.0,1.0
8203,26.0,436.0,1.0
8204,106.0,237.0,1.0
8205,123.0,427.0,1.0
8206,138.0,57.0,1.0
8207,155.0,91.0,1.0
8208,256.0,245.0,1.0
8209,117.0,38.0,1.0
8210,207.0,305.0,1.0
8211,159.0,414.0,1.0
8212,216.0,211.0,1.0
8213,244.0,514.0,1.0
8214,183.0,50.0,1.0
8215,155.0,333.0,1.0
8216,115.0,399.0,1.0
8217,106.0,266.0,1.0
8218,130.0,318.0,1.0
8219,177.0,181.0,1.0
8220,228.0,31.0,1.0
8221,82.0,124.0,1.0
8222,58.0,241.0,1.0
8223,149.0,305.0,1.0
8224,156.0,120.0,1.0
8225,82.0,212.0,1.0
8226,160.0,227.0,1.0
8227,183.0,517.0,1.0
8228,82.0,129.0,1.0
8229,82.0,492.0,1.0
8230,261.0,339.0,1.0
8231,178.0,230.0,1.0
8232,217.0,31.0,1.0
8233,186.0,138.0,1.0
8234,183.0,594.0,1.0
8235,82.0,131.0,1.0
8236,175.0,264.0,1.0
8237,182.0,204.0,1.0
8238,78.0,116.0,1.0
8239,158.0,557.0,1.0
8240,195.0,225.0,1.0
8241,247.0,304.0,1.0
8242,196.0,384.0,1.0
8243,57.0,70.0,1.0
8244,1.0,41.0,1.0
8245,96.0,120.0,1.0
8246,128.0,350.0,1.0
8247,134.0,50.0,1.0
8248,56.0,489.0,1.0
8249,147.0,508.0,1.0
8250,261.0,136.0,1.0
8251,205.0,146.0,1.0
8252,226.0,575.0,1.0
8253,200.0,524.0,1.0
8254,87.0,63.0,1.0
8255,223.0,201.0,1.0
8256,179.0,296.0,1.0
8257,48.0,161.0,1.0
8258,245.0,59.0,1.0
8259,126.0,278.0,1.0
8260,207.0,64.0,1.0
8261,123.0,48.0,1.0
8262,162.0,166.0,1.0
8263,8.0,98.0,1.0
8264,87.0,335.0,1.0
8265,116.0,259.0,1.0
8266,51.0,151.0,1.0
8267,181.0,45.0,1.0
8268,51.0,31.0,1.0
8269,200.0,225.0,1.0
8270,224.0,110.0,1.0
8271,37.0,130.0,1.0
8272,200.0,210.0,1.0
8273,19.0,130.0,1.0
8274,87.0,547.0,1.0
8275,84.0,321.0,1.0
8276,17.0,148.0,1.0
8277,257.0,33.0,1.0
8278,105.0,133.0,1.0
8279,90.0,78.0,1.0
8280,203.0,6.0,1.0
8281,180.0,419.0,1.0
8282,224.0,214.0,1.0
8283,266.0,277.0,1.0
8284,196.0,377.0,1.0
8285,90.0,160.0,1.0
8286,234.0,413.0,1.0
8287,71.0,122.0,1.0
8288,145.0,214.0,1.0
8289,210.0,113.0,1.0
8290,25.0,105.0,1.0
8291,182.0,40.0,1.0
8292,259.0,222.0,1.0
8293,201.0,202.0,1.0
8294,178.0,275.0,1.0
8295,102.0,8.0,1.0
8296,172.0,351.0,1.0
8297,145.0,117.0,1.0
8298,50.0,113.0,1.0
8299,12.0,323.0,1.0
8300,200.0,120.0,1.0
8301,204.0,94.0,1.0
8302,33.0,349.0,1.0
8303,16.0,302.0,1.0
8304,192.0,12.0,1.0
8305,153.0,190.0,1.0
8306,109.0,246.0,1.0
8307,126.0,511.0,1.0
8308,165.0,479.0,1.0
8309,6.0,138.0,1.0
8310,138.0,178.0,1.0
8311,82.0,99.0,1.0
8312,30.0,31.0,1.0
8313,165.0,282.0,1.0
8314,168.0,136.0,1.0
8315,152.0,133.0,1.0
8316,102.0,78.0,1.0
8317,147.0,97.0,1.0
8318,175.0,105.0,1.0
8319,235.0,47.0,1.0
8320,51.0,399.0,1.0
8321,127.0,45.0,1.0
8322,168.0,584.0,1.0
8323,234.0,191.0,1.0
8324,182.0,327.0,1.0
8325,58.0,146.0,1.0
8326,135.0,20.0,1.0
8327,108.0,53.0,1.0
8328,165.0,467.0,1.0
8329,229.0,206.0,1.0
8330,164.0,59.0,1.0
8331,159.0,12.0,1.0
8332,122.0,326.0,1.0
8333,115.0,47.0,1.0
8334,56.0,424.0,1.0
8335,128.0,77.0,1.0
8336,178.0,213.0,1.0
8337,197.0,143.0,1.0
8338,48.0,186.0,1.0
8339,263.0,27.0,1.0
8340,112.0,219.0,1.0
8341,53.0,81.0,1.0
8342,204.0,179.0,1.0
8343,144.0,54.0,1.0
8344,26.0,266.0,1.0
8345,120.0,125.0,1.0
8346,228.0,404.0,1.0
8347,122.0,205.0,1.0
8348,162.0,425.0,1.0
8349,120.0,12.0,1.0
8350,52.0,84.0,1.0
8351,224.0,242.0,1.0
8352,65.0,190.0,1.0
8353,65.0,95.0,1.0
8354,78.0,111.0,1.0
8355,180.0,54.0,1.0
8356,194.0,156.0,1.0
8357,191.0,114.0,1.0
8358,226.0,222.0,1.0
8359,129.0,506.0,1.0
8360,200.0,72.0,1.0
8361,200.0,256.0,1.0
8362,158.0,21.0,1.0
8363,141.0,309.0,1.0
8364,60.0,216.0,1.0
8365,2.0,148.0,1.0
8366,65.0,103.0,1.0
8367,158.0,8.0,1.0
8368,84.0,15.0,1.0
8369,193.0,137.0,1.0
8370,180.0,36.0,1.0
8371,91.0,146.0,1.0
8372,229.0,128.0,1.0
8373,168.0,465.0,1.0
8374,56.0,133.0,1.0
8375,108.0,136.0,1.0
8376,62.0,557.0,1.0
8377,153.0,504.0,1.0
8378,45.0,130.0,1.0
8379,42.0,221.0,1.0
8380,84.0,217.0,1.0
8381,69.0,245.0,1.0
8382,256.0,141.0,1.0
8383,121.0,172.0,1.0
8384,65.0,117.0,1.0
8385,182.0,420.0,1.0
8386,56.0,378.0,1.0
8387,203.0,583.0,1.0
8388,144.0,104.0,1.0
8389,71.0,187.0,1.0
8390,186.0,166.0,1.0
8391,85.0,130.0,1.0
8392,168.0,238.0,1.0
8393,262.0,240.0,1.0
8394,164.0,111.0,1.0
8395,78.0,10.0,1.0
8396,225.0,161.0,1.0
8397,234.0,282.0,1.0
8398,183.0,97.0,1.0
8399,183.0,68.0,1.0
8400,114.0,306.0,1.0
8401,130.0,51.0,1.0
8402,37.0,428.0,1.0
8403,42.0,407.0,1.0
8404,203.0,425.0,1.0
8405,16.0,359.0,1.0
8406,86.0,310.0,1.0
8407,150.0,339.0,1.0
8408,83.0,311.0,1.0
8409,51.0,357.0,1.0
8410,180.0,241.0,1.0
8411,41.0,297.0,1.0
8412,135.0,564.0,1.0
8413,114.0,367.0,1.0
8414,232.0,88.0,1.0
8415,199.0,62.0,1.0
8416,126.0,138.0,1.0
8417,195.0,496.0,1.0
8418,186.0,449.0,1.0
8419,218.0,70.0,1.0
8420,69.0,580.0,1.0
8421,88.0,503.0,1.0
8422,16.0,16.0,1.0
8423,182.0,342.0,1.0
8424,105.0,546.0,1.0
8425,51.0,429.0,1.0
8426,116.0,327.0,1.0
8427,101.0,10.0,1.0
8428,13.0,19.0,1.0
8429,149.0,539.0,1.0
8430,100.0,119.0,1.0
8431,246.0,169.0,1.0
8432,248.0,133.0,1.0
8433,90.0,63.0,1.0
8434,65.0,460.0,1.0
8435,164.0,9.0,1.0
8436,52.0,388.0,1.0
8437,187.0,400.0,1.0
8438,116.0,116.0,1.0
8439,94.0,189.0,1.0
8440,114.0,237.0,1.0
8441,147.0,483.0,1.0
8442,130.0,17.0,1.0
8443,37.0,31.0,1.0
8444,145.0,124.0,1.0
8445,182.0,210.0,1.0
8446,178.0,467.0,1.0
8447,100.0,465.0,1.0
8448,78.0,66.0,1.0
8449,13.0,90.0,1.0
8450,183.0,314.0,1.0
8451,82.0,310.0,1.0
8452,37.0,304.0,1.0
8453,129.0,3.0,1.0
8454,19.0,58.0,1.0
8455,164.0,55.0,1.0
8456,84.0,287.0,1.0
8457,264.0,135.0,1.0
8458,42.0,14.0,1.0
8459,226.0,423.0,1.0
8460,48.0,44.0,1.0
8461,84.0,1.0,1.0
8462,35.0,0.0,1.0
8463,145.0,491.0,1.0
8464,42.0,186.0,1.0
8465,156.0,7.0,1.0
8466,228.0,46.0,1.0
8467,261.0,113.0,1.0
8468,217.0,400.0,1.0
8469,153.0,199.0,1.0
8470,22.0,347.0,1.0
8471,204.0,450.0,1.0
8472,136.0,123.0,1.0
8473,205.0,179.0,1.0
8474,240.0,25.0,1.0
8475,94.0,282.0,1.0
8476,92.0,22.0,1.0
8477,181.0,204.0,1.0
8478,35.0,59.0,1.0
8479,150.0,140.0,1.0
8480,224.0,266.0,1.0
8481,63.0,10.0,1.0
8482,248.0,234.0,1.0
8483,229.0,233.0,1.0
8484,96.0,226.0,1.0
8485,204.0,58.0,1.0
8486,28.0,297.0,1.0
8487,172.0,57.0,1.0
8488,182.0,220.0,1.0
8489,44.0,118.0,1.0
8490,134.0,549.0,1.0
8491,15.0,351.0,1.0
8492,160.0,498.0,1.0
8493,178.0,234.0,1.0
8494,260.0,200.0,1.0
8495,6.0,92.0,1.0
8496,147.0,507.0,1.0
8497,186.0,213.0,1.0
8498,147.0,573.0,1.0
8499,111.0,157.0,1.0
8500,152.0,91.0,1.0
8501,78.0,224.0,1.0
8502,124.0,9.0,1.0
8503,116.0,57.0,1.0
8504,18.0,136.0,1.0
8505,114.0,62.0,1.0
8506,60.0,91.0,1.0
8507,2.0,91.0,1.0
8508,83.0,390.0,1.0
8509,168.0,257.0,1.0
8510,91.0,263.0,1.0
8511,60.0,525.0,1.0
8512,268.0,414.0,1.0
8513,73.0,116.0,1.0
8514,71.0,145.0,1.0
8515,99.0,132.0,1.0
8516,218.0,456.0,1.0
8517,74.0,51.0,1.0
8518,82.0,193.0,1.0
8519,119.0,206.0,1.0
8520,57.0,397.0,1.0
8521,30.0,153.0,1.0
8522,233.0,45.0,1.0
8523,98.0,45.0,1.0
8524,214.0,0.0,1.0
8525,58.0,147.0,1.0
8526,102.0,545.0,1.0
8527,85.0,32.0,1.0
8528,202.0,63.0,1.0
8529,207.0,273.0,1.0
8530,13.0,77.0,1.0
8531,115.0,24.0,1.0
8532,117.0,228.0,1.0
8533,84.0,559.0,1.0
8534,122.0,560.0,1.0
8535,149.0,400.0,1.0
8536,178.0,225.0,1.0
8537,82.0,249.0,1.0
8538,229.0,151.0,1.0
8539,159.0,22.0,1.0
8540,180.0,66.0,1.0
8541,166.0,125.0,1.0
8542,228.0,44.0,1.0
8543,128.0,512.0,1.0
8544,258.0,393.0,1.0
8545,147.0,36.0,1.0
8546,83.0,496.0,1.0
8547,203.0,143.0,1.0
8548,65.0,321.0,1.0
8549,268.0,114.0,1.0
8550,139.0,148.0,1.0
8551,258.0,113.0,1.0
8552,248.0,433.0,1.0
8553,55.0,447.0,1.0
8554,75.0,223.0,1.0
8555,75.0,66.0,1.0
8556,102.0,474.0,1.0
8557,48.0,432.0,1.0
8558,5.0,124.0,1.0
8559,164.0,0.0,1.0
8560,100.0,147.0,1.0
8561,246.0,276.0,1.0
8562,211.0,221.0,1.0
8563,149.0,125.0,1.0
8564,13.0,61.0,1.0
8565,135.0,95.0,1.0
8566,254.0,415.0,1.0
8567,238.0,27.0,1.0
8568,203.0,152.0,1.0
8569,197.0,186.0,1.0
8570,1.0,54.0,1.0
8571,183.0,342.0,1.0
8572,256.0,126.0,1.0
8573,184.0,256.0,1.0
8574,244.0,222.0,1.0
8575,17.0,64.0,1.0
8576,96.0,248.0,1.0
8577,208.0,119.0,1.0
8578,251.0,229.0,1.0
8579,114.0,146.0,1.0
8580,218.0,594.0,1.0
8581,53.0,61.0,1.0
8582,126.0,77.0,1.0
8583,90.0,97.0,1.0
8584,84.0,532.0,1.0
8585,64.0,179.0,1.0
8586,101.0,92.0,1.0
8587,68.0,120.0,1.0
8588,155.0,39.0,1.0
8589,242.0,10.0,1.0
8590,10.0,295.0,1.0
8591,67.0,255.0,1.0
8592,1.0,49.0,1.0
8593,105.0,21.0,1.0
8594,39.0,383.0,1.0
8595,81.0,223.0,1.0
8596,113.0,146.0,1.0
8597,228.0,338.0,1.0
8598,82.0,435.0,1.0
8599,35.0,136.0,1.0
8600,127.0,27.0,1.0
8601,207.0,432.0,1.0
8602,158.0,255.0,1.0
8603,223.0,476.0,1.0
8604,94.0,145.0,1.0
8605,149.0,92.0,1.0
8606,128.0,419.0,1.0
8607,129.0,434.0,1.0
8608,130.0,576.0,1.0
8609,120.0,95.0,1.0
8610,196.0,586.0,1.0
8611,85.0,153.0,1.0
8612,115.0,227.0,1.0
8613,48.0,264.0,1.0
8614,211.0,3.0,1.0
8615,142.0,125.0,1.0
8616,134.0,89.0,1.0
8617,248.0,109.0,1.0
8618,256.0,12.0,1.0
8619,89.0,456.0,1.0
8620,39.0,68.0,1.0
8621,108.0,337.0,1.0
8622,138.0,311.0,1.0
8623,249.0,328.0,1.0
8624,187.0,186.0,1.0
8625,243.0,433.0,1.0
8626,127.0,496.0,1.0
8627,51.0,513.0,1.0
8628,178.0,282.0,1.0
8629,172.0,8.0,1.0
8630,219.0,189.0,1.0
8631,165.0,297.0,1.0
8632,186.0,313.0,1.0
8633,87.0,37.0,1.0
8634,97.0,70.0,1.0
8635,52.0,347.0,1.0
8636,155.0,459.0,1.0
8637,51.0,356.0,1.0
8638,63.0,185.0,1.0
8639,56.0,50.0,1.0
8640,149.0,491.0,1.0
8641,82.0,121.0,1.0
8642,115.0,596.0,1.0
8643,102.0,349.0,1.0
8644,65.0,572.0,1.0
8645,147.0,275.0,1.0
8646,135.0,231.0,1.0
8647,234.0,415.0,1.0
8648,75.0,230.0,1.0
8649,119.0,219.0,1.0
8650,245.0,588.0,1.0
8651,26.0,196.0,1.0
8652,147.0,360.0,1.0
8653,178.0,47.0,1.0
8654,32.0,206.0,1.0
8655,103.0,496.0,1.0
8656,180.0,532.0,1.0
8657,82.0,95.0,1.0
8658,182.0,193.0,1.0
8659,16.0,22.0,1.0
8660,105.0,245.0,1.0
8661,257.0,89.0,1.0
8662,209.0,578.0,1.0
8663,85.0,565.0,1.0
8664,223.0,183.0,1.0
8665,49.0,69.0,1.0
8666,52.0,122.0,1.0
8667,128.0,354.0,1.0
8668,250.0,100.0,1.0
8669,226.0,260.0,1.0
8670,41.0,146.0,1.0
8671,218.0,296.0,1.0
8672,16.0,245.0,1.0
8673,175.0,222.0,1.0
8674,205.0,343.0,1.0
8675,116.0,366.0,1.0
8676,91.0,86.0,1.0
8677,224.0,308.0,1.0
8678,94.0,81.0,1.0
8679,72.0,194.0,1.0
8680,105.0,410.0,1.0
8681,184.0,379.0,1.0
8682,127.0,12.0,1.0
8683,148.0,81.0,1.0
8684,105.0,193.0,1.0
8685,84.0,124.0,1.0
8686,105.0,122.0,1.0
8687,42.0,386.0,1.0
8688,170.0,47.0,1.0
8689,75.0,70.0,1.0
8690,135.0,120.0,1.0
8691,164.0,29.0,1.0
8692,58.0,343.0,1.0
8693,168.0,133.0,1.0
8694,78.0,466.0,1.0
8695,175.0,70.0,1.0
8696,117.0,103.0,1.0
8697,82.0,170.0,1.0
8698,261.0,349.0,1.0
8699,164.0,195.0,1.0
8700,178.0,426.0,1.0
8701,178.0,126.0,1.0
8702,82.0,225.0,1.0
8703,256.0,33.0,1.0
8704,74.0,331.0,1.0
8705,104.0,336.0,1.0
8706,170.0,496.0,1.0
8707,13.0,331.0,1.0
8708,255.0,551.0,1.0
8709,87.0,595.0,1.0
8710,87.0,125.0,1.0
8711,149.0,83.0,1.0
8712,257.0,388.0,1.0
8713,261.0,344.0,1.0
8714,5.0,212.0,1.0
8715,69.0,568.0,1.0
8716,205.0,321.0,1.0
8717,226.0,14.0,1.0
8718,53.0,12.0,1.0
8719,245.0,38.0,1.0
8720,17.0,112.0,1.0
8721,5.0,117.0,1.0
8722,72.0,465.0,1.0
8723,37.0,147.0,1.0
8724,226.0,58.0,1.0
8725,74.0,38.0,1.0
8726,222.0,527.0,1.0
8727,164.0,533.0,1.0
8728,29.0,40.0,1.0
8729,87.0,247.0,1.0
8730,205.0,298.0,1.0
8731,265.0,79.0,1.0
8732,117.0,238.0,1.0
8733,117.0,36.0,1.0
8734,236.0,328.0,1.0
8735,51.0,256.0,1.0
8736,186.0,47.0,1.0
8737,123.0,143.0,1.0
8738,219.0,216.0,1.0
8739,105.0,500.0,1.0
8740,44.0,328.0,1.0
8741,96.0,291.0,1.0
8742,66.0,574.0,1.0
8743,119.0,227.0,1.0
8744,226.0,422.0,1.0
8745,164.0,89.0,1.0
8746,164.0,235.0,1.0
8747,145.0,478.0,1.0
8748,81.0,251.0,1.0
8749,158.0,400.0,1.0
8750,98.0,100.0,1.0
8751,202.0,134.0,1.0
8752,97.0,219.0,1.0
8753,156.0,147.0,1.0
8754,164.0,191.0,1.0
8755,218.0,593.0,1.0
8756,141.0,459.0,1.0
8757,202.0,272.0,1.0
8758,188.0,280.0,1.0
8759,115.0,454.0,1.0
8760,79.0,10.0,1.0
8761,113.0,17.0,1.0
8762,78.0,310.0,1.0
8763,102.0,99.0,1.0
8764,178.0,41.0,1.0
8765,27.0,81.0,1.0
8766,82.0,256.0,1.0
8767,104.0,84.0,1.0
8768,104.0,291.0,1.0
8769,183.0,284.0,1.0
8770,5.0,208.0,1.0
8771,218.0,514.0,1.0
8772,164.0,116.0,1.0
8773,151.0,50.0,1.0
8774,81.0,231.0,1.0
8775,230.0,327.0,1.0
8776,218.0,288.0,1.0
8777,223.0,467.0,1.0
8778,189.0,348.0,1.0
8779,87.0,102.0,1.0
8780,3.0,165.0,1.0
8781,8.0,168.0,1.0
8782,147.0,222.0,1.0
8783,234.0,111.0,1.0
8784,178.0,338.0,1.0
8785,74.0,68.0,1.0
8786,73.0,120.0,1.0
8787,228.0,148.0,1.0
8788,68.0,85.0,1.0
8789,258.0,526.0,1.0
8790,153.0,130.0,1.0
8791,134.0,39.0,1.0
8792,230.0,179.0,1.0
8793,26.0,356.0,1.0
8794,178.0,105.0,1.0
8795,130.0,273.0,1.0
8796,47.0,66.0,1.0
8797,129.0,10.0,1.0
8798,5.0,194.0,1.0
8799,11.0,269.0,1.0
8800,147.0,209.0,1.0
8801,181.0,136.0,1.0
8802,37.0,449.0,1.0
8803,116.0,40.0,1.0
8804,116.0,92.0,1.0
8805,175.0,182.0,1.0
8806,144.0,400.0,1.0
8807,69.0,185.0,1.0
8808,118.0,117.0,1.0
8809,167.0,168.0,1.0
8810,1.0,77.0,1.0
8811,245.0,404.0,1.0
8812,91.0,441.0,1.0
8813,37.0,11.0,1.0
8814,257.0,11.0,1.0
8815,123.0,47.0,1.0
8816,229.0,37.0,1.0
8817,92.0,76.0,1.0
8818,56.0,29.0,1.0
8819,53.0,123.0,1.0
8820,259.0,416.0,1.0
8821,65.0,242.0,1.0
8822,135.0,205.0,1.0
8823,62.0,413.0,1.0
8824,156.0,39.0,1.0
8825,117.0,191.0,1.0
8826,51.0,191.0,1.0
8827,255.0,64.0,1.0
8828,187.0,39.0,1.0
8829,130.0,459.0,1.0
8830,148.0,408.0,1.0
8831,203.0,352.0,1.0
8832,2.0,139.0,1.0
8833,218.0,592.0,1.0
8834,119.0,116.0,1.0
8835,60.0,311.0,1.0
8836,53.0,213.0,1.0
8837,130.0,160.0,1.0
8838,164.0,168.0,1.0
8839,245.0,460.0,1.0
8840,22.0,430.0,1.0
8841,232.0,177.0,1.0
8842,130.0,276.0,1.0
8843,241.0,218.0,1.0
8844,65.0,222.0,1.0
8845,16.0,213.0,1.0
8846,248.0,463.0,1.0
8847,51.0,280.0,1.0
8848,60.0,358.0,1.0
8849,225.0,87.0,1.0
8850,64.0,204.0,1.0
8851,147.0,141.0,1.0
8852,65.0,148.0,1.0
8853,147.0,400.0,1.0
8854,70.0,515.0,1.0
8855,53.0,488.0,1.0
8856,83.0,62.0,1.0
8857,60.0,111.0,1.0
8858,182.0,207.0,1.0
8859,123.0,165.0,1.0
8860,177.0,51.0,1.0
8861,164.0,304.0,1.0
8862,248.0,445.0,1.0
8863,117.0,253.0,1.0
8864,228.0,196.0,1.0
8865,229.0,177.0,1.0
8866,96.0,25.0,1.0
8867,258.0,320.0,1.0
8868,67.0,146.0,1.0
8869,144.0,70.0,1.0
8870,223.0,492.0,1.0
8871,100.0,536.0,1.0
8872,132.0,62.0,1.0
8873,51.0,442.0,1.0
8874,105.0,113.0,1.0
8875,22.0,45.0,1.0
8876,197.0,402.0,1.0
8877,153.0,222.0,1.0
8878,130.0,313.0,1.0
8879,101.0,91.0,1.0
8880,144.0,399.0,1.0
8881,156.0,225.0,1.0
8882,114.0,67.0,1.0
8883,130.0,437.0,1.0
8884,49.0,1.0,1.0
8885,159.0,97.0,1.0
8886,177.0,28.0,1.0
8887,227.0,372.0,1.0
8888,218.0,46.0,1.0
8889,223.0,400.0,1.0
8890,156.0,410.0,1.0
8891,217.0,251.0,1.0
8892,211.0,31.0,1.0
8893,141.0,73.0,1.0
8894,102.0,261.0,1.0
8895,130.0,233.0,1.0
8896,160.0,482.0,1.0
8897,114.0,585.0,1.0
8898,165.0,150.0,1.0
8899,226.0,20.0,1.0
8900,225.0,69.0,1.0
8901,224.0,184.0,1.0
8902,139.0,407.0,1.0
8903,147.0,22.0,1.0
8904,74.0,284.0,1.0
8905,160.0,173.0,1.0
8906,116.0,553.0,1.0
8907,78.0,22.0,1.0
8908,162.0,58.0,1.0
8909,57.0,419.0,1.0
8910,16.0,371.0,1.0
8911,48.0,158.0,1.0
8912,237.0,160.0,1.0
8913,145.0,241.0,1.0
8914,243.0,91.0,1.0
8915,157.0,129.0,1.0
8916,223.0,116.0,1.0
8917,17.0,251.0,1.0
8918,147.0,367.0,1.0
8919,65.0,230.0,1.0
8920,183.0,438.0,1.0
8921,193.0,133.0,1.0
8922,81.0,216.0,1.0
8923,42.0,475.0,1.0
8924,242.0,0.0,1.0
8925,64.0,311.0,1.0
8926,262.0,102.0,1.0
8927,79.0,470.0,1.0
8928,130.0,164.0,1.0
8929,58.0,97.0,1.0
8930,120.0,287.0,1.0
8931,224.0,250.0,1.0
8932,227.0,499.0,1.0
8933,91.0,12.0,1.0
8934,155.0,89.0,1.0
8935,71.0,117.0,1.0
8936,11.0,114.0,1.0
8937,104.0,157.0,1.0
8938,82.0,35.0,1.0
8939,183.0,63.0,1.0
8940,60.0,244.0,1.0
8941,156.0,199.0,1.0
8942,102.0,253.0,1.0
8943,82.0,262.0,1.0
8944,259.0,470.0,1.0
8945,219.0,112.0,1.0
8946,218.0,183.0,1.0
8947,63.0,100.0,1.0
8948,56.0,238.0,1.0
8949,125.0,272.0,1.0
8950,199.0,4.0,1.0
8951,79.0,504.0,1.0
8952,164.0,250.0,1.0
8953,64.0,36.0,1.0
8954,172.0,143.0,1.0
8955,49.0,131.0,1.0
8956,130.0,225.0,1.0
8957,120.0,467.0,1.0
8958,194.0,22.0,1.0
8959,159.0,557.0,1.0
8960,59.0,92.0,1.0
8961,176.0,100.0,1.0
8962,56.0,241.0,1.0
8963,79.0,384.0,1.0
8964,140.0,282.0,1.0
8965,94.0,310.0,1.0
8966,233.0,19.0,1.0
8967,162.0,467.0,1.0
8968,130.0,253.0,1.0
8969,14.0,58.0,1.0
8970,149.0,179.0,1.0
8971,100.0,138.0,1.0
8972,117.0,40.0,1.0
8973,22.0,215.0,1.0
8974,180.0,226.0,1.0
8975,133.0,431.0,1.0
8976,155.0,65.0,1.0
8977,32.0,142.0,1.0
8978,51.0,58.0,1.0
8979,147.0,65.0,1.0
8980,71.0,563.0,1.0
8981,129.0,586.0,1.0
8982,199.0,18.0,1.0
8983,82.0,569.0,1.0
8984,242.0,371.0,1.0
8985,153.0,232.0,1.0
8986,82.0,521.0,1.0
8987,150.0,404.0,1.0
8988,158.0,131.0,1.0
8989,223.0,399.0,1.0
8990,238.0,486.0,1.0
8991,255.0,145.0,1.0
8992,229.0,39.0,1.0
8993,164.0,131.0,1.0
8994,82.0,92.0,1.0
8995,45.0,97.0,1.0
8996,259.0,231.0,1.0
8997,145.0,186.0,1.0
8998,224.0,511.0,1.0
8999,203.0,168.0,1.0
9000,211.0,4.0,1.0
9001,182.0,133.0,1.0
9002,105.0,57.0,1.0
9003,189.0,133.0,1.0
9004,143.0,413.0,1.0
9005,224.0,143.0,1.0
9006,160.0,490.0,1.0
9007,110.0,66.0,1.0
9008,168.0,126.0,1.0
9009,116.0,537.0,1.0
9010,22.0,432.0,1.0
9011,23.0,251.0,1.0
9012,208.0,565.0,1.0
9013,198.0,203.0,1.0
9014,257.0,579.0,1.0
9015,242.0,356.0,1.0
9016,50.0,21.0,1.0
9017,140.0,146.0,1.0
9018,262.0,89.0,1.0
9019,182.0,256.0,1.0
9020,210.0,59.0,1.0
9021,90.0,201.0,1.0
9022,75.0,364.0,1.0
9023,56.0,222.0,1.0
9024,207.0,54.0,1.0
9025,17.0,133.0,1.0
9026,209.0,438.0,1.0
9027,82.0,142.0,1.0
9028,194.0,147.0,1.0
9029,130.0,331.0,1.0
9030,216.0,186.0,1.0
9031,17.0,217.0,1.0
9032,150.0,589.0,1.0
9033,218.0,27.0,1.0
9034,134.0,461.0,1.0
9035,220.0,527.0,1.0
9036,129.0,201.0,1.0
9037,123.0,164.0,1.0
9038,91.0,462.0,1.0
9039,60.0,538.0,1.0
9040,164.0,423.0,1.0
9041,177.0,427.0,1.0
9042,51.0,332.0,1.0
9043,84.0,238.0,1.0
9044,5.0,213.0,1.0
9045,132.0,420.0,1.0
9046,88.0,401.0,1.0
9047,218.0,301.0,1.0
9048,148.0,33.0,1.0
9049,218.0,582.0,1.0
9050,197.0,77.0,1.0
9051,1.0,22.0,1.0
9052,130.0,130.0,1.0
9053,209.0,397.0,1.0
9054,160.0,105.0,1.0
9055,257.0,219.0,1.0
9056,88.0,186.0,1.0
9057,11.0,152.0,1.0
9058,118.0,189.0,1.0
9059,82.0,415.0,1.0
9060,22.0,175.0,1.0
9061,123.0,491.0,1.0
9062,117.0,542.0,1.0
9063,248.0,63.0,1.0
9064,87.0,175.0,1.0
9065,207.0,10.0,1.0
9066,6.0,125.0,1.0
9067,1.0,31.0,1.0
9068,234.0,7.0,1.0
9069,207.0,251.0,1.0
9070,97.0,391.0,1.0
9071,183.0,337.0,1.0
9072,165.0,256.0,1.0
9073,56.0,281.0,1.0
9074,77.0,116.0,1.0
9075,199.0,469.0,1.0
9076,89.0,138.0,1.0
9077,223.0,111.0,1.0
9078,63.0,186.0,1.0
9079,175.0,10.0,1.0
9080,177.0,113.0,1.0
9081,147.0,194.0,1.0
9082,114.0,147.0,1.0
9083,188.0,92.0,1.0
9084,170.0,89.0,1.0
9085,105.0,128.0,1.0
9086,35.0,61.0,1.0
9087,52.0,156.0,1.0
9088,255.0,502.0,1.0
9089,65.0,253.0,1.0
9090,9.0,279.0,1.0
9091,202.0,24.0,1.0
9092,224.0,485.0,1.0
9093,256.0,112.0,1.0
9094,158.0,66.0,1.0
9095,248.0,265.0,1.0
9096,223.0,57.0,1.0
9097,58.0,57.0,1.0
9098,65.0,106.0,1.0
9099,65.0,427.0,1.0
9100,97.0,231.0,1.0
9101,223.0,212.0,1.0
9102,42.0,217.0,1.0
9103,223.0,413.0,1.0
9104,116.0,437.0,1.0
9105,75.0,174.0,1.0
9106,232.0,23.0,1.0
9107,250.0,133.0,1.0
9108,84.0,365.0,1.0
9109,84.0,36.0,1.0
9110,187.0,8.0,1.0
9111,136.0,5.0,1.0
9112,56.0,354.0,1.0
9113,82.0,247.0,1.0
9114,191.0,295.0,1.0
9115,67.0,59.0,1.0
9116,192.0,365.0,1.0
9117,56.0,545.0,1.0
9118,215.0,146.0,1.0
9119,53.0,277.0,1.0
9120,165.0,126.0,1.0
9121,82.0,239.0,1.0
9122,108.0,261.0,1.0
9123,155.0,241.0,1.0
9124,256.0,418.0,1.0
9125,56.0,541.0,1.0
9126,89.0,186.0,1.0
9127,69.0,222.0,1.0
9128,108.0,374.0,1.0
9129,259.0,157.0,1.0
9130,128.0,484.0,1.0
9131,10.0,303.0,1.0
9132,84.0,433.0,1.0
9133,117.0,120.0,1.0
9134,178.0,533.0,1.0
9135,114.0,346.0,1.0
9136,45.0,113.0,1.0
9137,105.0,496.0,1.0
9138,91.0,565.0,1.0
9139,22.0,158.0,1.0
9140,105.0,476.0,1.0
9141,208.0,315.0,1.0
9142,96.0,100.0,1.0
9143,226.0,456.0,1.0
9144,189.0,507.0,1.0
9145,64.0,4.0,1.0
9146,79.0,125.0,1.0
9147,98.0,104.0,1.0
9148,149.0,121.0,1.0
9149,153.0,417.0,1.0
9150,59.0,315.0,1.0
9151,133.0,516.0,1.0
9152,224.0,145.0,1.0
9153,87.0,453.0,1.0
9154,228.0,147.0,1.0
9155,203.0,154.0,1.0
9156,63.0,207.0,1.0
9157,266.0,314.0,1.0
9158,45.0,286.0,1.0
9159,224.0,146.0,1.0
9160,123.0,154.0,1.0
9161,155.0,118.0,1.0
9162,32.0,130.0,1.0
9163,9.0,59.0,1.0
9164,262.0,294.0,1.0
9165,89.0,408.0,1.0
9166,243.0,504.0,1.0
9167,217.0,352.0,1.0
9168,129.0,280.0,1.0
9169,147.0,64.0,1.0
9170,128.0,241.0,1.0
9171,205.0,567.0,1.0
9172,87.0,517.0,1.0
9173,59.0,95.0,1.0
9174,132.0,239.0,1.0
9175,223.0,419.0,1.0
9176,144.0,390.0,1.0
9177,147.0,446.0,1.0
9178,175.0,505.0,1.0
9179,123.0,89.0,1.0
9180,122.0,55.0,1.0
9181,52.0,510.0,1.0
9182,195.0,452.0,1.0
9183,259.0,95.0,1.0
9184,108.0,207.0,1.0
9185,124.0,10.0,1.0
9186,109.0,38.0,1.0
9187,102.0,304.0,1.0
9188,130.0,367.0,1.0
9189,214.0,125.0,1.0
9190,181.0,396.0,1.0
9191,150.0,47.0,1.0
9192,101.0,122.0,1.0
9193,105.0,586.0,1.0
9194,193.0,203.0,1.0
9195,245.0,564.0,1.0
9196,39.0,404.0,1.0
9197,81.0,12.0,1.0
9198,104.0,178.0,1.0
9199,84.0,88.0,1.0
9200,245.0,49.0,1.0
9201,97.0,157.0,1.0
9202,136.0,120.0,1.0
9203,183.0,51.0,1.0
9204,69.0,420.0,1.0
9205,246.0,120.0,1.0
9206,9.0,67.0,1.0
9207,71.0,558.0,1.0
9208,234.0,528.0,1.0
9209,51.0,524.0,1.0
9210,87.0,104.0,1.0
9211,60.0,483.0,1.0
9212,210.0,95.0,1.0
9213,127.0,114.0,1.0
9214,191.0,296.0,1.0
9215,175.0,89.0,1.0
9216,177.0,103.0,1.0
9217,194.0,521.0,1.0
9218,31.0,425.0,1.0
9219,3.0,155.0,1.0
9220,238.0,281.0,1.0
9221,193.0,236.0,1.0
9222,60.0,382.0,1.0
9223,94.0,96.0,1.0
9224,52.0,310.0,1.0
9225,208.0,99.0,1.0
9226,234.0,131.0,1.0
9227,57.0,299.0,1.0
9228,49.0,343.0,1.0
9229,56.0,79.0,1.0
9230,189.0,279.0,1.0
9231,68.0,148.0,1.0
9232,210.0,280.0,1.0
9233,179.0,217.0,1.0
9234,208.0,577.0,1.0
9235,88.0,378.0,1.0
9236,115.0,467.0,1.0
9237,230.0,100.0,1.0
9238,16.0,37.0,1.0
9239,242.0,83.0,1.0
9240,217.0,156.0,1.0
9241,68.0,196.0,1.0
9242,77.0,373.0,1.0
9243,189.0,194.0,1.0
9244,139.0,218.0,1.0
9245,126.0,216.0,1.0
9246,9.0,22.0,1.0
9247,65.0,359.0,1.0
9248,160.0,493.0,1.0
9249,56.0,168.0,1.0
9250,158.0,284.0,1.0
9251,126.0,409.0,1.0
9252,183.0,230.0,1.0
9253,102.0,32.0,1.0
9254,97.0,223.0,1.0
9255,233.0,119.0,1.0
9256,262.0,341.0,1.0
9257,130.0,302.0,1.0
9258,199.0,22.0,1.0
9259,41.0,161.0,1.0
9260,141.0,451.0,1.0
9261,75.0,576.0,1.0
9262,13.0,333.0,1.0
9263,186.0,150.0,1.0
9264,8.0,80.0,1.0
9265,148.0,223.0,1.0
9266,63.0,3.0,1.0
9267,178.0,384.0,1.0
9268,4.0,174.0,1.0
9269,128.0,43.0,1.0
9270,229.0,113.0,1.0
9271,185.0,287.0,1.0
9272,115.0,356.0,1.0
9273,71.0,280.0,1.0
9274,232.0,73.0,1.0
9275,126.0,394.0,1.0
9276,213.0,69.0,1.0
9277,90.0,253.0,1.0
9278,124.0,47.0,1.0
9279,56.0,263.0,1.0
9280,175.0,410.0,1.0
9281,225.0,73.0,1.0
9282,39.0,310.0,1.0
9283,126.0,1.0,1.0
9284,60.0,39.0,1.0
9285,149.0,363.0,1.0
9286,144.0,66.0,1.0
9287,128.0,15.0,1.0
9288,11.0,293.0,1.0
9289,69.0,533.0,1.0
9290,26.0,66.0,1.0
9291,135.0,47.0,1.0
9292,103.0,27.0,1.0
9293,221.0,310.0,1.0
9294,175.0,241.0,1.0
9295,127.0,551.0,1.0
9296,162.0,98.0,1.0
9297,1.0,28.0,1.0
9298,89.0,195.0,1.0
9299,22.0,296.0,1.0
9300,211.0,36.0,1.0
9301,138.0,72.0,1.0
9302,125.0,48.0,1.0
9303,147.0,595.0,1.0
9304,266.0,174.0,1.0
9305,162.0,36.0,1.0
9306,33.0,50.0,1.0
9307,17.0,59.0,1.0
9308,149.0,3.0,1.0
9309,203.0,81.0,1.0
9310,53.0,536.0,1.0
9311,155.0,120.0,1.0
9312,218.0,560.0,1.0
9313,68.0,541.0,1.0
9314,123.0,111.0,1.0
9315,136.0,100.0,1.0
9316,40.0,103.0,1.0
9317,113.0,287.0,1.0
9318,226.0,306.0,1.0
9319,234.0,103.0,1.0
9320,56.0,331.0,1.0
9321,9.0,64.0,1.0
9322,194.0,27.0,1.0
9323,224.0,206.0,1.0
9324,246.0,204.0,1.0
9325,16.0,74.0,1.0
9326,217.0,113.0,1.0
9327,110.0,47.0,1.0
9328,131.0,10.0,1.0
9329,78.0,410.0,1.0
9330,39.0,0.0,1.0
9331,141.0,532.0,1.0
9332,82.0,77.0,1.0
9333,207.0,60.0,1.0
9334,130.0,21.0,1.0
9335,228.0,476.0,1.0
9336,222.0,146.0,1.0
9337,202.0,95.0,1.0
9338,56.0,86.0,1.0
9339,234.0,404.0,1.0
9340,166.0,378.0,1.0
9341,91.0,304.0,1.0
9342,98.0,25.0,1.0
9343,228.0,497.0,1.0
9344,108.0,90.0,1.0
9345,16.0,71.0,1.0
9346,223.0,321.0,1.0
9347,18.0,118.0,1.0
9348,126.0,221.0,1.0
9349,232.0,111.0,1.0
9350,32.0,66.0,1.0
9351,214.0,104.0,1.0
9352,226.0,22.0,1.0
9353,165.0,476.0,1.0
9354,126.0,136.0,1.0
9355,266.0,588.0,1.0
9356,186.0,12.0,1.0
9357,150.0,400.0,1.0
9358,32.0,266.0,1.0
9359,261.0,151.0,1.0
9360,81.0,504.0,1.0
9361,250.0,39.0,1.0
9362,52.0,186.0,1.0
9363,262.0,153.0,1.0
9364,151.0,596.0,1.0
9365,26.0,36.0,1.0
9366,79.0,352.0,1.0
9367,12.0,109.0,1.0
9368,75.0,196.0,1.0
9369,81.0,22.0,1.0
9370,32.0,106.0,1.0
9371,62.0,257.0,1.0
9372,70.0,354.0,1.0
9373,228.0,120.0,1.0
9374,154.0,1.0,1.0
9375,209.0,286.0,1.0
9376,3.0,164.0,1.0
9377,82.0,474.0,1.0
9378,250.0,154.0,1.0
9379,199.0,465.0,1.0
9380,165.0,190.0,1.0
9381,232.0,93.0,1.0
9382,150.0,145.0,1.0
9383,75.0,256.0,1.0
9384,98.0,513.0,1.0
9385,87.0,161.0,1.0
9386,32.0,139.0,1.0
9387,82.0,488.0,1.0
9388,9.0,51.0,1.0
9389,138.0,375.0,1.0
9390,91.0,103.0,1.0
9391,59.0,117.0,1.0
9392,85.0,434.0,1.0
9393,180.0,253.0,1.0
9394,156.0,571.0,1.0
9395,134.0,351.0,1.0
9396,94.0,512.0,1.0
9397,84.0,160.0,1.0
9398,106.0,35.0,1.0
9399,149.0,236.0,1.0
9400,234.0,61.0,1.0
9401,82.0,519.0,1.0
9402,75.0,264.0,1.0
9403,213.0,24.0,1.0
9404,182.0,199.0,1.0
9405,147.0,180.0,1.0
9406,91.0,209.0,1.0
9407,116.0,346.0,1.0
9408,18.0,147.0,1.0
9409,218.0,147.0,1.0
9410,207.0,448.0,1.0
9411,229.0,345.0,1.0
9412,64.0,31.0,1.0
9413,147.0,521.0,1.0
9414,81.0,167.0,1.0
9415,65.0,214.0,1.0
9416,86.0,411.0,1.0
9417,16.0,60.0,1.0
9418,263.0,370.0,1.0
9419,116.0,41.0,1.0
9420,37.0,313.0,1.0
9421,64.0,420.0,1.0
9422,233.0,592.0,1.0
9423,181.0,249.0,1.0
9424,97.0,267.0,1.0
9425,149.0,562.0,1.0
9426,126.0,456.0,1.0
9427,149.0,106.0,1.0
9428,64.0,238.0,1.0
9429,196.0,496.0,1.0
9430,149.0,344.0,1.0
9431,220.0,211.0,1.0
9432,91.0,161.0,1.0
9433,189.0,5.0,1.0
9434,108.0,463.0,1.0
9435,117.0,466.0,1.0
9436,182.0,329.0,1.0
9437,175.0,423.0,1.0
9438,54.0,308.0,1.0
9439,224.0,204.0,1.0
9440,155.0,45.0,1.0
9441,83.0,212.0,1.0
9442,164.0,39.0,1.0
9443,147.0,285.0,1.0
9444,207.0,175.0,1.0
9445,9.0,50.0,1.0
9446,64.0,156.0,1.0
9447,189.0,0.0,1.0
9448,186.0,430.0,1.0
9449,259.0,448.0,1.0
9450,213.0,156.0,1.0
9451,183.0,380.0,1.0
9452,223.0,416.0,1.0
9453,105.0,80.0,1.0
9454,94.0,191.0,1.0
9455,24.0,320.0,1.0
9456,36.0,292.0,1.0
9457,90.0,38.0,1.0
9458,123.0,420.0,1.0
9459,12.0,307.0,1.0
9460,139.0,378.0,1.0
9461,114.0,248.0,1.0
9462,63.0,223.0,1.0
9463,1.0,27.0,1.0
9464,262.0,69.0,1.0
9465,14.0,112.0,1.0
9466,72.0,362.0,1.0
9467,91.0,187.0,1.0
9468,30.0,35.0,1.0
9469,105.0,494.0,1.0
9470,4.0,179.0,1.0
9471,87.0,300.0,1.0
9472,114.0,462.0,1.0
9473,108.0,533.0,1.0
9474,150.0,225.0,1.0
9475,56.0,121.0,1.0
9476,114.0,233.0,1.0
9477,118.0,399.0,1.0
9478,126.0,373.0,1.0
9479,218.0,337.0,1.0
9480,108.0,513.0,1.0
9481,172.0,410.0,1.0
9482,9.0,147.0,1.0
9483,74.0,398.0,1.0
9484,223.0,420.0,1.0
9485,117.0,330.0,1.0
9486,5.0,62.0,1.0
9487,111.0,345.0,1.0
9488,75.0,0.0,1.0
9489,69.0,495.0,1.0
9490,136.0,506.0,1.0
9491,202.0,35.0,1.0
9492,75.0,32.0,1.0
9493,218.0,122.0,1.0
9494,150.0,177.0,1.0
9495,71.0,7.0,1.0
9496,155.0,88.0,1.0
9497,165.0,90.0,1.0
9498,257.0,50.0,1.0
9499,238.0,103.0,1.0
9500,78.0,543.0,1.0
9501,228.0,59.0,1.0
9502,207.0,92.0,1.0
9503,130.0,219.0,1.0
9504,144.0,58.0,1.0
9505,260.0,10.0,1.0
9506,130.0,35.0,1.0
9507,75.0,521.0,1.0
9508,116.0,510.0,1.0
9509,153.0,116.0,1.0
9510,181.0,21.0,1.0
9511,82.0,128.0,1.0
9512,183.0,585.0,1.0
9513,161.0,157.0,1.0
9514,177.0,236.0,1.0
9515,87.0,75.0,1.0
9516,114.0,59.0,1.0
9517,117.0,206.0,1.0
9518,65.0,3.0,1.0
9519,206.0,492.0,1.0
9520,65.0,211.0,1.0
9521,45.0,397.0,1.0
9522,15.0,61.0,1.0
9523,193.0,532.0,1.0
9524,83.0,91.0,1.0
9525,262.0,19.0,1.0
9526,259.0,26.0,1.0
9527,126.0,189.0,1.0
9528,87.0,10.0,1.0
9529,164.0,388.0,1.0
9530,266.0,186.0,1.0
9531,113.0,171.0,1.0
9532,156.0,386.0,1.0
9533,183.0,3.0,1.0
9534,130.0,354.0,1.0
9535,207.0,207.0,1.0
9536,128.0,236.0,1.0
9537,82.0,189.0,1.0
9538,11.0,95.0,1.0
9539,128.0,176.0,1.0
9540,176.0,586.0,1.0
9541,127.0,106.0,1.0
9542,200.0,150.0,1.0
9543,147.0,87.0,1.0
9544,69.0,3.0,1.0
9545,68.0,77.0,1.0
9546,262.0,241.0,1.0
9547,266.0,207.0,1.0
9548,127.0,536.0,1.0
9549,165.0,94.0,1.0
9550,84.0,495.0,1.0
9551,124.0,122.0,1.0
9552,19.0,50.0,1.0
9553,136.0,63.0,1.0
9554,98.0,127.0,1.0
9555,141.0,382.0,1.0
9556,82.0,69.0,1.0
9557,8.0,84.0,1.0
9558,130.0,416.0,1.0
9559,167.0,126.0,1.0
9560,89.0,218.0,1.0
9561,87.0,253.0,1.0
9562,13.0,154.0,1.0
9563,101.0,148.0,1.0
9564,2.0,140.0,1.0
9565,135.0,12.0,1.0
9566,199.0,50.0,1.0
9567,142.0,451.0,1.0
9568,149.0,282.0,1.0
9569,250.0,97.0,1.0
9570,44.0,432.0,1.0
9571,181.0,407.0,1.0
9572,139.0,91.0,1.0
9573,78.0,413.0,1.0
9574,141.0,298.0,1.0
9575,156.0,151.0,1.0
9576,104.0,153.0,1.0
9577,63.0,467.0,1.0
9578,130.0,310.0,1.0
9579,255.0,120.0,1.0
9580,145.0,109.0,1.0
9581,224.0,118.0,1.0
9582,145.0,376.0,1.0
9583,161.0,388.0,1.0
9584,182.0,85.0,1.0
9585,184.0,416.0,1.0
9586,126.0,0.0,1.0
9587,211.0,428.0,1.0
9588,142.0,425.0,1.0
9589,226.0,556.0,1.0
9590,44.0,122.0,1.0
9591,74.0,219.0,1.0
9592,100.0,204.0,1.0
9593,28.0,269.0,1.0
9594,60.0,40.0,1.0
9595,211.0,49.0,1.0
9596,96.0,487.0,1.0
9597,136.0,589.0,1.0
9598,250.0,43.0,1.0
9599,81.0,464.0,1.0
9600,84.0,66.0,1.0
9601,256.0,59.0,1.0
9602,34.0,291.0,1.0
9603,254.0,253.0,1.0
9604,102.0,136.0,1.0
9605,82.0,549.0,1.0
9606,42.0,39.0,1.0
9607,82.0,10.0,1.0
9608,130.0,2.0,1.0
9609,256.0,48.0,1.0
9610,152.0,150.0,1.0
9611,44.0,150.0,1.0
9612,132.0,209.0,1.0
9613,126.0,89.0,1.0
9614,203.0,291.0,1.0
9615,87.0,85.0,1.0
9616,130.0,361.0,1.0
9617,82.0,176.0,1.0
9618,102.0,502.0,1.0
9619,82.0,45.0,1.0
9620,149.0,59.0,1.0
9621,205.0,70.0,1.0
9622,113.0,259.0,1.0
9623,111.0,552.0,1.0
9624,165.0,240.0,1.0
9625,178.0,100.0,1.0
9626,13.0,50.0,1.0
9627,165.0,196.0,1.0
9628,136.0,253.0,1.0
9629,130.0,424.0,1.0
9630,45.0,253.0,1.0
9631,114.0,540.0,1.0
9632,169.0,427.0,1.0
9633,200.0,313.0,1.0
9634,183.0,168.0,1.0
9635,268.0,50.0,1.0
9636,84.0,340.0,1.0
9637,2.0,105.0,1.0
9638,155.0,593.0,1.0
9639,208.0,224.0,1.0
9640,116.0,237.0,1.0
9641,183.0,11.0,1.0
9642,129.0,58.0,1.0
9643,233.0,275.0,1.0
9644,16.0,118.0,1.0
9645,82.0,423.0,1.0
9646,77.0,247.0,1.0
9647,9.0,265.0,1.0
9648,62.0,81.0,1.0
9649,146.0,75.0,1.0
9650,17.0,190.0,1.0
9651,103.0,251.0,1.0
9652,102.0,36.0,1.0
9653,262.0,288.0,1.0
9654,117.0,204.0,1.0
9655,124.0,87.0,1.0
9656,16.0,357.0,1.0
9657,55.0,143.0,1.0
9658,178.0,6.0,1.0
9659,147.0,28.0,1.0
9660,193.0,95.0,1.0
9661,175.0,254.0,1.0
9662,22.0,166.0,1.0
9663,51.0,519.0,1.0
9664,211.0,378.0,1.0
9665,81.0,150.0,1.0
9666,136.0,460.0,1.0
9667,168.0,204.0,1.0
9668,234.0,205.0,1.0
9669,52.0,0.0,1.0
9670,122.0,165.0,1.0
9671,144.0,285.0,1.0
9672,61.0,66.0,1.0
9673,136.0,492.0,1.0
9674,71.0,207.0,1.0
9675,82.0,97.0,1.0
9676,114.0,35.0,1.0
9677,53.0,92.0,1.0
9678,262.0,460.0,1.0
9679,87.0,226.0,1.0
9680,47.0,91.0,1.0
9681,26.0,31.0,1.0
9682,90.0,37.0,1.0
9683,8.0,58.0,1.0
9684,248.0,45.0,1.0
9685,86.0,377.0,1.0
9686,223.0,432.0,1.0
9687,84.0,69.0,1.0
9688,1.0,53.0,1.0
9689,158.0,394.0,1.0
9690,122.0,96.0,1.0
9691,91.0,81.0,1.0
9692,75.0,407.0,1.0
9693,104.0,349.0,1.0
9694,176.0,249.0,1.0
9695,9.0,48.0,1.0
9696,264.0,28.0,1.0
9697,196.0,337.0,1.0
9698,132.0,113.0,1.0
9699,185.0,279.0,1.0
9700,138.0,248.0,1.0
9701,71.0,393.0,1.0
9702,104.0,314.0,1.0
9703,38.0,56.0,1.0
9704,96.0,424.0,1.0
9705,109.0,84.0,1.0
9706,144.0,147.0,1.0
9707,107.0,516.0,1.0
9708,243.0,66.0,1.0
9709,54.0,17.0,1.0
9710,103.0,367.0,1.0
9711,256.0,504.0,1.0
9712,166.0,202.0,1.0
9713,230.0,342.0,1.0
9714,197.0,57.0,1.0
9715,130.0,419.0,1.0
9716,178.0,81.0,1.0
9717,105.0,157.0,1.0
9718,194.0,520.0,1.0
9719,67.0,136.0,1.0
9720,226.0,111.0,1.0
9721,65.0,104.0,1.0
9722,91.0,80.0,1.0
9723,188.0,70.0,1.0
9724,130.0,293.0,1.0
9725,65.0,477.0,1.0
9726,136.0,121.0,1.0
9727,266.0,146.0,1.0
9728,189.0,179.0,1.0
9729,196.0,411.0,1.0
9730,109.0,239.0,1.0
9731,147.0,153.0,1.0
9732,147.0,220.0,1.0
9733,135.0,202.0,1.0
9734,89.0,221.0,1.0
9735,178.0,223.0,1.0
9736,147.0,47.0,1.0
9737,229.0,35.0,1.0
9738,45.0,497.0,1.0
9739,148.0,112.0,1.0
9740,95.0,484.0,1.0
9741,226.0,566.0,1.0
9742,8.0,24.0,1.0
9743,142.0,66.0,1.0
9744,69.0,256.0,1.0
9745,223.0,247.0,1.0
9746,119.0,382.0,1.0
9747,123.0,238.0,1.0
9748,234.0,190.0,1.0
9749,223.0,555.0,1.0
9750,115.0,434.0,1.0
9751,145.0,235.0,1.0
9752,257.0,45.0,1.0
9753,147.0,469.0,1.0
9754,126.0,99.0,1.0
9755,129.0,12.0,1.0
9756,201.0,411.0,1.0
9757,160.0,59.0,1.0
9758,83.0,572.0,1.0
9759,105.0,151.0,1.0
9760,219.0,227.0,1.0
9761,126.0,49.0,1.0
9762,193.0,384.0,1.0
9763,191.0,158.0,1.0
9764,82.0,252.0,1.0
9765,156.0,277.0,1.0
9766,266.0,404.0,1.0
9767,200.0,294.0,1.0
9768,9.0,268.0,1.0
9769,227.0,478.0,1.0
9770,104.0,135.0,1.0
9771,114.0,177.0,1.0
9772,235.0,127.0,1.0
9773,219.0,191.0,1.0
9774,84.0,435.0,1.0
9775,223.0,180.0,1.0
9776,173.0,146.0,1.0
9777,97.0,0.0,1.0
9778,180.0,259.0,1.0
9779,113.0,337.0,1.0
9780,13.0,47.0,1.0
9781,18.0,143.0,1.0
9782,28.0,97.0,1.0
9783,48.0,308.0,1.0
9784,14.0,346.0,1.0
9785,247.0,380.0,1.0
9786,117.0,230.0,1.0
9787,183.0,510.0,1.0
9788,84.0,520.0,1.0
9789,182.0,592.0,1.0
9790,96.0,138.0,1.0
9791,101.0,77.0,1.0
9792,234.0,11.0,1.0
9793,8.0,103.0,1.0
9794,128.0,213.0,1.0
9795,87.0,559.0,1.0
9796,200.0,458.0,1.0
9797,139.0,404.0,1.0
9798,29.0,201.0,1.0
9799,191.0,432.0,1.0
9800,135.0,45.0,1.0
9801,127.0,592.0,1.0
9802,32.0,161.0,1.0
9803,60.0,59.0,1.0
9804,239.0,10.0,1.0
9805,248.0,284.0,1.0
9806,81.0,33.0,1.0
9807,200.0,119.0,1.0
9808,230.0,35.0,1.0
9809,149.0,86.0,1.0
9810,268.0,290.0,1.0
9811,128.0,477.0,1.0
9812,194.0,423.0,1.0
9813,15.0,35.0,1.0
9814,146.0,203.0,1.0
9815,207.0,88.0,1.0
9816,158.0,356.0,1.0
9817,182.0,335.0,1.0
9818,145.0,22.0,1.0
9819,17.0,229.0,1.0
9820,149.0,590.0,1.0
9821,258.0,131.0,1.0
9822,145.0,356.0,1.0
9823,148.0,394.0,1.0
9824,193.0,111.0,1.0
9825,266.0,396.0,1.0
9826,183.0,207.0,1.0
9827,149.0,514.0,1.0
9828,81.0,241.0,1.0
9829,189.0,280.0,1.0
9830,114.0,212.0,1.0
9831,14.0,72.0,1.0
9832,13.0,332.0,1.0
9833,175.0,97.0,1.0
9834,122.0,141.0,1.0
9835,51.0,276.0,1.0
9836,75.0,181.0,1.0
9837,116.0,261.0,1.0
9838,199.0,154.0,1.0
9839,130.0,272.0,1.0
9840,87.0,36.0,1.0
9841,218.0,495.0,1.0
9842,164.0,129.0,1.0
9843,16.0,91.0,1.0
9844,136.0,280.0,1.0
9845,122.0,161.0,1.0
9846,72.0,59.0,1.0
9847,245.0,375.0,1.0
9848,135.0,412.0,1.0
9849,147.0,443.0,1.0
9850,130.0,281.0,1.0
9851,185.0,145.0,1.0
9852,265.0,10.0,1.0
9853,11.0,309.0,1.0
9854,82.0,213.0,1.0
9855,78.0,534.0,1.0
9856,237.0,362.0,1.0
9857,56.0,208.0,1.0
9858,162.0,411.0,1.0
9859,134.0,115.0,1.0
9860,194.0,330.0,1.0
9861,85.0,274.0,1.0
9862,173.0,175.0,1.0
9863,262.0,178.0,1.0
9864,136.0,205.0,1.0
9865,64.0,296.0,1.0
9866,51.0,93.0,1.0
9867,52.0,190.0,1.0
9868,10.0,297.0,1.0
9869,96.0,367.0,1.0
9870,87.0,532.0,1.0
9871,250.0,179.0,1.0
9872,262.0,58.0,1.0
9873,24.0,253.0,1.0
9874,178.0,182.0,1.0
9875,18.0,114.0,1.0
9876,231.0,343.0,1.0
9877,42.0,63.0,1.0
9878,129.0,262.0,1.0
9879,230.0,218.0,1.0
9880,71.0,488.0,1.0
9881,52.0,225.0,1.0
9882,116.0,95.0,1.0
9883,164.0,400.0,1.0
9884,131.0,39.0,1.0
9885,1.0,50.0,1.0
9886,226.0,223.0,1.0
9887,203.0,92.0,1.0
9888,141.0,374.0,1.0
9889,31.0,88.0,1.0
9890,238.0,302.0,1.0
9891,102.0,265.0,1.0
9892,158.0,584.0,1.0
9893,108.0,311.0,1.0
9894,87.0,584.0,1.0
9895,44.0,201.0,1.0
9896,178.0,341.0,1.0
9897,153.0,31.0,1.0
9898,248.0,136.0,1.0
9899,130.0,365.0,1.0
9900,165.0,239.0,1.0
9901,255.0,326.0,1.0
9902,22.0,321.0,1.0
9903,226.0,213.0,1.0
9904,166.0,205.0,1.0
9905,49.0,503.0,1.0
9906,65.0,208.0,1.0
9907,124.0,111.0,1.0
9908,211.0,188.0,1.0
9909,183.0,365.0,1.0
9910,197.0,11.0,1.0
9911,247.0,141.0,1.0
9912,53.0,95.0,1.0
9913,116.0,39.0,1.0
9914,132.0,467.0,1.0
9915,201.0,382.0,1.0
9916,147.0,100.0,1.0
9917,256.0,337.0,1.0
9918,114.0,1.0,1.0
9919,67.0,50.0,1.0
9920,149.0,43.0,1.0
9921,186.0,194.0,1.0
9922,31.0,305.0,1.0
9923,164.0,135.0,1.0
9924,217.0,100.0,1.0
9925,62.0,10.0,1.0
9926,27.0,241.0,1.0
9927,127.0,166.0,1.0
9928,149.0,477.0,1.0
9929,224.0,87.0,1.0
9930,191.0,204.0,1.0
9931,126.0,466.0,1.0
9932,199.0,89.0,1.0
9933,246.0,180.0,1.0
9934,89.0,220.0,1.0
9935,89.0,10.0,1.0
9936,165.0,374.0,1.0
9937,26.0,92.0,1.0
9938,232.0,269.0,1.0
9939,64.0,117.0,1.0
9940,229.0,81.0,1.0
9941,217.0,7.0,1.0
9942,113.0,375.0,1.0
9943,264.0,55.0,1.0
9944,171.0,91.0,1.0
9945,175.0,317.0,1.0
9946,81.0,588.0,1.0
9947,75.0,71.0,1.0
9948,248.0,77.0,1.0
9949,242.0,126.0,1.0
9950,210.0,81.0,1.0
9951,173.0,253.0,1.0
9952,245.0,97.0,1.0
9953,205.0,527.0,1.0
9954,51.0,100.0,1.0
9955,245.0,409.0,1.0
9956,177.0,346.0,1.0
9957,87.0,540.0,1.0
9958,53.0,109.0,1.0
9959,164.0,523.0,1.0
9960,189.0,247.0,1.0
9961,71.0,256.0,1.0
9962,57.0,123.0,1.0
9963,141.0,379.0,1.0
9964,56.0,126.0,1.0
9965,196.0,138.0,1.0
9966,44.0,10.0,1.0
9967,45.0,223.0,1.0
9968,156.0,438.0,1.0
9969,64.0,84.0,1.0
9970,99.0,117.0,1.0
9971,160.0,172.0,1.0
9972,80.0,60.0,1.0
9973,183.0,325.0,1.0
9974,17.0,92.0,1.0
9975,178.0,147.0,1.0
9976,65.0,533.0,1.0
9977,48.0,50.0,1.0
9978,133.0,111.0,1.0
9979,214.0,21.0,1.0
9980,165.0,480.0,1.0
9981,84.0,356.0,1.0
9982,96.0,148.0,1.0
9983,183.0,408.0,1.0
9984,64.0,12.0,1.0
9985,198.0,27.0,1.0
9986,16.0,86.0,1.0
9987,196.0,186.0,1.0
9988,184.0,544.0,1.0
9989,85.0,64.0,1.0
9990,22.0,152.0,1.0
9991,226.0,202.0,1.0
9992,145.0,413.0,1.0
9993,46.0,496.0,1.0
9994,81.0,44.0,1.0
9995,97.0,124.0,1.0
9996,211.0,190.0,1.0
9997,180.0,147.0,1.0
9998,232.0,149.0,1.0
9999,149.0,135.0,1.0
10000,52.0,262.0,1.0
10001,183.0,62.0,1.0
10002,2.0,50.0,1.0
10003,207.0,17.0,1.0
10004,160.0,320.0,1.0
10005,259.0,501.0,1.0
10006,82.0,220.0,1.0
10007,226.0,48.0,1.0
10008,26.0,129.0,1.0
10009,91.0,295.0,1.0
10010,68.0,42.0,1.0
10011,230.0,220.0,1.0
10012,132.0,398.0,1.0
10013,223.0,4.0,1.0
10014,200.0,143.0,1.0
10015,142.0,146.0,1.0
10016,226.0,76.0,1.0
10017,102.0,73.0,1.0
10018,17.0,219.0,1.0
10019,222.0,35.0,1.0
10020,51.0,268.0,1.0
10021,60.0,62.0,1.0
10022,69.0,112.0,1.0
10023,186.0,0.0,1.0
10024,135.0,193.0,1.0
10025,165.0,44.0,1.0
10026,22.0,425.0,1.0
10027,12.0,151.0,1.0
10028,153.0,71.0,1.0
10029,173.0,441.0,1.0
10030,147.0,189.0,1.0
10031,15.0,97.0,1.0
10032,10.0,90.0,1.0
10033,96.0,257.0,1.0
10034,252.0,9.0,1.0
10035,135.0,406.0,1.0
10036,71.0,290.0,1.0
10037,103.0,520.0,1.0
10038,81.0,114.0,1.0
10039,268.0,111.0,1.0
10040,44.0,241.0,1.0
10041,225.0,194.0,1.0
10042,42.0,284.0,1.0
10043,96.0,124.0,1.0
10044,239.0,249.0,1.0
10045,90.0,424.0,1.0
10046,202.0,103.0,1.0
10047,218.0,313.0,1.0
10048,74.0,0.0,1.0
10049,130.0,546.0,1.0
10050,82.0,369.0,1.0
10051,201.0,116.0,1.0
10052,91.0,130.0,1.0
10053,104.0,287.0,1.0
10054,203.0,105.0,1.0
10055,130.0,311.0,1.0
10056,248.0,44.0,1.0
10057,188.0,388.0,1.0
10058,191.0,58.0,1.0
10059,169.0,527.0,1.0
10060,118.0,138.0,1.0
10061,156.0,343.0,1.0
10062,65.0,198.0,1.0
10063,71.0,81.0,1.0
10064,186.0,159.0,1.0
10065,40.0,304.0,1.0
10066,57.0,421.0,1.0
10067,145.0,590.0,1.0
10068,163.0,243.0,1.0
10069,165.0,152.0,1.0
10070,52.0,132.0,1.0
10071,117.0,392.0,1.0
10072,126.0,3.0,1.0
10073,203.0,155.0,1.0
10074,2.0,145.0,1.0
10075,126.0,460.0,1.0
10076,114.0,87.0,1.0
10077,161.0,410.0,1.0
10078,83.0,148.0,1.0
10079,130.0,282.0,1.0
10080,39.0,378.0,1.0
10081,164.0,122.0,1.0
10082,148.0,365.0,1.0
10083,141.0,202.0,1.0
10084,1.0,48.0,1.0
10085,97.0,103.0,1.0
10086,114.0,21.0,1.0
10087,56.0,248.0,1.0
10088,85.0,585.0,1.0
10089,31.0,253.0,1.0
10090,197.0,229.0,1.0
10091,99.0,546.0,1.0
10092,101.0,79.0,1.0
10093,138.0,462.0,1.0
10094,238.0,172.0,1.0
10095,87.0,1.0,1.0
10096,104.0,97.0,1.0
10097,188.0,45.0,1.0
10098,105.0,433.0,1.0
10099,219.0,229.0,1.0
10100,51.0,491.0,1.0
10101,18.0,9.0,1.0
10102,2.0,136.0,1.0
10103,90.0,286.0,1.0
10104,119.0,125.0,1.0
10105,90.0,9.0,1.0
10106,258.0,231.0,1.0
10107,207.0,441.0,1.0
10108,150.0,553.0,1.0
10109,223.0,381.0,1.0
10110,123.0,115.0,1.0
10111,102.0,44.0,1.0
10112,245.0,348.0,1.0
10113,225.0,55.0,1.0
10114,144.0,487.0,1.0
10115,197.0,84.0,1.0
10116,194.0,541.0,1.0
10117,203.0,165.0,1.0
10118,226.0,284.0,1.0
10119,26.0,438.0,1.0
10120,6.0,185.0,1.0
10121,267.0,103.0,1.0
10122,28.0,113.0,1.0
10123,88.0,202.0,1.0
10124,90.0,169.0,1.0
10125,104.0,110.0,1.0
10126,48.0,261.0,1.0
10127,106.0,81.0,1.0
10128,58.0,124.0,1.0
10129,207.0,511.0,1.0
10130,44.0,20.0,1.0
10131,89.0,519.0,1.0
10132,182.0,308.0,1.0
10133,53.0,202.0,1.0
10134,81.0,5.0,1.0
10135,256.0,124.0,1.0
10136,226.0,21.0,1.0
10137,78.0,105.0,1.0
10138,133.0,343.0,1.0
10139,31.0,21.0,1.0
10140,153.0,195.0,1.0
10141,187.0,147.0,1.0
10142,162.0,129.0,1.0
10143,130.0,147.0,1.0
10144,92.0,40.0,1.0
10145,136.0,218.0,1.0
10146,51.0,187.0,1.0
10147,56.0,161.0,1.0
10148,140.0,100.0,1.0
10149,86.0,127.0,1.0
10150,266.0,219.0,1.0
10151,248.0,55.0,1.0
10152,108.0,146.0,1.0
10153,252.0,11.0,1.0
10154,248.0,362.0,1.0
10155,245.0,309.0,1.0
10156,44.0,478.0,1.0
10157,264.0,134.0,1.0
10158,79.0,351.0,1.0
10159,178.0,13.0,1.0
10160,32.0,129.0,1.0
10161,90.0,463.0,1.0
10162,225.0,58.0,1.0
10163,106.0,244.0,1.0
10164,183.0,135.0,1.0
10165,145.0,570.0,1.0
10166,142.0,202.0,1.0
10167,7.0,136.0,1.0
10168,82.0,146.0,1.0
10169,69.0,163.0,1.0
10170,177.0,350.0,1.0
10171,74.0,126.0,1.0
10172,69.0,352.0,1.0
10173,73.0,269.0,1.0
10174,5.0,40.0,1.0
10175,167.0,485.0,1.0
10176,1.0,78.0,1.0
10177,5.0,12.0,1.0
10178,205.0,47.0,1.0
10179,138.0,366.0,1.0
10180,83.0,205.0,1.0
10181,102.0,33.0,1.0
10182,251.0,112.0,1.0
10183,114.0,77.0,1.0
10184,230.0,253.0,1.0
10185,261.0,153.0,1.0
10186,53.0,0.0,1.0
10187,53.0,415.0,1.0
10188,22.0,426.0,1.0
10189,254.0,147.0,1.0
10190,103.0,97.0,1.0
10191,145.0,505.0,1.0
10192,77.0,27.0,1.0
10193,214.0,191.0,1.0
10194,88.0,317.0,1.0
10195,147.0,95.0,1.0
10196,251.0,38.0,1.0
10197,218.0,187.0,1.0
10198,44.0,434.0,1.0
10199,53.0,399.0,1.0
10200,3.0,114.0,1.0
10201,133.0,153.0,1.0
10202,259.0,316.0,1.0
10203,129.0,191.0,1.0
10204,68.0,215.0,1.0
10205,17.0,407.0,1.0
10206,182.0,304.0,1.0
10207,122.0,64.0,1.0
10208,148.0,567.0,1.0
10209,42.0,472.0,1.0
10210,86.0,410.0,1.0
10211,87.0,223.0,1.0
10212,5.0,63.0,1.0
10213,264.0,130.0,1.0
10214,146.0,146.0,1.0
10215,189.0,310.0,1.0
10216,198.0,304.0,1.0
10217,234.0,509.0,1.0
10218,214.0,282.0,1.0
10219,105.0,354.0,1.0
10220,256.0,377.0,1.0
10221,267.0,58.0,1.0
10222,45.0,407.0,1.0
10223,125.0,390.0,1.0
10224,124.0,196.0,1.0
10225,205.0,281.0,1.0
10226,87.0,365.0,1.0
10227,66.0,11.0,1.0
10228,81.0,89.0,1.0
10229,38.0,16.0,1.0
10230,191.0,73.0,1.0
10231,97.0,423.0,1.0
10232,150.0,157.0,1.0
10233,147.0,252.0,1.0
10234,215.0,204.0,1.0
10235,84.0,521.0,1.0
10236,211.0,493.0,1.0
10237,94.0,126.0,1.0
10238,57.0,143.0,1.0
10239,90.0,154.0,1.0
10240,106.0,273.0,1.0
10241,226.0,340.0,1.0
10242,147.0,37.0,1.0
10243,26.0,11.0,1.0
10244,126.0,15.0,1.0
10245,209.0,204.0,1.0
10246,29.0,60.0,1.0
10247,74.0,62.0,1.0
10248,72.0,477.0,1.0
10249,147.0,511.0,1.0
10250,63.0,36.0,1.0
10251,130.0,238.0,1.0
10252,259.0,564.0,1.0
10253,248.0,306.0,1.0
10254,268.0,151.0,1.0
10255,98.0,384.0,1.0
10256,184.0,89.0,1.0
10257,19.0,134.0,1.0
10258,85.0,164.0,1.0
10259,223.0,537.0,1.0
10260,183.0,70.0,1.0
10261,114.0,194.0,1.0
10262,145.0,205.0,1.0
10263,47.0,84.0,1.0
10264,17.0,114.0,1.0
10265,85.0,119.0,1.0
10266,217.0,186.0,1.0
10267,189.0,277.0,1.0
10268,262.0,141.0,1.0
10269,67.0,287.0,1.0
10270,102.0,76.0,1.0
10271,132.0,526.0,1.0
10272,113.0,237.0,1.0
10273,217.0,388.0,1.0
10274,62.0,536.0,1.0
10275,105.0,247.0,1.0
10276,196.0,58.0,1.0
10277,159.0,382.0,1.0
10278,47.0,100.0,1.0
10279,51.0,388.0,1.0
10280,117.0,305.0,1.0
10281,147.0,29.0,1.0
10282,100.0,205.0,1.0
10283,193.0,51.0,1.0
10284,17.0,86.0,1.0
10285,37.0,109.0,1.0
10286,175.0,257.0,1.0
10287,141.0,167.0,1.0
10288,72.0,539.0,1.0
10289,196.0,50.0,1.0
10290,31.0,247.0,1.0
10291,84.0,511.0,1.0
10292,82.0,138.0,1.0
10293,11.0,90.0,1.0
10294,12.0,103.0,1.0
10295,121.0,214.0,1.0
10296,111.0,158.0,1.0
10297,75.0,335.0,1.0
10298,32.0,126.0,1.0
10299,34.0,143.0,1.0
10300,228.0,54.0,1.0
10301,263.0,54.0,1.0
10302,31.0,31.0,1.0
10303,262.0,109.0,1.0
10304,147.0,274.0,1.0
10305,78.0,207.0,1.0
10306,56.0,323.0,1.0
10307,45.0,326.0,1.0
10308,153.0,47.0,1.0
10309,149.0,12.0,1.0
10310,248.0,112.0,1.0
10311,58.0,89.0,1.0
10312,147.0,339.0,1.0
10313,262.0,11.0,1.0
10314,71.0,218.0,1.0
10315,261.0,320.0,1.0
10316,68.0,574.0,1.0
10317,203.0,136.0,1.0
10318,150.0,25.0,1.0
10319,49.0,391.0,1.0
10320,165.0,411.0,1.0
10321,203.0,89.0,1.0
10322,166.0,357.0,1.0
10323,96.0,273.0,1.0
10324,83.0,230.0,1.0
10325,8.0,237.0,1.0
10326,127.0,110.0,1.0
10327,164.0,152.0,1.0
10328,75.0,62.0,1.0
10329,205.0,350.0,1.0
10330,187.0,7.0,1.0
10331,71.0,175.0,1.0
10332,168.0,134.0,1.0
10333,39.0,125.0,1.0
10334,132.0,91.0,1.0
10335,56.0,304.0,1.0
10336,59.0,221.0,1.0
10337,186.0,428.0,1.0
10338,49.0,22.0,1.0
10339,156.0,191.0,1.0
10340,55.0,120.0,1.0
10341,42.0,205.0,1.0
10342,103.0,51.0,1.0
10343,122.0,419.0,1.0
10344,226.0,376.0,1.0
10345,158.0,62.0,1.0
10346,156.0,130.0,1.0
10347,84.0,502.0,1.0
10348,87.0,348.0,1.0
10349,215.0,80.0,1.0
10350,108.0,326.0,1.0
10351,208.0,52.0,1.0
10352,204.0,239.0,1.0
10353,160.0,208.0,1.0
10354,175.0,568.0,1.0
10355,65.0,262.0,1.0
10356,222.0,241.0,1.0
10357,56.0,271.0,1.0
10358,113.0,247.0,1.0
10359,98.0,222.0,1.0
10360,108.0,298.0,1.0
10361,229.0,412.0,1.0
10362,99.0,12.0,1.0
10363,259.0,125.0,1.0
10364,102.0,302.0,1.0
10365,121.0,82.0,1.0
10366,185.0,127.0,1.0
10367,223.0,411.0,1.0
10368,20.0,146.0,1.0
10369,158.0,227.0,1.0
10370,199.0,580.0,1.0
10371,35.0,178.0,1.0
10372,37.0,293.0,1.0
10373,186.0,475.0,1.0
10374,2.0,101.0,1.0
10375,44.0,3.0,1.0
10376,136.0,79.0,1.0
10377,130.0,241.0,1.0
10378,96.0,104.0,1.0
10379,203.0,252.0,1.0
10380,207.0,237.0,1.0
10381,256.0,487.0,1.0
10382,126.0,205.0,1.0
10383,98.0,226.0,1.0
10384,105.0,388.0,1.0
10385,165.0,167.0,1.0
10386,267.0,47.0,1.0
10387,60.0,504.0,1.0
10388,263.0,89.0,1.0
10389,113.0,59.0,1.0
10390,116.0,268.0,1.0
10391,208.0,378.0,1.0
10392,147.0,52.0,1.0
10393,227.0,578.0,1.0
10394,133.0,175.0,1.0
10395,223.0,29.0,1.0
10396,135.0,416.0,1.0
10397,116.0,20.0,1.0
10398,113.0,12.0,1.0
10399,104.0,50.0,1.0
10400,17.0,194.0,1.0
10401,136.0,97.0,1.0
10402,261.0,11.0,1.0
10403,132.0,59.0,1.0
10404,74.0,302.0,1.0
10405,171.0,47.0,1.0
10406,262.0,66.0,1.0
10407,37.0,57.0,1.0
10408,136.0,569.0,1.0
10409,79.0,466.0,1.0
10410,128.0,156.0,1.0
10411,43.0,384.0,1.0
10412,149.0,63.0,1.0
10413,196.0,219.0,1.0
10414,2.0,123.0,1.0
10415,149.0,496.0,1.0
10416,172.0,43.0,1.0
10417,87.0,331.0,1.0
10418,217.0,96.0,1.0
10419,72.0,287.0,1.0
10420,214.0,145.0,1.0
10421,71.0,5.0,1.0
10422,104.0,493.0,1.0
10423,177.0,203.0,1.0
10424,218.0,61.0,1.0
10425,226.0,87.0,1.0
10426,208.0,475.0,1.0
10427,134.0,66.0,1.0
10428,67.0,554.0,1.0
10429,253.0,298.0,1.0
10430,245.0,314.0,1.0
10431,233.0,118.0,1.0
10432,175.0,161.0,1.0
10433,117.0,504.0,1.0
10434,39.0,49.0,1.0
10435,164.0,383.0,1.0
10436,5.0,122.0,1.0
10437,227.0,7.0,1.0
10438,18.0,155.0,1.0
10439,156.0,379.0,1.0
10440,13.0,342.0,1.0
10441,135.0,223.0,1.0
10442,1.0,74.0,1.0
10443,128.0,332.0,1.0
10444,10.0,225.0,1.0
10445,77.0,221.0,1.0
10446,183.0,590.0,1.0
10447,8.0,64.0,1.0
10448,44.0,194.0,1.0
10449,110.0,61.0,1.0
10450,87.0,561.0,1.0
10451,65.0,474.0,1.0
10452,217.0,393.0,1.0
10453,193.0,501.0,1.0
10454,9.0,284.0,1.0
10455,183.0,445.0,1.0
10456,164.0,356.0,1.0
10457,105.0,16.0,1.0
10458,53.0,356.0,1.0
10459,185.0,39.0,1.0
10460,153.0,80.0,1.0
10461,178.0,122.0,1.0
10462,254.0,434.0,1.0
10463,104.0,482.0,1.0
10464,168.0,106.0,1.0
10465,52.0,386.0,1.0
10466,256.0,248.0,1.0
10467,102.0,106.0,1.0
10468,123.0,278.0,1.0
10469,117.0,190.0,1.0
10470,233.0,397.0,1.0
10471,115.0,8.0,1.0
10472,147.0,235.0,1.0
10473,223.0,191.0,1.0
10474,246.0,31.0,1.0
10475,153.0,425.0,1.0
10476,194.0,581.0,1.0
10477,127.0,124.0,1.0
10478,2.0,44.0,1.0
10479,261.0,20.0,1.0
10480,181.0,408.0,1.0
10481,104.0,224.0,1.0
10482,223.0,43.0,1.0
10483,81.0,413.0,1.0
10484,260.0,213.0,1.0
10485,87.0,260.0,1.0
10486,218.0,179.0,1.0
10487,205.0,386.0,1.0
10488,104.0,491.0,1.0
10489,103.0,9.0,1.0
10490,202.0,123.0,1.0
10491,60.0,52.0,1.0
10492,74.0,160.0,1.0
10493,159.0,337.0,1.0
10494,245.0,204.0,1.0
10495,145.0,470.0,1.0
10496,211.0,40.0,1.0
10497,183.0,27.0,1.0
10498,51.0,181.0,1.0
10499,165.0,354.0,1.0
10500,141.0,230.0,1.0
10501,51.0,228.0,1.0
10502,90.0,212.0,1.0
10503,175.0,395.0,1.0
10504,75.0,585.0,1.0
10505,226.0,524.0,1.0
10506,78.0,126.0,1.0
10507,103.0,509.0,1.0
10508,65.0,68.0,1.0
10509,5.0,189.0,1.0
10510,34.0,45.0,1.0
10511,129.0,36.0,1.0
10512,83.0,124.0,1.0
10513,15.0,253.0,1.0
10514,75.0,266.0,1.0
10515,131.0,177.0,1.0
10516,19.0,90.0,1.0
10517,135.0,189.0,1.0
10518,223.0,39.0,1.0
10519,236.0,21.0,1.0
10520,223.0,367.0,1.0
10521,44.0,180.0,1.0
10522,75.0,460.0,1.0
10523,182.0,174.0,1.0
10524,130.0,60.0,1.0
10525,106.0,127.0,1.0
10526,116.0,491.0,1.0
10527,130.0,223.0,1.0
10528,75.0,489.0,1.0
10529,132.0,224.0,1.0
10530,189.0,47.0,1.0
10531,102.0,130.0,1.0
10532,71.0,417.0,1.0
10533,116.0,399.0,1.0
10534,178.0,119.0,1.0
10535,89.0,91.0,1.0
10536,87.0,579.0,1.0
10537,94.0,118.0,1.0
10538,9.0,39.0,1.0
10539,262.0,572.0,1.0
10540,35.0,81.0,1.0
10541,208.0,47.0,1.0
10542,206.0,190.0,1.0
10543,107.0,469.0,1.0
10544,135.0,222.0,1.0
10545,147.0,178.0,1.0
10546,245.0,221.0,1.0
10547,182.0,6.0,1.0
10548,214.0,216.0,1.0
10549,189.0,12.0,1.0
10550,51.0,150.0,1.0
10551,180.0,424.0,1.0
10552,104.0,510.0,1.0
10553,52.0,177.0,1.0
10554,113.0,74.0,1.0
10555,124.0,256.0,1.0
10556,75.0,179.0,1.0
10557,65.0,7.0,1.0
10558,42.0,49.0,1.0
10559,212.0,195.0,1.0
10560,217.0,415.0,1.0
10561,12.0,318.0,1.0
10562,162.0,328.0,1.0
10563,189.0,510.0,1.0
10564,133.0,310.0,1.0
10565,173.0,256.0,1.0
10566,75.0,80.0,1.0
10567,44.0,427.0,1.0
10568,159.0,146.0,1.0
10569,134.0,387.0,1.0
10570,80.0,540.0,1.0
10571,147.0,502.0,1.0
10572,85.0,77.0,1.0
10573,185.0,518.0,1.0
10574,183.0,86.0,1.0
10575,37.0,113.0,1.0
10576,114.0,111.0,1.0
10577,149.0,407.0,1.0
10578,234.0,411.0,1.0
10579,145.0,58.0,1.0
10580,202.0,44.0,1.0
10581,22.0,63.0,1.0
10582,232.0,27.0,1.0
10583,205.0,449.0,1.0
10584,229.0,311.0,1.0
10585,127.0,260.0,1.0
10586,28.0,64.0,1.0
10587,122.0,99.0,1.0
10588,256.0,386.0,1.0
10589,186.0,421.0,1.0
10590,74.0,89.0,1.0
10591,158.0,96.0,1.0
10592,71.0,206.0,1.0
10593,266.0,7.0,1.0
10594,116.0,103.0,1.0
10595,217.0,4.0,1.0
10596,107.0,542.0,1.0
10597,133.0,121.0,1.0
10598,141.0,89.0,1.0
10599,11.0,287.0,1.0
10600,223.0,44.0,1.0
10601,102.0,301.0,1.0
10602,266.0,112.0,1.0
10603,154.0,92.0,1.0
10604,109.0,86.0,1.0
10605,136.0,180.0,1.0
10606,64.0,175.0,1.0
10607,120.0,492.0,1.0
10608,201.0,470.0,1.0
10609,268.0,130.0,1.0
10610,261.0,134.0,1.0
10611,52.0,528.0,1.0
10612,182.0,393.0,1.0
10613,191.0,316.0,1.0
10614,97.0,5.0,1.0
10615,84.0,305.0,1.0
10616,134.0,245.0,1.0
10617,188.0,25.0,1.0
10618,147.0,448.0,1.0
10619,56.0,59.0,1.0
10620,259.0,59.0,1.0
10621,48.0,114.0,1.0
10622,221.0,147.0,1.0
10623,228.0,198.0,1.0
10624,175.0,538.0,1.0
10625,173.0,20.0,1.0
10626,126.0,474.0,1.0
10627,209.0,194.0,1.0
10628,54.0,76.0,1.0
10629,81.0,45.0,1.0
10630,60.0,379.0,1.0
10631,262.0,388.0,1.0
10632,138.0,191.0,1.0
10633,185.0,253.0,1.0
10634,186.0,535.0,1.0
10635,100.0,194.0,1.0
10636,130.0,0.0,1.0
10637,147.0,146.0,1.0
10638,223.0,438.0,1.0
10639,65.0,205.0,1.0
10640,87.0,203.0,1.0
10641,135.0,61.0,1.0
10642,211.0,356.0,1.0
10643,130.0,204.0,1.0
10644,242.0,175.0,1.0
10645,145.0,217.0,1.0
10646,197.0,321.0,1.0
10647,61.0,50.0,1.0
10648,183.0,73.0,1.0
10649,20.0,134.0,1.0
10650,156.0,411.0,1.0
10651,162.0,316.0,1.0
10652,211.0,157.0,1.0
10653,82.0,509.0,1.0
10654,57.0,547.0,1.0
10655,223.0,202.0,1.0
10656,234.0,372.0,1.0
10657,124.0,128.0,1.0
10658,188.0,24.0,1.0
10659,234.0,393.0,1.0
10660,239.0,111.0,1.0
10661,159.0,202.0,1.0
10662,74.0,341.0,1.0
10663,82.0,180.0,1.0
10664,183.0,341.0,1.0
10665,107.0,133.0,1.0
10666,234.0,100.0,1.0
10667,193.0,164.0,1.0
10668,131.0,87.0,1.0
10669,57.0,286.0,1.0
10670,89.0,59.0,1.0
10671,207.0,222.0,1.0
10672,141.0,61.0,1.0
10673,133.0,241.0,1.0
10674,82.0,329.0,1.0
10675,156.0,35.0,1.0
10676,89.0,420.0,1.0
10677,45.0,206.0,1.0
10678,45.0,159.0,1.0
10679,136.0,36.0,1.0
10680,128.0,47.0,1.0
10681,144.0,188.0,1.0
10682,225.0,26.0,1.0
10683,104.0,140.0,1.0
10684,105.0,351.0,1.0
10685,56.0,239.0,1.0
10686,81.0,96.0,1.0
10687,12.0,36.0,1.0
10688,226.0,377.0,1.0
10689,74.0,1.0,1.0
10690,203.0,293.0,1.0
10691,153.0,547.0,1.0
10692,238.0,395.0,1.0
10693,130.0,352.0,1.0
10694,163.0,90.0,1.0
10695,57.0,494.0,1.0
10696,217.0,141.0,1.0
10697,262.0,500.0,1.0
10698,87.0,186.0,1.0
10699,128.0,58.0,1.0
10700,71.0,100.0,1.0
10701,81.0,276.0,1.0
10702,108.0,73.0,1.0
10703,192.0,295.0,1.0
10704,79.0,197.0,1.0
10705,207.0,572.0,1.0
10706,185.0,527.0,1.0
10707,134.0,253.0,1.0
10708,147.0,208.0,1.0
10709,135.0,547.0,1.0
10710,133.0,378.0,1.0
10711,101.0,256.0,1.0
10712,49.0,309.0,1.0
10713,207.0,372.0,1.0
10714,10.0,158.0,1.0
10715,90.0,331.0,1.0
10716,122.0,578.0,1.0
10717,63.0,39.0,1.0
10718,51.0,145.0,1.0
10719,127.0,253.0,1.0
10720,165.0,273.0,1.0
10721,147.0,358.0,1.0
10722,172.0,70.0,1.0
10723,189.0,11.0,1.0
10724,58.0,290.0,1.0
10725,122.0,425.0,1.0
10726,223.0,196.0,1.0
10727,145.0,224.0,1.0
10728,183.0,503.0,1.0
10729,203.0,191.0,1.0
10730,223.0,109.0,1.0
10731,151.0,146.0,1.0
10732,179.0,391.0,1.0
10733,123.0,126.0,1.0
10734,194.0,532.0,1.0
10735,100.0,196.0,1.0
10736,147.0,312.0,1.0
10737,115.0,360.0,1.0
10738,248.0,285.0,1.0
10739,88.0,230.0,1.0
10740,65.0,200.0,1.0
10741,69.0,135.0,1.0
10742,175.0,225.0,1.0
10743,48.0,356.0,1.0
10744,62.0,220.0,1.0
10745,178.0,161.0,1.0
10746,136.0,454.0,1.0
10747,129.0,127.0,1.0
10748,5.0,214.0,1.0
10749,178.0,295.0,1.0
10750,182.0,532.0,1.0
10751,32.0,362.0,1.0
10752,87.0,166.0,1.0
10753,205.0,378.0,1.0
10754,175.0,467.0,1.0
10755,166.0,407.0,1.0
10756,47.0,464.0,1.0
10757,99.0,530.0,1.0
10758,266.0,410.0,1.0
10759,13.0,337.0,1.0
10760,25.0,146.0,1.0
10761,40.0,57.0,1.0
10762,205.0,194.0,1.0
10763,167.0,580.0,1.0
10764,56.0,156.0,1.0
10765,199.0,554.0,1.0
10766,67.0,424.0,1.0
10767,195.0,145.0,1.0
10768,242.0,81.0,1.0
10769,162.0,242.0,1.0
10770,123.0,277.0,1.0
10771,178.0,77.0,1.0
10772,93.0,133.0,1.0
10773,256.0,407.0,1.0
10774,85.0,50.0,1.0
10775,126.0,190.0,1.0
10776,266.0,130.0,1.0
10777,81.0,62.0,1.0
10778,149.0,238.0,1.0
10779,130.0,444.0,1.0
10780,97.0,12.0,1.0
10781,69.0,482.0,1.0
10782,223.0,209.0,1.0
10783,203.0,415.0,1.0
10784,81.0,26.0,1.0
10785,128.0,246.0,1.0
10786,158.0,3.0,1.0
10787,48.0,502.0,1.0
10788,87.0,122.0,1.0
10789,105.0,459.0,1.0
10790,205.0,57.0,1.0
10791,25.0,306.0,1.0
10792,58.0,58.0,1.0
10793,231.0,556.0,1.0
10794,87.0,495.0,1.0
10795,226.0,69.0,1.0
10796,31.0,146.0,1.0
10797,167.0,10.0,1.0
10798,147.0,306.0,1.0
10799,102.0,540.0,1.0
10800,130.0,186.0,1.0
10801,156.0,243.0,1.0
10802,206.0,213.0,1.0
10803,267.0,92.0,1.0
10804,191.0,146.0,1.0
10805,181.0,111.0,1.0
10806,82.0,84.0,1.0
10807,225.0,65.0,1.0
10808,176.0,227.0,1.0
10809,9.0,38.0,1.0
10810,69.0,175.0,1.0
10811,251.0,111.0,1.0
10812,195.0,241.0,1.0
10813,68.0,89.0,1.0
10814,52.0,136.0,1.0
10815,195.0,25.0,1.0
10816,158.0,464.0,1.0
10817,214.0,284.0,1.0
10818,96.0,91.0,1.0
10819,229.0,191.0,1.0
10820,171.0,394.0,1.0
10821,118.0,293.0,1.0
10822,133.0,194.0,1.0
10823,169.0,576.0,1.0
10824,261.0,178.0,1.0
10825,8.0,39.0,1.0
10826,153.0,392.0,1.0
10827,157.0,104.0,1.0
10828,59.0,231.0,1.0
10829,149.0,154.0,1.0
10830,86.0,49.0,1.0
10831,39.0,12.0,1.0
10832,162.0,201.0,1.0
10833,52.0,224.0,1.0
10834,9.0,274.0,1.0
10835,51.0,130.0,1.0
10836,123.0,434.0,1.0
10837,246.0,113.0,1.0
10838,52.0,455.0,1.0
10839,245.0,391.0,1.0
10840,189.0,226.0,1.0
10841,207.0,296.0,1.0
10842,132.0,126.0,1.0
10843,32.0,320.0,1.0
10844,158.0,379.0,1.0
10845,116.0,65.0,1.0
10846,191.0,314.0,1.0
10847,136.0,266.0,1.0
10848,159.0,100.0,1.0
10849,37.0,300.0,1.0
10850,174.0,476.0,1.0
10851,185.0,338.0,1.0
10852,65.0,52.0,1.0
10853,16.0,130.0,1.0
10854,84.0,222.0,1.0
10855,136.0,228.0,1.0
10856,102.0,178.0,1.0
10857,69.0,399.0,1.0
10858,69.0,122.0,1.0
10859,48.0,450.0,1.0
10860,102.0,22.0,1.0
10861,126.0,360.0,1.0
10862,102.0,285.0,1.0
10863,178.0,535.0,1.0
10864,148.0,94.0,1.0
10865,121.0,456.0,1.0
10866,208.0,63.0,1.0
10867,117.0,513.0,1.0
10868,149.0,346.0,1.0
10869,226.0,32.0,1.0
10870,87.0,356.0,1.0
10871,82.0,465.0,1.0
10872,90.0,289.0,1.0
10873,217.0,425.0,1.0
10874,248.0,426.0,1.0
10875,147.0,30.0,1.0
10876,182.0,431.0,1.0
10877,82.0,238.0,1.0
10878,68.0,520.0,1.0
10879,81.0,190.0,1.0
10880,167.0,130.0,1.0
10881,81.0,36.0,1.0
10882,200.0,89.0,1.0
10883,228.0,35.0,1.0
10884,230.0,374.0,1.0
10885,232.0,462.0,1.0
10886,18.0,150.0,1.0
10887,129.0,581.0,1.0
10888,263.0,203.0,1.0
10889,61.0,164.0,1.0
10890,21.0,120.0,1.0
10891,29.0,35.0,1.0
10892,3.0,154.0,1.0
10893,141.0,10.0,1.0
10894,81.0,365.0,1.0
10895,119.0,48.0,1.0
10896,114.0,19.0,1.0
10897,43.0,21.0,1.0
10898,192.0,204.0,1.0
10899,158.0,89.0,1.0
10900,132.0,423.0,1.0
10901,223.0,404.0,1.0
10902,109.0,20.0,1.0
10903,128.0,255.0,1.0
10904,181.0,112.0,1.0
10905,79.0,126.0,1.0
10906,47.0,204.0,1.0
10907,164.0,205.0,1.0
10908,178.0,97.0,1.0
10909,191.0,36.0,1.0
10910,183.0,236.0,1.0
10911,56.0,47.0,1.0
10912,147.0,554.0,1.0
10913,165.0,545.0,1.0
10914,64.0,264.0,1.0
10915,261.0,110.0,1.0
10916,248.0,300.0,1.0
10917,129.0,474.0,1.0
10918,123.0,280.0,1.0
10919,86.0,145.0,1.0
10920,67.0,212.0,1.0
10921,256.0,475.0,1.0
10922,2.0,122.0,1.0
10923,207.0,51.0,1.0
10924,67.0,241.0,1.0
10925,207.0,52.0,1.0
10926,66.0,544.0,1.0
10927,46.0,378.0,1.0
10928,92.0,39.0,1.0
10929,35.0,303.0,1.0
10930,116.0,233.0,1.0
10931,227.0,463.0,1.0
10932,266.0,320.0,1.0
10933,136.0,194.0,1.0
10934,232.0,38.0,1.0
10935,192.0,236.0,1.0
10936,124.0,194.0,1.0
10937,89.0,52.0,1.0
10938,104.0,113.0,1.0
10939,26.0,58.0,1.0
10940,236.0,474.0,1.0
10941,15.0,40.0,1.0
10942,13.0,59.0,1.0
10943,42.0,473.0,1.0
10944,218.0,36.0,1.0
10945,104.0,146.0,1.0
10946,88.0,35.0,1.0
10947,158.0,198.0,1.0
10948,227.0,197.0,1.0
10949,126.0,287.0,1.0
10950,211.0,62.0,1.0
10951,195.0,256.0,1.0
10952,31.0,170.0,1.0
10953,259.0,223.0,1.0
10954,198.0,61.0,1.0
10955,97.0,394.0,1.0
10956,132.0,204.0,1.0
10957,259.0,472.0,1.0
10958,82.0,24.0,1.0
10959,18.0,101.0,1.0
10960,187.0,382.0,1.0
10961,90.0,452.0,1.0
10962,262.0,0.0,1.0
10963,78.0,566.0,1.0
10964,67.0,85.0,1.0
10965,11.0,220.0,1.0
10966,248.0,266.0,1.0
10967,42.0,204.0,1.0
10968,237.0,103.0,1.0
10969,136.0,20.0,1.0
10970,191.0,337.0,1.0
10971,145.0,131.0,1.0
10972,5.0,215.0,1.0
10973,32.0,304.0,1.0
10974,162.0,114.0,1.0
10975,97.0,39.0,1.0
10976,178.0,83.0,1.0
10977,116.0,578.0,1.0
10978,178.0,496.0,1.0
10979,84.0,72.0,1.0
10980,145.0,380.0,1.0
10981,82.0,134.0,1.0
10982,165.0,191.0,1.0
10983,22.0,303.0,1.0
10984,95.0,58.0,1.0
10985,106.0,426.0,1.0
10986,115.0,428.0,1.0
10987,57.0,66.0,1.0
10988,231.0,103.0,1.0
10989,178.0,307.0,1.0
10990,189.0,104.0,1.0
10991,116.0,70.0,1.0
10992,239.0,104.0,1.0
10993,149.0,398.0,1.0
10994,87.0,51.0,1.0
10995,94.0,394.0,1.0
10996,15.0,170.0,1.0
10997,248.0,222.0,1.0
10998,39.0,231.0,1.0
10999,118.0,382.0,1.0
11000,62.0,125.0,1.0
11001,147.0,460.0,1.0
11002,230.0,379.0,1.0
11003,102.0,585.0,1.0
11004,52.0,277.0,1.0
11005,223.0,216.0,1.0
11006,5.0,89.0,1.0
11007,150.0,194.0,1.0
11008,31.0,35.0,1.0
11009,9.0,275.0,1.0
11010,128.0,252.0,1.0
11011,207.0,97.0,1.0
11012,150.0,58.0,1.0
11013,225.0,19.0,1.0
11014,117.0,236.0,1.0
11015,3.0,24.0,1.0
11016,248.0,360.0,1.0
11017,216.0,164.0,1.0
11018,126.0,377.0,1.0
11019,215.0,292.0,1.0
11020,116.0,273.0,1.0
11021,138.0,343.0,1.0
11022,231.0,342.0,1.0
11023,189.0,523.0,1.0
11024,91.0,193.0,1.0
11025,243.0,104.0,1.0
11026,146.0,50.0,1.0
11027,257.0,77.0,1.0
11028,171.0,126.0,1.0
11029,39.0,117.0,1.0
11030,64.0,131.0,1.0
11031,175.0,337.0,1.0
11032,87.0,99.0,1.0
11033,44.0,476.0,1.0
11034,108.0,120.0,1.0
11035,180.0,223.0,1.0
11036,97.0,148.0,1.0
11037,51.0,49.0,1.0
11038,248.0,295.0,1.0
11039,83.0,247.0,1.0
11040,25.0,54.0,1.0
11041,13.0,203.0,1.0
11042,26.0,379.0,1.0
11043,87.0,418.0,1.0
11044,144.0,7.0,1.0
11045,211.0,89.0,1.0
11046,191.0,136.0,1.0
11047,168.0,0.0,1.0
11048,205.0,361.0,1.0
11049,38.0,40.0,1.0
11050,12.0,322.0,1.0
11051,197.0,191.0,1.0
11052,75.0,81.0,1.0
11053,19.0,150.0,1.0
11054,38.0,29.0,1.0
11055,145.0,116.0,1.0
11056,200.0,201.0,1.0
11057,102.0,277.0,1.0
11058,221.0,191.0,1.0
11059,194.0,143.0,1.0
11060,175.0,208.0,1.0
11061,207.0,428.0,1.0
11062,233.0,252.0,1.0
11063,93.0,407.0,1.0
11064,204.0,143.0,1.0
11065,135.0,399.0,1.0
11066,112.0,282.0,1.0
11067,87.0,106.0,1.0
11068,105.0,104.0,1.0
11069,52.0,77.0,1.0
11070,134.0,32.0,1.0
11071,181.0,38.0,1.0
11072,183.0,561.0,1.0
11073,86.0,262.0,1.0
11074,82.0,83.0,1.0
11075,79.0,111.0,1.0
11076,183.0,491.0,1.0
11077,71.0,49.0,1.0
11078,191.0,298.0,1.0
11079,84.0,53.0,1.0
11080,167.0,362.0,1.0
11081,227.0,332.0,1.0
11082,22.0,153.0,1.0
11083,125.0,124.0,1.0
11084,143.0,236.0,1.0
11085,147.0,35.0,1.0
11086,107.0,571.0,1.0
11087,126.0,191.0,1.0
11088,195.0,286.0,1.0
11089,153.0,356.0,1.0
11090,245.0,23.0,1.0
11091,162.0,307.0,1.0
11092,178.0,193.0,1.0
11093,197.0,521.0,1.0
11094,59.0,219.0,1.0
11095,207.0,555.0,1.0
11096,219.0,150.0,1.0
11097,87.0,74.0,1.0
11098,191.0,240.0,1.0
11099,50.0,297.0,1.0
11100,78.0,504.0,1.0
11101,147.0,571.0,1.0
11102,23.0,434.0,1.0
11103,57.0,255.0,1.0
11104,149.0,420.0,1.0
11105,138.0,67.0,1.0
11106,56.0,193.0,1.0
11107,189.0,127.0,1.0
11108,105.0,398.0,1.0
11109,15.0,78.0,1.0
11110,162.0,157.0,1.0
11111,136.0,150.0,1.0
11112,5.0,138.0,1.0
11113,171.0,135.0,1.0
11114,117.0,218.0,1.0
11115,26.0,289.0,1.0
11116,98.0,136.0,1.0
11117,87.0,113.0,1.0
11118,194.0,388.0,1.0
11119,117.0,131.0,1.0
11120,91.0,182.0,1.0
11121,105.0,100.0,1.0
11122,120.0,116.0,1.0
11123,147.0,60.0,1.0
11124,81.0,118.0,1.0
11125,60.0,284.0,1.0
11126,1.0,75.0,1.0
11127,59.0,189.0,1.0
11128,209.0,119.0,1.0
11129,167.0,106.0,1.0
11130,104.0,282.0,1.0
11131,223.0,19.0,1.0
11132,86.0,196.0,1.0
11133,145.0,36.0,1.0
11134,74.0,327.0,1.0
11135,178.0,371.0,1.0
11136,217.0,504.0,1.0
11137,1.0,55.0,1.0
11138,64.0,560.0,1.0
11139,164.0,100.0,1.0
11140,249.0,45.0,1.0
11141,145.0,12.0,1.0
11142,117.0,569.0,1.0
11143,10.0,113.0,1.0
11144,248.0,73.0,1.0
11145,176.0,3.0,1.0
11146,56.0,149.0,1.0
11147,89.0,222.0,1.0
11148,100.0,111.0,1.0
11149,30.0,44.0,1.0
11150,81.0,479.0,1.0
11151,75.0,553.0,1.0
11152,104.0,44.0,1.0
11153,129.0,104.0,1.0
11154,217.0,241.0,1.0
11155,132.0,63.0,1.0
11156,87.0,594.0,1.0
11157,81.0,47.0,1.0
11158,223.0,504.0,1.0
11159,266.0,35.0,1.0
11160,82.0,12.0,1.0
11161,89.0,12.0,1.0
11162,239.0,351.0,1.0
11163,145.0,567.0,1.0
11164,87.0,213.0,1.0
11165,84.0,81.0,1.0
11166,90.0,190.0,1.0
11167,42.0,202.0,1.0
11168,25.0,103.0,1.0
11169,130.0,103.0,1.0
11170,79.0,280.0,1.0
11171,56.0,351.0,1.0
11172,178.0,381.0,1.0
11173,88.0,62.0,1.0
11174,52.0,207.0,1.0
11175,56.0,28.0,1.0
11176,156.0,36.0,1.0
11177,56.0,103.0,1.0
11178,249.0,110.0,1.0
11179,56.0,84.0,1.0
11180,189.0,315.0,1.0
11181,211.0,563.0,1.0
11182,222.0,114.0,1.0
11183,126.0,224.0,1.0
11184,191.0,213.0,1.0
11185,102.0,89.0,1.0
11186,65.0,197.0,1.0
11187,218.0,32.0,1.0
11188,225.0,33.0,1.0
11189,129.0,66.0,1.0
11190,173.0,259.0,1.0
11191,148.0,310.0,1.0
11192,21.0,11.0,1.0
11193,104.0,23.0,1.0
11194,175.0,577.0,1.0
11195,218.0,397.0,1.0
11196,44.0,391.0,1.0
11197,124.0,89.0,1.0
11198,261.0,94.0,1.0
11199,92.0,215.0,1.0
11200,197.0,181.0,1.0
11201,56.0,395.0,1.0
11202,63.0,399.0,1.0
11203,64.0,566.0,1.0
11204,89.0,399.0,1.0
11205,183.0,119.0,1.0
11206,202.0,156.0,1.0
11207,104.0,152.0,1.0
11208,136.0,388.0,1.0
11209,165.0,107.0,1.0
11210,44.0,486.0,1.0
11211,17.0,138.0,1.0
11212,166.0,368.0,1.0
11213,233.0,59.0,1.0
11214,185.0,327.0,1.0
11215,179.0,92.0,1.0
11216,147.0,247.0,1.0
11217,164.0,297.0,1.0
11218,217.0,194.0,1.0
11219,96.0,66.0,1.0
11220,42.0,474.0,1.0
11221,183.0,12.0,1.0
11222,178.0,578.0,1.0
11223,212.0,407.0,1.0
11224,236.0,362.0,1.0
11225,200.0,179.0,1.0
11226,177.0,332.0,1.0
11227,223.0,193.0,1.0
11228,16.0,308.0,1.0
11229,183.0,1.0,1.0
11230,56.0,124.0,1.0
11231,145.0,337.0,1.0
11232,225.0,567.0,1.0
11233,223.0,466.0,1.0
11234,29.0,56.0,1.0
11235,89.0,227.0,1.0
11236,196.0,352.0,1.0
11237,71.0,112.0,1.0
11238,53.0,47.0,1.0
11239,75.0,64.0,1.0
11240,249.0,150.0,1.0
11241,248.0,443.0,1.0
11242,34.0,163.0,1.0
11243,202.0,155.0,1.0
11244,56.0,286.0,1.0
11245,82.0,497.0,1.0
11246,202.0,48.0,1.0
11247,82.0,59.0,1.0
11248,86.0,223.0,1.0
11249,160.0,97.0,1.0
11250,161.0,57.0,1.0
11251,218.0,445.0,1.0
11252,5.0,39.0,1.0
11253,16.0,363.0,1.0
11254,249.0,165.0,1.0
11255,210.0,378.0,1.0
11256,217.0,148.0,1.0
11257,156.0,492.0,1.0
11258,0.0,0.0,1.0
11259,164.0,226.0,1.0
11260,117.0,125.0,1.0
11261,158.0,239.0,1.0
11262,171.0,192.0,1.0
11263,246.0,326.0,1.0
11264,44.0,491.0,1.0
11265,248.0,213.0,1.0
11266,52.0,403.0,1.0
11267,207.0,73.0,1.0
11268,243.0,100.0,1.0
11269,2.0,107.0,1.0
11270,268.0,84.0,1.0
11271,65.0,152.0,1.0
11272,223.0,558.0,1.0
11273,178.0,324.0,1.0
11274,264.0,41.0,1.0
11275,209.0,469.0,1.0
11276,256.0,388.0,1.0
11277,147.0,206.0,1.0
11278,223.0,146.0,1.0
11279,242.0,3.0,1.0
11280,86.0,360.0,1.0
11281,52.0,44.0,1.0
11282,257.0,348.0,1.0
11283,31.0,241.0,1.0
11284,90.0,143.0,1.0
11285,200.0,20.0,1.0
11286,56.0,96.0,1.0
11287,5.0,211.0,1.0
11288,156.0,103.0,1.0
11289,258.0,141.0,1.0
11290,224.0,128.0,1.0
11291,211.0,54.0,1.0
11292,147.0,182.0,1.0
11293,213.0,120.0,1.0
11294,29.0,281.0,1.0
11295,164.0,8.0,1.0
11296,90.0,332.0,1.0
11297,180.0,78.0,1.0
11298,195.0,0.0,1.0
11299,78.0,61.0,1.0
11300,144.0,557.0,1.0
11301,62.0,138.0,1.0
11302,189.0,148.0,1.0
11303,209.0,430.0,1.0
11304,65.0,204.0,1.0
11305,85.0,448.0,1.0
11306,225.0,21.0,1.0
11307,205.0,196.0,1.0
11308,98.0,137.0,1.0
11309,52.0,131.0,1.0
11310,145.0,506.0,1.0
11311,178.0,22.0,1.0
11312,71.0,137.0,1.0
11313,171.0,159.0,1.0
11314,44.0,81.0,1.0
11315,133.0,138.0,1.0
11316,98.0,89.0,1.0
11317,228.0,45.0,1.0
11318,226.0,161.0,1.0
11319,98.0,279.0,1.0
11320,149.0,116.0,1.0
11321,185.0,266.0,1.0
11322,92.0,203.0,1.0
11323,123.0,120.0,1.0
11324,186.0,310.0,1.0
11325,34.0,118.0,1.0
11326,134.0,179.0,1.0
11327,262.0,340.0,1.0
11328,224.0,382.0,1.0
11329,231.0,203.0,1.0
11330,116.0,10.0,1.0
11331,224.0,103.0,1.0
11332,144.0,387.0,1.0
11333,183.0,203.0,1.0
11334,5.0,207.0,1.0
11335,190.0,133.0,1.0
11336,14.0,293.0,1.0
11337,104.0,325.0,1.0
11338,153.0,351.0,1.0
11339,49.0,104.0,1.0
11340,67.0,413.0,1.0
11341,49.0,284.0,1.0
11342,14.0,31.0,1.0
11343,200.0,170.0,1.0
11344,60.0,31.0,1.0
11345,250.0,1.0,1.0
11346,21.0,57.0,1.0
11347,44.0,196.0,1.0
11348,65.0,45.0,1.0
11349,235.0,21.0,1.0
11350,45.0,398.0,1.0
11351,108.0,65.0,1.0
11352,149.0,336.0,1.0
11353,174.0,261.0,1.0
11354,89.0,368.0,1.0
11355,232.0,39.0,1.0
11356,103.0,59.0,1.0
11357,118.0,216.0,1.0
11358,97.0,378.0,1.0
11359,227.0,95.0,1.0
11360,145.0,277.0,1.0
11361,158.0,571.0,1.0
11362,158.0,558.0,1.0
11363,147.0,332.0,1.0
11364,34.0,36.0,1.0
11365,102.0,236.0,1.0
11366,182.0,143.0,1.0
11367,248.0,184.0,1.0
11368,149.0,130.0,1.0
11369,223.0,320.0,1.0
11370,81.0,186.0,1.0
11371,82.0,113.0,1.0
11372,29.0,295.0,1.0
11373,207.0,66.0,1.0
11374,10.0,293.0,1.0
11375,203.0,13.0,1.0
11376,138.0,201.0,1.0
11377,136.0,529.0,1.0
11378,223.0,11.0,1.0
11379,200.0,100.0,1.0
11380,87.0,202.0,1.0
11381,97.0,216.0,1.0
11382,218.0,252.0,1.0
11383,144.0,131.0,1.0
11384,83.0,123.0,1.0
11385,183.0,349.0,1.0
11386,208.0,130.0,1.0
11387,47.0,107.0,1.0
11388,28.0,146.0,1.0
11389,68.0,43.0,1.0
11390,229.0,247.0,1.0
11391,9.0,161.0,1.0
11392,97.0,466.0,1.0
11393,191.0,281.0,1.0
11394,259.0,388.0,1.0
11395,199.0,208.0,1.0
11396,94.0,146.0,1.0
11397,228.0,75.0,1.0
11398,165.0,136.0,1.0
11399,127.0,400.0,1.0
11400,103.0,138.0,1.0
11401,79.0,204.0,1.0
11402,53.0,315.0,1.0
11403,183.0,154.0,1.0
11404,127.0,112.0,1.0
11405,156.0,44.0,1.0
11406,234.0,35.0,1.0
11407,224.0,371.0,1.0
11408,101.0,222.0,1.0
11409,85.0,285.0,1.0
11410,207.0,74.0,1.0
11411,182.0,12.0,1.0
11412,199.0,97.0,1.0
11413,82.0,143.0,1.0
11414,261.0,140.0,1.0
11415,254.0,179.0,1.0
11416,156.0,223.0,1.0
11417,233.0,81.0,1.0
11418,104.0,47.0,1.0
11419,183.0,43.0,1.0
11420,28.0,149.0,1.0
11421,264.0,585.0,1.0
11422,203.0,47.0,1.0
11423,65.0,59.0,1.0
11424,102.0,101.0,1.0
11425,199.0,9.0,1.0
11426,266.0,569.0,1.0
11427,56.0,80.0,1.0
11428,45.0,222.0,1.0
11429,87.0,283.0,1.0
11430,129.0,223.0,1.0
11431,89.0,413.0,1.0
11432,163.0,413.0,1.0
11433,170.0,106.0,1.0
11434,250.0,469.0,1.0
11435,189.0,272.0,1.0
11436,26.0,331.0,1.0
11437,218.0,111.0,1.0
11438,122.0,9.0,1.0
11439,64.0,388.0,1.0
11440,62.0,120.0,1.0
11441,199.0,181.0,1.0
11442,249.0,436.0,1.0
11443,29.0,130.0,1.0
11444,120.0,0.0,1.0
11445,143.0,77.0,1.0
11446,180.0,256.0,1.0
11447,87.0,228.0,1.0
11448,147.0,436.0,1.0
11449,217.0,222.0,1.0
11450,160.0,318.0,1.0
11451,245.0,207.0,1.0
11452,138.0,487.0,1.0
11453,245.0,146.0,1.0
11454,11.0,155.0,1.0
11455,69.0,180.0,1.0
11456,14.0,168.0,1.0
11457,258.0,111.0,1.0
11458,185.0,89.0,1.0
11459,160.0,576.0,1.0
11460,245.0,399.0,1.0
11461,8.0,201.0,1.0
11462,248.0,2.0,1.0
11463,256.0,398.0,1.0
11464,82.0,168.0,1.0
11465,182.0,201.0,1.0
11466,164.0,80.0,1.0
11467,126.0,111.0,1.0
11468,94.0,61.0,1.0
11469,182.0,264.0,1.0
11470,14.0,275.0,1.0
11471,100.0,474.0,1.0
11472,191.0,147.0,1.0
11473,10.0,152.0,1.0
11474,11.0,314.0,1.0
11475,42.0,214.0,1.0
11476,53.0,436.0,1.0
11477,123.0,407.0,1.0
11478,218.0,238.0,1.0
11479,44.0,350.0,1.0
11480,185.0,111.0,1.0
11481,67.0,77.0,1.0
11482,3.0,159.0,1.0
11483,51.0,201.0,1.0
11484,87.0,15.0,1.0
11485,188.0,268.0,1.0
11486,233.0,443.0,1.0
11487,212.0,231.0,1.0
11488,262.0,39.0,1.0
11489,182.0,146.0,1.0
11490,243.0,150.0,1.0
11491,187.0,272.0,1.0
11492,164.0,61.0,1.0
11493,200.0,189.0,1.0
11494,129.0,224.0,1.0
11495,184.0,82.0,1.0
11496,20.0,349.0,1.0
11497,147.0,258.0,1.0
11498,84.0,523.0,1.0
11499,42.0,69.0,1.0
11500,167.0,47.0,1.0
11501,183.0,456.0,1.0
11502,226.0,30.0,1.0
11503,131.0,219.0,1.0
11504,51.0,354.0,1.0
11505,128.0,210.0,1.0
11506,52.0,93.0,1.0
11507,199.0,11.0,1.0
11508,144.0,202.0,1.0
11509,267.0,245.0,1.0
11510,258.0,23.0,1.0
11511,262.0,426.0,1.0
11512,268.0,160.0,1.0
11513,87.0,437.0,1.0
11514,107.0,368.0,1.0
11515,167.0,90.0,1.0
11516,150.0,190.0,1.0
11517,178.0,143.0,1.0
11518,110.0,27.0,1.0
11519,223.0,14.0,1.0
11520,103.0,191.0,1.0
11521,164.0,121.0,1.0
11522,132.0,120.0,1.0
11523,30.0,73.0,1.0
11524,178.0,512.0,1.0
11525,17.0,189.0,1.0
11526,154.0,122.0,1.0
11527,74.0,482.0,1.0
11528,51.0,260.0,1.0
11529,82.0,117.0,1.0
11530,256.0,204.0,1.0
11531,16.0,30.0,1.0
11532,69.0,251.0,1.0
11533,217.0,475.0,1.0
11534,218.0,308.0,1.0
11535,164.0,302.0,1.0
11536,51.0,91.0,1.0
11537,21.0,143.0,1.0
11538,266.0,224.0,1.0
11539,145.0,10.0,1.0
11540,67.0,532.0,1.0
11541,115.0,81.0,1.0
11542,67.0,64.0,1.0
11543,55.0,485.0,1.0
11544,193.0,24.0,1.0
11545,68.0,18.0,1.0
11546,28.0,73.0,1.0
11547,18.0,113.0,1.0
11548,156.0,382.0,1.0
11549,172.0,111.0,1.0
11550,30.0,130.0,1.0
11551,45.0,190.0,1.0
11552,120.0,1.0,1.0
11553,83.0,275.0,1.0
11554,234.0,396.0,1.0
11555,248.0,59.0,1.0
11556,122.0,70.0,1.0
11557,193.0,18.0,1.0
11558,101.0,153.0,1.0
11559,51.0,48.0,1.0
11560,178.0,39.0,1.0
11561,178.0,519.0,1.0
11562,267.0,21.0,1.0
11563,217.0,206.0,1.0
11564,182.0,52.0,1.0
11565,191.0,159.0,1.0
11566,108.0,370.0,1.0
11567,67.0,130.0,1.0
11568,28.0,16.0,1.0
11569,89.0,217.0,1.0
11570,149.0,61.0,1.0
11571,226.0,70.0,1.0
11572,259.0,293.0,1.0
11573,96.0,94.0,1.0
11574,158.0,382.0,1.0
11575,164.0,419.0,1.0
11576,126.0,146.0,1.0
11577,165.0,509.0,1.0
11578,162.0,322.0,1.0
11579,35.0,181.0,1.0
11580,264.0,162.0,1.0
11581,259.0,5.0,1.0
11582,165.0,179.0,1.0
11583,7.0,151.0,1.0
11584,259.0,87.0,1.0
11585,130.0,66.0,1.0
11586,2.0,133.0,1.0
11587,169.0,202.0,1.0
11588,218.0,182.0,1.0
11589,182.0,580.0,1.0
11590,69.0,529.0,1.0
11591,178.0,197.0,1.0
11592,104.0,148.0,1.0
11593,65.0,39.0,1.0
11594,186.0,358.0,1.0
11595,163.0,239.0,1.0
11596,259.0,36.0,1.0
11597,62.0,381.0,1.0
11598,43.0,135.0,1.0
11599,49.0,45.0,1.0
11600,232.0,64.0,1.0
11601,238.0,367.0,1.0
11602,69.0,145.0,1.0
11603,51.0,461.0,1.0
11604,10.0,122.0,1.0
11605,42.0,126.0,1.0
11606,254.0,317.0,1.0
11607,199.0,170.0,1.0
11608,77.0,190.0,1.0
11609,29.0,61.0,1.0
11610,209.0,147.0,1.0
11611,223.0,205.0,1.0
11612,87.0,46.0,1.0
11613,81.0,132.0,1.0
11614,132.0,413.0,1.0
11615,146.0,116.0,1.0
11616,167.0,273.0,1.0
11617,145.0,216.0,1.0
11618,138.0,509.0,1.0
11619,57.0,548.0,1.0
11620,97.0,97.0,1.0
11621,89.0,14.0,1.0
11622,121.0,39.0,1.0
11623,114.0,70.0,1.0
11624,131.0,1.0,1.0
11625,2.0,21.0,1.0
11626,22.0,149.0,1.0
11627,103.0,201.0,1.0
11628,153.0,1.0,1.0
11629,147.0,57.0,1.0
11630,71.0,66.0,1.0
11631,9.0,52.0,1.0
11632,132.0,596.0,1.0
11633,200.0,332.0,1.0
11634,149.0,385.0,1.0
11635,75.0,559.0,1.0
11636,252.0,359.0,1.0
11637,130.0,97.0,1.0
11638,127.0,8.0,1.0
11639,126.0,471.0,1.0
11640,85.0,137.0,1.0
11641,182.0,295.0,1.0
11642,172.0,126.0,1.0
11643,224.0,523.0,1.0
11644,31.0,452.0,1.0
11645,164.0,224.0,1.0
11646,207.0,146.0,1.0
11647,182.0,50.0,1.0
11648,241.0,438.0,1.0
11649,102.0,295.0,1.0
11650,53.0,91.0,1.0
11651,6.0,208.0,1.0
11652,126.0,398.0,1.0
11653,224.0,134.0,1.0
11654,44.0,310.0,1.0
11655,160.0,12.0,1.0
11656,31.0,103.0,1.0
11657,162.0,27.0,1.0
11658,65.0,122.0,1.0
11659,262.0,349.0,1.0
11660,153.0,374.0,1.0
11661,64.0,169.0,1.0
11662,10.0,194.0,1.0
11663,244.0,323.0,1.0
11664,118.0,391.0,1.0
11665,129.0,378.0,1.0
11666,256.0,229.0,1.0
11667,242.0,202.0,1.0
11668,78.0,337.0,1.0
11669,19.0,251.0,1.0
11670,116.0,18.0,1.0
11671,94.0,309.0,1.0
11672,65.0,530.0,1.0
11673,78.0,326.0,1.0
11674,256.0,69.0,1.0
11675,236.0,103.0,1.0
11676,223.0,539.0,1.0
11677,82.0,208.0,1.0
11678,84.0,62.0,1.0
11679,217.0,224.0,1.0
11680,37.0,168.0,1.0
11681,54.0,118.0,1.0
11682,81.0,411.0,1.0
11683,182.0,75.0,1.0
11684,147.0,255.0,1.0
11685,172.0,517.0,1.0
11686,147.0,171.0,1.0
11687,141.0,118.0,1.0
11688,226.0,204.0,1.0
11689,175.0,295.0,1.0
11690,68.0,268.0,1.0
11691,123.0,358.0,1.0
11692,153.0,400.0,1.0
11693,161.0,106.0,1.0
11694,158.0,204.0,1.0
11695,225.0,27.0,1.0
11696,156.0,62.0,1.0
11697,56.0,266.0,1.0
11698,189.0,77.0,1.0
11699,90.0,92.0,1.0
11700,175.0,1.0,1.0
11701,64.0,54.0,1.0
11702,79.0,89.0,1.0
11703,258.0,5.0,1.0
11704,189.0,224.0,1.0
11705,87.0,191.0,1.0
11706,177.0,194.0,1.0
11707,234.0,146.0,1.0
11708,71.0,398.0,1.0
11709,84.0,465.0,1.0
11710,214.0,388.0,1.0
11711,202.0,552.0,1.0
11712,82.0,145.0,1.0
11713,17.0,130.0,1.0
11714,97.0,207.0,1.0
11715,47.0,145.0,1.0
11716,102.0,222.0,1.0
11717,90.0,481.0,1.0
11718,178.0,71.0,1.0
11719,200.0,264.0,1.0
11720,122.0,485.0,1.0
11721,52.0,66.0,1.0
11722,148.0,120.0,1.0
11723,224.0,27.0,1.0
11724,173.0,97.0,1.0
11725,87.0,427.0,1.0
11726,187.0,390.0,1.0
11727,175.0,203.0,1.0
11728,186.0,228.0,1.0
11729,223.0,64.0,1.0
11730,217.0,116.0,1.0
11731,135.0,111.0,1.0
11732,56.0,499.0,1.0
11733,64.0,492.0,1.0
11734,164.0,305.0,1.0
11735,56.0,233.0,1.0
11736,97.0,525.0,1.0
11737,10.0,54.0,1.0
11738,71.0,388.0,1.0
11739,199.0,120.0,1.0
11740,75.0,246.0,1.0
11741,9.0,76.0,1.0
11742,62.0,84.0,1.0
11743,113.0,35.0,1.0
11744,22.0,36.0,1.0
11745,223.0,219.0,1.0
11746,34.0,110.0,1.0
11747,71.0,400.0,1.0
11748,144.0,120.0,1.0
11749,248.0,145.0,1.0
11750,44.0,203.0,1.0
11751,148.0,45.0,1.0
11752,78.0,202.0,1.0
11753,226.0,77.0,1.0
11754,127.0,294.0,1.0
11755,186.0,141.0,1.0
11756,94.0,221.0,1.0
11757,122.0,356.0,1.0
11758,108.0,127.0,1.0
11759,60.0,238.0,1.0
11760,264.0,30.0,1.0
11761,210.0,89.0,1.0
11762,209.0,192.0,1.0
11763,213.0,101.0,1.0
11764,156.0,255.0,1.0
11765,97.0,89.0,1.0
11766,164.0,399.0,1.0
11767,209.0,516.0,1.0
11768,94.0,148.0,1.0
11769,116.0,280.0,1.0
11770,122.0,292.0,1.0
11771,206.0,10.0,1.0
11772,196.0,154.0,1.0
11773,127.0,548.0,1.0
11774,255.0,22.0,1.0
11775,199.0,255.0,1.0
11776,82.0,342.0,1.0
11777,51.0,21.0,1.0
11778,167.0,378.0,1.0
11779,34.0,272.0,1.0
11780,200.0,193.0,1.0
11781,117.0,289.0,1.0
11782,10.0,146.0,1.0
11783,82.0,233.0,1.0
11784,158.0,550.0,1.0
11785,107.0,194.0,1.0
11786,207.0,535.0,1.0
11787,75.0,115.0,1.0
11788,242.0,581.0,1.0
11789,162.0,241.0,1.0
11790,228.0,12.0,1.0
11791,129.0,40.0,1.0
11792,248.0,95.0,1.0
11793,65.0,256.0,1.0
11794,251.0,136.0,1.0
11795,188.0,111.0,1.0
11796,84.0,582.0,1.0
11797,56.0,234.0,1.0
11798,39.0,205.0,1.0
11799,84.0,92.0,1.0
11800,86.0,251.0,1.0
11801,81.0,391.0,1.0
11802,230.0,334.0,1.0
11803,220.0,194.0,1.0
11804,91.0,17.0,1.0
11805,91.0,435.0,1.0
11806,108.0,130.0,1.0
11807,137.0,89.0,1.0
11808,224.0,597.0,1.0
11809,126.0,388.0,1.0
11810,33.0,129.0,1.0
11811,142.0,120.0,1.0
11812,193.0,35.0,1.0
11813,52.0,382.0,1.0
11814,44.0,103.0,1.0
11815,147.0,331.0,1.0
11816,189.0,423.0,1.0
11817,6.0,231.0,1.0
11818,117.0,309.0,1.0
11819,149.0,351.0,1.0
11820,102.0,40.0,1.0
11821,53.0,62.0,1.0
11822,178.0,135.0,1.0
11823,187.0,491.0,1.0
11824,183.0,567.0,1.0
11825,261.0,58.0,1.0
11826,159.0,409.0,1.0
11827,183.0,76.0,1.0
11828,262.0,325.0,1.0
11829,129.0,230.0,1.0
11830,227.0,313.0,1.0
11831,219.0,12.0,1.0
11832,116.0,47.0,1.0
11833,224.0,434.0,1.0
11834,235.0,385.0,1.0
11835,168.0,302.0,1.0
11836,89.0,506.0,1.0
11837,250.0,126.0,1.0
11838,98.0,330.0,1.0
11839,242.0,7.0,1.0
11840,82.0,343.0,1.0
11841,116.0,33.0,1.0
11842,201.0,393.0,1.0
11843,45.0,392.0,1.0
11844,3.0,136.0,1.0
11845,247.0,346.0,1.0
11846,82.0,354.0,1.0
11847,199.0,83.0,1.0
11848,75.0,356.0,1.0
11849,123.0,286.0,1.0
11850,261.0,155.0,1.0
11851,87.0,94.0,1.0
11852,85.0,136.0,1.0
11853,129.0,472.0,1.0
11854,52.0,251.0,1.0
11855,79.0,48.0,1.0
11856,197.0,81.0,1.0
11857,158.0,219.0,1.0
11858,248.0,191.0,1.0
11859,217.0,135.0,1.0
11860,194.0,111.0,1.0
11861,263.0,146.0,1.0
11862,97.0,14.0,1.0
11863,200.0,303.0,1.0
11864,2.0,120.0,1.0
11865,234.0,91.0,1.0
11866,130.0,319.0,1.0
11867,226.0,363.0,1.0
11868,133.0,467.0,1.0
11869,241.0,223.0,1.0
11870,18.0,47.0,1.0
11871,177.0,179.0,1.0
11872,153.0,138.0,1.0
11873,122.0,89.0,1.0
11874,259.0,81.0,1.0
11875,64.0,247.0,1.0
11876,44.0,247.0,1.0
11877,0.0,15.0,1.0
11878,74.0,143.0,1.0
11879,9.0,87.0,1.0
11880,79.0,385.0,1.0
11881,87.0,40.0,1.0
11882,266.0,117.0,1.0
11883,162.0,240.0,1.0
11884,65.0,326.0,1.0
11885,90.0,450.0,1.0
11886,56.0,152.0,1.0
11887,46.0,498.0,1.0
11888,102.0,56.0,1.0
11889,31.0,296.0,1.0
11890,56.0,45.0,1.0
11891,26.0,208.0,1.0
11892,189.0,66.0,1.0
11893,147.0,585.0,1.0
11894,178.0,50.0,1.0
11895,58.0,481.0,1.0
11896,217.0,111.0,1.0
11897,218.0,203.0,1.0
11898,73.0,321.0,1.0
11899,23.0,433.0,1.0
11900,48.0,257.0,1.0
11901,178.0,20.0,1.0
11902,258.0,127.0,1.0
11903,44.0,159.0,1.0
11904,177.0,146.0,1.0
11905,39.0,197.0,1.0
11906,81.0,14.0,1.0
11907,228.0,381.0,1.0
11908,60.0,555.0,1.0
11909,214.0,106.0,1.0
11910,79.0,75.0,1.0
11911,165.0,130.0,1.0
11912,45.0,294.0,1.0
11913,202.0,11.0,1.0
11914,239.0,257.0,1.0
11915,78.0,125.0,1.0
11916,2.0,112.0,1.0
11917,209.0,491.0,1.0
11918,117.0,405.0,1.0
11919,145.0,39.0,1.0
11920,144.0,498.0,1.0
11921,69.0,334.0,1.0
11922,87.0,591.0,1.0
11923,82.0,191.0,1.0
11924,93.0,87.0,1.0
11925,86.0,51.0,1.0
11926,145.0,547.0,1.0
11927,53.0,139.0,1.0
11928,215.0,157.0,1.0
11929,263.0,120.0,1.0
11930,51.0,70.0,1.0
11931,139.0,377.0,1.0
11932,135.0,92.0,1.0
11933,226.0,408.0,1.0
11934,226.0,367.0,1.0
11935,123.0,597.0,1.0
11936,136.0,337.0,1.0
11937,129.0,137.0,1.0
11938,223.0,586.0,1.0
11939,104.0,38.0,1.0
11940,177.0,177.0,1.0
11941,47.0,379.0,1.0
11942,264.0,137.0,1.0
11943,136.0,310.0,1.0
11944,224.0,343.0,1.0
11945,129.0,100.0,1.0
11946,232.0,178.0,1.0
11947,97.0,487.0,1.0
11948,19.0,154.0,1.0
11949,183.0,194.0,1.0
11950,199.0,39.0,1.0
11951,42.0,207.0,1.0
11952,83.0,241.0,1.0
11953,116.0,358.0,1.0
11954,97.0,467.0,1.0
11955,223.0,20.0,1.0
11956,262.0,45.0,1.0
11957,96.0,216.0,1.0
11958,82.0,119.0,1.0
11959,150.0,133.0,1.0
11960,162.0,47.0,1.0
11961,197.0,273.0,1.0
11962,226.0,283.0,1.0
11963,168.0,420.0,1.0
11964,160.0,484.0,1.0
11965,96.0,382.0,1.0
11966,126.0,416.0,1.0
11967,107.0,334.0,1.0
11968,65.0,258.0,1.0
11969,183.0,186.0,1.0
11970,264.0,56.0,1.0
11971,149.0,157.0,1.0
11972,72.0,463.0,1.0
11973,242.0,221.0,1.0
11974,48.0,113.0,1.0
11975,241.0,10.0,1.0
11976,182.0,459.0,1.0
11977,170.0,120.0,1.0
11978,28.0,51.0,1.0
11979,181.0,118.0,1.0
11980,106.0,107.0,1.0
11981,182.0,225.0,1.0
11982,68.0,20.0,1.0
11983,172.0,192.0,1.0
11984,67.0,388.0,1.0
11985,178.0,49.0,1.0
11986,104.0,100.0,1.0
11987,52.0,116.0,1.0
11988,203.0,395.0,1.0
11989,154.0,112.0,1.0
11990,34.0,90.0,1.0
11991,230.0,201.0,1.0
11992,149.0,290.0,1.0
11993,186.0,311.0,1.0
11994,2.0,127.0,1.0
11995,89.0,100.0,1.0
11996,212.0,146.0,1.0
11997,128.0,378.0,1.0
11998,31.0,202.0,1.0
11999,175.0,17.0,1.0
12000,91.0,31.0,1.0
12001,147.0,568.0,1.0
12002,74.0,241.0,1.0
12003,158.0,120.0,1.0
12004,259.0,251.0,1.0
12005,263.0,65.0,1.0
12006,170.0,24.0,1.0
12007,34.0,152.0,1.0
12008,65.0,209.0,1.0
12009,77.0,17.0,1.0
12010,89.0,460.0,1.0
12011,218.0,88.0,1.0
12012,258.0,232.0,1.0
12013,223.0,511.0,1.0
12014,183.0,36.0,1.0
12015,153.0,258.0,1.0
12016,104.0,35.0,1.0
12017,83.0,1.0,1.0
12018,209.0,256.0,1.0
12019,178.0,79.0,1.0
12020,79.0,398.0,1.0
12021,144.0,277.0,1.0
12022,197.0,257.0,1.0
12023,227.0,18.0,1.0
12024,175.0,191.0,1.0
12025,158.0,36.0,1.0
12026,248.0,58.0,1.0
12027,200.0,46.0,1.0
12028,91.0,36.0,1.0
12029,94.0,136.0,1.0
12030,69.0,337.0,1.0
12031,56.0,533.0,1.0
12032,171.0,378.0,1.0
12033,82.0,330.0,1.0
12034,91.0,466.0,1.0
12035,42.0,138.0,1.0
12036,86.0,388.0,1.0
12037,225.0,8.0,1.0
12038,58.0,168.0,1.0
12039,82.0,219.0,1.0
12040,184.0,450.0,1.0
12041,84.0,75.0,1.0
12042,25.0,166.0,1.0
12043,60.0,207.0,1.0
12044,56.0,116.0,1.0
12045,67.0,201.0,1.0
12046,21.0,343.0,1.0
12047,116.0,28.0,1.0
12048,22.0,157.0,1.0
12049,163.0,110.0,1.0
12050,164.0,113.0,1.0
12051,65.0,287.0,1.0
12052,71.0,201.0,1.0
12053,164.0,24.0,1.0
12054,143.0,253.0,1.0
12055,186.0,96.0,1.0
12056,248.0,223.0,1.0
12057,64.0,250.0,1.0
12058,79.0,353.0,1.0
12059,191.0,134.0,1.0
12060,250.0,207.0,1.0
12061,223.0,337.0,1.0
12062,200.0,107.0,1.0
12063,51.0,226.0,1.0
12064,178.0,438.0,1.0
12065,187.0,434.0,1.0
12066,183.0,120.0,1.0
12067,223.0,251.0,1.0
12068,155.0,76.0,1.0
12069,248.0,22.0,1.0
12070,115.0,195.0,1.0
12071,165.0,104.0,1.0
12072,176.0,58.0,1.0
12073,45.0,493.0,1.0
12074,56.0,170.0,1.0
12075,102.0,118.0,1.0
12076,256.0,225.0,1.0
12077,19.0,155.0,1.0
12078,81.0,111.0,1.0
12079,207.0,164.0,1.0
12080,113.0,175.0,1.0
12081,19.0,120.0,1.0
12082,10.0,292.0,1.0
12083,49.0,399.0,1.0
12084,223.0,256.0,1.0
12085,213.0,91.0,1.0
12086,228.0,230.0,1.0
12087,220.0,50.0,1.0
12088,200.0,269.0,1.0
12089,248.0,81.0,1.0
12090,223.0,254.0,1.0
12091,89.0,113.0,1.0
12092,223.0,220.0,1.0
12093,259.0,380.0,1.0
12094,219.0,391.0,1.0
12095,168.0,487.0,1.0
12096,147.0,234.0,1.0
12097,81.0,8.0,1.0
12098,247.0,97.0,1.0
12099,264.0,9.0,1.0
12100,102.0,336.0,1.0
12101,65.0,32.0,1.0
12102,84.0,177.0,1.0
12103,93.0,44.0,1.0
12104,141.0,44.0,1.0
12105,178.0,198.0,1.0
12106,128.0,113.0,1.0
12107,200.0,194.0,1.0
12108,201.0,227.0,1.0
12109,39.0,315.0,1.0
12110,147.0,299.0,1.0
12111,150.0,137.0,1.0
12112,16.0,70.0,1.0
12113,192.0,580.0,1.0
12114,126.0,45.0,1.0
12115,116.0,476.0,1.0
12116,230.0,241.0,1.0
12117,170.0,186.0,1.0
12118,84.0,283.0,1.0
12119,211.0,104.0,1.0
12120,148.0,208.0,1.0
12121,129.0,408.0,1.0
12122,165.0,362.0,1.0
12123,42.0,470.0,1.0
12124,83.0,193.0,1.0
12125,197.0,495.0,1.0
12126,78.0,7.0,1.0
12127,151.0,10.0,1.0
12128,101.0,147.0,1.0
12129,178.0,111.0,1.0
12130,216.0,256.0,1.0
12131,148.0,134.0,1.0
12132,162.0,286.0,1.0
12133,105.0,319.0,1.0
12134,78.0,473.0,1.0
12135,84.0,360.0,1.0
12136,17.0,195.0,1.0
12137,63.0,417.0,1.0
12138,79.0,464.0,1.0
12139,71.0,492.0,1.0
12140,238.0,45.0,1.0
12141,108.0,139.0,1.0
12142,165.0,294.0,1.0
12143,9.0,111.0,1.0
12144,49.0,311.0,1.0
12145,218.0,19.0,1.0
12146,183.0,507.0,1.0
12147,74.0,33.0,1.0
12148,0.0,1.0,1.0
12149,65.0,219.0,1.0
12150,75.0,219.0,1.0
12151,49.0,39.0,1.0
12152,31.0,332.0,1.0
12153,192.0,106.0,1.0
12154,47.0,213.0,1.0
12155,117.0,146.0,1.0
12156,155.0,306.0,1.0
12157,228.0,38.0,1.0
12158,149.0,256.0,1.0
12159,129.0,388.0,1.0
12160,137.0,36.0,1.0
12161,17.0,214.0,1.0
12162,42.0,185.0,1.0
12163,195.0,354.0,1.0
12164,141.0,31.0,1.0
12165,91.0,224.0,1.0
12166,35.0,36.0,1.0
12167,145.0,81.0,1.0
12168,168.0,378.0,1.0
12169,75.0,190.0,1.0
12170,101.0,191.0,1.0
12171,116.0,208.0,1.0
12172,56.0,111.0,1.0
12173,248.0,202.0,1.0
12174,158.0,505.0,1.0
12175,246.0,39.0,1.0
12176,223.0,89.0,1.0
12177,64.0,103.0,1.0
12178,82.0,324.0,1.0
12179,144.0,378.0,1.0
12180,197.0,131.0,1.0
12181,37.0,349.0,1.0
12182,74.0,3.0,1.0
12183,108.0,138.0,1.0
12184,38.0,30.0,1.0
12185,87.0,439.0,1.0
12186,74.0,226.0,1.0
12187,97.0,220.0,1.0
12188,147.0,325.0,1.0
12189,214.0,453.0,1.0
12190,203.0,577.0,1.0
12191,53.0,189.0,1.0
12192,65.0,143.0,1.0
12193,2.0,97.0,1.0
12194,5.0,191.0,1.0
12195,263.0,61.0,1.0
12196,94.0,92.0,1.0
12197,86.0,474.0,1.0
12198,30.0,388.0,1.0
12199,37.0,80.0,1.0
12200,217.0,12.0,1.0
12201,234.0,310.0,1.0
12202,164.0,186.0,1.0
12203,175.0,28.0,1.0
12204,182.0,64.0,1.0
12205,87.0,334.0,1.0
12206,83.0,10.0,1.0
12207,223.0,287.0,1.0
12208,116.0,230.0,1.0
12209,261.0,164.0,1.0
12210,175.0,5.0,1.0
12211,11.0,289.0,1.0
12212,230.0,103.0,1.0
12213,110.0,196.0,1.0
12214,178.0,89.0,1.0
12215,56.0,194.0,1.0
12216,266.0,147.0,1.0
12217,71.0,231.0,1.0
12218,264.0,164.0,1.0
12219,5.0,10.0,1.0
12220,75.0,117.0,1.0
12221,236.0,45.0,1.0
12222,74.0,255.0,1.0
12223,82.0,273.0,1.0
12224,82.0,14.0,1.0
12225,134.0,350.0,1.0
12226,153.0,235.0,1.0
12227,182.0,334.0,1.0
12228,53.0,191.0,1.0
12229,52.0,384.0,1.0
12230,256.0,185.0,1.0
12231,10.0,102.0,1.0
12232,147.0,326.0,1.0
12233,44.0,51.0,1.0
12234,93.0,25.0,1.0
12235,87.0,90.0,1.0
12236,129.0,307.0,1.0
12237,157.0,84.0,1.0
12238,189.0,514.0,1.0
12239,238.0,385.0,1.0
12240,10.0,47.0,1.0
12241,175.0,406.0,1.0
12242,117.0,74.0,1.0
12243,189.0,24.0,1.0
12244,104.0,154.0,1.0
12245,155.0,271.0,1.0
12246,71.0,91.0,1.0
12247,259.0,417.0,1.0
12248,42.0,415.0,1.0
12249,244.0,146.0,1.0
12250,190.0,12.0,1.0
12251,147.0,215.0,1.0
12252,39.0,10.0,1.0
12253,224.0,218.0,1.0
12254,168.0,309.0,1.0
12255,105.0,111.0,1.0
12256,82.0,179.0,1.0
12257,183.0,79.0,1.0
12258,250.0,92.0,1.0
12259,256.0,251.0,1.0
12260,96.0,1.0,1.0
12261,209.0,225.0,1.0
12262,108.0,10.0,1.0
12263,160.0,36.0,1.0
12264,87.0,349.0,1.0
12265,149.0,126.0,1.0
12266,193.0,251.0,1.0
12267,130.0,538.0,1.0
12268,147.0,459.0,1.0
12269,75.0,83.0,1.0
12270,229.0,181.0,1.0
12271,256.0,253.0,1.0
12272,241.0,190.0,1.0
12273,114.0,493.0,1.0
12274,59.0,398.0,1.0
12275,200.0,8.0,1.0
12276,102.0,395.0,1.0
12277,71.0,516.0,1.0
12278,228.0,222.0,1.0
12279,102.0,161.0,1.0
12280,164.0,374.0,1.0
12281,14.0,349.0,1.0
12282,78.0,49.0,1.0
12283,142.0,117.0,1.0
12284,114.0,46.0,1.0
12285,82.0,319.0,1.0
12286,85.0,594.0,1.0
12287,156.0,75.0,1.0
12288,218.0,127.0,1.0
12289,83.0,282.0,1.0
12290,239.0,492.0,1.0
12291,53.0,311.0,1.0
12292,44.0,386.0,1.0
12293,223.0,97.0,1.0
12294,82.0,382.0,1.0
12295,84.0,594.0,1.0
12296,226.0,51.0,1.0
12297,62.0,400.0,1.0
12298,90.0,203.0,1.0
12299,102.0,293.0,1.0
12300,79.0,202.0,1.0
12301,193.0,394.0,1.0
12302,222.0,113.0,1.0
12303,250.0,364.0,1.0
12304,44.0,480.0,1.0
12305,106.0,195.0,1.0
12306,168.0,494.0,1.0
12307,44.0,436.0,1.0
12308,193.0,512.0,1.0
12309,88.0,351.0,1.0
12310,247.0,349.0,1.0
12311,65.0,386.0,1.0
12312,183.0,443.0,1.0
12313,224.0,245.0,1.0
12314,130.0,440.0,1.0
12315,117.0,113.0,1.0
12316,21.0,52.0,1.0
12317,78.0,284.0,1.0
12318,97.0,360.0,1.0
12319,227.0,141.0,1.0
12320,51.0,526.0,1.0
12321,44.0,284.0,1.0
12322,203.0,539.0,1.0
12323,171.0,97.0,1.0
12324,248.0,245.0,1.0
12325,223.0,386.0,1.0
12326,75.0,418.0,1.0
12327,175.0,287.0,1.0
12328,129.0,409.0,1.0
12329,173.0,203.0,1.0
12330,225.0,264.0,1.0
12331,264.0,20.0,1.0
12332,222.0,312.0,1.0
12333,183.0,72.0,1.0
12334,234.0,48.0,1.0
12335,56.0,277.0,1.0
12336,182.0,57.0,1.0
12337,183.0,596.0,1.0
12338,218.0,282.0,1.0
12339,259.0,202.0,1.0
12340,51.0,287.0,1.0
12341,259.0,10.0,1.0
12342,219.0,402.0,1.0
12343,95.0,456.0,1.0
12344,1.0,65.0,1.0
12345,186.0,17.0,1.0
12346,78.0,471.0,1.0
12347,181.0,374.0,1.0
12348,163.0,362.0,1.0
12349,49.0,35.0,1.0
12350,1.0,21.0,1.0
12351,156.0,247.0,1.0
12352,160.0,487.0,1.0
12353,217.0,232.0,1.0
12354,238.0,95.0,1.0
12355,216.0,66.0,1.0
12356,248.0,456.0,1.0
12357,180.0,568.0,1.0
12358,65.0,89.0,1.0
12359,42.0,241.0,1.0
12360,81.0,225.0,1.0
12361,9.0,45.0,1.0
12362,233.0,93.0,1.0
12363,252.0,184.0,1.0
12364,267.0,44.0,1.0
12365,177.0,306.0,1.0
12366,74.0,195.0,1.0
12367,224.0,408.0,1.0
12368,75.0,35.0,1.0
12369,71.0,14.0,1.0
12370,141.0,419.0,1.0
12371,56.0,290.0,1.0
12372,101.0,111.0,1.0
12373,147.0,589.0,1.0
12374,69.0,62.0,1.0
12375,130.0,508.0,1.0
12376,65.0,188.0,1.0
12377,82.0,398.0,1.0
12378,256.0,92.0,1.0
12379,142.0,130.0,1.0
12380,69.0,44.0,1.0
12381,231.0,142.0,1.0
12382,74.0,521.0,1.0
12383,150.0,191.0,1.0
12384,116.0,434.0,1.0
12385,100.0,379.0,1.0
12386,136.0,1.0,1.0
12387,142.0,100.0,1.0
12388,1.0,70.0,1.0
12389,114.0,22.0,1.0
12390,147.0,302.0,1.0
12391,103.0,438.0,1.0
12392,42.0,87.0,1.0
12393,250.0,135.0,1.0
12394,77.0,521.0,1.0
12395,129.0,197.0,1.0
12396,189.0,474.0,1.0
12397,176.0,205.0,1.0
12398,219.0,219.0,1.0
12399,147.0,317.0,1.0
12400,244.0,253.0,1.0
12401,121.0,322.0,1.0
12402,138.0,32.0,1.0
12403,17.0,418.0,1.0
12404,185.0,193.0,1.0
12405,113.0,483.0,1.0
12406,175.0,236.0,1.0
12407,160.0,43.0,1.0
12408,123.0,81.0,1.0
12409,165.0,384.0,1.0
12410,135.0,207.0,1.0
12411,19.0,147.0,1.0
12412,183.0,77.0,1.0
12413,53.0,93.0,1.0
12414,170.0,44.0,1.0
12415,194.0,97.0,1.0
12416,257.0,47.0,1.0
12417,189.0,221.0,1.0
12418,165.0,224.0,1.0
12419,243.0,127.0,1.0
12420,26.0,313.0,1.0
12421,96.0,35.0,1.0
12422,125.0,49.0,1.0
12423,4.0,146.0,1.0
12424,223.0,330.0,1.0
12425,196.0,155.0,1.0
12426,220.0,7.0,1.0
12427,158.0,141.0,1.0
12428,82.0,254.0,1.0
12429,188.0,146.0,1.0
12430,178.0,218.0,1.0
12431,194.0,245.0,1.0
12432,132.0,118.0,1.0
12433,52.0,124.0,1.0
12434,156.0,10.0,1.0
12435,89.0,231.0,1.0
12436,87.0,195.0,1.0
12437,197.0,103.0,1.0
12438,65.0,305.0,1.0
12439,81.0,315.0,1.0
12440,38.0,11.0,1.0
12441,136.0,7.0,1.0
12442,74.0,47.0,1.0
12443,51.0,245.0,1.0
12444,200.0,70.0,1.0
12445,65.0,210.0,1.0
12446,178.0,553.0,1.0
12447,203.0,420.0,1.0
12448,96.0,143.0,1.0
12449,147.0,33.0,1.0
12450,49.0,125.0,1.0
12451,144.0,423.0,1.0
12452,65.0,137.0,1.0
12453,194.0,268.0,1.0
12454,211.0,551.0,1.0
12455,60.0,251.0,1.0
12456,87.0,458.0,1.0
12457,81.0,467.0,1.0
12458,223.0,68.0,1.0
12459,223.0,426.0,1.0
12460,104.0,487.0,1.0
12461,172.0,120.0,1.0
12462,48.0,182.0,1.0
12463,128.0,155.0,1.0
12464,175.0,4.0,1.0
12465,173.0,354.0,1.0
12466,43.0,133.0,1.0
12467,234.0,525.0,1.0
12468,11.0,166.0,1.0
12469,197.0,38.0,1.0
12470,52.0,106.0,1.0
12471,84.0,513.0,1.0
12472,44.0,68.0,1.0
12473,147.0,259.0,1.0
12474,134.0,452.0,1.0
12475,147.0,261.0,1.0
12476,168.0,84.0,1.0
12477,24.0,66.0,1.0
12478,243.0,149.0,1.0
12479,259.0,504.0,1.0
12480,178.0,118.0,1.0
12481,186.0,445.0,1.0
12482,9.0,61.0,1.0
12483,234.0,386.0,1.0
12484,165.0,143.0,1.0
12485,144.0,59.0,1.0
12486,162.0,220.0,1.0
12487,131.0,222.0,1.0
12488,60.0,5.0,1.0
12489,144.0,205.0,1.0
12490,217.0,596.0,1.0
12491,3.0,157.0,1.0
12492,222.0,510.0,1.0
12493,211.0,311.0,1.0
12494,10.0,296.0,1.0
12495,49.0,209.0,1.0
12496,135.0,573.0,1.0
12497,16.0,136.0,1.0
12498,136.0,400.0,1.0
12499,104.0,300.0,1.0
12500,203.0,140.0,1.0
12501,9.0,103.0,1.0
12502,56.0,356.0,1.0
12503,256.0,282.0,1.0
12504,40.0,469.0,1.0
12505,191.0,305.0,1.0
12506,238.0,190.0,1.0
12507,9.0,139.0,1.0
12508,264.0,77.0,1.0
12509,65.0,49.0,1.0
12510,130.0,395.0,1.0
12511,43.0,84.0,1.0
12512,147.0,49.0,1.0
12513,184.0,147.0,1.0
12514,245.0,5.0,1.0
12515,147.0,407.0,1.0
12516,247.0,191.0,1.0
12517,142.0,241.0,1.0
12518,44.0,225.0,1.0
12519,119.0,373.0,1.0
12520,58.0,143.0,1.0
12521,22.0,314.0,1.0
12522,236.0,47.0,1.0
12523,57.0,13.0,1.0
12524,123.0,24.0,1.0
12525,226.0,282.0,1.0
12526,82.0,109.0,1.0
12527,250.0,325.0,1.0
12528,207.0,304.0,1.0
12529,247.0,248.0,1.0
12530,106.0,520.0,1.0
12531,128.0,144.0,1.0
12532,264.0,246.0,1.0
12533,153.0,185.0,1.0
12534,148.0,203.0,1.0
12535,130.0,277.0,1.0
12536,10.0,308.0,1.0
12537,175.0,187.0,1.0
12538,102.0,209.0,1.0
12539,113.0,527.0,1.0
12540,103.0,69.0,1.0
12541,60.0,515.0,1.0
12542,71.0,118.0,1.0
12543,121.0,531.0,1.0
12544,181.0,386.0,1.0
12545,92.0,350.0,1.0
12546,134.0,220.0,1.0
12547,108.0,356.0,1.0
12548,116.0,162.0,1.0
12549,163.0,33.0,1.0
12550,71.0,133.0,1.0
12551,256.0,191.0,1.0
12552,122.0,57.0,1.0
12553,39.0,207.0,1.0
12554,208.0,415.0,1.0
12555,189.0,343.0,1.0
12556,147.0,41.0,1.0
12557,51.0,495.0,1.0
12558,28.0,20.0,1.0
12559,206.0,66.0,1.0
12560,266.0,407.0,1.0
12561,228.0,146.0,1.0
12562,209.0,193.0,1.0
12563,189.0,129.0,1.0
12564,183.0,256.0,1.0
12565,126.0,135.0,1.0
12566,52.0,268.0,1.0
12567,222.0,449.0,1.0
12568,96.0,563.0,1.0
12569,45.0,282.0,1.0
12570,3.0,160.0,1.0
12571,113.0,73.0,1.0
12572,82.0,426.0,1.0
12573,142.0,7.0,1.0
12574,225.0,60.0,1.0
12575,250.0,296.0,1.0
12576,258.0,233.0,1.0
12577,116.0,277.0,1.0
12578,87.0,59.0,1.0
12579,228.0,517.0,1.0
12580,78.0,121.0,1.0
12581,44.0,226.0,1.0
12582,147.0,463.0,1.0
12583,181.0,586.0,1.0
12584,225.0,49.0,1.0
12585,128.0,190.0,1.0
12586,142.0,423.0,1.0
12587,146.0,573.0,1.0
12588,74.0,70.0,1.0
12589,90.0,208.0,1.0
12590,149.0,33.0,1.0
12591,89.0,391.0,1.0
12592,104.0,163.0,1.0
12593,40.0,124.0,1.0
12594,225.0,77.0,1.0
12595,217.0,287.0,1.0
12596,31.0,171.0,1.0
12597,156.0,558.0,1.0
12598,149.0,62.0,1.0
12599,158.0,492.0,1.0
12600,138.0,143.0,1.0
12601,107.0,186.0,1.0
12602,80.0,146.0,1.0
12603,58.0,292.0,1.0
12604,169.0,156.0,1.0
12605,128.0,487.0,1.0
12606,196.0,204.0,1.0
12607,223.0,226.0,1.0
12608,118.0,394.0,1.0
12609,188.0,133.0,1.0
12610,264.0,47.0,1.0
12611,224.0,90.0,1.0
12612,65.0,525.0,1.0
12613,91.0,269.0,1.0
12614,183.0,106.0,1.0
12615,224.0,179.0,1.0
12616,226.0,106.0,1.0
12617,90.0,47.0,1.0
12618,189.0,399.0,1.0
12619,217.0,112.0,1.0
12620,52.0,5.0,1.0
12621,178.0,250.0,1.0
12622,218.0,76.0,1.0
12623,203.0,44.0,1.0
12624,71.0,18.0,1.0
12625,223.0,117.0,1.0
12626,13.0,327.0,1.0
12627,163.0,45.0,1.0
12628,9.0,257.0,1.0
12629,64.0,243.0,1.0
12630,189.0,266.0,1.0
12631,242.0,534.0,1.0
12632,189.0,195.0,1.0
12633,94.0,116.0,1.0
12634,165.0,234.0,1.0
12635,114.0,281.0,1.0
12636,187.0,389.0,1.0
12637,37.0,141.0,1.0
12638,100.0,218.0,1.0
12639,160.0,277.0,1.0
12640,53.0,239.0,1.0
12641,203.0,4.0,1.0
12642,226.0,263.0,1.0
12643,102.0,60.0,1.0
12644,108.0,91.0,1.0
12645,131.0,534.0,1.0
12646,7.0,90.0,1.0
12647,115.0,84.0,1.0
12648,150.0,31.0,1.0
12649,11.0,208.0,1.0
12650,59.0,267.0,1.0
12651,102.0,93.0,1.0
12652,163.0,126.0,1.0
12653,92.0,196.0,1.0
12654,149.0,544.0,1.0
12655,102.0,518.0,1.0
12656,182.0,51.0,1.0
12657,200.0,211.0,1.0
12658,214.0,310.0,1.0
12659,226.0,85.0,1.0
12660,211.0,138.0,1.0
12661,51.0,57.0,1.0
12662,128.0,2.0,1.0
12663,191.0,157.0,1.0
12664,225.0,35.0,1.0
12665,263.0,313.0,1.0
12666,150.0,80.0,1.0
12667,165.0,388.0,1.0
12668,90.0,256.0,1.0
12669,253.0,52.0,1.0
12670,28.0,11.0,1.0
12671,145.0,398.0,1.0
12672,226.0,201.0,1.0
12673,8.0,236.0,1.0
12674,132.0,222.0,1.0
12675,226.0,81.0,1.0
12676,177.0,50.0,1.0
12677,105.0,89.0,1.0
12678,135.0,38.0,1.0
12679,124.0,201.0,1.0
12680,79.0,5.0,1.0
12681,86.0,10.0,1.0
12682,234.0,202.0,1.0
12683,104.0,155.0,1.0
12684,182.0,314.0,1.0
12685,91.0,408.0,1.0
12686,159.0,219.0,1.0
12687,79.0,374.0,1.0
12688,78.0,131.0,1.0
12689,255.0,11.0,1.0
12690,164.0,257.0,1.0
12691,132.0,534.0,1.0
12692,132.0,429.0,1.0
12693,207.0,120.0,1.0
12694,59.0,460.0,1.0
12695,102.0,165.0,1.0
12696,31.0,60.0,1.0
12697,90.0,57.0,1.0
12698,149.0,103.0,1.0
12699,181.0,138.0,1.0
12700,15.0,352.0,1.0
12701,207.0,58.0,1.0
12702,208.0,374.0,1.0
12703,135.0,199.0,1.0
12704,165.0,253.0,1.0
12705,106.0,413.0,1.0
12706,60.0,407.0,1.0
12707,114.0,259.0,1.0
12708,213.0,106.0,1.0
12709,164.0,54.0,1.0
12710,226.0,491.0,1.0
12711,51.0,319.0,1.0
12712,22.0,328.0,1.0
12713,145.0,181.0,1.0
12714,82.0,513.0,1.0
12715,219.0,195.0,1.0
12716,133.0,434.0,1.0
12717,186.0,382.0,1.0
12718,49.0,117.0,1.0
12719,230.0,177.0,1.0
12720,223.0,564.0,1.0
12721,164.0,128.0,1.0
12722,16.0,367.0,1.0
12723,102.0,308.0,1.0
12724,219.0,231.0,1.0
12725,92.0,50.0,1.0
12726,153.0,5.0,1.0
12727,164.0,430.0,1.0
12728,49.0,185.0,1.0
12729,19.0,168.0,1.0
12730,176.0,47.0,1.0
12731,207.0,370.0,1.0
12732,224.0,429.0,1.0
12733,17.0,5.0,1.0
12734,173.0,437.0,1.0
12735,156.0,284.0,1.0
12736,176.0,127.0,1.0
12737,209.0,479.0,1.0
12738,145.0,141.0,1.0
12739,193.0,145.0,1.0
12740,252.0,289.0,1.0
12741,224.0,577.0,1.0
12742,112.0,111.0,1.0
12743,248.0,104.0,1.0
12744,48.0,194.0,1.0
12745,196.0,91.0,1.0
12746,250.0,201.0,1.0
12747,65.0,145.0,1.0
12748,165.0,110.0,1.0
12749,84.0,213.0,1.0
12750,39.0,466.0,1.0
12751,87.0,487.0,1.0
12752,102.0,366.0,1.0
12753,141.0,289.0,1.0
12754,226.0,42.0,1.0
12755,182.0,21.0,1.0
12756,113.0,459.0,1.0
12757,58.0,550.0,1.0
12758,94.0,38.0,1.0
12759,218.0,299.0,1.0
12760,249.0,146.0,1.0
12761,65.0,357.0,1.0
12762,156.0,40.0,1.0
12763,22.0,273.0,1.0
12764,101.0,100.0,1.0
12765,89.0,22.0,1.0
12766,130.0,485.0,1.0
12767,179.0,205.0,1.0
12768,130.0,201.0,1.0
12769,104.0,175.0,1.0
12770,182.0,188.0,1.0
12771,189.0,69.0,1.0
12772,223.0,40.0,1.0
12773,142.0,382.0,1.0
12774,227.0,44.0,1.0
12775,147.0,135.0,1.0
12776,108.0,61.0,1.0
12777,139.0,267.0,1.0
12778,56.0,255.0,1.0
12779,148.0,261.0,1.0
12780,112.0,42.0,1.0
12781,44.0,483.0,1.0
12782,40.0,349.0,1.0
12783,161.0,111.0,1.0
12784,89.0,1.0,1.0
12785,200.0,222.0,1.0
12786,22.0,146.0,1.0
12787,148.0,537.0,1.0
12788,108.0,527.0,1.0
12789,225.0,29.0,1.0
12790,182.0,400.0,1.0
12791,160.0,485.0,1.0
12792,231.0,147.0,1.0
12793,44.0,289.0,1.0
12794,123.0,124.0,1.0
12795,198.0,103.0,1.0
12796,223.0,468.0,1.0
12797,185.0,434.0,1.0
12798,150.0,434.0,1.0
12799,195.0,486.0,1.0
12800,182.0,422.0,1.0
12801,183.0,379.0,1.0
12802,143.0,310.0,1.0
12803,82.0,326.0,1.0
12804,65.0,236.0,1.0
12805,258.0,194.0,1.0
12806,53.0,218.0,1.0
12807,166.0,95.0,1.0
12808,96.0,58.0,1.0
12809,189.0,68.0,1.0
12810,81.0,400.0,1.0
12811,166.0,223.0,1.0
12812,210.0,209.0,1.0
12813,256.0,416.0,1.0
12814,44.0,256.0,1.0
12815,217.0,57.0,1.0
12816,183.0,58.0,1.0
12817,87.0,407.0,1.0
12818,56.0,362.0,1.0
12819,89.0,111.0,1.0
12820,181.0,471.0,1.0
12821,15.0,350.0,1.0
12822,45.0,257.0,1.0
12823,148.0,95.0,1.0
12824,87.0,107.0,1.0
12825,259.0,490.0,1.0
12826,208.0,191.0,1.0
12827,156.0,451.0,1.0
12828,262.0,1.0,1.0
12829,238.0,437.0,1.0
12830,247.0,89.0,1.0
12831,128.0,216.0,1.0
12832,162.0,146.0,1.0
12833,97.0,530.0,1.0
12834,218.0,277.0,1.0
12835,24.0,121.0,1.0
12836,194.0,230.0,1.0
12837,107.0,388.0,1.0
12838,126.0,103.0,1.0
12839,155.0,503.0,1.0
12840,11.0,291.0,1.0
12841,53.0,181.0,1.0
12842,200.0,307.0,1.0
12843,159.0,89.0,1.0
12844,128.0,425.0,1.0
12845,70.0,499.0,1.0
12846,8.0,242.0,1.0
12847,11.0,305.0,1.0
12848,131.0,342.0,1.0
12849,195.0,385.0,1.0
12850,183.0,35.0,1.0
12851,96.0,522.0,1.0
12852,74.0,216.0,1.0
12853,168.0,297.0,1.0
12854,189.0,84.0,1.0
12855,183.0,422.0,1.0
12856,16.0,24.0,1.0
12857,183.0,271.0,1.0
12858,53.0,205.0,1.0
12859,169.0,348.0,1.0
12860,105.0,454.0,1.0
12861,253.0,545.0,1.0
12862,117.0,280.0,1.0
12863,97.0,474.0,1.0
12864,195.0,433.0,1.0
12865,110.0,58.0,1.0
12866,222.0,321.0,1.0
12867,171.0,420.0,1.0
12868,60.0,223.0,1.0
12869,175.0,238.0,1.0
12870,224.0,111.0,1.0
12871,56.0,58.0,1.0
12872,196.0,99.0,1.0
12873,172.0,343.0,1.0
12874,31.0,302.0,1.0
12875,17.0,66.0,1.0
12876,103.0,282.0,1.0
12877,75.0,186.0,1.0
12878,78.0,393.0,1.0
12879,82.0,103.0,1.0
12880,12.0,317.0,1.0
12881,31.0,191.0,1.0
12882,108.0,168.0,1.0
12883,43.0,111.0,1.0
12884,45.0,490.0,1.0
12885,4.0,51.0,1.0
12886,248.0,342.0,1.0
12887,16.0,27.0,1.0
12888,177.0,9.0,1.0
12889,67.0,179.0,1.0
12890,156.0,184.0,1.0
12891,234.0,81.0,1.0
12892,48.0,126.0,1.0
12893,119.0,409.0,1.0
12894,96.0,243.0,1.0
12895,79.0,536.0,1.0
12896,102.0,177.0,1.0
12897,116.0,223.0,1.0
12898,168.0,597.0,1.0
12899,188.0,522.0,1.0
12900,92.0,194.0,1.0
12901,78.0,47.0,1.0
12902,248.0,87.0,1.0
12903,71.0,434.0,1.0
12904,141.0,101.0,1.0
12905,233.0,51.0,1.0
12906,87.0,508.0,1.0
12907,207.0,269.0,1.0
12908,91.0,296.0,1.0
12909,208.0,61.0,1.0
12910,252.0,350.0,1.0
12911,119.0,217.0,1.0
12912,156.0,449.0,1.0
12913,147.0,218.0,1.0
12914,116.0,54.0,1.0
12915,106.0,320.0,1.0
12916,123.0,104.0,1.0
12917,97.0,100.0,1.0
12918,11.0,45.0,1.0
12919,189.0,541.0,1.0
12920,141.0,561.0,1.0
12921,47.0,126.0,1.0
12922,9.0,57.0,1.0
12923,90.0,86.0,1.0
12924,259.0,118.0,1.0
12925,51.0,10.0,1.0
12926,150.0,206.0,1.0
12927,87.0,171.0,1.0
12928,87.0,47.0,1.0
12929,24.0,428.0,1.0
12930,71.0,399.0,1.0
12931,156.0,12.0,1.0
12932,102.0,342.0,1.0
12933,235.0,425.0,1.0
12934,164.0,412.0,1.0
12935,214.0,221.0,1.0
12936,189.0,394.0,1.0
12937,71.0,111.0,1.0
12938,178.0,117.0,1.0
12939,107.0,544.0,1.0
12940,108.0,15.0,1.0
12941,69.0,413.0,1.0
12942,42.0,464.0,1.0
12943,181.0,10.0,1.0
12944,136.0,377.0,1.0
12945,37.0,129.0,1.0
12946,242.0,69.0,1.0
12947,185.0,365.0,1.0
12948,259.0,131.0,1.0
12949,183.0,363.0,1.0
12950,27.0,38.0,1.0
12951,195.0,143.0,1.0
12952,79.0,36.0,1.0
12953,50.0,128.0,1.0
12954,250.0,275.0,1.0
12955,128.0,73.0,1.0
12956,97.0,460.0,1.0
12957,1.0,57.0,1.0
12958,202.0,106.0,1.0
12959,82.0,1.0,1.0
12960,57.0,122.0,1.0
12961,158.0,197.0,1.0
12962,60.0,24.0,1.0
12963,60.0,399.0,1.0
12964,156.0,544.0,1.0
12965,122.0,90.0,1.0
12966,196.0,59.0,1.0
12967,259.0,96.0,1.0
12968,259.0,407.0,1.0
12969,51.0,77.0,1.0
12970,230.0,434.0,1.0
12971,182.0,22.0,1.0
12972,105.0,570.0,1.0
12973,33.0,143.0,1.0
12974,16.0,111.0,1.0
12975,57.0,469.0,1.0
12976,136.0,75.0,1.0
12977,208.0,168.0,1.0
12978,140.0,35.0,1.0
12979,136.0,384.0,1.0
12980,37.0,245.0,1.0
12981,66.0,39.0,1.0
12982,200.0,164.0,1.0
12983,202.0,104.0,1.0
12984,128.0,192.0,1.0
12985,4.0,183.0,1.0
12986,0.0,3.0,1.0
12987,115.0,378.0,1.0
12988,51.0,39.0,1.0
12989,60.0,133.0,1.0
12990,128.0,159.0,1.0
12991,182.0,242.0,1.0
12992,223.0,190.0,1.0
12993,212.0,39.0,1.0
12994,159.0,205.0,1.0
12995,206.0,57.0,1.0
12996,90.0,546.0,1.0
12997,123.0,146.0,1.0
12998,218.0,378.0,1.0
12999,234.0,207.0,1.0
13000,117.0,507.0,1.0
13001,87.0,351.0,1.0
13002,115.0,205.0,1.0
13003,102.0,358.0,1.0
13004,10.0,98.0,1.0
13005,93.0,89.0,1.0
13006,64.0,220.0,1.0
13007,268.0,100.0,1.0
13008,56.0,276.0,1.0
13009,81.0,460.0,1.0
13010,5.0,210.0,1.0
13011,162.0,89.0,1.0
13012,130.0,154.0,1.0
13013,30.0,45.0,1.0
13014,158.0,35.0,1.0
13015,218.0,533.0,1.0
13016,82.0,505.0,1.0
13017,232.0,45.0,1.0
13018,86.0,584.0,1.0
13019,82.0,285.0,1.0
13020,82.0,42.0,1.0
13021,102.0,155.0,1.0
13022,183.0,591.0,1.0
13023,9.0,270.0,1.0
13024,96.0,133.0,1.0
13025,84.0,585.0,1.0
13026,150.0,36.0,1.0
13027,130.0,53.0,1.0
13028,224.0,36.0,1.0
13029,258.0,273.0,1.0
13030,256.0,231.0,1.0
13031,226.0,259.0,1.0
13032,89.0,238.0,1.0
13033,56.0,66.0,1.0
13034,238.0,28.0,1.0
13035,218.0,41.0,1.0
13036,12.0,196.0,1.0
13037,168.0,279.0,1.0
13038,211.0,453.0,1.0
13039,62.0,205.0,1.0
13040,223.0,51.0,1.0
13041,2.0,45.0,1.0
13042,205.0,318.0,1.0
13043,201.0,213.0,1.0
13044,191.0,277.0,1.0
13045,87.0,279.0,1.0
13046,130.0,43.0,1.0
13047,141.0,38.0,1.0
13048,41.0,23.0,1.0
13049,99.0,391.0,1.0
13050,239.0,91.0,1.0
13051,147.0,123.0,1.0
13052,126.0,414.0,1.0
13053,144.0,184.0,1.0
13054,195.0,40.0,1.0
13055,97.0,205.0,1.0
13056,252.0,220.0,1.0
13057,102.0,111.0,1.0
13058,122.0,1.0,1.0
13059,39.0,189.0,1.0
13060,175.0,592.0,1.0
13061,175.0,391.0,1.0
13062,129.0,61.0,1.0
13063,17.0,103.0,1.0
13064,246.0,92.0,1.0
13065,169.0,154.0,1.0
13066,255.0,70.0,1.0
13067,89.0,216.0,1.0
13068,167.0,292.0,1.0
13069,82.0,560.0,1.0
13070,256.0,219.0,1.0
13071,230.0,81.0,1.0
13072,174.0,578.0,1.0
13073,81.0,66.0,1.0
13074,155.0,161.0,1.0
13075,248.0,168.0,1.0
13076,69.0,192.0,1.0
13077,74.0,100.0,1.0
13078,230.0,323.0,1.0
13079,101.0,112.0,1.0
13080,83.0,143.0,1.0
13081,165.0,40.0,1.0
13082,124.0,242.0,1.0
13083,130.0,259.0,1.0
13084,28.0,61.0,1.0
13085,16.0,364.0,1.0
13086,26.0,171.0,1.0
13087,17.0,415.0,1.0
13088,63.0,214.0,1.0
13089,99.0,133.0,1.0
13090,211.0,222.0,1.0
13091,65.0,37.0,1.0
13092,194.0,222.0,1.0
13093,144.0,229.0,1.0
13094,160.0,143.0,1.0
13095,250.0,156.0,1.0
13096,148.0,20.0,1.0
13097,63.0,415.0,1.0
13098,89.0,438.0,1.0
13099,81.0,245.0,1.0
13100,17.0,81.0,1.0
13101,228.0,52.0,1.0
13102,48.0,305.0,1.0
13103,17.0,224.0,1.0
13104,37.0,1.0,1.0
13105,87.0,238.0,1.0
13106,116.0,262.0,1.0
13107,135.0,91.0,1.0
13108,136.0,251.0,1.0
13109,56.0,363.0,1.0
13110,259.0,459.0,1.0
13111,97.0,192.0,1.0
13112,205.0,147.0,1.0
13113,242.0,77.0,1.0
13114,45.0,492.0,1.0
13115,87.0,372.0,1.0
13116,266.0,426.0,1.0
13117,98.0,24.0,1.0
13118,225.0,273.0,1.0
13119,185.0,133.0,1.0
13120,113.0,47.0,1.0
13121,68.0,62.0,1.0
13122,199.0,57.0,1.0
13123,102.0,127.0,1.0
13124,233.0,522.0,1.0
13125,200.0,156.0,1.0
13126,196.0,22.0,1.0
13127,69.0,279.0,1.0
13128,228.0,111.0,1.0
13129,130.0,450.0,1.0
13130,3.0,143.0,1.0
13131,82.0,0.0,1.0
13132,40.0,323.0,1.0
13133,45.0,69.0,1.0
13134,217.0,230.0,1.0
13135,153.0,438.0,1.0
13136,183.0,346.0,1.0
13137,116.0,411.0,1.0
13138,17.0,36.0,1.0
13139,126.0,505.0,1.0
13140,126.0,434.0,1.0
13141,30.0,61.0,1.0
13142,49.0,416.0,1.0
13143,138.0,316.0,1.0
13144,51.0,509.0,1.0
13145,149.0,230.0,1.0
13146,2.0,117.0,1.0
13147,168.0,155.0,1.0
13148,37.0,120.0,1.0
13149,64.0,30.0,1.0
13150,74.0,66.0,1.0
13151,74.0,206.0,1.0
13152,82.0,356.0,1.0
13153,35.0,20.0,1.0
13154,49.0,130.0,1.0
13155,130.0,355.0,1.0
13156,128.0,44.0,1.0
13157,78.0,516.0,1.0
13158,165.0,272.0,1.0
13159,234.0,388.0,1.0
13160,136.0,31.0,1.0
13161,101.0,434.0,1.0
13162,102.0,38.0,1.0
13163,108.0,378.0,1.0
13164,84.0,556.0,1.0
13165,189.0,352.0,1.0
13166,224.0,263.0,1.0
13167,98.0,482.0,1.0
13168,199.0,360.0,1.0
13169,138.0,147.0,1.0
13170,259.0,378.0,1.0
13171,91.0,480.0,1.0
13172,127.0,514.0,1.0
13173,81.0,352.0,1.0
13174,202.0,257.0,1.0
13175,183.0,317.0,1.0
13176,83.0,209.0,1.0
13177,261.0,450.0,1.0
13178,196.0,562.0,1.0
13179,68.0,51.0,1.0
13180,191.0,113.0,1.0
13181,207.0,313.0,1.0
13182,61.0,36.0,1.0
13183,44.0,286.0,1.0
13184,164.0,147.0,1.0
13185,43.0,91.0,1.0
13186,155.0,559.0,1.0
13187,123.0,59.0,1.0
13188,183.0,173.0,1.0
13189,5.0,204.0,1.0
13190,259.0,583.0,1.0
13191,221.0,581.0,1.0
13192,115.0,257.0,1.0
13193,145.0,233.0,1.0
13194,101.0,45.0,1.0
13195,254.0,150.0,1.0
13196,56.0,138.0,1.0
13197,128.0,318.0,1.0
13198,84.0,285.0,1.0
13199,43.0,126.0,1.0
13200,93.0,522.0,1.0
13201,128.0,66.0,1.0
13202,216.0,150.0,1.0
13203,82.0,532.0,1.0
13204,153.0,352.0,1.0
13205,121.0,108.0,1.0
13206,256.0,473.0,1.0
13207,207.0,512.0,1.0
13208,52.0,394.0,1.0
13209,44.0,487.0,1.0
13210,83.0,57.0,1.0
13211,156.0,122.0,1.0
13212,74.0,214.0,1.0
13213,176.0,411.0,1.0
13214,56.0,253.0,1.0
13215,177.0,546.0,1.0
13216,108.0,315.0,1.0
13217,104.0,533.0,1.0
13218,226.0,591.0,1.0
13219,268.0,141.0,1.0
13220,94.0,418.0,1.0
13221,130.0,95.0,1.0
13222,107.0,58.0,1.0
13223,94.0,137.0,1.0
13224,228.0,65.0,1.0
13225,148.0,342.0,1.0
13226,9.0,259.0,1.0
13227,150.0,494.0,1.0
13228,196.0,235.0,1.0
13229,149.0,194.0,1.0
13230,115.0,32.0,1.0
13231,105.0,59.0,1.0
13232,218.0,254.0,1.0
13233,117.0,35.0,1.0
13234,60.0,552.0,1.0
13235,126.0,127.0,1.0
13236,197.0,380.0,1.0
13237,168.0,165.0,1.0
13238,147.0,592.0,1.0
13239,9.0,260.0,1.0
13240,126.0,195.0,1.0
13241,30.0,447.0,1.0
13242,216.0,97.0,1.0
13243,5.0,219.0,1.0
13244,250.0,47.0,1.0
13245,59.0,7.0,1.0
13246,177.0,452.0,1.0
13247,75.0,150.0,1.0
13248,232.0,66.0,1.0
13249,165.0,204.0,1.0
13250,34.0,191.0,1.0
13251,103.0,371.0,1.0
13252,227.0,143.0,1.0
13253,189.0,95.0,1.0
13254,84.0,85.0,1.0
13255,56.0,372.0,1.0
13256,17.0,218.0,1.0
13257,75.0,497.0,1.0
13258,74.0,97.0,1.0
13259,42.0,410.0,1.0
13260,51.0,234.0,1.0
13261,75.0,154.0,1.0
13262,132.0,81.0,1.0
13263,223.0,186.0,1.0
13264,130.0,196.0,1.0
13265,124.0,241.0,1.0
13266,266.0,222.0,1.0
13267,44.0,400.0,1.0
13268,65.0,513.0,1.0
13269,26.0,106.0,1.0
13270,107.0,71.0,1.0
13271,181.0,213.0,1.0
13272,226.0,89.0,1.0
13273,227.0,72.0,1.0
13274,203.0,304.0,1.0
13275,222.0,153.0,1.0
13276,87.0,143.0,1.0
13277,168.0,496.0,1.0
13278,79.0,47.0,1.0
13279,78.0,193.0,1.0
13280,52.0,282.0,1.0
13281,225.0,559.0,1.0
13282,128.0,317.0,1.0
13283,122.0,478.0,1.0
13284,144.0,570.0,1.0
13285,223.0,167.0,1.0
13286,87.0,207.0,1.0
13287,123.0,496.0,1.0
13288,182.0,43.0,1.0
13289,224.0,251.0,1.0
13290,29.0,161.0,1.0
13291,142.0,190.0,1.0
13292,164.0,492.0,1.0
13293,71.0,402.0,1.0
13294,132.0,202.0,1.0
13295,110.0,208.0,1.0
13296,203.0,77.0,1.0
13297,178.0,228.0,1.0
13298,185.0,150.0,1.0
13299,147.0,543.0,1.0
13300,44.0,320.0,1.0
13301,248.0,118.0,1.0
13302,168.0,66.0,1.0
13303,194.0,99.0,1.0
13304,175.0,95.0,1.0
13305,170.0,2.0,1.0
13306,20.0,50.0,1.0
13307,51.0,72.0,1.0
13308,223.0,47.0,1.0
13309,144.0,388.0,1.0
13310,116.0,44.0,1.0
13311,105.0,137.0,1.0
13312,101.0,186.0,1.0
13313,116.0,78.0,1.0
13314,104.0,147.0,1.0
13315,223.0,177.0,1.0
13316,82.0,517.0,1.0
13317,65.0,254.0,1.0
13318,117.0,7.0,1.0
13319,79.0,190.0,1.0
13320,168.0,52.0,1.0
13321,149.0,489.0,1.0
13322,72.0,338.0,1.0
13323,13.0,51.0,1.0
13324,259.0,247.0,1.0
13325,193.0,434.0,1.0
13326,248.0,394.0,1.0
13327,186.0,87.0,1.0
13328,197.0,112.0,1.0
13329,208.0,243.0,1.0
13330,145.0,411.0,1.0
13331,31.0,113.0,1.0
13332,114.0,197.0,1.0
13333,71.0,391.0,1.0
13334,132.0,195.0,1.0
13335,156.0,447.0,1.0
13336,232.0,388.0,1.0
13337,34.0,154.0,1.0
13338,45.0,438.0,1.0
13339,58.0,157.0,1.0
13340,136.0,368.0,1.0
13341,78.0,249.0,1.0
13342,98.0,44.0,1.0
13343,70.0,120.0,1.0
13344,29.0,441.0,1.0
13345,123.0,459.0,1.0
13346,127.0,595.0,1.0
13347,234.0,138.0,1.0
13348,149.0,211.0,1.0
13349,87.0,95.0,1.0
13350,105.0,127.0,1.0
13351,97.0,505.0,1.0
13352,153.0,111.0,1.0
13353,105.0,43.0,1.0
13354,234.0,206.0,1.0
13355,85.0,326.0,1.0
13356,218.0,443.0,1.0
13357,136.0,231.0,1.0
13358,226.0,502.0,1.0
13359,98.0,94.0,1.0
13360,223.0,50.0,1.0
13361,75.0,253.0,1.0
13362,160.0,66.0,1.0
13363,177.0,64.0,1.0
13364,60.0,191.0,1.0
13365,71.0,114.0,1.0
13366,160.0,211.0,1.0
13367,153.0,454.0,1.0
13368,74.0,130.0,1.0
13369,232.0,302.0,1.0
13370,248.0,20.0,1.0
13371,165.0,237.0,1.0
13372,225.0,282.0,1.0
13373,78.0,399.0,1.0
13374,196.0,118.0,1.0
13375,93.0,284.0,1.0
13376,264.0,308.0,1.0
13377,61.0,92.0,1.0
13378,205.0,90.0,1.0
13379,187.0,492.0,1.0
13380,259.0,120.0,1.0
13381,28.0,281.0,1.0
13382,249.0,11.0,1.0
13383,44.0,124.0,1.0
13384,210.0,168.0,1.0
13385,186.0,296.0,1.0
13386,56.0,147.0,1.0
13387,77.0,203.0,1.0
13388,160.0,181.0,1.0
13389,147.0,150.0,1.0
13390,82.0,115.0,1.0
13391,243.0,196.0,1.0
13392,248.0,10.0,1.0
13393,25.0,435.0,1.0
13394,263.0,355.0,1.0
13395,207.0,95.0,1.0
13396,82.0,407.0,1.0
13397,69.0,59.0,1.0
13398,185.0,45.0,1.0
13399,182.0,554.0,1.0
13400,116.0,556.0,1.0
13401,117.0,410.0,1.0
13402,101.0,384.0,1.0
13403,17.0,47.0,1.0
13404,146.0,423.0,1.0
13405,116.0,121.0,1.0
13406,133.0,226.0,1.0
13407,3.0,156.0,1.0
13408,2.0,89.0,1.0
13409,185.0,35.0,1.0
13410,102.0,9.0,1.0
13411,149.0,431.0,1.0
13412,48.0,293.0,1.0
13413,178.0,256.0,1.0
13414,245.0,388.0,1.0
13415,7.0,235.0,1.0
13416,141.0,175.0,1.0
13417,177.0,172.0,1.0
13418,116.0,392.0,1.0
13419,108.0,62.0,1.0
13420,197.0,190.0,1.0
13421,130.0,177.0,1.0
13422,205.0,484.0,1.0
13423,158.0,531.0,1.0
13424,104.0,187.0,1.0
13425,130.0,491.0,1.0
13426,155.0,281.0,1.0
13427,65.0,146.0,1.0
13428,42.0,22.0,1.0
13429,15.0,50.0,1.0
13430,88.0,207.0,1.0
13431,117.0,66.0,1.0
13432,128.0,296.0,1.0
13433,121.0,40.0,1.0
13434,2.0,146.0,1.0
13435,19.0,157.0,1.0
13436,75.0,36.0,1.0
13437,262.0,57.0,1.0
13438,182.0,562.0,1.0
13439,72.0,48.0,1.0
13440,205.0,289.0,1.0
13441,172.0,496.0,1.0
13442,156.0,378.0,1.0
13443,74.0,32.0,1.0
13444,126.0,413.0,1.0
13445,260.0,117.0,1.0
13446,86.0,1.0,1.0
13447,125.0,336.0,1.0
13448,248.0,500.0,1.0
13449,149.0,476.0,1.0
13450,141.0,239.0,1.0
13451,11.0,290.0,1.0
13452,217.0,214.0,1.0
13453,130.0,427.0,1.0
13454,27.0,1.0,1.0
13455,108.0,434.0,1.0
13456,106.0,358.0,1.0
13457,32.0,136.0,1.0
13458,247.0,228.0,1.0
13459,248.0,446.0,1.0
13460,31.0,265.0,1.0
13461,153.0,216.0,1.0
13462,89.0,571.0,1.0
13463,73.0,178.0,1.0
13464,180.0,70.0,1.0
13465,102.0,575.0,1.0
13466,53.0,266.0,1.0
13467,90.0,225.0,1.0
13468,155.0,388.0,1.0
13469,170.0,384.0,1.0
13470,56.0,67.0,1.0
13471,13.0,335.0,1.0
13472,248.0,52.0,1.0
13473,53.0,216.0,1.0
13474,218.0,271.0,1.0
13475,223.0,95.0,1.0
13476,128.0,196.0,1.0
13477,265.0,253.0,1.0
13478,56.0,332.0,1.0
13479,13.0,330.0,1.0
13480,37.0,287.0,1.0
13481,102.0,443.0,1.0
13482,65.0,284.0,1.0
13483,88.0,195.0,1.0
13484,65.0,280.0,1.0
13485,13.0,184.0,1.0
13486,2.0,118.0,1.0
13487,30.0,210.0,1.0
13488,51.0,69.0,1.0
13489,262.0,226.0,1.0
13490,187.0,92.0,1.0
13491,266.0,185.0,1.0
13492,134.0,11.0,1.0
13493,104.0,196.0,1.0
13494,117.0,185.0,1.0
13495,220.0,323.0,1.0
13496,116.0,145.0,1.0
13497,264.0,50.0,1.0
13498,104.0,98.0,1.0
13499,201.0,47.0,1.0
13500,158.0,92.0,1.0
13501,45.0,197.0,1.0
13502,127.0,183.0,1.0
13503,267.0,273.0,1.0
13504,165.0,201.0,1.0
13505,87.0,26.0,1.0
13506,228.0,392.0,1.0
13507,10.0,178.0,1.0
13508,107.0,132.0,1.0
13509,129.0,470.0,1.0
13510,81.0,471.0,1.0
13511,44.0,47.0,1.0
13512,51.0,190.0,1.0
13513,108.0,205.0,1.0
13514,183.0,164.0,1.0
13515,17.0,186.0,1.0
13516,250.0,59.0,1.0
13517,234.0,348.0,1.0
13518,222.0,287.0,1.0
13519,172.0,91.0,1.0
13520,68.0,57.0,1.0
13521,119.0,126.0,1.0
13522,223.0,81.0,1.0
13523,250.0,190.0,1.0
13524,115.0,496.0,1.0
13525,150.0,50.0,1.0
13526,132.0,282.0,1.0
13527,74.0,236.0,1.0
13528,164.0,36.0,1.0
13529,81.0,18.0,1.0
13530,140.0,20.0,1.0
13531,81.0,194.0,1.0
13532,90.0,408.0,1.0
13533,90.0,58.0,1.0
13534,268.0,178.0,1.0
13535,256.0,505.0,1.0
13536,205.0,161.0,1.0
13537,116.0,441.0,1.0
13538,34.0,9.0,1.0
13539,21.0,124.0,1.0
13540,149.0,75.0,1.0
13541,182.0,172.0,1.0
13542,225.0,215.0,1.0
13543,78.0,415.0,1.0
13544,116.0,81.0,1.0
13545,114.0,420.0,1.0
13546,175.0,117.0,1.0
13547,57.0,194.0,1.0
13548,207.0,275.0,1.0
13549,138.0,287.0,1.0
13550,227.0,295.0,1.0
13551,266.0,191.0,1.0
13552,114.0,73.0,1.0
13553,166.0,451.0,1.0
13554,89.0,197.0,1.0
13555,106.0,179.0,1.0
13556,187.0,217.0,1.0
13557,211.0,245.0,1.0
13558,117.0,49.0,1.0
13559,145.0,95.0,1.0
13560,85.0,69.0,1.0
13561,116.0,76.0,1.0
13562,126.0,402.0,1.0
13563,94.0,280.0,1.0
13564,93.0,77.0,1.0
13565,257.0,38.0,1.0
13566,107.0,91.0,1.0
13567,200.0,196.0,1.0
13568,5.0,68.0,1.0
13569,65.0,338.0,1.0
13570,17.0,91.0,1.0
13571,144.0,89.0,1.0
13572,184.0,349.0,1.0
13573,78.0,586.0,1.0
13574,51.0,467.0,1.0
13575,65.0,69.0,1.0
13576,132.0,587.0,1.0
13577,189.0,44.0,1.0
13578,145.0,250.0,1.0
13579,5.0,188.0,1.0
13580,16.0,67.0,1.0
13581,205.0,526.0,1.0
13582,35.0,9.0,1.0
13583,99.0,227.0,1.0
13584,52.0,511.0,1.0
13585,97.0,330.0,1.0
13586,105.0,150.0,1.0
13587,197.0,164.0,1.0
13588,84.0,308.0,1.0
13589,82.0,442.0,1.0
13590,165.0,175.0,1.0
13591,202.0,31.0,1.0
13592,132.0,133.0,1.0
13593,57.0,260.0,1.0
13594,4.0,11.0,1.0
13595,229.0,126.0,1.0
13596,261.0,158.0,1.0
13597,67.0,51.0,1.0
13598,82.0,242.0,1.0
13599,8.0,156.0,1.0
13600,250.0,464.0,1.0
13601,242.0,95.0,1.0
13602,200.0,365.0,1.0
13603,105.0,36.0,1.0
13604,64.0,280.0,1.0
13605,175.0,174.0,1.0
13606,21.0,45.0,1.0
13607,121.0,33.0,1.0
13608,232.0,69.0,1.0
13609,65.0,245.0,1.0
13610,82.0,186.0,1.0
13611,84.0,579.0,1.0
13612,56.0,342.0,1.0
13613,96.0,127.0,1.0
13614,102.0,352.0,1.0
13615,132.0,191.0,1.0
13616,141.0,92.0,1.0
13617,122.0,95.0,1.0
13618,65.0,342.0,1.0
13619,165.0,91.0,1.0
13620,237.0,136.0,1.0
13621,34.0,300.0,1.0
13622,116.0,17.0,1.0
13623,45.0,84.0,1.0
13624,134.0,113.0,1.0
13625,156.0,91.0,1.0
13626,226.0,3.0,1.0
13627,130.0,289.0,1.0
13628,267.0,326.0,1.0
13629,35.0,300.0,1.0
13630,105.0,22.0,1.0
13631,26.0,89.0,1.0
13632,128.0,481.0,1.0
13633,183.0,216.0,1.0
13634,74.0,583.0,1.0
13635,115.0,104.0,1.0
13636,262.0,525.0,1.0
13637,127.0,532.0,1.0
13638,245.0,125.0,1.0
13639,33.0,113.0,1.0
13640,84.0,407.0,1.0
13641,156.0,241.0,1.0
13642,174.0,10.0,1.0
13643,236.0,134.0,1.0
13644,146.0,532.0,1.0
13645,226.0,400.0,1.0
13646,230.0,146.0,1.0
13647,219.0,186.0,1.0
13648,52.0,434.0,1.0
13649,64.0,180.0,1.0
13650,156.0,92.0,1.0
13651,178.0,36.0,1.0
13652,132.0,368.0,1.0
13653,191.0,54.0,1.0
13654,205.0,122.0,1.0
13655,107.0,79.0,1.0
13656,225.0,81.0,1.0
13657,115.0,202.0,1.0
13658,147.0,80.0,1.0
13659,93.0,117.0,1.0
13660,62.0,282.0,1.0
13661,168.0,195.0,1.0
13662,81.0,407.0,1.0
13663,98.0,143.0,1.0
13664,256.0,460.0,1.0
13665,82.0,455.0,1.0
13666,182.0,164.0,1.0
13667,158.0,374.0,1.0
13668,262.0,128.0,1.0
13669,145.0,279.0,1.0
13670,257.0,241.0,1.0
13671,150.0,101.0,1.0
13672,132.0,66.0,1.0
13673,104.0,165.0,1.0
13674,128.0,452.0,1.0
13675,147.0,125.0,1.0
13676,21.0,272.0,1.0
13677,42.0,59.0,1.0
13678,128.0,59.0,1.0
13679,100.0,15.0,1.0
13680,165.0,251.0,1.0
13681,31.0,66.0,1.0
13682,175.0,159.0,1.0
13683,235.0,480.0,1.0
13684,89.0,131.0,1.0
13685,130.0,229.0,1.0
13686,178.0,566.0,1.0
13687,77.0,295.0,1.0
13688,250.0,509.0,1.0
13689,67.0,165.0,1.0
13690,143.0,436.0,1.0
13691,147.0,190.0,1.0
13692,51.0,81.0,1.0
13693,26.0,150.0,1.0
13694,251.0,73.0,1.0
13695,86.0,111.0,1.0
13696,82.0,251.0,1.0
13697,149.0,119.0,1.0
13698,233.0,147.0,1.0
13699,229.0,77.0,1.0
13700,78.0,286.0,1.0
13701,223.0,335.0,1.0
13702,32.0,45.0,1.0
13703,56.0,453.0,1.0
13704,22.0,90.0,1.0
13705,81.0,38.0,1.0
13706,134.0,97.0,1.0
13707,224.0,416.0,1.0
13708,226.0,407.0,1.0
13709,42.0,401.0,1.0
13710,67.0,215.0,1.0
13711,177.0,282.0,1.0
13712,177.0,18.0,1.0
13713,128.0,161.0,1.0
13714,53.0,386.0,1.0
13715,3.0,163.0,1.0
13716,145.0,285.0,1.0
13717,181.0,97.0,1.0
13718,256.0,396.0,1.0
13719,75.0,327.0,1.0
13720,31.0,351.0,1.0
13721,5.0,187.0,1.0
13722,97.0,111.0,1.0
13723,44.0,53.0,1.0
13724,223.0,510.0,1.0
13725,196.0,515.0,1.0
13726,56.0,387.0,1.0
13727,153.0,257.0,1.0
13728,86.0,33.0,1.0
13729,39.0,290.0,1.0
13730,208.0,229.0,1.0
13731,205.0,241.0,1.0
13732,132.0,356.0,1.0
13733,141.0,58.0,1.0
13734,164.0,436.0,1.0
13735,256.0,202.0,1.0
13736,138.0,105.0,1.0
13737,64.0,314.0,1.0
13738,128.0,126.0,1.0
13739,203.0,99.0,1.0
13740,16.0,372.0,1.0
13741,199.0,535.0,1.0
13742,147.0,147.0,1.0
13743,155.0,59.0,1.0
13744,67.0,97.0,1.0
13745,245.0,310.0,1.0
13746,16.0,72.0,1.0
13747,56.0,426.0,1.0
13748,127.0,194.0,1.0
13749,26.0,354.0,1.0
13750,52.0,91.0,1.0
13751,94.0,31.0,1.0
13752,156.0,360.0,1.0
13753,218.0,181.0,1.0
13754,203.0,158.0,1.0
13755,127.0,104.0,1.0
13756,112.0,420.0,1.0
13757,8.0,238.0,1.0
13758,110.0,95.0,1.0
13759,228.0,175.0,1.0
13760,30.0,40.0,1.0
13761,9.0,27.0,1.0
13762,149.0,270.0,1.0
13763,81.0,236.0,1.0
13764,130.0,235.0,1.0
13765,82.0,574.0,1.0
13766,146.0,217.0,1.0
13767,32.0,73.0,1.0
13768,2.0,100.0,1.0
13769,84.0,211.0,1.0
13770,256.0,558.0,1.0
13771,81.0,196.0,1.0
13772,135.0,66.0,1.0
13773,98.0,133.0,1.0
13774,209.0,89.0,1.0
13775,214.0,24.0,1.0
13776,124.0,146.0,1.0
13777,100.0,219.0,1.0
13778,189.0,100.0,1.0
13779,182.0,514.0,1.0
13780,86.0,66.0,1.0
13781,214.0,107.0,1.0
13782,78.0,133.0,1.0
13783,44.0,257.0,1.0
13784,149.0,122.0,1.0
13785,96.0,539.0,1.0
13786,116.0,357.0,1.0
13787,37.0,460.0,1.0
13788,32.0,111.0,1.0
13789,188.0,1.0,1.0
13790,262.0,120.0,1.0
13791,182.0,59.0,1.0
13792,241.0,343.0,1.0
13793,17.0,126.0,1.0
13794,60.0,391.0,1.0
13795,225.0,263.0,1.0
13796,227.0,66.0,1.0
13797,141.0,354.0,1.0
13798,91.0,176.0,1.0
13799,225.0,16.0,1.0
13800,242.0,35.0,1.0
13801,115.0,190.0,1.0
13802,85.0,89.0,1.0
13803,86.0,315.0,1.0
13804,65.0,534.0,1.0
13805,46.0,206.0,1.0
13806,219.0,394.0,1.0
13807,193.0,241.0,1.0
13808,86.0,125.0,1.0
13809,262.0,281.0,1.0
13810,117.0,214.0,1.0
13811,193.0,503.0,1.0
13812,123.0,223.0,1.0
13813,266.0,131.0,1.0
13814,1.0,86.0,1.0
13815,148.0,472.0,1.0
13816,257.0,59.0,1.0
13817,223.0,125.0,1.0
13818,158.0,428.0,1.0
13819,60.0,310.0,1.0
13820,235.0,235.0,1.0
13821,3.0,150.0,1.0
13822,256.0,391.0,1.0
13823,106.0,587.0,1.0
13824,56.0,130.0,1.0
13825,178.0,84.0,1.0
13826,141.0,85.0,1.0
13827,104.0,220.0,1.0
13828,223.0,352.0,1.0
13829,167.0,136.0,1.0
13830,96.0,92.0,1.0
13831,256.0,401.0,1.0
13832,9.0,44.0,1.0
13833,69.0,356.0,1.0
13834,261.0,300.0,1.0
13835,191.0,443.0,1.0
13836,82.0,62.0,1.0
13837,75.0,218.0,1.0
13838,69.0,570.0,1.0
13839,257.0,124.0,1.0
13840,102.0,64.0,1.0
13841,79.0,205.0,1.0
13842,187.0,104.0,1.0
13843,15.0,172.0,1.0
13844,136.0,223.0,1.0
13845,9.0,269.0,1.0
13846,197.0,151.0,1.0
13847,256.0,420.0,1.0
13848,112.0,218.0,1.0
13849,226.0,274.0,1.0
13850,56.0,326.0,1.0
13851,47.0,62.0,1.0
13852,102.0,145.0,1.0
13853,65.0,11.0,1.0
13854,183.0,264.0,1.0
13855,42.0,103.0,1.0
13856,44.0,477.0,1.0
13857,226.0,50.0,1.0
13858,183.0,361.0,1.0
13859,84.0,260.0,1.0
13860,144.0,232.0,1.0
13861,104.0,137.0,1.0
13862,195.0,27.0,1.0
13863,136.0,371.0,1.0
13864,115.0,143.0,1.0
13865,234.0,571.0,1.0
13866,119.0,230.0,1.0
13867,123.0,395.0,1.0
13868,81.0,415.0,1.0
13869,227.0,309.0,1.0
13870,222.0,38.0,1.0
13871,226.0,529.0,1.0
13872,178.0,220.0,1.0
13873,141.0,416.0,1.0
13874,226.0,303.0,1.0
13875,197.0,64.0,1.0
13876,156.0,352.0,1.0
13877,168.0,127.0,1.0
13878,199.0,574.0,1.0
13879,161.0,112.0,1.0
13880,95.0,121.0,1.0
13881,185.0,103.0,1.0
13882,125.0,143.0,1.0
13883,146.0,226.0,1.0
13884,99.0,542.0,1.0
13885,261.0,141.0,1.0
13886,144.0,87.0,1.0
13887,117.0,47.0,1.0
13888,129.0,220.0,1.0
13889,175.0,220.0,1.0
13890,35.0,143.0,1.0
13891,29.0,55.0,1.0
13892,268.0,47.0,1.0
13893,45.0,35.0,1.0
13894,148.0,245.0,1.0
13895,248.0,74.0,1.0
13896,185.0,563.0,1.0
13897,159.0,122.0,1.0
13898,59.0,416.0,1.0
13899,127.0,426.0,1.0
13900,106.0,386.0,1.0
13901,259.0,31.0,1.0
13902,156.0,534.0,1.0
13903,147.0,11.0,1.0
13904,113.0,134.0,1.0
13905,163.0,84.0,1.0
13906,164.0,14.0,1.0
13907,177.0,77.0,1.0
13908,90.0,141.0,1.0
13909,29.0,52.0,1.0
13910,149.0,99.0,1.0
13911,117.0,367.0,1.0
13912,182.0,122.0,1.0
13913,84.0,282.0,1.0
13914,126.0,95.0,1.0
13915,37.0,220.0,1.0
13916,35.0,154.0,1.0
13917,127.0,378.0,1.0
13918,64.0,301.0,1.0
13919,91.0,47.0,1.0
13920,149.0,87.0,1.0
13921,223.0,276.0,1.0
13922,13.0,164.0,1.0
13923,183.0,397.0,1.0
13924,103.0,64.0,1.0
13925,153.0,376.0,1.0
13926,224.0,141.0,1.0
13927,144.0,121.0,1.0
13928,251.0,408.0,1.0
13929,60.0,100.0,1.0
13930,193.0,221.0,1.0
13931,132.0,454.0,1.0
13932,89.0,185.0,1.0
13933,16.0,365.0,1.0
13934,152.0,20.0,1.0
13935,216.0,116.0,1.0
13936,65.0,206.0,1.0
13937,228.0,186.0,1.0
13938,262.0,122.0,1.0
13939,194.0,64.0,1.0
13940,259.0,410.0,1.0
13941,121.0,241.0,1.0
13942,266.0,190.0,1.0
13943,153.0,267.0,1.0
13944,103.0,194.0,1.0
13945,90.0,196.0,1.0
13946,190.0,219.0,1.0
13947,60.0,97.0,1.0
13948,65.0,234.0,1.0
13949,207.0,320.0,1.0
13950,139.0,398.0,1.0
13951,175.0,256.0,1.0
13952,168.0,50.0,1.0
13953,126.0,193.0,1.0
13954,205.0,532.0,1.0
13955,57.0,171.0,1.0
13956,217.0,217.0,1.0
13957,37.0,59.0,1.0
13958,177.0,100.0,1.0
13959,69.0,57.0,1.0
13960,211.0,204.0,1.0
13961,160.0,103.0,1.0
13962,136.0,24.0,1.0
13963,207.0,516.0,1.0
13964,150.0,429.0,1.0
13965,178.0,547.0,1.0
13966,35.0,226.0,1.0
13967,145.0,213.0,1.0
13968,160.0,160.0,1.0
13969,91.0,488.0,1.0
13970,127.0,159.0,1.0
13971,223.0,99.0,1.0
13972,168.0,273.0,1.0
13973,70.0,433.0,1.0
13974,4.0,176.0,1.0
13975,58.0,289.0,1.0
13976,11.0,300.0,1.0
13977,10.0,305.0,1.0
13978,133.0,220.0,1.0
13979,225.0,342.0,1.0
13980,3.0,134.0,1.0
13981,9.0,89.0,1.0
13982,51.0,337.0,1.0
13983,1.0,79.0,1.0
13984,256.0,214.0,1.0
13985,251.0,91.0,1.0
13986,234.0,337.0,1.0
13987,24.0,317.0,1.0
13988,2.0,125.0,1.0
13989,17.0,31.0,1.0
13990,156.0,553.0,1.0
13991,164.0,204.0,1.0
13992,165.0,185.0,1.0
13993,120.0,146.0,1.0
13994,84.0,39.0,1.0
13995,56.0,43.0,1.0
13996,82.0,58.0,1.0
13997,22.0,133.0,1.0
13998,160.0,109.0,1.0
13999,57.0,277.0,1.0
14000,178.0,8.0,1.0
14001,82.0,317.0,1.0
14002,82.0,15.0,1.0
14003,79.0,413.0,1.0
14004,113.0,348.0,1.0
14005,64.0,110.0,1.0
14006,9.0,47.0,1.0
14007,259.0,133.0,1.0
14008,19.0,143.0,1.0
14009,128.0,143.0,1.0
14010,158.0,569.0,1.0
14011,65.0,125.0,1.0
14012,259.0,415.0,1.0
14013,207.0,298.0,1.0
14014,68.0,386.0,1.0
14015,196.0,92.0,1.0
14016,230.0,400.0,1.0
14017,51.0,194.0,1.0
14018,99.0,59.0,1.0
14019,115.0,89.0,1.0
14020,223.0,217.0,1.0
14021,258.0,358.0,1.0
14022,57.0,75.0,1.0
14023,178.0,374.0,1.0
14024,106.0,243.0,1.0
14025,75.0,268.0,1.0
14026,229.0,500.0,1.0
14027,129.0,213.0,1.0
14028,103.0,38.0,1.0
14029,175.0,493.0,1.0
14030,105.0,44.0,1.0
14031,210.0,111.0,1.0
14032,108.0,480.0,1.0
14033,224.0,44.0,1.0
14034,149.0,519.0,1.0
14035,12.0,225.0,1.0
14036,19.0,146.0,1.0
14037,232.0,37.0,1.0
14038,65.0,320.0,1.0
14039,79.0,9.0,1.0
14040,205.0,235.0,1.0
14041,96.0,214.0,1.0
14042,202.0,496.0,1.0
14043,83.0,517.0,1.0
14044,179.0,382.0,1.0
14045,183.0,215.0,1.0
14046,137.0,10.0,1.0
14047,114.0,495.0,1.0
14048,189.0,94.0,1.0
14049,251.0,134.0,1.0
14050,228.0,437.0,1.0
14051,88.0,125.0,1.0
14052,48.0,201.0,1.0
14053,84.0,294.0,1.0
14054,145.0,137.0,1.0
14055,33.0,124.0,1.0
14056,96.0,95.0,1.0
14057,88.0,14.0,1.0
14058,251.0,150.0,1.0
14059,123.0,110.0,1.0
14060,141.0,573.0,1.0
14061,150.0,332.0,1.0
14062,119.0,379.0,1.0
14063,74.0,194.0,1.0
14064,64.0,429.0,1.0
14065,224.0,25.0,1.0
14066,218.0,89.0,1.0
14067,32.0,396.0,1.0
14068,248.0,125.0,1.0
14069,218.0,58.0,1.0
14070,64.0,217.0,1.0
14071,230.0,186.0,1.0
14072,222.0,215.0,1.0
14073,132.0,95.0,1.0
14074,165.0,375.0,1.0
14075,43.0,97.0,1.0
14076,208.0,31.0,1.0
14077,56.0,120.0,1.0
14078,90.0,35.0,1.0
14079,185.0,276.0,1.0
14080,129.0,47.0,1.0
14081,224.0,1.0,1.0
14082,165.0,349.0,1.0
14083,132.0,344.0,1.0
14084,47.0,309.0,1.0
14085,213.0,220.0,1.0
14086,164.0,382.0,1.0
14087,162.0,40.0,1.0
14088,205.0,538.0,1.0
14089,87.0,7.0,1.0
14090,165.0,132.0,1.0
14091,179.0,378.0,1.0
14092,256.0,83.0,1.0
14093,256.0,464.0,1.0
14094,262.0,334.0,1.0
14095,82.0,153.0,1.0
14096,71.0,39.0,1.0
14097,137.0,571.0,1.0
14098,149.0,280.0,1.0
14099,94.0,451.0,1.0
14100,16.0,306.0,1.0
14101,26.0,122.0,1.0
14102,116.0,144.0,1.0
14103,87.0,294.0,1.0
14104,29.0,11.0,1.0
14105,226.0,102.0,1.0
14106,224.0,104.0,1.0
14107,150.0,38.0,1.0
14108,177.0,424.0,1.0
14109,49.0,12.0,1.0
14110,84.0,87.0,1.0
14111,10.0,128.0,1.0
14112,75.0,220.0,1.0
14113,82.0,32.0,1.0
14114,211.0,128.0,1.0
14115,81.0,279.0,1.0
14116,267.0,38.0,1.0
14117,85.0,184.0,1.0
14118,109.0,252.0,1.0
14119,86.0,373.0,1.0
14120,165.0,9.0,1.0
14121,176.0,126.0,1.0
14122,56.0,88.0,1.0
14123,208.0,159.0,1.0
14124,183.0,83.0,1.0
14125,105.0,192.0,1.0
14126,238.0,62.0,1.0
14127,136.0,234.0,1.0
14128,178.0,460.0,1.0
14129,72.0,164.0,1.0
14130,232.0,247.0,1.0
14131,60.0,205.0,1.0
14132,97.0,410.0,1.0
14133,107.0,7.0,1.0
14134,214.0,286.0,1.0
14135,79.0,201.0,1.0
14136,37.0,9.0,1.0
14137,191.0,102.0,1.0
14138,225.0,246.0,1.0
14139,52.0,410.0,1.0
14140,56.0,27.0,1.0
14141,264.0,124.0,1.0
14142,253.0,86.0,1.0
14143,57.0,343.0,1.0
14144,63.0,393.0,1.0
14145,99.0,552.0,1.0
14146,106.0,80.0,1.0
14147,64.0,66.0,1.0
14148,147.0,170.0,1.0
14149,129.0,33.0,1.0
14150,69.0,257.0,1.0
14151,58.0,22.0,1.0
14152,103.0,215.0,1.0
14153,175.0,485.0,1.0
14154,53.0,89.0,1.0
14155,188.0,126.0,1.0
14156,178.0,91.0,1.0
14157,212.0,219.0,1.0
14158,49.0,505.0,1.0
14159,1.0,64.0,1.0
14160,118.0,400.0,1.0
14161,82.0,151.0,1.0
14162,75.0,342.0,1.0
14163,262.0,300.0,1.0
14164,87.0,70.0,1.0
14165,199.0,222.0,1.0
14166,105.0,251.0,1.0
14167,22.0,58.0,1.0
14168,154.0,103.0,1.0
14169,256.0,241.0,1.0
14170,266.0,100.0,1.0
14171,178.0,37.0,1.0
14172,135.0,117.0,1.0
14173,266.0,373.0,1.0
14174,161.0,374.0,1.0
14175,184.0,327.0,1.0
14176,79.0,138.0,1.0
14177,75.0,50.0,1.0
14178,176.0,90.0,1.0
14179,77.0,282.0,1.0
14180,208.0,116.0,1.0
14181,162.0,139.0,1.0
14182,87.0,305.0,1.0
14183,3.0,152.0,1.0
14184,71.0,530.0,1.0
14185,183.0,327.0,1.0
14186,69.0,94.0,1.0
14187,81.0,7.0,1.0
14188,110.0,44.0,1.0
14189,78.0,63.0,1.0
14190,247.0,72.0,1.0
14191,259.0,404.0,1.0
14192,249.0,152.0,1.0
14193,218.0,251.0,1.0
14194,1.0,38.0,1.0
14195,65.0,186.0,1.0
14196,82.0,389.0,1.0
14197,84.0,426.0,1.0
14198,82.0,243.0,1.0
14199,132.0,219.0,1.0
14200,228.0,22.0,1.0
14201,70.0,469.0,1.0
14202,185.0,384.0,1.0
14203,182.0,269.0,1.0
14204,217.0,190.0,1.0
14205,121.0,160.0,1.0
14206,256.0,49.0,1.0
14207,13.0,121.0,1.0
14208,94.0,523.0,1.0
14209,251.0,114.0,1.0
14210,250.0,422.0,1.0
14211,177.0,38.0,1.0
14212,218.0,305.0,1.0
14213,195.0,489.0,1.0
14214,164.0,196.0,1.0
14215,62.0,477.0,1.0
14216,229.0,319.0,1.0
14217,136.0,89.0,1.0
14218,3.0,166.0,1.0
14219,39.0,51.0,1.0
14220,183.0,459.0,1.0
14221,51.0,520.0,1.0
14222,92.0,524.0,1.0
14223,87.0,308.0,1.0
14224,160.0,79.0,1.0
14225,234.0,92.0,1.0
14226,102.0,345.0,1.0
14227,210.0,383.0,1.0
14228,147.0,567.0,1.0
14229,194.0,247.0,1.0
14230,256.0,86.0,1.0
14231,65.0,504.0,1.0
14232,182.0,11.0,1.0
14233,142.0,95.0,1.0
14234,89.0,264.0,1.0
14235,72.0,121.0,1.0
14236,117.0,231.0,1.0
14237,104.0,134.0,1.0
14238,203.0,508.0,1.0
14239,182.0,441.0,1.0
14240,81.0,473.0,1.0
14241,170.0,213.0,1.0
14242,228.0,136.0,1.0
14243,17.0,185.0,1.0
14244,64.0,58.0,1.0
14245,223.0,532.0,1.0
14246,130.0,360.0,1.0
14247,64.0,125.0,1.0
14248,241.0,120.0,1.0
14249,98.0,582.0,1.0
14250,160.0,150.0,1.0
14251,136.0,81.0,1.0
14252,39.0,191.0,1.0
14253,34.0,415.0,1.0
14254,48.0,196.0,1.0
14255,50.0,66.0,1.0
14256,86.0,119.0,1.0
14257,239.0,266.0,1.0
14258,64.0,9.0,1.0
14259,62.0,191.0,1.0
14260,174.0,148.0,1.0
14261,97.0,253.0,1.0
14262,149.0,216.0,1.0
14263,147.0,490.0,1.0
14264,237.0,111.0,1.0
14265,158.0,186.0,1.0
14266,82.0,47.0,1.0
14267,116.0,369.0,1.0
14268,178.0,209.0,1.0
14269,184.0,90.0,1.0
14270,260.0,205.0,1.0
14271,114.0,364.0,1.0
14272,82.0,2.0,1.0
14273,10.0,298.0,1.0
14274,209.0,485.0,1.0
14275,175.0,183.0,1.0
14276,105.0,249.0,1.0
14277,250.0,218.0,1.0
14278,114.0,271.0,1.0
14279,13.0,122.0,1.0
14280,175.0,419.0,1.0
14281,44.0,482.0,1.0
14282,50.0,420.0,1.0
14283,116.0,89.0,1.0
14284,74.0,46.0,1.0
14285,218.0,228.0,1.0
14286,56.0,259.0,1.0
14287,60.0,385.0,1.0
14288,245.0,11.0,1.0
14289,155.0,219.0,1.0
14290,93.0,104.0,1.0
14291,183.0,95.0,1.0
14292,250.0,121.0,1.0
14293,115.0,398.0,1.0
14294,132.0,127.0,1.0
14295,107.0,5.0,1.0
14296,203.0,67.0,1.0
14297,178.0,397.0,1.0
14298,72.0,241.0,1.0
14299,200.0,556.0,1.0
14300,1.0,80.0,1.0
14301,162.0,227.0,1.0
14302,10.0,208.0,1.0
14303,143.0,496.0,1.0
14304,51.0,525.0,1.0
14305,189.0,522.0,1.0
14306,116.0,69.0,1.0
14307,17.0,398.0,1.0
14308,57.0,420.0,1.0
14309,250.0,186.0,1.0
14310,203.0,366.0,1.0
14311,44.0,178.0,1.0
14312,82.0,421.0,1.0
14313,51.0,214.0,1.0
14314,130.0,426.0,1.0
14315,178.0,351.0,1.0
14316,52.0,399.0,1.0
14317,51.0,108.0,1.0
14318,44.0,235.0,1.0
14319,101.0,530.0,1.0
14320,161.0,10.0,1.0
14321,210.0,205.0,1.0
14322,51.0,215.0,1.0
14323,60.0,467.0,1.0
14324,180.0,68.0,1.0
14325,151.0,111.0,1.0
14326,224.0,43.0,1.0
14327,123.0,77.0,1.0
14328,210.0,180.0,1.0
14329,50.0,253.0,1.0
14330,57.0,7.0,1.0
14331,175.0,400.0,1.0
14332,58.0,518.0,1.0
14333,81.0,64.0,1.0
14334,69.0,419.0,1.0
14335,183.0,17.0,1.0
14336,146.0,130.0,1.0
14337,178.0,507.0,1.0
14338,51.0,7.0,1.0
14339,51.0,501.0,1.0
14340,92.0,146.0,1.0
14341,117.0,248.0,1.0
14342,150.0,279.0,1.0
14343,188.0,100.0,1.0
14344,189.0,192.0,1.0
14345,14.0,297.0,1.0
14346,148.0,257.0,1.0
14347,165.0,177.0,1.0
14348,200.0,51.0,1.0
14349,17.0,127.0,1.0
14350,229.0,459.0,1.0
14351,206.0,116.0,1.0
14352,211.0,500.0,1.0
14353,251.0,90.0,1.0
14354,79.0,230.0,1.0
14355,163.0,47.0,1.0
14356,229.0,57.0,1.0
14357,203.0,478.0,1.0
14358,196.0,328.0,1.0
14359,205.0,27.0,1.0
14360,147.0,410.0,1.0
14361,155.0,24.0,1.0
14362,211.0,125.0,1.0
14363,192.0,216.0,1.0
14364,57.0,488.0,1.0
14365,86.0,138.0,1.0
14366,129.0,120.0,1.0
14367,178.0,200.0,1.0
14368,115.0,575.0,1.0
14369,109.0,206.0,1.0
14370,181.0,59.0,1.0
14371,226.0,238.0,1.0
14372,1.0,18.0,1.0
14373,178.0,387.0,1.0
14374,105.0,273.0,1.0
14375,183.0,19.0,1.0
14376,126.0,39.0,1.0
14377,52.0,252.0,1.0
14378,224.0,0.0,1.0
14379,17.0,10.0,1.0
14380,81.0,311.0,1.0
14381,85.0,226.0,1.0
14382,139.0,230.0,1.0
14383,237.0,106.0,1.0
14384,5.0,218.0,1.0
14385,165.0,97.0,1.0
14386,13.0,334.0,1.0
14387,114.0,18.0,1.0
14388,117.0,186.0,1.0
14389,172.0,352.0,1.0
14390,212.0,221.0,1.0
14391,175.0,11.0,1.0
14392,147.0,337.0,1.0
14393,156.0,66.0,1.0
14394,101.0,81.0,1.0
14395,218.0,365.0,1.0
14396,81.0,466.0,1.0
14397,130.0,430.0,1.0
14398,156.0,124.0,1.0
14399,147.0,88.0,1.0
14400,144.0,207.0,1.0
14401,172.0,84.0,1.0
14402,182.0,340.0,1.0
14403,87.0,276.0,1.0
14404,137.0,11.0,1.0
14405,136.0,126.0,1.0
14406,81.0,378.0,1.0
14407,5.0,103.0,1.0
14408,148.0,201.0,1.0
14409,245.0,201.0,1.0
14410,167.0,36.0,1.0
14411,94.0,233.0,1.0
14412,104.0,272.0,1.0
14413,160.0,350.0,1.0
14414,175.0,180.0,1.0
14415,56.0,294.0,1.0
14416,189.0,597.0,1.0
14417,263.0,294.0,1.0
14418,256.0,145.0,1.0
14419,188.0,136.0,1.0
14420,259.0,132.0,1.0
14421,64.0,294.0,1.0
14422,13.0,256.0,1.0
14423,156.0,192.0,1.0
14424,97.0,222.0,1.0
14425,162.0,208.0,1.0
14426,14.0,243.0,1.0
14427,133.0,31.0,1.0
14428,129.0,466.0,1.0
14429,87.0,354.0,1.0
14430,31.0,449.0,1.0
14431,75.0,24.0,1.0
14432,53.0,278.0,1.0
14433,174.0,447.0,1.0
14434,9.0,124.0,1.0
14435,188.0,137.0,1.0
14436,56.0,357.0,1.0
14437,119.0,534.0,1.0
14438,113.0,221.0,1.0
14439,129.0,464.0,1.0
14440,225.0,51.0,1.0
14441,74.0,202.0,1.0
14442,212.0,416.0,1.0
14443,164.0,453.0,1.0
14444,82.0,448.0,1.0
14445,147.0,593.0,1.0
14446,44.0,398.0,1.0
14447,223.0,566.0,1.0
14448,209.0,168.0,1.0
14449,223.0,332.0,1.0
14450,65.0,218.0,1.0
14451,219.0,148.0,1.0
14452,232.0,62.0,1.0
14453,39.0,393.0,1.0
14454,208.0,432.0,1.0
14455,132.0,7.0,1.0
14456,49.0,412.0,1.0
14457,82.0,20.0,1.0
14458,209.0,35.0,1.0
14459,91.0,105.0,1.0
14460,17.0,392.0,1.0
14461,72.0,256.0,1.0
14462,43.0,429.0,1.0
14463,209.0,299.0,1.0
14464,244.0,55.0,1.0
14465,122.0,61.0,1.0
14466,266.0,95.0,1.0
14467,130.0,77.0,1.0
14468,244.0,251.0,1.0
14469,87.0,258.0,1.0
14470,74.0,269.0,1.0
14471,49.0,219.0,1.0
14472,138.0,346.0,1.0
14473,223.0,543.0,1.0
14474,10.0,299.0,1.0
14475,132.0,69.0,1.0
14476,234.0,410.0,1.0
14477,94.0,493.0,1.0
14478,74.0,192.0,1.0
14479,18.0,76.0,1.0
14480,163.0,100.0,1.0
14481,128.0,222.0,1.0
14482,64.0,455.0,1.0
14483,105.0,74.0,1.0
14484,117.0,223.0,1.0
14485,224.0,4.0,1.0
14486,261.0,152.0,1.0
14487,71.0,378.0,1.0
14488,185.0,59.0,1.0
14489,87.0,215.0,1.0
14490,114.0,74.0,1.0
14491,102.0,263.0,1.0
14492,259.0,117.0,1.0
14493,220.0,190.0,1.0
14494,108.0,133.0,1.0
14495,77.0,385.0,1.0
14496,226.0,146.0,1.0
14497,234.0,117.0,1.0
14498,164.0,252.0,1.0
14499,186.0,131.0,1.0
14500,31.0,73.0,1.0
14501,31.0,46.0,1.0
14502,51.0,523.0,1.0
14503,74.0,472.0,1.0
14504,85.0,493.0,1.0
14505,52.0,416.0,1.0
14506,189.0,145.0,1.0
14507,162.0,287.0,1.0
14508,40.0,293.0,1.0
14509,35.0,457.0,1.0
14510,116.0,285.0,1.0
14511,218.0,37.0,1.0
14512,44.0,111.0,1.0
14513,17.0,321.0,1.0
14514,45.0,238.0,1.0
14515,203.0,159.0,1.0
14516,87.0,381.0,1.0
14517,126.0,389.0,1.0
14518,89.0,92.0,1.0
14519,158.0,111.0,1.0
14520,182.0,203.0,1.0
14521,101.0,407.0,1.0
14522,116.0,302.0,1.0
14523,53.0,84.0,1.0
14524,89.0,71.0,1.0
14525,115.0,374.0,1.0
14526,160.0,9.0,1.0
14527,168.0,382.0,1.0
14528,189.0,131.0,1.0
14529,52.0,189.0,1.0
14530,149.0,547.0,1.0
14531,117.0,516.0,1.0
14532,238.0,11.0,1.0
14533,84.0,230.0,1.0
14534,5.0,206.0,1.0
14535,234.0,33.0,1.0
14536,46.0,47.0,1.0
14537,230.0,482.0,1.0
14538,168.0,129.0,1.0
14539,52.0,104.0,1.0
14540,116.0,498.0,1.0
14541,150.0,403.0,1.0
14542,103.0,89.0,1.0
14543,58.0,103.0,1.0
14544,35.0,183.0,1.0
14545,164.0,417.0,1.0
14546,136.0,197.0,1.0
14547,243.0,55.0,1.0
14548,218.0,439.0,1.0
14549,150.0,153.0,1.0
14550,130.0,44.0,1.0
14551,119.0,186.0,1.0
14552,262.0,293.0,1.0
14553,180.0,351.0,1.0
14554,149.0,380.0,1.0
14555,178.0,12.0,1.0
14556,152.0,146.0,1.0
14557,223.0,61.0,1.0
14558,223.0,32.0,1.0
14559,262.0,134.0,1.0
14560,67.0,485.0,1.0
14561,50.0,507.0,1.0
14562,84.0,194.0,1.0
14563,199.0,424.0,1.0
14564,124.0,166.0,1.0
14565,266.0,393.0,1.0
14566,75.0,527.0,1.0
14567,148.0,125.0,1.0
14568,201.0,10.0,1.0
14569,158.0,7.0,1.0
14570,178.0,201.0,1.0
14571,52.0,398.0,1.0
14572,64.0,386.0,1.0
14573,60.0,217.0,1.0
14574,82.0,173.0,1.0
14575,189.0,159.0,1.0
14576,82.0,125.0,1.0
14577,155.0,124.0,1.0
14578,252.0,344.0,1.0
14579,121.0,147.0,1.0
14580,68.0,92.0,1.0
14581,259.0,406.0,1.0
14582,81.0,112.0,1.0
14583,79.0,227.0,1.0
14584,182.0,101.0,1.0
14585,193.0,343.0,1.0
14586,223.0,314.0,1.0
14587,211.0,147.0,1.0
14588,145.0,358.0,1.0
14589,87.0,545.0,1.0
14590,248.0,85.0,1.0
14591,139.0,10.0,1.0
14592,64.0,260.0,1.0
14593,5.0,193.0,1.0
14594,179.0,413.0,1.0
14595,60.0,277.0,1.0
14596,114.0,593.0,1.0
14597,226.0,120.0,1.0
14598,9.0,245.0,1.0
14599,17.0,89.0,1.0
14600,222.0,226.0,1.0
14601,52.0,148.0,1.0
14602,116.0,511.0,1.0
14603,229.0,67.0,1.0
14604,60.0,126.0,1.0
14605,108.0,535.0,1.0
14606,65.0,570.0,1.0
14607,182.0,537.0,1.0
14608,175.0,188.0,1.0
14609,150.0,320.0,1.0
14610,239.0,195.0,1.0
14611,84.0,28.0,1.0
14612,145.0,53.0,1.0
14613,218.0,59.0,1.0
14614,164.0,289.0,1.0
14615,102.0,85.0,1.0
14616,132.0,132.0,1.0
14617,135.0,315.0,1.0
14618,114.0,88.0,1.0
14619,130.0,263.0,1.0
14620,101.0,33.0,1.0
14621,56.0,187.0,1.0
14622,231.0,242.0,1.0
14623,69.0,14.0,1.0
14624,74.0,511.0,1.0
14625,134.0,459.0,1.0
14626,123.0,179.0,1.0
14627,160.0,113.0,1.0
14628,209.0,343.0,1.0
14629,75.0,135.0,1.0
14630,193.0,50.0,1.0
14631,160.0,379.0,1.0
14632,83.0,68.0,1.0
14633,141.0,378.0,1.0
14634,109.0,372.0,1.0
14635,249.0,181.0,1.0
14636,202.0,10.0,1.0
14637,90.0,533.0,1.0
14638,82.0,470.0,1.0
14639,185.0,97.0,1.0
14640,258.0,24.0,1.0
14641,178.0,38.0,1.0
14642,194.0,570.0,1.0
14643,75.0,259.0,1.0
14644,84.0,61.0,1.0
14645,81.0,368.0,1.0
14646,60.0,225.0,1.0
14647,135.0,87.0,1.0
14648,42.0,409.0,1.0
14649,264.0,422.0,1.0
14650,23.0,122.0,1.0
14651,65.0,324.0,1.0
14652,71.0,104.0,1.0
14653,202.0,508.0,1.0
14654,200.0,554.0,1.0
14655,185.0,343.0,1.0
14656,105.0,233.0,1.0
14657,20.0,111.0,1.0
14658,256.0,571.0,1.0
14659,162.0,57.0,1.0
14660,44.0,22.0,1.0
14661,207.0,67.0,1.0
14662,16.0,18.0,1.0
14663,117.0,583.0,1.0
14664,147.0,480.0,1.0
14665,73.0,156.0,1.0
14666,232.0,81.0,1.0
14667,127.0,36.0,1.0
14668,9.0,271.0,1.0
14669,206.0,111.0,1.0
14670,56.0,298.0,1.0
14671,230.0,582.0,1.0
14672,156.0,400.0,1.0
14673,100.0,398.0,1.0
14674,242.0,146.0,1.0
14675,223.0,588.0,1.0
14676,207.0,162.0,1.0
14677,133.0,133.0,1.0
14678,141.0,313.0,1.0
14679,211.0,280.0,1.0
14680,32.0,157.0,1.0
14681,75.0,7.0,1.0
14682,236.0,111.0,1.0
14683,187.0,203.0,1.0
14684,30.0,149.0,1.0
14685,148.0,251.0,1.0
14686,150.0,21.0,1.0
14687,183.0,321.0,1.0
14688,199.0,226.0,1.0
14689,119.0,185.0,1.0
14690,248.0,72.0,1.0
14691,219.0,378.0,1.0
14692,42.0,11.0,1.0
14693,178.0,388.0,1.0
14694,217.0,195.0,1.0
14695,258.0,66.0,1.0
14696,193.0,181.0,1.0
14697,45.0,496.0,1.0
14698,53.0,410.0,1.0
14699,17.0,74.0,1.0
14700,231.0,89.0,1.0
14701,104.0,81.0,1.0
14702,113.0,369.0,1.0
14703,107.0,211.0,1.0
14704,124.0,168.0,1.0
14705,82.0,240.0,1.0
14706,53.0,204.0,1.0
14707,143.0,234.0,1.0
14708,44.0,209.0,1.0
14709,86.0,59.0,1.0
14710,223.0,218.0,1.0
14711,263.0,113.0,1.0
14712,82.0,424.0,1.0
14713,195.0,189.0,1.0
14714,126.0,382.0,1.0
14715,237.0,45.0,1.0
14716,153.0,126.0,1.0
14717,113.0,131.0,1.0
14718,2.0,130.0,1.0
14719,211.0,91.0,1.0
14720,72.0,222.0,1.0
14721,16.0,81.0,1.0
14722,181.0,202.0,1.0
14723,237.0,150.0,1.0
14724,178.0,419.0,1.0
14725,232.0,51.0,1.0
14726,259.0,290.0,1.0
14727,69.0,423.0,1.0
14728,102.0,45.0,1.0
14729,160.0,40.0,1.0
14730,113.0,497.0,1.0
14731,250.0,103.0,1.0
14732,164.0,314.0,1.0
14733,114.0,130.0,1.0
14734,148.0,216.0,1.0
14735,85.0,194.0,1.0
14736,75.0,438.0,1.0
14737,165.0,156.0,1.0
14738,42.0,100.0,1.0
14739,223.0,9.0,1.0
14740,164.0,92.0,1.0
14741,119.0,394.0,1.0
14742,177.0,287.0,1.0
14743,60.0,378.0,1.0
14744,39.0,148.0,1.0
14745,141.0,584.0,1.0
14746,183.0,44.0,1.0
14747,141.0,534.0,1.0
14748,1.0,19.0,1.0
14749,249.0,115.0,1.0
14750,252.0,66.0,1.0
14751,74.0,205.0,1.0
14752,81.0,412.0,1.0
14753,230.0,194.0,1.0
14754,108.0,221.0,1.0
14755,75.0,203.0,1.0
14756,147.0,395.0,1.0
14757,51.0,262.0,1.0
14758,211.0,13.0,1.0
14759,189.0,106.0,1.0
14760,264.0,157.0,1.0
14761,44.0,356.0,1.0
14762,193.0,429.0,1.0
14763,224.0,286.0,1.0
14764,53.0,1.0,1.0
14765,87.0,431.0,1.0
14766,195.0,195.0,1.0
14767,155.0,551.0,1.0
14768,37.0,447.0,1.0
14769,182.0,81.0,1.0
14770,13.0,57.0,1.0
14771,8.0,120.0,1.0
14772,207.0,208.0,1.0
14773,113.0,298.0,1.0
14774,262.0,321.0,1.0
14775,175.0,209.0,1.0
14776,31.0,47.0,1.0
14777,206.0,120.0,1.0
14778,117.0,0.0,1.0
14779,65.0,216.0,1.0
14780,185.0,476.0,1.0
14781,214.0,130.0,1.0
14782,9.0,181.0,1.0
14783,116.0,91.0,1.0
14784,35.0,13.0,1.0
14785,103.0,397.0,1.0
14786,101.0,386.0,1.0
14787,227.0,103.0,1.0
14788,116.0,96.0,1.0
14789,180.0,272.0,1.0
14790,223.0,188.0,1.0
14791,250.0,77.0,1.0
14792,210.0,126.0,1.0
14793,56.0,157.0,1.0
14794,156.0,222.0,1.0
14795,182.0,135.0,1.0
14796,223.0,415.0,1.0
14797,109.0,73.0,1.0
14798,157.0,215.0,1.0
14799,207.0,178.0,1.0
14800,98.0,474.0,1.0
14801,147.0,181.0,1.0
14802,144.0,95.0,1.0
14803,259.0,460.0,1.0
14804,119.0,138.0,1.0
14805,232.0,52.0,1.0
14806,249.0,273.0,1.0
14807,178.0,15.0,1.0
14808,210.0,117.0,1.0
14809,160.0,549.0,1.0
14810,217.0,219.0,1.0
14811,159.0,130.0,1.0
14812,102.0,248.0,1.0
14813,102.0,75.0,1.0
14814,185.0,252.0,1.0
14815,201.0,392.0,1.0
14816,123.0,43.0,1.0
14817,217.0,248.0,1.0
14818,248.0,589.0,1.0
14819,138.0,124.0,1.0
14820,142.0,10.0,1.0
14821,10.0,22.0,1.0
14822,156.0,498.0,1.0
14823,87.0,193.0,1.0
14824,106.0,267.0,1.0
14825,25.0,73.0,1.0
14826,71.0,458.0,1.0
14827,238.0,40.0,1.0
14828,89.0,356.0,1.0
14829,66.0,264.0,1.0
14830,5.0,200.0,1.0
14831,90.0,268.0,1.0
14832,28.0,77.0,1.0
14833,170.0,311.0,1.0
14834,56.0,433.0,1.0
14835,105.0,84.0,1.0
14836,58.0,551.0,1.0
14837,223.0,187.0,1.0
14838,51.0,136.0,1.0
14839,132.0,70.0,1.0
14840,68.0,331.0,1.0
14841,61.0,57.0,1.0
14842,75.0,11.0,1.0
14843,77.0,216.0,1.0
14844,182.0,130.0,1.0
14845,186.0,146.0,1.0
14846,52.0,100.0,1.0
14847,71.0,570.0,1.0
14848,78.0,103.0,1.0
14849,180.0,58.0,1.0
14850,130.0,487.0,1.0
14851,102.0,595.0,1.0
14852,82.0,222.0,1.0
14853,186.0,70.0,1.0
14854,228.0,115.0,1.0
14855,51.0,518.0,1.0
14856,209.0,146.0,1.0
14857,145.0,315.0,1.0
14858,42.0,131.0,1.0
14859,196.0,480.0,1.0
14860,102.0,274.0,1.0
14861,79.0,571.0,1.0
14862,118.0,209.0,1.0
14863,9.0,77.0,1.0
14864,83.0,103.0,1.0
14865,91.0,552.0,1.0
14866,260.0,382.0,1.0
14867,197.0,237.0,1.0
14868,114.0,28.0,1.0
14869,226.0,444.0,1.0
14870,126.0,337.0,1.0
14871,211.0,223.0,1.0
14872,75.0,215.0,1.0
14873,56.0,36.0,1.0
14874,226.0,49.0,1.0
14875,93.0,190.0,1.0
14876,223.0,157.0,1.0
14877,164.0,41.0,1.0
14878,214.0,91.0,1.0
14879,177.0,44.0,1.0
14880,79.0,407.0,1.0
14881,130.0,120.0,1.0
14882,2.0,124.0,1.0
14883,49.0,411.0,1.0
14884,169.0,97.0,1.0
14885,148.0,194.0,1.0
14886,156.0,559.0,1.0
14887,1.0,52.0,1.0
14888,52.0,12.0,1.0
14889,155.0,196.0,1.0
14890,102.0,120.0,1.0
14891,130.0,106.0,1.0
14892,69.0,147.0,1.0
14893,39.0,403.0,1.0
14894,183.0,49.0,1.0
14895,94.0,127.0,1.0
14896,94.0,100.0,1.0
14897,82.0,463.0,1.0
14898,178.0,164.0,1.0
14899,98.0,280.0,1.0
14900,155.0,27.0,1.0
14901,103.0,47.0,1.0
14902,108.0,313.0,1.0
14903,3.0,28.0,1.0
14904,183.0,554.0,1.0
14905,96.0,84.0,1.0
14906,248.0,41.0,1.0
14907,227.0,89.0,1.0
14908,39.0,287.0,1.0
14909,245.0,227.0,1.0
14910,175.0,269.0,1.0
14911,133.0,66.0,1.0
14912,17.0,410.0,1.0
14913,266.0,69.0,1.0
14914,225.0,80.0,1.0
14915,122.0,50.0,1.0
14916,132.0,400.0,1.0
14917,148.0,146.0,1.0
14918,183.0,285.0,1.0
14919,130.0,288.0,1.0
14920,231.0,228.0,1.0
14921,168.0,570.0,1.0
14922,227.0,343.0,1.0
14923,149.0,510.0,1.0
14924,20.0,55.0,1.0
14925,257.0,251.0,1.0
14926,179.0,132.0,1.0
14927,65.0,27.0,1.0
14928,142.0,235.0,1.0
14929,51.0,382.0,1.0
14930,64.0,479.0,1.0
14931,189.0,142.0,1.0
14932,160.0,146.0,1.0
14933,141.0,559.0,1.0
14934,228.0,245.0,1.0
14935,6.0,124.0,1.0
14936,261.0,50.0,1.0
14937,256.0,100.0,1.0
14938,97.0,409.0,1.0
14939,106.0,10.0,1.0
14940,79.0,531.0,1.0
14941,84.0,537.0,1.0
14942,217.0,24.0,1.0
14943,247.0,103.0,1.0
14944,5.0,185.0,1.0
14945,211.0,124.0,1.0
14946,178.0,245.0,1.0
14947,31.0,230.0,1.0
14948,71.0,581.0,1.0
14949,71.0,251.0,1.0
14950,164.0,575.0,1.0
14951,84.0,592.0,1.0
14952,38.0,146.0,1.0
14953,126.0,390.0,1.0
14954,129.0,205.0,1.0
14955,130.0,438.0,1.0
14956,53.0,126.0,1.0
14957,109.0,226.0,1.0
14958,211.0,161.0,1.0
14959,183.0,364.0,1.0
14960,26.0,319.0,1.0
14961,195.0,205.0,1.0
14962,59.0,207.0,1.0
14963,183.0,116.0,1.0
14964,183.0,85.0,1.0
14965,41.0,130.0,1.0
14966,197.0,310.0,1.0
14967,209.0,122.0,1.0
14968,162.0,320.0,1.0
14969,69.0,468.0,1.0
14970,159.0,38.0,1.0
14971,105.0,429.0,1.0
14972,123.0,284.0,1.0
14973,156.0,245.0,1.0
14974,116.0,111.0,1.0
14975,83.0,95.0,1.0
14976,31.0,150.0,1.0
14977,89.0,474.0,1.0
14978,172.0,148.0,1.0
14979,56.0,56.0,1.0
14980,228.0,135.0,1.0
14981,101.0,72.0,1.0
14982,220.0,143.0,1.0
14983,226.0,40.0,1.0
14984,218.0,55.0,1.0
14985,250.0,81.0,1.0
14986,83.0,542.0,1.0
14987,84.0,261.0,1.0
14988,250.0,323.0,1.0
14989,165.0,47.0,1.0
14990,164.0,31.0,1.0
14991,189.0,80.0,1.0
14992,159.0,158.0,1.0
14993,241.0,105.0,1.0
14994,105.0,377.0,1.0
14995,165.0,413.0,1.0
14996,132.0,1.0,1.0
14997,181.0,205.0,1.0
14998,189.0,45.0,1.0
14999,124.0,395.0,1.0
15000,91.0,247.0,1.0
15001,211.0,284.0,1.0
15002,168.0,112.0,1.0
15003,22.0,161.0,1.0
15004,53.0,537.0,1.0
15005,45.0,147.0,1.0
15006,168.0,424.0,1.0
15007,216.0,268.0,1.0
15008,52.0,205.0,1.0
15009,177.0,497.0,1.0
15010,178.0,435.0,1.0
15011,228.0,343.0,1.0
15012,91.0,326.0,1.0
15013,33.0,293.0,1.0
15014,193.0,177.0,1.0
15015,102.0,496.0,1.0
15016,199.0,287.0,1.0
15017,182.0,245.0,1.0
15018,104.0,20.0,1.0
15019,71.0,89.0,1.0
15020,200.0,440.0,1.0
15021,232.0,77.0,1.0
15022,210.0,291.0,1.0
15023,116.0,30.0,1.0
15024,81.0,543.0,1.0
15025,74.0,10.0,1.0
15026,224.0,223.0,1.0
15027,194.0,103.0,1.0
15028,189.0,387.0,1.0
15029,257.0,120.0,1.0
15030,102.0,147.0,1.0
15031,210.0,102.0,1.0
15032,132.0,111.0,1.0
15033,164.0,114.0,1.0
15034,191.0,247.0,1.0
15035,138.0,349.0,1.0
15036,248.0,32.0,1.0
15037,86.0,531.0,1.0
15038,147.0,19.0,1.0
15039,149.0,202.0,1.0
15040,245.0,188.0,1.0
15041,132.0,103.0,1.0
15042,199.0,358.0,1.0
15043,31.0,289.0,1.0
15044,256.0,411.0,1.0
15045,203.0,166.0,1.0
15046,79.0,49.0,1.0
15047,91.0,66.0,1.0
15048,91.0,273.0,1.0
15049,49.0,31.0,1.0
15050,229.0,351.0,1.0
15051,96.0,153.0,1.0
15052,149.0,518.0,1.0
15053,53.0,217.0,1.0
15054,77.0,0.0,1.0
15055,185.0,228.0,1.0
15056,222.0,6.0,1.0
15057,53.0,195.0,1.0
15058,35.0,308.0,1.0
15059,258.0,150.0,1.0
15060,234.0,219.0,1.0
15061,75.0,512.0,1.0
15062,52.0,527.0,1.0
15063,108.0,304.0,1.0
15064,122.0,367.0,1.0
15065,114.0,595.0,1.0
15066,96.0,36.0,1.0
15067,246.0,79.0,1.0
15068,48.0,40.0,1.0
15069,150.0,69.0,1.0
15070,52.0,21.0,1.0
15071,176.0,50.0,1.0
15072,197.0,214.0,1.0
15073,11.0,310.0,1.0
15074,90.0,36.0,1.0
15075,35.0,156.0,1.0
15076,48.0,444.0,1.0
15077,24.0,324.0,1.0
15078,81.0,267.0,1.0
15079,178.0,194.0,1.0
15080,121.0,113.0,1.0
15081,168.0,92.0,1.0
15082,53.0,99.0,1.0
15083,129.0,89.0,1.0
15084,79.0,380.0,1.0
15085,250.0,210.0,1.0
15086,87.0,419.0,1.0
15087,110.0,532.0,1.0
15088,175.0,175.0,1.0
15089,214.0,66.0,1.0
15090,165.0,556.0,1.0
15091,178.0,125.0,1.0
15092,91.0,65.0,1.0
15093,258.0,245.0,1.0
15094,102.0,510.0,1.0
15095,142.0,116.0,1.0
15096,149.0,71.0,1.0
15097,148.0,522.0,1.0
15098,71.0,337.0,1.0
15099,226.0,38.0,1.0
15100,17.0,305.0,1.0
15101,81.0,476.0,1.0
15102,147.0,214.0,1.0
15103,49.0,379.0,1.0
15104,78.0,205.0,1.0
15105,250.0,32.0,1.0
15106,77.0,3.0,1.0
15107,202.0,178.0,1.0
15108,203.0,204.0,1.0
15109,191.0,362.0,1.0
15110,57.0,233.0,1.0
15111,117.0,530.0,1.0
15112,74.0,552.0,1.0
15113,186.0,378.0,1.0
15114,118.0,195.0,1.0
15115,45.0,141.0,1.0
15116,115.0,3.0,1.0
15117,207.0,226.0,1.0
15118,85.0,388.0,1.0
15119,2.0,103.0,1.0
15120,51.0,104.0,1.0
15121,90.0,220.0,1.0
15122,82.0,376.0,1.0
15123,94.0,95.0,1.0
15124,104.0,420.0,1.0
15125,128.0,115.0,1.0
15126,156.0,194.0,1.0
15127,26.0,194.0,1.0
15128,264.0,583.0,1.0
15129,197.0,47.0,1.0
15130,165.0,249.0,1.0
15131,130.0,105.0,1.0
15132,132.0,351.0,1.0
15133,101.0,195.0,1.0
15134,168.0,260.0,1.0
15135,110.0,189.0,1.0
15136,84.0,288.0,1.0
15137,10.0,291.0,1.0
15138,188.0,104.0,1.0
15139,224.0,546.0,1.0
15140,177.0,201.0,1.0
15141,144.0,251.0,1.0
15142,220.0,181.0,1.0
15143,218.0,306.0,1.0
15144,104.0,93.0,1.0
15145,17.0,411.0,1.0
15146,115.0,33.0,1.0
15147,164.0,350.0,1.0
15148,232.0,50.0,1.0
15149,91.0,58.0,1.0
15150,259.0,229.0,1.0
15151,179.0,395.0,1.0
15152,129.0,310.0,1.0
15153,79.0,33.0,1.0
15154,95.0,320.0,1.0
15155,28.0,17.0,1.0
15156,116.0,579.0,1.0
15157,10.0,273.0,1.0
15158,22.0,290.0,1.0
15159,173.0,39.0,1.0
15160,183.0,226.0,1.0
15161,52.0,26.0,1.0
15162,230.0,215.0,1.0
15163,208.0,114.0,1.0
15164,110.0,122.0,1.0
15165,168.0,374.0,1.0
15166,82.0,123.0,1.0
15167,82.0,141.0,1.0
15168,162.0,115.0,1.0
15169,65.0,248.0,1.0
15170,126.0,385.0,1.0
15171,83.0,178.0,1.0
15172,93.0,352.0,1.0
15173,264.0,463.0,1.0
15174,114.0,76.0,1.0
15175,19.0,111.0,1.0
15176,195.0,398.0,1.0
15177,58.0,120.0,1.0
15178,60.0,229.0,1.0
15179,263.0,435.0,1.0
15180,45.0,424.0,1.0
15181,183.0,300.0,1.0
15182,248.0,282.0,1.0
15183,13.0,336.0,1.0
15184,202.0,140.0,1.0
15185,226.0,518.0,1.0
15186,149.0,527.0,1.0
15187,263.0,46.0,1.0
15188,17.0,397.0,1.0
15189,223.0,356.0,1.0
15190,264.0,294.0,1.0
15191,56.0,544.0,1.0
15192,133.0,223.0,1.0
15193,52.0,530.0,1.0
15194,175.0,223.0,1.0
15195,141.0,209.0,1.0
15196,87.0,4.0,1.0
15197,52.0,389.0,1.0
15198,136.0,257.0,1.0
15199,89.0,492.0,1.0
15200,74.0,222.0,1.0
15201,160.0,421.0,1.0
15202,182.0,305.0,1.0
15203,126.0,426.0,1.0
15204,128.0,546.0,1.0
15205,121.0,282.0,1.0
15206,126.0,310.0,1.0
15207,130.0,216.0,1.0
15208,187.0,322.0,1.0
15209,115.0,492.0,1.0
15210,126.0,202.0,1.0
15211,222.0,178.0,1.0
15212,168.0,295.0,1.0
15213,225.0,45.0,1.0
15214,74.0,379.0,1.0
15215,102.0,116.0,1.0
15216,38.0,23.0,1.0
15217,98.0,111.0,1.0
15218,149.0,503.0,1.0
15219,149.0,324.0,1.0
15220,93.0,29.0,1.0
15221,226.0,459.0,1.0
15222,116.0,530.0,1.0
15223,207.0,321.0,1.0
15224,144.0,534.0,1.0
15225,7.0,134.0,1.0
15226,179.0,394.0,1.0
15227,63.0,117.0,1.0
15228,266.0,221.0,1.0
15229,144.0,398.0,1.0
15230,82.0,89.0,1.0
15231,193.0,436.0,1.0
15232,79.0,84.0,1.0
15233,130.0,215.0,1.0
15234,201.0,378.0,1.0
15235,253.0,555.0,1.0
15236,110.0,84.0,1.0
15237,150.0,506.0,1.0
15238,45.0,284.0,1.0
15239,186.0,27.0,1.0
15240,217.0,202.0,1.0
15241,199.0,77.0,1.0
15242,5.0,11.0,1.0
15243,142.0,12.0,1.0
15244,67.0,218.0,1.0
15245,193.0,32.0,1.0
15246,200.0,236.0,1.0
15247,98.0,479.0,1.0
15248,175.0,210.0,1.0
15249,19.0,112.0,1.0
15250,206.0,214.0,1.0
15251,9.0,17.0,1.0
15252,81.0,48.0,1.0
15253,102.0,20.0,1.0
15254,228.0,20.0,1.0
15255,108.0,22.0,1.0
15256,47.0,3.0,1.0
15257,196.0,310.0,1.0
15258,220.0,582.0,1.0
15259,191.0,149.0,1.0
15260,89.0,213.0,1.0
15261,189.0,556.0,1.0
15262,149.0,356.0,1.0
15263,247.0,168.0,1.0
15264,268.0,101.0,1.0
15265,250.0,132.0,1.0
15266,37.0,459.0,1.0
15267,218.0,487.0,1.0
15268,200.0,299.0,1.0
15269,229.0,508.0,1.0
15270,205.0,55.0,1.0
15271,71.0,226.0,1.0
15272,255.0,245.0,1.0
15273,145.0,433.0,1.0
15274,189.0,146.0,1.0
15275,209.0,365.0,1.0
15276,145.0,280.0,1.0
15277,15.0,113.0,1.0
15278,264.0,252.0,1.0
15279,91.0,61.0,1.0
15280,22.0,170.0,1.0
15281,183.0,595.0,1.0
15282,248.0,97.0,1.0
15283,225.0,48.0,1.0
15284,112.0,43.0,1.0
15285,211.0,103.0,1.0
15286,88.0,382.0,1.0
15287,103.0,439.0,1.0
15288,223.0,13.0,1.0
15289,31.0,318.0,1.0
15290,266.0,291.0,1.0
15291,135.0,80.0,1.0
15292,165.0,236.0,1.0
15293,117.0,384.0,1.0
15294,142.0,205.0,1.0
15295,234.0,401.0,1.0
15296,246.0,36.0,1.0
15297,175.0,123.0,1.0
15298,216.0,11.0,1.0
15299,224.0,326.0,1.0
15300,175.0,345.0,1.0
15301,177.0,299.0,1.0
15302,90.0,367.0,1.0
15303,5.0,217.0,1.0
15304,189.0,38.0,1.0
15305,193.0,132.0,1.0
15306,187.0,10.0,1.0
15307,52.0,63.0,1.0
15308,51.0,251.0,1.0
15309,51.0,329.0,1.0
15310,261.0,282.0,1.0
15311,181.0,251.0,1.0
15312,106.0,242.0,1.0
15313,224.0,191.0,1.0
15314,117.0,189.0,1.0
15315,68.0,197.0,1.0
15316,191.0,120.0,1.0
15317,242.0,234.0,1.0
15318,17.0,404.0,1.0
15319,228.0,226.0,1.0
15320,105.0,143.0,1.0
15321,181.0,7.0,1.0
15322,247.0,69.0,1.0
15323,85.0,76.0,1.0
15324,250.0,89.0,1.0
15325,160.0,355.0,1.0
15326,4.0,181.0,1.0
15327,116.0,58.0,1.0
15328,214.0,277.0,1.0
15329,207.0,244.0,1.0
15330,130.0,575.0,1.0
15331,52.0,348.0,1.0
15332,164.0,118.0,1.0
15333,193.0,400.0,1.0
15334,100.0,10.0,1.0
15335,52.0,231.0,1.0
15336,225.0,41.0,1.0
15337,266.0,11.0,1.0
15338,108.0,166.0,1.0
15339,122.0,481.0,1.0
15340,250.0,50.0,1.0
15341,144.0,1.0,1.0
15342,182.0,177.0,1.0
15343,85.0,522.0,1.0
15344,227.0,58.0,1.0
15345,200.0,53.0,1.0
15346,48.0,97.0,1.0
15347,214.0,53.0,1.0
15348,224.0,374.0,1.0
15349,262.0,556.0,1.0
15350,127.0,245.0,1.0
15351,211.0,247.0,1.0
15352,31.0,223.0,1.0
15353,74.0,191.0,1.0
15354,108.0,17.0,1.0
15355,88.0,232.0,1.0
15356,189.0,243.0,1.0
15357,229.0,10.0,1.0
15358,94.0,415.0,1.0
15359,156.0,547.0,1.0
15360,210.0,358.0,1.0
15361,89.0,403.0,1.0
15362,82.0,564.0,1.0
15363,243.0,581.0,1.0
15364,183.0,46.0,1.0
15365,65.0,294.0,1.0
15366,136.0,587.0,1.0
15367,79.0,382.0,1.0
15368,113.0,127.0,1.0
15369,127.0,116.0,1.0
15370,11.0,295.0,1.0
15371,228.0,103.0,1.0
15372,7.0,117.0,1.0
15373,114.0,11.0,1.0
15374,139.0,464.0,1.0
15375,207.0,552.0,1.0
15376,77.0,10.0,1.0
15377,192.0,146.0,1.0
15378,228.0,77.0,1.0
15379,161.0,498.0,1.0
15380,224.0,81.0,1.0
15381,90.0,337.0,1.0
15382,200.0,64.0,1.0
15383,126.0,267.0,1.0
15384,132.0,14.0,1.0
15385,147.0,429.0,1.0
15386,173.0,485.0,1.0
15387,108.0,162.0,1.0
15388,150.0,92.0,1.0
15389,1.0,44.0,1.0
15390,90.0,170.0,1.0
15391,97.0,248.0,1.0
15392,187.0,190.0,1.0
15393,230.0,388.0,1.0
15394,61.0,532.0,1.0
15395,191.0,259.0,1.0
15396,182.0,494.0,1.0
15397,199.0,241.0,1.0
15398,2.0,92.0,1.0
15399,65.0,179.0,1.0
15400,251.0,45.0,1.0
15401,144.0,138.0,1.0
15402,207.0,241.0,1.0
15403,262.0,242.0,1.0
15404,82.0,514.0,1.0
15405,156.0,8.0,1.0
15406,81.0,410.0,1.0
15407,259.0,552.0,1.0
15408,86.0,216.0,1.0
15409,164.0,146.0,1.0
15410,53.0,147.0,1.0
15411,130.0,32.0,1.0
15412,218.0,275.0,1.0
15413,207.0,265.0,1.0
15414,189.0,297.0,1.0
15415,142.0,569.0,1.0
15416,84.0,70.0,1.0
15417,259.0,185.0,1.0
15418,78.0,3.0,1.0
15419,205.0,69.0,1.0
15420,122.0,573.0,1.0
15421,252.0,468.0,1.0
15422,193.0,147.0,1.0
15423,63.0,492.0,1.0
15424,252.0,170.0,1.0
15425,42.0,195.0,1.0
15426,129.0,347.0,1.0
15427,56.0,150.0,1.0
15428,179.0,3.0,1.0
15429,186.0,385.0,1.0
15430,196.0,146.0,1.0
15431,181.0,100.0,1.0
15432,197.0,327.0,1.0
15433,107.0,319.0,1.0
15434,31.0,135.0,1.0
15435,102.0,478.0,1.0
15436,144.0,426.0,1.0
15437,119.0,417.0,1.0
15438,117.0,406.0,1.0
15439,185.0,25.0,1.0
15440,256.0,409.0,1.0
15441,182.0,208.0,1.0
15442,200.0,203.0,1.0
15443,242.0,145.0,1.0
15444,7.0,45.0,1.0
15445,197.0,377.0,1.0
15446,102.0,19.0,1.0
15447,249.0,91.0,1.0
15448,116.0,446.0,1.0
15449,65.0,571.0,1.0
15450,175.0,66.0,1.0
15451,141.0,100.0,1.0
15452,172.0,518.0,1.0
15453,1.0,25.0,1.0
15454,102.0,54.0,1.0
15455,18.0,159.0,1.0
15456,182.0,316.0,1.0
15457,217.0,382.0,1.0
15458,88.0,103.0,1.0
15459,119.0,100.0,1.0
15460,174.0,81.0,1.0
15461,83.0,299.0,1.0
15462,66.0,492.0,1.0
15463,255.0,81.0,1.0
15464,186.0,176.0,1.0
15465,185.0,20.0,1.0
15466,183.0,272.0,1.0
15467,148.0,189.0,1.0
15468,150.0,272.0,1.0
15469,190.0,112.0,1.0
15470,213.0,47.0,1.0
15471,164.0,451.0,1.0
15472,224.0,150.0,1.0
15473,202.0,153.0,1.0
15474,266.0,195.0,1.0
15475,147.0,76.0,1.0
15476,261.0,101.0,1.0
15477,78.0,148.0,1.0
15478,155.0,430.0,1.0
15479,246.0,78.0,1.0
15480,252.0,50.0,1.0
15481,114.0,246.0,1.0
15482,53.0,209.0,1.0
15483,226.0,78.0,1.0
15484,7.0,128.0,1.0
15485,130.0,41.0,1.0
15486,104.0,203.0,1.0
15487,53.0,148.0,1.0
15488,156.0,5.0,1.0
15489,174.0,539.0,1.0
15490,56.0,360.0,1.0
15491,83.0,50.0,1.0
15492,100.0,434.0,1.0
15493,153.0,202.0,1.0
15494,132.0,543.0,1.0
15495,129.0,7.0,1.0
15496,51.0,62.0,1.0
15497,203.0,153.0,1.0
15498,259.0,158.0,1.0
15499,64.0,25.0,1.0
15500,211.0,382.0,1.0
15501,264.0,215.0,1.0
15502,129.0,20.0,1.0
15503,128.0,220.0,1.0
15504,259.0,100.0,1.0
15505,196.0,117.0,1.0
15506,226.0,343.0,1.0
15507,171.0,219.0,1.0
15508,98.0,69.0,1.0
15509,138.0,456.0,1.0
15510,116.0,521.0,1.0
15511,177.0,537.0,1.0
15512,153.0,378.0,1.0
15513,60.0,43.0,1.0
15514,194.0,126.0,1.0
15515,89.0,558.0,1.0
15516,262.0,113.0,1.0
15517,175.0,173.0,1.0
15518,146.0,120.0,1.0
15519,164.0,353.0,1.0
15520,17.0,38.0,1.0
15521,207.0,230.0,1.0
15522,264.0,178.0,1.0
15523,102.0,88.0,1.0
15524,130.0,269.0,1.0
15525,130.0,222.0,1.0
15526,104.0,109.0,1.0
15527,86.0,564.0,1.0
15528,106.0,352.0,1.0
15529,69.0,81.0,1.0
15530,70.0,36.0,1.0
15531,56.0,20.0,1.0
15532,44.0,331.0,1.0
15533,15.0,11.0,1.0
15534,53.0,130.0,1.0
15535,56.0,53.0,1.0
15536,19.0,126.0,1.0
15537,117.0,109.0,1.0
15538,177.0,164.0,1.0
15539,211.0,126.0,1.0
15540,51.0,510.0,1.0
15541,42.0,216.0,1.0
15542,185.0,256.0,1.0
15543,53.0,535.0,1.0
15544,130.0,330.0,1.0
15545,178.0,527.0,1.0
15546,248.0,225.0,1.0
15547,13.0,135.0,1.0
15548,17.0,95.0,1.0
15549,109.0,65.0,1.0
15550,264.0,58.0,1.0
15551,201.0,216.0,1.0
15552,181.0,377.0,1.0
15553,226.0,255.0,1.0
15554,172.0,47.0,1.0
15555,243.0,315.0,1.0
15556,160.0,409.0,1.0
15557,60.0,315.0,1.0
15558,241.0,103.0,1.0
15559,264.0,57.0,1.0
15560,149.0,360.0,1.0
15561,223.0,75.0,1.0
15562,248.0,255.0,1.0
15563,258.0,79.0,1.0
15564,51.0,286.0,1.0
15565,141.0,204.0,1.0
15566,224.0,129.0,1.0
15567,26.0,117.0,1.0
15568,156.0,88.0,1.0
15569,201.0,412.0,1.0
15570,177.0,135.0,1.0
15571,126.0,147.0,1.0
15572,266.0,470.0,1.0
15573,21.0,89.0,1.0
15574,82.0,498.0,1.0
15575,130.0,52.0,1.0
15576,39.0,222.0,1.0
15577,115.0,37.0,1.0
15578,126.0,223.0,1.0
15579,34.0,24.0,1.0
15580,203.0,116.0,1.0
15581,126.0,218.0,1.0
15582,149.0,58.0,1.0
15583,96.0,178.0,1.0
15584,147.0,482.0,1.0
15585,147.0,344.0,1.0
15586,139.0,310.0,1.0
15587,182.0,94.0,1.0
15588,12.0,156.0,1.0
15589,149.0,174.0,1.0
15590,242.0,11.0,1.0
15591,105.0,78.0,1.0
15592,101.0,89.0,1.0
15593,65.0,66.0,1.0
15594,117.0,473.0,1.0
15595,82.0,160.0,1.0
15596,183.0,580.0,1.0
15597,164.0,583.0,1.0
15598,129.0,186.0,1.0
15599,65.0,485.0,1.0
15600,4.0,172.0,1.0
15601,224.0,92.0,1.0
15602,6.0,44.0,1.0
15603,175.0,120.0,1.0
15604,148.0,108.0,1.0
15605,168.0,521.0,1.0
15606,223.0,527.0,1.0
15607,262.0,457.0,1.0
15608,207.0,191.0,1.0
15609,16.0,97.0,1.0
15610,254.0,125.0,1.0
15611,105.0,131.0,1.0
15612,114.0,253.0,1.0
15613,144.0,190.0,1.0
15614,157.0,31.0,1.0
15615,218.0,39.0,1.0
15616,183.0,103.0,1.0
15617,138.0,89.0,1.0
15618,130.0,81.0,1.0
15619,242.0,343.0,1.0
15620,134.0,150.0,1.0
15621,74.0,282.0,1.0
15622,226.0,164.0,1.0
15623,3.0,147.0,1.0
15624,2.0,129.0,1.0
15625,140.0,3.0,1.0
15626,206.0,89.0,1.0
15627,81.0,316.0,1.0
15628,183.0,496.0,1.0
15629,156.0,22.0,1.0
15630,82.0,400.0,1.0
15631,99.0,111.0,1.0
15632,58.0,291.0,1.0
15633,201.0,190.0,1.0
15634,44.0,156.0,1.0
15635,51.0,178.0,1.0
15636,145.0,399.0,1.0
15637,162.0,155.0,1.0
15638,229.0,226.0,1.0
15639,107.0,439.0,1.0
15640,162.0,306.0,1.0
15641,56.0,39.0,1.0
15642,136.0,186.0,1.0
15643,200.0,27.0,1.0
15644,94.0,505.0,1.0
15645,266.0,309.0,1.0
15646,67.0,414.0,1.0
15647,185.0,190.0,1.0
15648,90.0,489.0,1.0
15649,204.0,50.0,1.0
15650,29.0,233.0,1.0
15651,42.0,224.0,1.0
15652,165.0,154.0,1.0
15653,129.0,131.0,1.0
15654,228.0,302.0,1.0
15655,122.0,103.0,1.0
15656,93.0,31.0,1.0
15657,126.0,207.0,1.0
15658,12.0,113.0,1.0
15659,132.0,104.0,1.0
15660,54.0,522.0,1.0
15661,241.0,59.0,1.0
15662,42.0,5.0,1.0
15663,41.0,444.0,1.0
15664,53.0,8.0,1.0
15665,164.0,30.0,1.0
15666,247.0,47.0,1.0
15667,129.0,188.0,1.0
15668,85.0,35.0,1.0
15669,242.0,122.0,1.0
15670,130.0,100.0,1.0
15671,82.0,579.0,1.0
15672,96.0,59.0,1.0
15673,69.0,125.0,1.0
15674,58.0,304.0,1.0
15675,211.0,48.0,1.0
15676,135.0,311.0,1.0
15677,205.0,164.0,1.0
15678,148.0,527.0,1.0
15679,196.0,379.0,1.0
15680,208.0,441.0,1.0
15681,226.0,148.0,1.0
15682,147.0,392.0,1.0
15683,117.0,375.0,1.0
15684,234.0,192.0,1.0
15685,225.0,148.0,1.0
15686,3.0,110.0,1.0
15687,94.0,66.0,1.0
15688,45.0,375.0,1.0
15689,87.0,35.0,1.0
15690,250.0,36.0,1.0
15691,168.0,213.0,1.0
15692,31.0,62.0,1.0
15693,35.0,43.0,1.0
15694,9.0,46.0,1.0
15695,84.0,146.0,1.0
15696,191.0,47.0,1.0
15697,129.0,156.0,1.0
15698,13.0,113.0,1.0
15699,107.0,216.0,1.0
15700,151.0,12.0,1.0
15701,210.0,12.0,1.0
15702,182.0,349.0,1.0
15703,230.0,32.0,1.0
15704,130.0,537.0,1.0
15705,29.0,156.0,1.0
15706,19.0,305.0,1.0
15707,136.0,104.0,1.0
15708,261.0,115.0,1.0
15709,148.0,202.0,1.0
15710,98.0,193.0,1.0
15711,74.0,35.0,1.0
15712,267.0,251.0,1.0
15713,226.0,73.0,1.0
15714,17.0,391.0,1.0
15715,84.0,179.0,1.0
15716,177.0,118.0,1.0
15717,64.0,186.0,1.0
15718,130.0,126.0,1.0
15719,99.0,406.0,1.0
15720,94.0,563.0,1.0
15721,9.0,282.0,1.0
15722,51.0,378.0,1.0
15723,67.0,544.0,1.0
15724,149.0,446.0,1.0
15725,9.0,86.0,1.0
15726,78.0,36.0,1.0
15727,146.0,1.0,1.0
15728,75.0,122.0,1.0
15729,127.0,584.0,1.0
15730,259.0,531.0,1.0
15731,114.0,577.0,1.0
15732,90.0,179.0,1.0
15733,179.0,17.0,1.0
15734,19.0,152.0,1.0
15735,165.0,392.0,1.0
15736,65.0,223.0,1.0
15737,117.0,393.0,1.0
15738,180.0,172.0,1.0
15739,102.0,228.0,1.0
15740,65.0,12.0,1.0
15741,90.0,118.0,1.0
15742,87.0,44.0,1.0
15743,130.0,45.0,1.0
15744,117.0,12.0,1.0
15745,3.0,50.0,1.0
15746,138.0,69.0,1.0
15747,150.0,156.0,1.0
15748,149.0,433.0,1.0
15749,73.0,374.0,1.0
15750,207.0,100.0,1.0
15751,83.0,38.0,1.0
15752,165.0,408.0,1.0
15753,56.0,225.0,1.0
15754,203.0,314.0,1.0
15755,82.0,182.0,1.0
15756,74.0,59.0,1.0
15757,147.0,419.0,1.0
15758,177.0,10.0,1.0
15759,94.0,388.0,1.0
15760,264.0,128.0,1.0
15761,154.0,130.0,1.0
15762,136.0,230.0,1.0
15763,17.0,385.0,1.0
15764,189.0,125.0,1.0
15765,150.0,9.0,1.0
15766,45.0,219.0,1.0
15767,129.0,219.0,1.0
15768,144.0,223.0,1.0
15769,17.0,175.0,1.0
15770,102.0,269.0,1.0
15771,224.0,571.0,1.0
15772,123.0,460.0,1.0
15773,67.0,344.0,1.0
15774,94.0,256.0,1.0
15775,84.0,37.0,1.0
15776,165.0,498.0,1.0
15777,257.0,208.0,1.0
15778,114.0,37.0,1.0
15779,83.0,269.0,1.0
15780,194.0,18.0,1.0
15781,102.0,79.0,1.0
15782,249.0,9.0,1.0
15783,71.0,394.0,1.0
15784,238.0,241.0,1.0
15785,71.0,568.0,1.0
15786,223.0,48.0,1.0
15787,215.0,447.0,1.0
15788,86.0,504.0,1.0
15789,94.0,1.0,1.0
15790,2.0,121.0,1.0
15791,90.0,465.0,1.0
15792,70.0,59.0,1.0
15793,239.0,151.0,1.0
15794,123.0,178.0,1.0
15795,112.0,147.0,1.0
15796,28.0,56.0,1.0
15797,213.0,6.0,1.0
15798,65.0,169.0,1.0
15799,6.0,186.0,1.0
15800,31.0,226.0,1.0
15801,87.0,22.0,1.0
15802,182.0,118.0,1.0
15803,87.0,27.0,1.0
15804,149.0,155.0,1.0
15805,102.0,132.0,1.0
15806,0.0,10.0,1.0
15807,10.0,220.0,1.0
15808,84.0,27.0,1.0
15809,51.0,12.0,1.0
15810,116.0,50.0,1.0
15811,133.0,146.0,1.0
15812,227.0,112.0,1.0
15813,99.0,472.0,1.0
15814,81.0,385.0,1.0
15815,147.0,352.0,1.0
15816,226.0,35.0,1.0
15817,79.0,501.0,1.0
15818,182.0,136.0,1.0
15819,185.0,332.0,1.0
15820,257.0,225.0,1.0
15821,83.0,85.0,1.0
15822,26.0,168.0,1.0
15823,154.0,410.0,1.0
15824,105.0,400.0,1.0
15825,56.0,245.0,1.0
15826,105.0,384.0,1.0
15827,84.0,277.0,1.0
15828,64.0,39.0,1.0
15829,130.0,452.0,1.0
15830,52.0,532.0,1.0
15831,136.0,58.0,1.0
15832,71.0,189.0,1.0
15833,267.0,434.0,1.0
15834,136.0,8.0,1.0
15835,226.0,258.0,1.0
15836,87.0,282.0,1.0
15837,119.0,10.0,1.0
15838,81.0,97.0,1.0
15839,148.0,256.0,1.0
15840,203.0,93.0,1.0
15841,212.0,217.0,1.0
15842,222.0,458.0,1.0
15843,83.0,400.0,1.0
15844,75.0,461.0,1.0
15845,117.0,378.0,1.0
15846,111.0,555.0,1.0
15847,19.0,153.0,1.0
15848,8.0,78.0,1.0
15849,141.0,113.0,1.0
15850,135.0,62.0,1.0
15851,84.0,551.0,1.0
15852,170.0,474.0,1.0
15853,184.0,196.0,1.0
15854,258.0,484.0,1.0
15855,196.0,39.0,1.0
15856,106.0,506.0,1.0
15857,103.0,100.0,1.0
15858,65.0,51.0,1.0
15859,248.0,143.0,1.0
15860,119.0,310.0,1.0
15861,64.0,251.0,1.0
15862,179.0,434.0,1.0
15863,56.0,539.0,1.0
15864,87.0,333.0,1.0
15865,89.0,505.0,1.0
15866,232.0,126.0,1.0
15867,136.0,174.0,1.0
15868,42.0,12.0,1.0
15869,183.0,113.0,1.0
15870,47.0,219.0,1.0
15871,178.0,382.0,1.0
15872,2.0,94.0,1.0
15873,189.0,415.0,1.0
15874,85.0,45.0,1.0
15875,198.0,281.0,1.0
15876,101.0,408.0,1.0
15877,119.0,195.0,1.0
15878,32.0,238.0,1.0
15879,116.0,474.0,1.0
15880,53.0,532.0,1.0
15881,67.0,208.0,1.0
15882,223.0,103.0,1.0
15883,79.0,199.0,1.0
15884,249.0,251.0,1.0
15885,224.0,385.0,1.0
15886,183.0,245.0,1.0
15887,224.0,94.0,1.0
15888,96.0,121.0,1.0
15889,7.0,9.0,1.0
15890,267.0,100.0,1.0
15891,55.0,484.0,1.0
15892,211.0,16.0,1.0
15893,28.0,88.0,1.0
15894,223.0,69.0,1.0
15895,2.0,126.0,1.0
15896,251.0,407.0,1.0
15897,223.0,505.0,1.0
15898,33.0,208.0,1.0
15899,0.0,5.0,1.0
15900,138.0,241.0,1.0
15901,191.0,462.0,1.0
15902,165.0,382.0,1.0
15903,23.0,127.0,1.0
15904,109.0,31.0,1.0
15905,68.0,68.0,1.0
15906,216.0,350.0,1.0
15907,56.0,175.0,1.0
15908,110.0,252.0,1.0
15909,1.0,83.0,1.0
15910,51.0,521.0,1.0
15911,224.0,334.0,1.0
15912,199.0,268.0,1.0
15913,224.0,205.0,1.0
15914,53.0,116.0,1.0
15915,223.0,235.0,1.0
15916,160.0,179.0,1.0
15917,75.0,436.0,1.0
15918,116.0,37.0,1.0
15919,71.0,407.0,1.0
15920,51.0,53.0,1.0
15921,145.0,464.0,1.0
15922,263.0,31.0,1.0
15923,123.0,38.0,1.0
15924,139.0,391.0,1.0
15925,88.0,394.0,1.0
15926,139.0,3.0,1.0
15927,71.0,146.0,1.0
15928,79.0,556.0,1.0
15929,45.0,123.0,1.0
15930,257.0,146.0,1.0
15931,218.0,35.0,1.0
15932,22.0,420.0,1.0
15933,227.0,96.0,1.0
15934,11.0,50.0,1.0
15935,183.0,20.0,1.0
15936,266.0,229.0,1.0
15937,85.0,146.0,1.0
15938,196.0,40.0,1.0
15939,74.0,491.0,1.0
15940,156.0,218.0,1.0
15941,183.0,143.0,1.0
15942,203.0,533.0,1.0
15943,257.0,364.0,1.0
15944,87.0,71.0,1.0
15945,62.0,558.0,1.0
15946,40.0,9.0,1.0
15947,240.0,38.0,1.0
15948,105.0,103.0,1.0
15949,192.0,172.0,1.0
15950,128.0,18.0,1.0
15951,182.0,343.0,1.0
15952,81.0,496.0,1.0
15953,122.0,100.0,1.0
15954,70.0,582.0,1.0
15955,171.0,202.0,1.0
15956,129.0,386.0,1.0
15957,200.0,329.0,1.0
15958,167.0,110.0,1.0
15959,147.0,51.0,1.0
15960,74.0,71.0,1.0
15961,154.0,509.0,1.0
15962,64.0,141.0,1.0
15963,199.0,484.0,1.0
15964,9.0,25.0,1.0
15965,259.0,44.0,1.0
15966,2.0,132.0,1.0
15967,168.0,143.0,1.0
15968,165.0,22.0,1.0
15969,102.0,86.0,1.0
15970,16.0,89.0,1.0
15971,155.0,259.0,1.0
15972,160.0,184.0,1.0
15973,225.0,9.0,1.0
15974,245.0,202.0,1.0
15975,116.0,104.0,1.0
15976,223.0,456.0,1.0
15977,35.0,102.0,1.0
15978,102.0,445.0,1.0
15979,266.0,460.0,1.0
15980,89.0,198.0,1.0
15981,203.0,9.0,1.0
15982,175.0,575.0,1.0
15983,102.0,62.0,1.0
15984,65.0,91.0,1.0
15985,85.0,293.0,1.0
15986,2.0,90.0,1.0
15987,261.0,313.0,1.0
15988,6.0,228.0,1.0
15989,147.0,211.0,1.0
15990,264.0,72.0,1.0
15991,36.0,120.0,1.0
15992,69.0,326.0,1.0
15993,235.0,113.0,1.0
15994,79.0,145.0,1.0
15995,51.0,11.0,1.0
15996,267.0,134.0,1.0
15997,191.0,175.0,1.0
15998,108.0,99.0,1.0
15999,44.0,490.0,1.0
16000,164.0,103.0,1.0
16001,74.0,223.0,1.0
16002,85.0,51.0,1.0
16003,160.0,89.0,1.0
16004,220.0,256.0,1.0
16005,51.0,40.0,1.0
16006,162.0,349.0,1.0
16007,51.0,465.0,1.0
16008,214.0,194.0,1.0
16009,155.0,592.0,1.0
16010,227.0,392.0,1.0
16011,115.0,145.0,1.0
16012,144.0,477.0,1.0
16013,199.0,203.0,1.0
16014,88.0,468.0,1.0
16015,197.0,206.0,1.0
16016,74.0,196.0,1.0
16017,139.0,425.0,1.0
16018,156.0,429.0,1.0
16019,175.0,178.0,1.0
16020,135.0,112.0,1.0
16021,64.0,221.0,1.0
16022,247.0,66.0,1.0
16023,129.0,530.0,1.0
16024,132.0,311.0,1.0
16025,218.0,266.0,1.0
16026,153.0,95.0,1.0
16027,141.0,426.0,1.0
16028,256.0,195.0,1.0
16029,97.0,126.0,1.0
16030,234.0,588.0,1.0
16031,143.0,467.0,1.0
16032,87.0,311.0,1.0
16033,33.0,90.0,1.0
16034,145.0,525.0,1.0
16035,147.0,495.0,1.0
16036,44.0,223.0,1.0
16037,67.0,364.0,1.0
16038,259.0,175.0,1.0
16039,259.0,64.0,1.0
16040,22.0,291.0,1.0
16041,89.0,223.0,1.0
16042,1.0,47.0,1.0
16043,191.0,52.0,1.0
16044,177.0,485.0,1.0
16045,84.0,271.0,1.0
16046,207.0,282.0,1.0
16047,29.0,27.0,1.0
16048,90.0,171.0,1.0
16049,183.0,436.0,1.0
16050,28.0,440.0,1.0
16051,256.0,3.0,1.0
16052,218.0,304.0,1.0
16053,193.0,14.0,1.0
16054,96.0,141.0,1.0
16055,183.0,5.0,1.0
16056,126.0,186.0,1.0
16057,177.0,208.0,1.0
16058,115.0,351.0,1.0
16059,232.0,145.0,1.0
16060,113.0,535.0,1.0
16061,247.0,7.0,1.0
16062,126.0,219.0,1.0
16063,261.0,167.0,1.0
16064,226.0,371.0,1.0
16065,172.0,227.0,1.0
16066,93.0,15.0,1.0
16067,250.0,343.0,1.0
16068,182.0,259.0,1.0
16069,56.0,459.0,1.0
16070,208.0,274.0,1.0
16071,258.0,500.0,1.0
16072,187.0,202.0,1.0
16073,92.0,282.0,1.0
16074,123.0,9.0,1.0
16075,183.0,274.0,1.0
16076,75.0,14.0,1.0
16077,117.0,232.0,1.0
16078,183.0,332.0,1.0
16079,75.0,282.0,1.0
16080,217.0,373.0,1.0
16081,160.0,336.0,1.0
16082,31.0,201.0,1.0
16083,220.0,11.0,1.0
16084,218.0,86.0,1.0
16085,150.0,136.0,1.0
16086,123.0,147.0,1.0
16087,254.0,251.0,1.0
16088,49.0,70.0,1.0
16089,108.0,191.0,1.0
16090,65.0,193.0,1.0
16091,28.0,29.0,1.0
16092,211.0,524.0,1.0
16093,37.0,238.0,1.0
16094,5.0,196.0,1.0
16095,245.0,356.0,1.0
16096,113.0,439.0,1.0
16097,117.0,310.0,1.0
16098,31.0,147.0,1.0
16099,102.0,24.0,1.0
16100,237.0,31.0,1.0
16101,226.0,356.0,1.0
16102,201.0,311.0,1.0
16103,199.0,544.0,1.0
16104,175.0,146.0,1.0
16105,149.0,42.0,1.0
16106,180.0,336.0,1.0
16107,33.0,147.0,1.0
16108,79.0,482.0,1.0
16109,189.0,140.0,1.0
16110,60.0,146.0,1.0
16111,182.0,124.0,1.0
16112,239.0,204.0,1.0
16113,5.0,202.0,1.0
16114,160.0,20.0,1.0
16115,105.0,317.0,1.0
16116,208.0,305.0,1.0
16117,165.0,12.0,1.0
16118,90.0,33.0,1.0
16119,164.0,328.0,1.0
16120,186.0,560.0,1.0
16121,135.0,368.0,1.0
16122,65.0,529.0,1.0
16123,242.0,465.0,1.0
16124,152.0,10.0,1.0
16125,194.0,81.0,1.0
16126,71.0,379.0,1.0
16127,56.0,289.0,1.0
16128,193.0,581.0,1.0
16129,166.0,148.0,1.0
16130,223.0,593.0,1.0
16131,82.0,482.0,1.0
16132,250.0,8.0,1.0
16133,241.0,11.0,1.0
16134,227.0,61.0,1.0
16135,65.0,183.0,1.0
16136,205.0,208.0,1.0
16137,162.0,215.0,1.0
16138,148.0,110.0,1.0
16139,141.0,186.0,1.0
16140,127.0,310.0,1.0
16141,264.0,147.0,1.0
16142,144.0,47.0,1.0
16143,19.0,314.0,1.0
16144,78.0,81.0,1.0
16145,189.0,109.0,1.0
16146,139.0,434.0,1.0
16147,102.0,94.0,1.0
16148,28.0,60.0,1.0
16149,122.0,236.0,1.0
16150,128.0,111.0,1.0
16151,28.0,254.0,1.0
16152,130.0,321.0,1.0
16153,83.0,352.0,1.0
16154,96.0,378.0,1.0
16155,266.0,214.0,1.0
16156,203.0,270.0,1.0
16157,83.0,81.0,1.0
16158,109.0,59.0,1.0
16159,133.0,59.0,1.0
16160,201.0,219.0,1.0
16161,200.0,354.0,1.0
16162,116.0,27.0,1.0
16163,144.0,191.0,1.0
16164,163.0,150.0,1.0
16165,56.0,456.0,1.0
16166,248.0,275.0,1.0
16167,42.0,215.0,1.0
16168,127.0,150.0,1.0
16169,170.0,597.0,1.0
16170,83.0,72.0,1.0
16171,136.0,239.0,1.0
16172,145.0,190.0,1.0
16173,71.0,413.0,1.0
16174,229.0,366.0,1.0
16175,222.0,157.0,1.0
16176,197.0,83.0,1.0
16177,227.0,97.0,1.0
16178,191.0,129.0,1.0
16179,61.0,204.0,1.0
16180,68.0,60.0,1.0
16181,79.0,251.0,1.0
16182,145.0,386.0,1.0
16183,74.0,39.0,1.0
16184,26.0,241.0,1.0
16185,200.0,59.0,1.0
16186,44.0,12.0,1.0
16187,92.0,208.0,1.0
16188,84.0,593.0,1.0
16189,90.0,390.0,1.0
16190,131.0,60.0,1.0
16191,69.0,486.0,1.0
16192,224.0,127.0,1.0
16193,182.0,247.0,1.0
16194,89.0,104.0,1.0
16195,199.0,40.0,1.0
16196,237.0,58.0,1.0
16197,89.0,257.0,1.0
16198,147.0,265.0,1.0
16199,102.0,365.0,1.0
16200,79.0,416.0,1.0
16201,62.0,208.0,1.0
16202,145.0,120.0,1.0
16203,244.0,434.0,1.0
16204,37.0,228.0,1.0
16205,90.0,100.0,1.0
16206,213.0,143.0,1.0
16207,71.0,36.0,1.0
16208,69.0,236.0,1.0
16209,94.0,242.0,1.0
16210,118.0,186.0,1.0
16211,261.0,168.0,1.0
16212,152.0,71.0,1.0
16213,162.0,168.0,1.0
16214,242.0,208.0,1.0
16215,250.0,146.0,1.0
16216,75.0,37.0,1.0
16217,155.0,285.0,1.0
16218,30.0,263.0,1.0
16219,102.0,83.0,1.0
16220,50.0,508.0,1.0
16221,240.0,107.0,1.0
16222,208.0,84.0,1.0
16223,2.0,135.0,1.0
16224,75.0,477.0,1.0
16225,147.0,175.0,1.0
16226,135.0,100.0,1.0
16227,145.0,238.0,1.0
16228,52.0,278.0,1.0
16229,123.0,588.0,1.0
16230,6.0,103.0,1.0
16231,12.0,146.0,1.0
16232,64.0,89.0,1.0
16233,155.0,344.0,1.0
16234,65.0,523.0,1.0
16235,87.0,66.0,1.0
16236,160.0,100.0,1.0
16237,69.0,170.0,1.0
16238,73.0,146.0,1.0
16239,207.0,181.0,1.0
16240,147.0,530.0,1.0
16241,182.0,228.0,1.0
16242,67.0,547.0,1.0
16243,217.0,89.0,1.0
16244,189.0,43.0,1.0
16245,232.0,274.0,1.0
16246,222.0,289.0,1.0
16247,98.0,388.0,1.0
16248,256.0,156.0,1.0
16249,77.0,510.0,1.0
16250,141.0,235.0,1.0
16251,155.0,46.0,1.0
16252,34.0,134.0,1.0
16253,93.0,24.0,1.0
16254,69.0,72.0,1.0
16255,75.0,192.0,1.0
16256,87.0,364.0,1.0
16257,22.0,11.0,1.0
16258,199.0,449.0,1.0
16259,168.0,85.0,1.0
16260,217.0,410.0,1.0
16261,82.0,391.0,1.0
16262,146.0,313.0,1.0
16263,144.0,92.0,1.0
16264,102.0,491.0,1.0
16265,256.0,310.0,1.0
16266,142.0,374.0,1.0
16267,104.0,126.0,1.0
16268,94.0,106.0,1.0
16269,149.0,277.0,1.0
16270,85.0,39.0,1.0
16271,116.0,356.0,1.0
16272,227.0,347.0,1.0
16273,189.0,79.0,1.0
16274,146.0,432.0,1.0
16275,71.0,385.0,1.0
16276,165.0,455.0,1.0
16277,98.0,251.0,1.0
16278,147.0,488.0,1.0
16279,45.0,320.0,1.0
16280,65.0,343.0,1.0
16281,82.0,217.0,1.0
16282,98.0,106.0,1.0
16283,37.0,252.0,1.0
16284,260.0,120.0,1.0
16285,59.0,217.0,1.0
16286,81.0,398.0,1.0
16287,224.0,132.0,1.0
16288,82.0,202.0,1.0
16289,102.0,361.0,1.0
16290,262.0,343.0,1.0
16291,6.0,230.0,1.0
16292,78.0,117.0,1.0
16293,51.0,153.0,1.0
16294,71.0,466.0,1.0
16295,10.0,87.0,1.0
16296,133.0,388.0,1.0
16297,127.0,111.0,1.0
16298,81.0,282.0,1.0
16299,160.0,592.0,1.0
16300,98.0,287.0,1.0
16301,16.0,38.0,1.0
16302,75.0,369.0,1.0
16303,139.0,201.0,1.0
16304,37.0,193.0,1.0
16305,3.0,161.0,1.0
16306,180.0,150.0,1.0
16307,135.0,401.0,1.0
16308,226.0,26.0,1.0
16309,147.0,578.0,1.0
16310,71.0,57.0,1.0
16311,239.0,59.0,1.0
16312,31.0,451.0,1.0
16313,101.0,203.0,1.0
16314,104.0,12.0,1.0
16315,175.0,9.0,1.0
16316,75.0,59.0,1.0
16317,262.0,575.0,1.0
16318,249.0,143.0,1.0
16319,190.0,471.0,1.0
16320,42.0,227.0,1.0
16321,266.0,114.0,1.0
16322,128.0,146.0,1.0
16323,130.0,48.0,1.0
16324,69.0,130.0,1.0
16325,81.0,209.0,1.0
16326,130.0,378.0,1.0
16327,189.0,118.0,1.0
16328,65.0,133.0,1.0
16329,114.0,20.0,1.0
16330,97.0,194.0,1.0
16331,89.0,543.0,1.0
16332,218.0,93.0,1.0
16333,223.0,7.0,1.0
16334,228.0,149.0,1.0
16335,17.0,293.0,1.0
16336,126.0,245.0,1.0
16337,113.0,36.0,1.0
16338,82.0,150.0,1.0
16339,75.0,544.0,1.0
16340,75.0,146.0,1.0
16341,162.0,362.0,1.0
16342,150.0,107.0,1.0
16343,259.0,387.0,1.0
16344,172.0,104.0,1.0
16345,86.0,219.0,1.0
16346,26.0,97.0,1.0
16347,199.0,343.0,1.0
16348,141.0,470.0,1.0
16349,142.0,208.0,1.0
16350,4.0,173.0,1.0
16351,8.0,243.0,1.0
16352,32.0,121.0,1.0
16353,121.0,527.0,1.0
16354,138.0,103.0,1.0
16355,147.0,151.0,1.0
16356,1.0,37.0,1.0
16357,225.0,85.0,1.0
16358,71.0,262.0,1.0
16359,123.0,190.0,1.0
16360,122.0,447.0,1.0
16361,158.0,33.0,1.0
16362,65.0,419.0,1.0
16363,144.0,260.0,1.0
16364,211.0,219.0,1.0
16365,259.0,153.0,1.0
16366,74.0,117.0,1.0
16367,17.0,205.0,1.0
16368,242.0,310.0,1.0
16369,166.0,492.0,1.0
16370,154.0,111.0,1.0
16371,67.0,12.0,1.0
16372,119.0,222.0,1.0
16373,56.0,495.0,1.0
16374,169.0,10.0,1.0
16375,259.0,12.0,1.0
16376,226.0,117.0,1.0
16377,195.0,186.0,1.0
16378,248.0,18.0,1.0
16379,62.0,12.0,1.0
16380,56.0,223.0,1.0
16381,133.0,394.0,1.0
16382,56.0,249.0,1.0
16383,35.0,146.0,1.0
16384,189.0,400.0,1.0
16385,160.0,115.0,1.0
16386,183.0,40.0,1.0
16387,180.0,146.0,1.0
16388,60.0,553.0,1.0
16389,81.0,405.0,1.0
16390,262.0,316.0,1.0
16391,216.0,419.0,1.0
16392,250.0,53.0,1.0
16393,16.0,51.0,1.0
16394,164.0,107.0,1.0
16395,39.0,388.0,1.0
16396,211.0,118.0,1.0
16397,130.0,10.0,1.0
16398,96.0,134.0,1.0
16399,147.0,230.0,1.0
16400,126.0,408.0,1.0
16401,132.0,88.0,1.0
16402,198.0,113.0,1.0
16403,182.0,582.0,1.0
16404,39.0,334.0,1.0
16405,93.0,127.0,1.0
16406,127.0,447.0,1.0
16407,124.0,222.0,1.0
16408,105.0,492.0,1.0
16409,138.0,115.0,1.0
16410,154.0,9.0,1.0
16411,70.0,10.0,1.0
16412,5.0,38.0,1.0
16413,44.0,141.0,1.0
16414,160.0,253.0,1.0
16415,125.0,133.0,1.0
16416,89.0,369.0,1.0
16417,63.0,48.0,1.0
16418,51.0,124.0,1.0
16419,238.0,136.0,1.0
16420,89.0,251.0,1.0
16421,227.0,75.0,1.0
16422,81.0,224.0,1.0
16423,108.0,459.0,1.0
16424,153.0,44.0,1.0
16425,65.0,551.0,1.0
16426,122.0,357.0,1.0
16427,82.0,321.0,1.0
16428,117.0,161.0,1.0
16429,68.0,430.0,1.0
16430,150.0,112.0,1.0
16431,150.0,118.0,1.0
16432,189.0,354.0,1.0
16433,195.0,43.0,1.0
16434,208.0,179.0,1.0
16435,233.0,61.0,1.0
16436,144.0,351.0,1.0
16437,81.0,408.0,1.0
16438,48.0,11.0,1.0
16439,123.0,267.0,1.0
16440,149.0,72.0,1.0
16441,222.0,130.0,1.0
16442,242.0,40.0,1.0
16443,168.0,400.0,1.0
16444,164.0,87.0,1.0
16445,240.0,319.0,1.0
16446,162.0,84.0,1.0
16447,7.0,59.0,1.0
16448,107.0,202.0,1.0
16449,264.0,309.0,1.0
16450,147.0,68.0,1.0
16451,190.0,378.0,1.0
16452,115.0,100.0,1.0
16453,82.0,169.0,1.0
16454,234.0,232.0,1.0
16455,52.0,92.0,1.0
16456,89.0,464.0,1.0
16457,207.0,205.0,1.0
16458,108.0,50.0,1.0
16459,182.0,70.0,1.0
16460,82.0,9.0,1.0
16461,165.0,205.0,1.0
16462,147.0,365.0,1.0
16463,75.0,517.0,1.0
16464,123.0,177.0,1.0
16465,147.0,54.0,1.0
16466,114.0,226.0,1.0
16467,87.0,38.0,1.0
16468,79.0,121.0,1.0
16469,94.0,384.0,1.0
16470,199.0,86.0,1.0
16471,58.0,203.0,1.0
16472,8.0,202.0,1.0
16473,234.0,241.0,1.0
16474,123.0,79.0,1.0
16475,82.0,44.0,1.0
16476,203.0,115.0,1.0
16477,79.0,360.0,1.0
16478,102.0,289.0,1.0
16479,98.0,523.0,1.0
16480,100.0,279.0,1.0
16481,99.0,388.0,1.0
16482,21.0,147.0,1.0
16483,185.0,202.0,1.0
16484,232.0,54.0,1.0
16485,16.0,161.0,1.0
16486,144.0,206.0,1.0
16487,116.0,359.0,1.0
16488,238.0,179.0,1.0
16489,156.0,504.0,1.0
16490,178.0,64.0,1.0
16491,230.0,147.0,1.0
16492,82.0,201.0,1.0
16493,263.0,36.0,1.0
16494,256.0,360.0,1.0
16495,260.0,66.0,1.0
16496,160.0,378.0,1.0
16497,0.0,11.0,1.0
16498,81.0,314.0,1.0
16499,129.0,126.0,1.0
16500,259.0,224.0,1.0
16501,129.0,320.0,1.0
16502,81.0,168.0,1.0
16503,268.0,418.0,1.0
16504,51.0,400.0,1.0
16505,164.0,570.0,1.0
16506,136.0,216.0,1.0
16507,150.0,125.0,1.0
16508,130.0,255.0,1.0
16509,83.0,261.0,1.0
16510,145.0,394.0,1.0
16511,250.0,35.0,1.0
16512,259.0,69.0,1.0
16513,106.0,310.0,1.0
16514,157.0,325.0,1.0
16515,116.0,143.0,1.0
16516,150.0,127.0,1.0
16517,17.0,376.0,1.0
16518,197.0,178.0,1.0
16519,51.0,94.0,1.0
16520,182.0,591.0,1.0
16521,209.0,517.0,1.0
16522,250.0,83.0,1.0
16523,205.0,156.0,1.0
16524,248.0,194.0,1.0
16525,148.0,287.0,1.0
16526,87.0,306.0,1.0
16527,203.0,66.0,1.0
16528,130.0,59.0,1.0
16529,211.0,487.0,1.0
16530,56.0,81.0,1.0
16531,168.0,109.0,1.0
16532,262.0,247.0,1.0
16533,75.0,434.0,1.0
16534,67.0,449.0,1.0
16535,20.0,58.0,1.0
16536,116.0,59.0,1.0
16537,70.0,253.0,1.0
16538,101.0,125.0,1.0
16539,96.0,128.0,1.0
16540,259.0,343.0,1.0
16541,65.0,241.0,1.0
16542,18.0,320.0,1.0
16543,243.0,434.0,1.0
16544,162.0,339.0,1.0
16545,211.0,390.0,1.0
16546,182.0,346.0,1.0
16547,107.0,124.0,1.0
16548,17.0,116.0,1.0
16549,91.0,78.0,1.0
16550,94.0,133.0,1.0
16551,48.0,68.0,1.0
16552,234.0,322.0,1.0
16553,262.0,491.0,1.0
16554,17.0,231.0,1.0
16555,35.0,201.0,1.0
16556,187.0,130.0,1.0
16557,61.0,11.0,1.0
16558,175.0,45.0,1.0
16559,102.0,119.0,1.0
16560,69.0,100.0,1.0
16561,31.0,120.0,1.0
16562,60.0,202.0,1.0
16563,183.0,96.0,1.0
16564,178.0,3.0,1.0
16565,47.0,92.0,1.0
16566,109.0,36.0,1.0
16567,175.0,54.0,1.0
16568,170.0,127.0,1.0
16569,0.0,14.0,1.0
16570,248.0,457.0,1.0
16571,87.0,84.0,1.0
16572,223.0,83.0,1.0
16573,53.0,188.0,1.0
16574,264.0,587.0,1.0
16575,266.0,330.0,0.0
16576,171.0,468.0,0.0
16577,109.0,125.0,0.0
16578,184.0,246.0,0.0
16579,97.0,155.0,0.0
16580,245.0,412.0,0.0
16581,171.0,368.0,0.0
16582,66.0,265.0,0.0
16583,198.0,269.0,0.0
16584,178.0,262.0,0.0
16585,63.0,514.0,0.0
16586,151.0,585.0,0.0
16587,23.0,183.0,0.0
16588,138.0,229.0,0.0
16589,59.0,254.0,0.0
16590,197.0,140.0,0.0
16591,172.0,3.0,0.0
16592,155.0,475.0,0.0
16593,90.0,182.0,0.0
16594,36.0,329.0,0.0
16595,32.0,43.0,0.0
16596,18.0,501.0,0.0
16597,175.0,145.0,0.0
16598,34.0,19.0,0.0
16599,261.0,398.0,0.0
16600,254.0,305.0,0.0
16601,60.0,304.0,0.0
16602,200.0,128.0,0.0
16603,109.0,352.0,0.0
16604,171.0,301.0,0.0
16605,253.0,194.0,0.0
16606,72.0,56.0,0.0
16607,173.0,353.0,0.0
16608,100.0,363.0,0.0
16609,95.0,516.0,0.0
16610,37.0,413.0,0.0
16611,159.0,580.0,0.0
16612,229.0,512.0,0.0
16613,22.0,154.0,0.0
16614,161.0,105.0,0.0
16615,5.0,67.0,0.0
16616,138.0,0.0,0.0
16617,148.0,444.0,0.0
16618,110.0,266.0,0.0
16619,200.0,452.0,0.0
16620,132.0,125.0,0.0
16621,128.0,375.0,0.0
16622,7.0,77.0,0.0
16623,169.0,228.0,0.0
16624,133.0,108.0,0.0
16625,186.0,581.0,0.0
16626,262.0,234.0,0.0
16627,263.0,38.0,0.0
16628,169.0,330.0,0.0
16629,143.0,42.0,0.0
16630,131.0,215.0,0.0
16631,235.0,256.0,0.0
16632,40.0,192.0,0.0
16633,67.0,394.0,0.0
16634,61.0,578.0,0.0
16635,192.0,380.0,0.0
16636,35.0,72.0,0.0
16637,155.0,541.0,0.0
16638,192.0,291.0,0.0
16639,71.0,302.0,0.0
16640,216.0,401.0,0.0
16641,140.0,514.0,0.0
16642,77.0,590.0,0.0
16643,141.0,123.0,0.0
16644,95.0,306.0,0.0
16645,199.0,55.0,0.0
16646,143.0,542.0,0.0
16647,249.0,194.0,0.0
16648,188.0,483.0,0.0
16649,216.0,410.0,0.0
16650,132.0,75.0,0.0
16651,120.0,430.0,0.0
16652,50.0,497.0,0.0
16653,177.0,442.0,0.0
16654,180.0,176.0,0.0
16655,207.0,420.0,0.0
16656,228.0,325.0,0.0
16657,190.0,194.0,0.0
16658,176.0,132.0,0.0
16659,225.0,72.0,0.0
16660,258.0,493.0,0.0
16661,133.0,468.0,0.0
16662,231.0,438.0,0.0
16663,96.0,335.0,0.0
16664,254.0,594.0,0.0
16665,226.0,212.0,0.0
16666,25.0,206.0,0.0
16667,186.0,389.0,0.0
16668,101.0,516.0,0.0
16669,156.0,450.0,0.0
16670,4.0,588.0,0.0
16671,202.0,227.0,0.0
16672,52.0,575.0,0.0
16673,150.0,30.0,0.0
16674,116.0,552.0,0.0
16675,228.0,448.0,0.0
16676,154.0,369.0,0.0
16677,191.0,551.0,0.0
16678,26.0,519.0,0.0
16679,144.0,161.0,0.0
16680,256.0,30.0,0.0
16681,59.0,200.0,0.0
16682,15.0,476.0,0.0
16683,217.0,430.0,0.0
16684,254.0,13.0,0.0
16685,150.0,579.0,0.0
16686,38.0,427.0,0.0
16687,43.0,581.0,0.0
16688,261.0,416.0,0.0
16689,61.0,554.0,0.0
16690,242.0,561.0,0.0
16691,66.0,328.0,0.0
16692,98.0,81.0,0.0
16693,261.0,397.0,0.0
16694,91.0,149.0,0.0
16695,214.0,509.0,0.0
16696,24.0,514.0,0.0
16697,146.0,186.0,0.0
16698,168.0,582.0,0.0
16699,237.0,501.0,0.0
16700,140.0,116.0,0.0
16701,6.0,502.0,0.0
16702,110.0,358.0,0.0
16703,44.0,586.0,0.0
16704,86.0,253.0,0.0
16705,41.0,140.0,0.0
16706,176.0,52.0,0.0
16707,233.0,475.0,0.0
16708,157.0,163.0,0.0
16709,255.0,343.0,0.0
16710,38.0,327.0,0.0
16711,263.0,508.0,0.0
16712,89.0,48.0,0.0
16713,39.0,487.0,0.0
16714,92.0,178.0,0.0
16715,97.0,56.0,0.0
16716,121.0,231.0,0.0
16717,230.0,471.0,0.0
16718,192.0,347.0,0.0
16719,162.0,236.0,0.0
16720,35.0,144.0,0.0
16721,93.0,258.0,0.0
16722,119.0,553.0,0.0
16723,179.0,467.0,0.0
16724,196.0,75.0,0.0
16725,213.0,202.0,0.0
16726,43.0,383.0,0.0
16727,32.0,314.0,0.0
16728,23.0,394.0,0.0
16729,54.0,34.0,0.0
16730,147.0,450.0,0.0
16731,198.0,370.0,0.0
16732,210.0,292.0,0.0
16733,69.0,564.0,0.0
16734,247.0,160.0,0.0
16735,266.0,42.0,0.0
16736,136.0,6.0,0.0
16737,151.0,66.0,0.0
16738,88.0,406.0,0.0
16739,131.0,366.0,0.0
16740,116.0,388.0,0.0
16741,198.0,106.0,0.0
16742,107.0,549.0,0.0
16743,241.0,131.0,0.0
16744,68.0,23.0,0.0
16745,62.0,539.0,0.0
16746,219.0,279.0,0.0
16747,1.0,167.0,0.0
16748,46.0,98.0,0.0
16749,128.0,437.0,0.0
16750,105.0,565.0,0.0
16751,93.0,163.0,0.0
16752,159.0,423.0,0.0
16753,233.0,353.0,0.0
16754,124.0,207.0,0.0
16755,166.0,247.0,0.0
16756,180.0,203.0,0.0
16757,228.0,25.0,0.0
16758,91.0,347.0,0.0
16759,174.0,74.0,0.0
16760,227.0,422.0,0.0
16761,33.0,585.0,0.0
16762,2.0,380.0,0.0
16763,32.0,464.0,0.0
16764,141.0,327.0,0.0
16765,109.0,593.0,0.0
16766,53.0,259.0,0.0
16767,77.0,290.0,0.0
16768,178.0,167.0,0.0
16769,187.0,327.0,0.0
16770,164.0,278.0,0.0
16771,145.0,128.0,0.0
16772,234.0,521.0,0.0
16773,215.0,65.0,0.0
16774,144.0,63.0,0.0
16775,186.0,517.0,0.0
16776,156.0,283.0,0.0
16777,129.0,1.0,0.0
16778,221.0,342.0,0.0
16779,220.0,509.0,0.0
16780,161.0,495.0,0.0
16781,185.0,226.0,0.0
16782,175.0,58.0,0.0
16783,35.0,548.0,0.0
16784,9.0,141.0,0.0
16785,134.0,398.0,0.0
16786,220.0,25.0,0.0
16787,61.0,555.0,0.0
16788,151.0,68.0,0.0
16789,137.0,520.0,0.0
16790,42.0,326.0,0.0
16791,71.0,586.0,0.0
16792,194.0,362.0,0.0
16793,98.0,556.0,0.0
16794,235.0,220.0,0.0
16795,198.0,465.0,0.0
16796,243.0,59.0,0.0
16797,44.0,406.0,0.0
16798,24.0,114.0,0.0
16799,197.0,525.0,0.0
16800,262.0,127.0,0.0
16801,146.0,251.0,0.0
16802,95.0,270.0,0.0
16803,7.0,320.0,0.0
16804,244.0,182.0,0.0
16805,106.0,229.0,0.0
16806,189.0,255.0,0.0
16807,98.0,183.0,0.0
16808,217.0,361.0,0.0
16809,207.0,327.0,0.0
16810,60.0,502.0,0.0
16811,48.0,220.0,0.0
16812,147.0,557.0,0.0
16813,159.0,502.0,0.0
16814,253.0,572.0,0.0
16815,211.0,213.0,0.0
16816,197.0,258.0,0.0
16817,46.0,407.0,0.0
16818,181.0,431.0,0.0
16819,51.0,556.0,0.0
16820,111.0,376.0,0.0
16821,27.0,559.0,0.0
16822,27.0,496.0,0.0
16823,11.0,156.0,0.0
16824,243.0,267.0,0.0
16825,104.0,522.0,0.0
16826,260.0,502.0,0.0
16827,191.0,438.0,0.0
16828,130.0,519.0,0.0
16829,128.0,270.0,0.0
16830,226.0,445.0,0.0
16831,243.0,122.0,0.0
16832,191.0,542.0,0.0
16833,185.0,564.0,0.0
16834,41.0,79.0,0.0
16835,107.0,47.0,0.0
16836,50.0,215.0,0.0
16837,126.0,213.0,0.0
16838,35.0,213.0,0.0
16839,14.0,398.0,0.0
16840,254.0,329.0,0.0
16841,6.0,76.0,0.0
16842,156.0,507.0,0.0
16843,115.0,390.0,0.0
16844,103.0,171.0,0.0
16845,189.0,424.0,0.0
16846,117.0,395.0,0.0
16847,188.0,231.0,0.0
16848,236.0,246.0,0.0
16849,141.0,312.0,0.0
16850,132.0,540.0,0.0
16851,116.0,398.0,0.0
16852,66.0,477.0,0.0
16853,86.0,505.0,0.0
16854,219.0,560.0,0.0
16855,112.0,486.0,0.0
16856,75.0,526.0,0.0
16857,203.0,313.0,0.0
16858,55.0,223.0,0.0
16859,23.0,28.0,0.0
16860,164.0,254.0,0.0
16861,86.0,528.0,0.0
16862,264.0,461.0,0.0
16863,27.0,180.0,0.0
16864,221.0,338.0,0.0
16865,26.0,453.0,0.0
16866,236.0,265.0,0.0
16867,129.0,545.0,0.0
16868,184.0,326.0,0.0
16869,148.0,564.0,0.0
16870,234.0,376.0,0.0
16871,114.0,149.0,0.0
16872,181.0,177.0,0.0
16873,53.0,143.0,0.0
16874,192.0,198.0,0.0
16875,212.0,79.0,0.0
16876,97.0,366.0,0.0
16877,14.0,425.0,0.0
16878,188.0,273.0,0.0
16879,184.0,547.0,0.0
16880,137.0,544.0,0.0
16881,200.0,596.0,0.0
16882,10.0,57.0,0.0
16883,167.0,26.0,0.0
16884,197.0,574.0,0.0
16885,83.0,396.0,0.0
16886,167.0,265.0,0.0
16887,156.0,28.0,0.0
16888,191.0,471.0,0.0
16889,12.0,129.0,0.0
16890,12.0,237.0,0.0
16891,137.0,480.0,0.0
16892,204.0,122.0,0.0
16893,104.0,528.0,0.0
16894,191.0,243.0,0.0
16895,102.0,528.0,0.0
16896,233.0,540.0,0.0
16897,238.0,523.0,0.0
16898,87.0,25.0,0.0
16899,5.0,163.0,0.0
16900,7.0,7.0,0.0
16901,125.0,51.0,0.0
16902,256.0,276.0,0.0
16903,171.0,13.0,0.0
16904,149.0,505.0,0.0
16905,107.0,55.0,0.0
16906,51.0,131.0,0.0
16907,21.0,158.0,0.0
16908,27.0,381.0,0.0
16909,80.0,187.0,0.0
16910,173.0,355.0,0.0
16911,115.0,533.0,0.0
16912,83.0,562.0,0.0
16913,55.0,367.0,0.0
16914,79.0,440.0,0.0
16915,267.0,350.0,0.0
16916,27.0,80.0,0.0
16917,199.0,542.0,0.0
16918,219.0,302.0,0.0
16919,140.0,181.0,0.0
16920,97.0,130.0,0.0
16921,40.0,18.0,0.0
16922,219.0,54.0,0.0
16923,13.0,296.0,0.0
16924,249.0,96.0,0.0
16925,241.0,450.0,0.0
16926,62.0,22.0,0.0
16927,109.0,198.0,0.0
16928,143.0,514.0,0.0
16929,147.0,563.0,0.0
16930,178.0,487.0,0.0
16931,182.0,403.0,0.0
16932,74.0,413.0,0.0
16933,154.0,33.0,0.0
16934,83.0,302.0,0.0
16935,268.0,206.0,0.0
16936,129.0,417.0,0.0
16937,249.0,509.0,0.0
16938,106.0,31.0,0.0
16939,42.0,61.0,0.0
16940,258.0,370.0,0.0
16941,131.0,520.0,0.0
16942,163.0,268.0,0.0
16943,110.0,347.0,0.0
16944,188.0,311.0,0.0
16945,42.0,283.0,0.0
16946,131.0,393.0,0.0
16947,172.0,485.0,0.0
16948,185.0,314.0,0.0
16949,148.0,250.0,0.0
16950,80.0,490.0,0.0
16951,173.0,56.0,0.0
16952,234.0,428.0,0.0
16953,220.0,573.0,0.0
16954,146.0,132.0,0.0
16955,199.0,202.0,0.0
16956,23.0,514.0,0.0
16957,160.0,467.0,0.0
16958,58.0,205.0,0.0
16959,50.0,28.0,0.0
16960,116.0,195.0,0.0
16961,107.0,191.0,0.0
16962,128.0,405.0,0.0
16963,62.0,294.0,0.0
16964,216.0,525.0,0.0
16965,192.0,163.0,0.0
16966,65.0,207.0,0.0
16967,36.0,498.0,0.0
16968,21.0,164.0,0.0
16969,246.0,32.0,0.0
16970,0.0,122.0,0.0
16971,73.0,107.0,0.0
16972,51.0,508.0,0.0
16973,105.0,17.0,0.0
16974,19.0,37.0,0.0
16975,267.0,483.0,0.0
16976,26.0,412.0,0.0
16977,184.0,191.0,0.0
16978,6.0,159.0,0.0
16979,131.0,428.0,0.0
16980,56.0,251.0,0.0
16981,266.0,23.0,0.0
16982,74.0,565.0,0.0
16983,187.0,249.0,0.0
16984,187.0,63.0,0.0
16985,121.0,383.0,0.0
16986,94.0,157.0,0.0
16987,257.0,106.0,0.0
16988,67.0,590.0,0.0
16989,234.0,490.0,0.0
16990,20.0,304.0,0.0
16991,240.0,78.0,0.0
16992,6.0,389.0,0.0
16993,185.0,582.0,0.0
16994,63.0,400.0,0.0
16995,180.0,519.0,0.0
16996,158.0,184.0,0.0
16997,91.0,474.0,0.0
16998,255.0,182.0,0.0
16999,264.0,389.0,0.0
17000,150.0,176.0,0.0
17001,167.0,395.0,0.0
17002,187.0,47.0,0.0
17003,229.0,383.0,0.0
17004,94.0,539.0,0.0
17005,133.0,248.0,0.0
17006,8.0,6.0,0.0
17007,195.0,35.0,0.0
17008,174.0,255.0,0.0
17009,34.0,167.0,0.0
17010,267.0,69.0,0.0
17011,158.0,441.0,0.0
17012,144.0,163.0,0.0
17013,1.0,116.0,0.0
17014,175.0,212.0,0.0
17015,106.0,433.0,0.0
17016,186.0,477.0,0.0
17017,115.0,578.0,0.0
17018,134.0,455.0,0.0
17019,16.0,520.0,0.0
17020,8.0,583.0,0.0
17021,177.0,271.0,0.0
17022,220.0,474.0,0.0
17023,71.0,437.0,0.0
17024,24.0,524.0,0.0
17025,202.0,287.0,0.0
17026,134.0,13.0,0.0
17027,196.0,30.0,0.0
17028,208.0,455.0,0.0
17029,236.0,104.0,0.0
17030,1.0,353.0,0.0
17031,46.0,90.0,0.0
17032,116.0,506.0,0.0
17033,240.0,240.0,0.0
17034,29.0,465.0,0.0
17035,260.0,328.0,0.0
17036,172.0,78.0,0.0
17037,149.0,410.0,0.0
17038,146.0,508.0,0.0
17039,14.0,335.0,0.0
17040,88.0,101.0,0.0
17041,129.0,9.0,0.0
17042,44.0,292.0,0.0
17043,4.0,341.0,0.0
17044,123.0,140.0,0.0
17045,210.0,76.0,0.0
17046,250.0,206.0,0.0
17047,223.0,517.0,0.0
17048,120.0,79.0,0.0
17049,124.0,275.0,0.0
17050,105.0,346.0,0.0
17051,79.0,268.0,0.0
17052,198.0,151.0,0.0
17053,256.0,51.0,0.0
17054,94.0,374.0,0.0
17055,187.0,549.0,0.0
17056,127.0,263.0,0.0
17057,204.0,276.0,0.0
17058,76.0,281.0,0.0
17059,60.0,419.0,0.0
17060,235.0,588.0,0.0
17061,45.0,28.0,0.0
17062,260.0,54.0,0.0
17063,233.0,254.0,0.0
17064,194.0,305.0,0.0
17065,196.0,210.0,0.0
17066,25.0,316.0,0.0
17067,77.0,286.0,0.0
17068,24.0,377.0,0.0
17069,251.0,429.0,0.0
17070,263.0,252.0,0.0
17071,193.0,597.0,0.0
17072,34.0,71.0,0.0
17073,246.0,51.0,0.0
17074,196.0,223.0,0.0
17075,37.0,445.0,0.0
17076,214.0,220.0,0.0
17077,207.0,595.0,0.0
17078,103.0,281.0,0.0
17079,41.0,93.0,0.0
17080,73.0,394.0,0.0
17081,69.0,46.0,0.0
17082,112.0,358.0,0.0
17083,35.0,106.0,0.0
17084,53.0,569.0,0.0
17085,193.0,247.0,0.0
17086,115.0,28.0,0.0
17087,80.0,574.0,0.0
17088,186.0,342.0,0.0
17089,242.0,332.0,0.0
17090,75.0,508.0,0.0
17091,206.0,181.0,0.0
17092,172.0,583.0,0.0
17093,232.0,225.0,0.0
17094,46.0,484.0,0.0
17095,245.0,85.0,0.0
17096,163.0,555.0,0.0
17097,24.0,142.0,0.0
17098,157.0,435.0,0.0
17099,14.0,521.0,0.0
17100,133.0,302.0,0.0
17101,21.0,150.0,0.0
17102,237.0,357.0,0.0
17103,97.0,208.0,0.0
17104,209.0,347.0,0.0
17105,222.0,586.0,0.0
17106,131.0,254.0,0.0
17107,183.0,353.0,0.0
17108,159.0,135.0,0.0
17109,121.0,413.0,0.0
17110,45.0,451.0,0.0
17111,19.0,480.0,0.0
17112,206.0,55.0,0.0
17113,138.0,341.0,0.0
17114,94.0,499.0,0.0
17115,71.0,532.0,0.0
17116,136.0,455.0,0.0
17117,207.0,493.0,0.0
17118,234.0,498.0,0.0
17119,25.0,380.0,0.0
17120,82.0,444.0,0.0
17121,79.0,529.0,0.0
17122,133.0,98.0,0.0
17123,66.0,279.0,0.0
17124,74.0,128.0,0.0
17125,12.0,155.0,0.0
17126,36.0,110.0,0.0
17127,205.0,162.0,0.0
17128,197.0,2.0,0.0
17129,237.0,390.0,0.0
17130,32.0,208.0,0.0
17131,12.0,379.0,0.0
17132,186.0,521.0,0.0
17133,260.0,20.0,0.0
17134,151.0,137.0,0.0
17135,124.0,49.0,0.0
17136,196.0,593.0,0.0
17137,52.0,176.0,0.0
17138,146.0,283.0,0.0
17139,129.0,170.0,0.0
17140,179.0,91.0,0.0
17141,133.0,474.0,0.0
17142,83.0,153.0,0.0
17143,244.0,40.0,0.0
17144,201.0,254.0,0.0
17145,127.0,135.0,0.0
17146,133.0,403.0,0.0
17147,111.0,143.0,0.0
17148,245.0,147.0,0.0
17149,119.0,21.0,0.0
17150,262.0,464.0,0.0
17151,241.0,476.0,0.0
17152,252.0,218.0,0.0
17153,247.0,557.0,0.0
17154,248.0,251.0,0.0
17155,4.0,381.0,0.0
17156,139.0,492.0,0.0
17157,0.0,19.0,0.0
17158,100.0,449.0,0.0
17159,161.0,113.0,0.0
17160,55.0,593.0,0.0
17161,97.0,163.0,0.0
17162,176.0,535.0,0.0
17163,128.0,167.0,0.0
17164,206.0,215.0,0.0
17165,107.0,525.0,0.0
17166,37.0,230.0,0.0
17167,261.0,509.0,0.0
17168,43.0,176.0,0.0
17169,53.0,578.0,0.0
17170,74.0,589.0,0.0
17171,141.0,190.0,0.0
17172,59.0,519.0,0.0
17173,195.0,242.0,0.0
17174,169.0,591.0,0.0
17175,30.0,467.0,0.0
17176,152.0,246.0,0.0
17177,24.0,551.0,0.0
17178,192.0,51.0,0.0
17179,59.0,330.0,0.0
17180,193.0,76.0,0.0
17181,194.0,574.0,0.0
17182,179.0,349.0,0.0
17183,132.0,57.0,0.0
17184,133.0,525.0,0.0
17185,55.0,291.0,0.0
17186,263.0,425.0,0.0
17187,141.0,39.0,0.0
17188,128.0,277.0,0.0
17189,46.0,344.0,0.0
17190,137.0,52.0,0.0
17191,154.0,11.0,0.0
17192,27.0,274.0,0.0
17193,70.0,369.0,0.0
17194,104.0,210.0,0.0
17195,83.0,210.0,0.0
17196,141.0,53.0,0.0
17197,91.0,165.0,0.0
17198,53.0,379.0,0.0
17199,238.0,137.0,0.0
17200,226.0,168.0,0.0
17201,234.0,77.0,0.0
17202,1.0,438.0,0.0
17203,164.0,347.0,0.0
17204,8.0,442.0,0.0
17205,60.0,377.0,0.0
17206,214.0,362.0,0.0
17207,12.0,412.0,0.0
17208,257.0,235.0,0.0
17209,115.0,22.0,0.0
17210,148.0,512.0,0.0
17211,215.0,313.0,0.0
17212,37.0,201.0,0.0
17213,174.0,394.0,0.0
17214,59.0,535.0,0.0
17215,242.0,309.0,0.0
17216,75.0,451.0,0.0
17217,35.0,386.0,0.0
17218,204.0,596.0,0.0
17219,75.0,65.0,0.0
17220,8.0,215.0,0.0
17221,39.0,542.0,0.0
17222,41.0,233.0,0.0
17223,155.0,174.0,0.0
17224,72.0,396.0,0.0
17225,212.0,98.0,0.0
17226,185.0,224.0,0.0
17227,52.0,574.0,0.0
17228,131.0,482.0,0.0
17229,102.0,323.0,0.0
17230,260.0,541.0,0.0
17231,163.0,395.0,0.0
17232,23.0,204.0,0.0
17233,139.0,66.0,0.0
17234,116.0,431.0,0.0
17235,151.0,233.0,0.0
17236,3.0,469.0,0.0
17237,193.0,144.0,0.0
17238,15.0,193.0,0.0
17239,102.0,157.0,0.0
17240,26.0,413.0,0.0
17241,46.0,0.0,0.0
17242,74.0,170.0,0.0
17243,16.0,141.0,0.0
17244,199.0,123.0,0.0
17245,220.0,279.0,0.0
17246,179.0,259.0,0.0
17247,7.0,564.0,0.0
17248,247.0,339.0,0.0
17249,239.0,584.0,0.0
17250,12.0,555.0,0.0
17251,49.0,277.0,0.0
17252,183.0,579.0,0.0
17253,192.0,470.0,0.0
17254,239.0,477.0,0.0
17255,83.0,498.0,0.0
17256,125.0,103.0,0.0
17257,9.0,336.0,0.0
17258,248.0,229.0,0.0
17259,71.0,383.0,0.0
17260,92.0,242.0,0.0
17261,87.0,280.0,0.0
17262,237.0,169.0,0.0
17263,181.0,203.0,0.0
17264,234.0,541.0,0.0
17265,235.0,360.0,0.0
17266,39.0,169.0,0.0
17267,185.0,583.0,0.0
17268,96.0,263.0,0.0
17269,86.0,543.0,0.0
17270,264.0,112.0,0.0
17271,61.0,305.0,0.0
17272,16.0,3.0,0.0
17273,155.0,563.0,0.0
17274,23.0,412.0,0.0
17275,114.0,7.0,0.0
17276,151.0,399.0,0.0
17277,71.0,306.0,0.0
17278,131.0,330.0,0.0
17279,154.0,50.0,0.0
17280,177.0,27.0,0.0
17281,59.0,172.0,0.0
17282,87.0,309.0,0.0
17283,222.0,300.0,0.0
17284,5.0,227.0,0.0
17285,120.0,486.0,0.0
17286,69.0,398.0,0.0
17287,44.0,584.0,0.0
17288,48.0,539.0,0.0
17289,47.0,41.0,0.0
17290,181.0,370.0,0.0
17291,174.0,224.0,0.0
17292,44.0,44.0,0.0
17293,112.0,445.0,0.0
17294,162.0,421.0,0.0
17295,266.0,449.0,0.0
17296,267.0,303.0,0.0
17297,138.0,397.0,0.0
17298,257.0,344.0,0.0
17299,152.0,374.0,0.0
17300,30.0,409.0,0.0
17301,226.0,140.0,0.0
17302,74.0,60.0,0.0
17303,35.0,281.0,0.0
17304,52.0,332.0,0.0
17305,75.0,480.0,0.0
17306,241.0,114.0,0.0
17307,16.0,451.0,0.0
17308,21.0,565.0,0.0
17309,201.0,276.0,0.0
17310,33.0,109.0,0.0
17311,142.0,438.0,0.0
17312,30.0,410.0,0.0
17313,220.0,264.0,0.0
17314,184.0,581.0,0.0
17315,214.0,373.0,0.0
17316,211.0,248.0,0.0
17317,175.0,207.0,0.0
17318,211.0,80.0,0.0
17319,115.0,358.0,0.0
17320,239.0,391.0,0.0
17321,215.0,123.0,0.0
17322,242.0,571.0,0.0
17323,160.0,45.0,0.0
17324,262.0,261.0,0.0
17325,208.0,242.0,0.0
17326,119.0,9.0,0.0
17327,248.0,454.0,0.0
17328,256.0,483.0,0.0
17329,131.0,174.0,0.0
17330,244.0,428.0,0.0
17331,70.0,575.0,0.0
17332,172.0,238.0,0.0
17333,136.0,358.0,0.0
17334,178.0,539.0,0.0
17335,122.0,37.0,0.0
17336,26.0,261.0,0.0
17337,170.0,596.0,0.0
17338,98.0,185.0,0.0
17339,237.0,520.0,0.0
17340,209.0,124.0,0.0
17341,215.0,44.0,0.0
17342,260.0,96.0,0.0
17343,159.0,566.0,0.0
17344,130.0,315.0,0.0
17345,176.0,105.0,0.0
17346,72.0,575.0,0.0
17347,201.0,30.0,0.0
17348,192.0,282.0,0.0
17349,244.0,147.0,0.0
17350,125.0,295.0,0.0
17351,103.0,275.0,0.0
17352,15.0,424.0,0.0
17353,86.0,281.0,0.0
17354,50.0,461.0,0.0
17355,260.0,251.0,0.0
17356,192.0,360.0,0.0
17357,263.0,71.0,0.0
17358,119.0,384.0,0.0
17359,266.0,311.0,0.0
17360,174.0,22.0,0.0
17361,147.0,63.0,0.0
17362,117.0,151.0,0.0
17363,101.0,385.0,0.0
17364,114.0,535.0,0.0
17365,1.0,179.0,0.0
17366,127.0,516.0,0.0
17367,45.0,562.0,0.0
17368,6.0,434.0,0.0
17369,45.0,209.0,0.0
17370,257.0,16.0,0.0
17371,14.0,187.0,0.0
17372,267.0,43.0,0.0
17373,103.0,247.0,0.0
17374,260.0,577.0,0.0
17375,187.0,555.0,0.0
17376,121.0,401.0,0.0
17377,240.0,70.0,0.0
17378,109.0,93.0,0.0
17379,42.0,399.0,0.0
17380,121.0,332.0,0.0
17381,67.0,280.0,0.0
17382,91.0,512.0,0.0
17383,199.0,98.0,0.0
17384,28.0,315.0,0.0
17385,232.0,543.0,0.0
17386,250.0,185.0,0.0
17387,205.0,219.0,0.0
17388,167.0,499.0,0.0
17389,129.0,183.0,0.0
17390,60.0,224.0,0.0
17391,188.0,65.0,0.0
17392,265.0,498.0,0.0
17393,128.0,301.0,0.0
17394,48.0,211.0,0.0
17395,197.0,505.0,0.0
17396,237.0,589.0,0.0
17397,206.0,540.0,0.0
17398,138.0,377.0,0.0
17399,157.0,594.0,0.0
17400,72.0,295.0,0.0
17401,168.0,221.0,0.0
17402,30.0,307.0,0.0
17403,127.0,461.0,0.0
17404,216.0,95.0,0.0
17405,249.0,140.0,0.0
17406,112.0,502.0,0.0
17407,234.0,446.0,0.0
17408,107.0,493.0,0.0
17409,20.0,472.0,0.0
17410,98.0,573.0,0.0
17411,44.0,123.0,0.0
17412,200.0,5.0,0.0
17413,245.0,76.0,0.0
17414,12.0,27.0,0.0
17415,4.0,470.0,0.0
17416,210.0,592.0,0.0
17417,267.0,548.0,0.0
17418,247.0,410.0,0.0
17419,193.0,148.0,0.0
17420,179.0,14.0,0.0
17421,194.0,595.0,0.0
17422,196.0,201.0,0.0
17423,13.0,142.0,0.0
17424,256.0,291.0,0.0
17425,163.0,105.0,0.0
17426,175.0,104.0,0.0
17427,21.0,484.0,0.0
17428,62.0,315.0,0.0
17429,131.0,348.0,0.0
17430,92.0,418.0,0.0
17431,217.0,342.0,0.0
17432,113.0,376.0,0.0
17433,120.0,228.0,0.0
17434,235.0,129.0,0.0
17435,68.0,389.0,0.0
17436,200.0,426.0,0.0
17437,219.0,338.0,0.0
17438,231.0,471.0,0.0
17439,163.0,224.0,0.0
17440,204.0,200.0,0.0
17441,163.0,292.0,0.0
17442,159.0,251.0,0.0
17443,243.0,175.0,0.0
17444,51.0,324.0,0.0
17445,200.0,580.0,0.0
17446,252.0,365.0,0.0
17447,17.0,317.0,0.0
17448,35.0,223.0,0.0
17449,124.0,436.0,0.0
17450,187.0,210.0,0.0
17451,162.0,427.0,0.0
17452,77.0,577.0,0.0
17453,132.0,542.0,0.0
17454,232.0,212.0,0.0
17455,123.0,571.0,0.0
17456,268.0,189.0,0.0
17457,164.0,338.0,0.0
17458,117.0,545.0,0.0
17459,163.0,245.0,0.0
17460,154.0,309.0,0.0
17461,64.0,473.0,0.0
17462,235.0,204.0,0.0
17463,92.0,284.0,0.0
17464,118.0,304.0,0.0
17465,14.0,311.0,0.0
17466,96.0,140.0,0.0
17467,182.0,166.0,0.0
17468,28.0,565.0,0.0
17469,129.0,98.0,0.0
17470,96.0,55.0,0.0
17471,94.0,227.0,0.0
17472,264.0,48.0,0.0
17473,42.0,152.0,0.0
17474,166.0,486.0,0.0
17475,163.0,575.0,0.0
17476,144.0,360.0,0.0
17477,242.0,548.0,0.0
17478,22.0,588.0,0.0
17479,3.0,565.0,0.0
17480,260.0,203.0,0.0
17481,34.0,32.0,0.0
17482,112.0,501.0,0.0
17483,106.0,502.0,0.0
17484,31.0,596.0,0.0
17485,235.0,435.0,0.0
17486,127.0,529.0,0.0
17487,125.0,216.0,0.0
17488,218.0,214.0,0.0
17489,100.0,402.0,0.0
17490,24.0,476.0,0.0
17491,20.0,314.0,0.0
17492,208.0,48.0,0.0
17493,248.0,176.0,0.0
17494,4.0,508.0,0.0
17495,52.0,552.0,0.0
17496,118.0,246.0,0.0
17497,54.0,163.0,0.0
17498,157.0,160.0,0.0
17499,54.0,358.0,0.0
17500,102.0,309.0,0.0
17501,257.0,370.0,0.0
17502,224.0,554.0,0.0
17503,167.0,345.0,0.0
17504,182.0,509.0,0.0
17505,213.0,568.0,0.0
17506,100.0,433.0,0.0
17507,65.0,400.0,0.0
17508,262.0,249.0,0.0
17509,29.0,166.0,0.0
17510,93.0,435.0,0.0
17511,208.0,6.0,0.0
17512,234.0,62.0,0.0
17513,37.0,16.0,0.0
17514,229.0,583.0,0.0
17515,99.0,514.0,0.0
17516,126.0,508.0,0.0
17517,28.0,561.0,0.0
17518,52.0,246.0,0.0
17519,163.0,34.0,0.0
17520,116.0,314.0,0.0
17521,99.0,488.0,0.0
17522,137.0,98.0,0.0
17523,11.0,243.0,0.0
17524,240.0,279.0,0.0
17525,198.0,279.0,0.0
17526,165.0,588.0,0.0
17527,47.0,486.0,0.0
17528,29.0,207.0,0.0
17529,221.0,27.0,0.0
17530,236.0,416.0,0.0
17531,112.0,273.0,0.0
17532,188.0,365.0,0.0
17533,181.0,410.0,0.0
17534,136.0,139.0,0.0
17535,122.0,53.0,0.0
17536,254.0,51.0,0.0
17537,140.0,545.0,0.0
17538,62.0,543.0,0.0
17539,32.0,254.0,0.0
17540,5.0,581.0,0.0
17541,79.0,209.0,0.0
17542,252.0,54.0,0.0
17543,166.0,271.0,0.0
17544,177.0,528.0,0.0
17545,235.0,339.0,0.0
17546,137.0,585.0,0.0
17547,175.0,520.0,0.0
17548,42.0,581.0,0.0
17549,240.0,183.0,0.0
17550,220.0,48.0,0.0
17551,22.0,242.0,0.0
17552,207.0,496.0,0.0
17553,85.0,593.0,0.0
17554,157.0,170.0,0.0
17555,253.0,382.0,0.0
17556,109.0,161.0,0.0
17557,179.0,543.0,0.0
17558,85.0,380.0,0.0
17559,37.0,521.0,0.0
17560,75.0,474.0,0.0
17561,29.0,569.0,0.0
17562,132.0,532.0,0.0
17563,101.0,227.0,0.0
17564,154.0,391.0,0.0
17565,251.0,273.0,0.0
17566,139.0,87.0,0.0
17567,265.0,197.0,0.0
17568,15.0,278.0,0.0
17569,121.0,61.0,0.0
17570,198.0,86.0,0.0
17571,256.0,15.0,0.0
17572,266.0,356.0,0.0
17573,184.0,102.0,0.0
17574,179.0,361.0,0.0
17575,141.0,121.0,0.0
17576,57.0,324.0,0.0
17577,183.0,149.0,0.0
17578,206.0,103.0,0.0
17579,32.0,25.0,0.0
17580,206.0,208.0,0.0
17581,149.0,231.0,0.0
17582,168.0,2.0,0.0
17583,249.0,486.0,0.0
17584,238.0,105.0,0.0
17585,252.0,488.0,0.0
17586,73.0,553.0,0.0
17587,214.0,170.0,0.0
17588,0.0,78.0,0.0
17589,137.0,143.0,0.0
17590,219.0,400.0,0.0
17591,65.0,172.0,0.0
17592,165.0,368.0,0.0
17593,217.0,192.0,0.0
17594,249.0,308.0,0.0
17595,155.0,542.0,0.0
17596,76.0,364.0,0.0
17597,233.0,98.0,0.0
17598,148.0,341.0,0.0
17599,232.0,13.0,0.0
17600,253.0,299.0,0.0
17601,37.0,128.0,0.0
17602,45.0,96.0,0.0
17603,118.0,368.0,0.0
17604,267.0,428.0,0.0
17605,170.0,542.0,0.0
17606,145.0,112.0,0.0
17607,53.0,286.0,0.0
17608,114.0,180.0,0.0
17609,184.0,1.0,0.0
17610,266.0,137.0,0.0
17611,166.0,509.0,0.0
17612,169.0,318.0,0.0
17613,144.0,181.0,0.0
17614,217.0,94.0,0.0
17615,177.0,589.0,0.0
17616,203.0,458.0,0.0
17617,141.0,198.0,0.0
17618,197.0,141.0,0.0
17619,243.0,254.0,0.0
17620,170.0,272.0,0.0
17621,254.0,279.0,0.0
17622,135.0,509.0,0.0
17623,263.0,372.0,0.0
17624,257.0,581.0,0.0
17625,151.0,357.0,0.0
17626,33.0,245.0,0.0
17627,215.0,224.0,0.0
17628,127.0,423.0,0.0
17629,21.0,339.0,0.0
17630,22.0,354.0,0.0
17631,152.0,580.0,0.0
17632,42.0,271.0,0.0
17633,121.0,8.0,0.0
17634,73.0,536.0,0.0
17635,108.0,320.0,0.0
17636,105.0,328.0,0.0
17637,222.0,85.0,0.0
17638,124.0,114.0,0.0
17639,63.0,449.0,0.0
17640,167.0,487.0,0.0
17641,82.0,71.0,0.0
17642,136.0,146.0,0.0
17643,266.0,512.0,0.0
17644,243.0,125.0,0.0
17645,162.0,194.0,0.0
17646,197.0,447.0,0.0
17647,260.0,294.0,0.0
17648,139.0,26.0,0.0
17649,162.0,30.0,0.0
17650,250.0,13.0,0.0
17651,36.0,566.0,0.0
17652,165.0,464.0,0.0
17653,224.0,476.0,0.0
17654,0.0,17.0,0.0
17655,139.0,326.0,0.0
17656,254.0,45.0,0.0
17657,243.0,41.0,0.0
17658,88.0,577.0,0.0
17659,88.0,298.0,0.0
17660,99.0,324.0,0.0
17661,14.0,140.0,0.0
17662,263.0,520.0,0.0
17663,264.0,341.0,0.0
17664,69.0,209.0,0.0
17665,70.0,232.0,0.0
17666,204.0,468.0,0.0
17667,1.0,528.0,0.0
17668,76.0,46.0,0.0
17669,23.0,438.0,0.0
17670,207.0,19.0,0.0
17671,156.0,484.0,0.0
17672,16.0,207.0,0.0
17673,68.0,438.0,0.0
17674,6.0,505.0,0.0
17675,156.0,437.0,0.0
17676,133.0,50.0,0.0
17677,195.0,559.0,0.0
17678,115.0,167.0,0.0
17679,104.0,395.0,0.0
17680,208.0,328.0,0.0
17681,179.0,85.0,0.0
17682,37.0,267.0,0.0
17683,168.0,60.0,0.0
17684,166.0,93.0,0.0
17685,12.0,419.0,0.0
17686,75.0,424.0,0.0
17687,211.0,7.0,0.0
17688,258.0,339.0,0.0
17689,27.0,254.0,0.0
17690,184.0,172.0,0.0
17691,253.0,434.0,0.0
17692,103.0,187.0,0.0
17693,237.0,299.0,0.0
17694,25.0,51.0,0.0
17695,70.0,61.0,0.0
17696,167.0,264.0,0.0
17697,99.0,461.0,0.0
17698,84.0,204.0,0.0
17699,140.0,513.0,0.0
17700,190.0,282.0,0.0
17701,93.0,7.0,0.0
17702,31.0,39.0,0.0
17703,127.0,220.0,0.0
17704,31.0,207.0,0.0
17705,48.0,364.0,0.0
17706,90.0,566.0,0.0
17707,155.0,221.0,0.0
17708,8.0,539.0,0.0
17709,27.0,139.0,0.0
17710,183.0,468.0,0.0
17711,154.0,385.0,0.0
17712,82.0,573.0,0.0
17713,237.0,286.0,0.0
17714,122.0,466.0,0.0
17715,257.0,470.0,0.0
17716,36.0,96.0,0.0
17717,251.0,451.0,0.0
17718,148.0,421.0,0.0
17719,31.0,553.0,0.0
17720,61.0,120.0,0.0
17721,16.0,251.0,0.0
17722,59.0,66.0,0.0
17723,198.0,239.0,0.0
17724,245.0,133.0,0.0
17725,114.0,355.0,0.0
17726,13.0,303.0,0.0
17727,134.0,479.0,0.0
17728,116.0,448.0,0.0
17729,189.0,552.0,0.0
17730,107.0,294.0,0.0
17731,171.0,221.0,0.0
17732,254.0,580.0,0.0
17733,77.0,114.0,0.0
17734,207.0,340.0,0.0
17735,8.0,538.0,0.0
17736,126.0,541.0,0.0
17737,190.0,488.0,0.0
17738,107.0,552.0,0.0
17739,111.0,387.0,0.0
17740,105.0,458.0,0.0
17741,75.0,563.0,0.0
17742,113.0,1.0,0.0
17743,83.0,262.0,0.0
17744,85.0,464.0,0.0
17745,87.0,534.0,0.0
17746,100.0,365.0,0.0
17747,259.0,8.0,0.0
17748,0.0,210.0,0.0
17749,57.0,78.0,0.0
17750,165.0,42.0,0.0
17751,179.0,141.0,0.0
17752,79.0,389.0,0.0
17753,160.0,151.0,0.0
17754,260.0,306.0,0.0
17755,178.0,259.0,0.0
17756,3.0,495.0,0.0
17757,112.0,412.0,0.0
17758,168.0,592.0,0.0
17759,159.0,524.0,0.0
17760,204.0,523.0,0.0
17761,109.0,378.0,0.0
17762,108.0,40.0,0.0
17763,168.0,468.0,0.0
17764,75.0,128.0,0.0
17765,67.0,539.0,0.0
17766,54.0,55.0,0.0
17767,191.0,32.0,0.0
17768,254.0,532.0,0.0
17769,108.0,490.0,0.0
17770,129.0,458.0,0.0
17771,162.0,262.0,0.0
17772,216.0,524.0,0.0
17773,166.0,526.0,0.0
17774,228.0,164.0,0.0
17775,65.0,331.0,0.0
17776,3.0,581.0,0.0
17777,124.0,543.0,0.0
17778,241.0,491.0,0.0
17779,107.0,151.0,0.0
17780,186.0,242.0,0.0
17781,110.0,520.0,0.0
17782,237.0,275.0,0.0
17783,35.0,298.0,0.0
17784,93.0,411.0,0.0
17785,175.0,553.0,0.0
17786,175.0,127.0,0.0
17787,85.0,550.0,0.0
17788,196.0,338.0,0.0
17789,255.0,520.0,0.0
17790,151.0,241.0,0.0
17791,6.0,22.0,0.0
17792,86.0,193.0,0.0
17793,247.0,0.0,0.0
17794,221.0,30.0,0.0
17795,70.0,133.0,0.0
17796,267.0,118.0,0.0
17797,136.0,296.0,0.0
17798,121.0,116.0,0.0
17799,67.0,250.0,0.0
17800,35.0,526.0,0.0
17801,142.0,504.0,0.0
17802,96.0,369.0,0.0
17803,161.0,587.0,0.0
17804,225.0,201.0,0.0
17805,265.0,422.0,0.0
17806,38.0,336.0,0.0
17807,166.0,350.0,0.0
17808,18.0,465.0,0.0
17809,213.0,113.0,0.0
17810,20.0,30.0,0.0
17811,150.0,566.0,0.0
17812,155.0,372.0,0.0
17813,240.0,515.0,0.0
17814,36.0,530.0,0.0
17815,102.0,444.0,0.0
17816,265.0,47.0,0.0
17817,226.0,98.0,0.0
17818,47.0,101.0,0.0
17819,160.0,579.0,0.0
17820,82.0,540.0,0.0
17821,139.0,258.0,0.0
17822,21.0,338.0,0.0
17823,188.0,306.0,0.0
17824,239.0,371.0,0.0
17825,227.0,337.0,0.0
17826,70.0,46.0,0.0
17827,25.0,272.0,0.0
17828,251.0,445.0,0.0
17829,226.0,421.0,0.0
17830,245.0,340.0,0.0
17831,78.0,445.0,0.0
17832,253.0,317.0,0.0
17833,260.0,433.0,0.0
17834,231.0,468.0,0.0
17835,154.0,238.0,0.0
17836,204.0,65.0,0.0
17837,253.0,507.0,0.0
17838,161.0,468.0,0.0
17839,246.0,366.0,0.0
17840,259.0,516.0,0.0
17841,216.0,581.0,0.0
17842,26.0,432.0,0.0
17843,7.0,29.0,0.0
17844,224.0,372.0,0.0
17845,47.0,485.0,0.0
17846,53.0,73.0,0.0
17847,61.0,116.0,0.0
17848,206.0,179.0,0.0
17849,126.0,514.0,0.0
17850,197.0,488.0,0.0
17851,243.0,595.0,0.0
17852,257.0,178.0,0.0
17853,127.0,345.0,0.0
17854,155.0,504.0,0.0
17855,41.0,408.0,0.0
17856,0.0,492.0,0.0
17857,32.0,341.0,0.0
17858,245.0,539.0,0.0
17859,70.0,580.0,0.0
17860,36.0,442.0,0.0
17861,257.0,98.0,0.0
17862,23.0,297.0,0.0
17863,215.0,554.0,0.0
17864,66.0,571.0,0.0
17865,149.0,45.0,0.0
17866,251.0,582.0,0.0
17867,22.0,369.0,0.0
17868,164.0,508.0,0.0
17869,36.0,320.0,0.0
17870,268.0,112.0,0.0
17871,126.0,553.0,0.0
17872,212.0,142.0,0.0
17873,255.0,155.0,0.0
17874,7.0,291.0,0.0
17875,190.0,404.0,0.0
17876,58.0,479.0,0.0
17877,102.0,526.0,0.0
17878,205.0,215.0,0.0
17879,17.0,177.0,0.0
17880,202.0,222.0,0.0
17881,134.0,96.0,0.0
17882,196.0,33.0,0.0
17883,70.0,306.0,0.0
17884,228.0,218.0,0.0
17885,158.0,575.0,0.0
17886,260.0,169.0,0.0
17887,105.0,369.0,0.0
17888,242.0,292.0,0.0
17889,115.0,461.0,0.0
17890,118.0,268.0,0.0
17891,127.0,459.0,0.0
17892,71.0,309.0,0.0
17893,120.0,259.0,0.0
17894,217.0,275.0,0.0
17895,163.0,291.0,0.0
17896,258.0,593.0,0.0
17897,251.0,135.0,0.0
17898,116.0,318.0,0.0
17899,141.0,388.0,0.0
17900,67.0,330.0,0.0
17901,197.0,503.0,0.0
17902,219.0,426.0,0.0
17903,109.0,341.0,0.0
17904,52.0,428.0,0.0
17905,223.0,234.0,0.0
17906,143.0,303.0,0.0
17907,4.0,241.0,0.0
17908,181.0,339.0,0.0
17909,192.0,459.0,0.0
17910,189.0,256.0,0.0
17911,268.0,569.0,0.0
17912,173.0,423.0,0.0
17913,47.0,105.0,0.0
17914,257.0,220.0,0.0
17915,121.0,230.0,0.0
17916,199.0,329.0,0.0
17917,267.0,298.0,0.0
17918,170.0,181.0,0.0
17919,22.0,423.0,0.0
17920,212.0,442.0,0.0
17921,132.0,585.0,0.0
17922,139.0,266.0,0.0
17923,20.0,96.0,0.0
17924,241.0,128.0,0.0
17925,251.0,227.0,0.0
17926,225.0,199.0,0.0
17927,27.0,127.0,0.0
17928,142.0,160.0,0.0
17929,80.0,250.0,0.0
17930,242.0,329.0,0.0
17931,50.0,313.0,0.0
17932,168.0,271.0,0.0
17933,25.0,287.0,0.0
17934,196.0,426.0,0.0
17935,162.0,222.0,0.0
17936,69.0,282.0,0.0
17937,75.0,432.0,0.0
17938,154.0,46.0,0.0
17939,140.0,548.0,0.0
17940,24.0,333.0,0.0
17941,196.0,444.0,0.0
17942,139.0,137.0,0.0
17943,136.0,238.0,0.0
17944,46.0,1.0,0.0
17945,142.0,487.0,0.0
17946,33.0,126.0,0.0
17947,205.0,297.0,0.0
17948,229.0,344.0,0.0
17949,137.0,168.0,0.0
17950,103.0,322.0,0.0
17951,48.0,323.0,0.0
17952,24.0,405.0,0.0
17953,141.0,319.0,0.0
17954,208.0,16.0,0.0
17955,110.0,55.0,0.0
17956,84.0,466.0,0.0
17957,222.0,92.0,0.0
17958,106.0,424.0,0.0
17959,92.0,485.0,0.0
17960,228.0,152.0,0.0
17961,214.0,109.0,0.0
17962,20.0,372.0,0.0
17963,41.0,512.0,0.0
17964,100.0,543.0,0.0
17965,140.0,487.0,0.0
17966,213.0,57.0,0.0
17967,63.0,153.0,0.0
17968,245.0,492.0,0.0
17969,41.0,48.0,0.0
17970,37.0,117.0,0.0
17971,159.0,457.0,0.0
17972,243.0,576.0,0.0
17973,258.0,512.0,0.0
17974,110.0,377.0,0.0
17975,26.0,233.0,0.0
17976,74.0,266.0,0.0
17977,259.0,562.0,0.0
17978,136.0,159.0,0.0
17979,103.0,299.0,0.0
17980,122.0,594.0,0.0
17981,246.0,325.0,0.0
17982,194.0,220.0,0.0
17983,243.0,215.0,0.0
17984,70.0,419.0,0.0
17985,98.0,528.0,0.0
17986,65.0,481.0,0.0
17987,150.0,230.0,0.0
17988,55.0,241.0,0.0
17989,59.0,234.0,0.0
17990,74.0,421.0,0.0
17991,27.0,142.0,0.0
17992,252.0,277.0,0.0
17993,176.0,310.0,0.0
17994,150.0,496.0,0.0
17995,135.0,34.0,0.0
17996,140.0,85.0,0.0
17997,179.0,438.0,0.0
17998,69.0,446.0,0.0
17999,217.0,67.0,0.0
18000,112.0,449.0,0.0
18001,121.0,584.0,0.0
18002,231.0,263.0,0.0
18003,2.0,177.0,0.0
18004,232.0,581.0,0.0
18005,201.0,468.0,0.0
18006,194.0,135.0,0.0
18007,46.0,262.0,0.0
18008,99.0,362.0,0.0
18009,215.0,396.0,0.0
18010,21.0,496.0,0.0
18011,222.0,425.0,0.0
18012,264.0,13.0,0.0
18013,233.0,220.0,0.0
18014,30.0,15.0,0.0
18015,48.0,55.0,0.0
18016,38.0,394.0,0.0
18017,227.0,232.0,0.0
18018,178.0,306.0,0.0
18019,35.0,293.0,0.0
18020,12.0,234.0,0.0
18021,73.0,305.0,0.0
18022,145.0,147.0,0.0
18023,21.0,10.0,0.0
18024,262.0,544.0,0.0
18025,184.0,396.0,0.0
18026,133.0,544.0,0.0
18027,100.0,83.0,0.0
18028,216.0,379.0,0.0
18029,189.0,472.0,0.0
18030,152.0,357.0,0.0
18031,106.0,570.0,0.0
18032,88.0,341.0,0.0
18033,216.0,351.0,0.0
18034,243.0,569.0,0.0
18035,260.0,508.0,0.0
18036,54.0,69.0,0.0
18037,48.0,289.0,0.0
18038,204.0,257.0,0.0
18039,29.0,436.0,0.0
18040,169.0,185.0,0.0
18041,268.0,331.0,0.0
18042,255.0,134.0,0.0
18043,5.0,0.0,0.0
18044,28.0,375.0,0.0
18045,153.0,443.0,0.0
18046,245.0,177.0,0.0
18047,201.0,448.0,0.0
18048,15.0,477.0,0.0
18049,20.0,39.0,0.0
18050,63.0,318.0,0.0
18051,219.0,353.0,0.0
18052,260.0,215.0,0.0
18053,153.0,261.0,0.0
18054,222.0,467.0,0.0
18055,134.0,190.0,0.0
18056,170.0,52.0,0.0
18057,34.0,454.0,0.0
18058,268.0,72.0,0.0
18059,124.0,60.0,0.0
18060,116.0,559.0,0.0
18061,237.0,592.0,0.0
18062,89.0,56.0,0.0
18063,113.0,26.0,0.0
18064,113.0,458.0,0.0
18065,79.0,118.0,0.0
18066,33.0,374.0,0.0
18067,234.0,245.0,0.0
18068,151.0,327.0,0.0
18069,139.0,449.0,0.0
18070,172.0,457.0,0.0
18071,41.0,151.0,0.0
18072,209.0,406.0,0.0
18073,165.0,158.0,0.0
18074,209.0,200.0,0.0
18075,41.0,183.0,0.0
18076,133.0,101.0,0.0
18077,18.0,83.0,0.0
18078,0.0,532.0,0.0
18079,108.0,394.0,0.0
18080,124.0,408.0,0.0
18081,105.0,214.0,0.0
18082,15.0,489.0,0.0
18083,155.0,518.0,0.0
18084,227.0,155.0,0.0
18085,40.0,202.0,0.0
18086,25.0,282.0,0.0
18087,247.0,412.0,0.0
18088,126.0,496.0,0.0
18089,67.0,439.0,0.0
18090,123.0,422.0,0.0
18091,76.0,159.0,0.0
18092,156.0,526.0,0.0
18093,163.0,513.0,0.0
18094,112.0,86.0,0.0
18095,147.0,596.0,0.0
18096,163.0,95.0,0.0
18097,210.0,262.0,0.0
18098,177.0,274.0,0.0
18099,66.0,332.0,0.0
18100,112.0,354.0,0.0
18101,72.0,586.0,0.0
18102,141.0,250.0,0.0
18103,226.0,242.0,0.0
18104,196.0,563.0,0.0
18105,41.0,428.0,0.0
18106,36.0,142.0,0.0
18107,33.0,584.0,0.0
18108,166.0,541.0,0.0
18109,33.0,489.0,0.0
18110,118.0,580.0,0.0
18111,91.0,503.0,0.0
18112,58.0,466.0,0.0
18113,86.0,142.0,0.0
18114,187.0,383.0,0.0
18115,176.0,591.0,0.0
18116,88.0,26.0,0.0
18117,215.0,244.0,0.0
18118,208.0,381.0,0.0
18119,158.0,358.0,0.0
18120,179.0,22.0,0.0
18121,132.0,441.0,0.0
18122,2.0,75.0,0.0
18123,76.0,529.0,0.0
18124,34.0,40.0,0.0
18125,77.0,350.0,0.0
18126,153.0,292.0,0.0
18127,69.0,484.0,0.0
18128,221.0,383.0,0.0
18129,39.0,121.0,0.0
18130,167.0,131.0,0.0
18131,114.0,25.0,0.0
18132,250.0,593.0,0.0
18133,14.0,87.0,0.0
18134,32.0,146.0,0.0
18135,24.0,585.0,0.0
18136,168.0,373.0,0.0
18137,254.0,210.0,0.0
18138,143.0,309.0,0.0
18139,10.0,338.0,0.0
18140,68.0,188.0,0.0
18141,122.0,490.0,0.0
18142,5.0,268.0,0.0
18143,6.0,71.0,0.0
18144,155.0,457.0,0.0
18145,63.0,136.0,0.0
18146,15.0,416.0,0.0
18147,45.0,501.0,0.0
18148,22.0,73.0,0.0
18149,35.0,438.0,0.0
18150,47.0,560.0,0.0
18151,171.0,419.0,0.0
18152,130.0,469.0,0.0
18153,173.0,596.0,0.0
18154,107.0,185.0,0.0
18155,111.0,134.0,0.0
18156,238.0,384.0,0.0
18157,132.0,361.0,0.0
18158,161.0,186.0,0.0
18159,107.0,478.0,0.0
18160,53.0,508.0,0.0
18161,227.0,453.0,0.0
18162,162.0,574.0,0.0
18163,139.0,177.0,0.0
18164,201.0,514.0,0.0
18165,86.0,285.0,0.0
18166,156.0,183.0,0.0
18167,208.0,552.0,0.0
18168,55.0,205.0,0.0
18169,111.0,565.0,0.0
18170,131.0,12.0,0.0
18171,161.0,2.0,0.0
18172,221.0,387.0,0.0
18173,68.0,420.0,0.0
18174,90.0,165.0,0.0
18175,189.0,93.0,0.0
18176,206.0,446.0,0.0
18177,30.0,258.0,0.0
18178,23.0,62.0,0.0
18179,24.0,545.0,0.0
18180,146.0,545.0,0.0
18181,262.0,551.0,0.0
18182,39.0,327.0,0.0
18183,233.0,473.0,0.0
18184,13.0,503.0,0.0
18185,114.0,363.0,0.0
18186,213.0,30.0,0.0
18187,139.0,101.0,0.0
18188,25.0,409.0,0.0
18189,21.0,428.0,0.0
18190,203.0,322.0,0.0
18191,86.0,427.0,0.0
18192,179.0,240.0,0.0
18193,22.0,394.0,0.0
18194,133.0,333.0,0.0
18195,193.0,567.0,0.0
18196,234.0,63.0,0.0
18197,16.0,562.0,0.0
18198,149.0,511.0,0.0
18199,190.0,334.0,0.0
18200,229.0,8.0,0.0
18201,181.0,467.0,0.0
18202,106.0,437.0,0.0
18203,215.0,40.0,0.0
18204,213.0,468.0,0.0
18205,192.0,359.0,0.0
18206,22.0,498.0,0.0
18207,120.0,316.0,0.0
18208,109.0,6.0,0.0
18209,245.0,291.0,0.0
18210,113.0,307.0,0.0
18211,72.0,421.0,0.0
18212,141.0,79.0,0.0
18213,37.0,266.0,0.0
18214,127.0,56.0,0.0
18215,160.0,436.0,0.0
18216,138.0,384.0,0.0
18217,9.0,557.0,0.0
18218,95.0,422.0,0.0
18219,130.0,566.0,0.0
18220,23.0,524.0,0.0
18221,192.0,383.0,0.0
18222,77.0,60.0,0.0
18223,246.0,15.0,0.0
18224,189.0,520.0,0.0
18225,251.0,240.0,0.0
18226,46.0,402.0,0.0
18227,179.0,151.0,0.0
18228,87.0,124.0,0.0
18229,227.0,494.0,0.0
18230,15.0,480.0,0.0
18231,144.0,69.0,0.0
18232,34.0,401.0,0.0
18233,78.0,293.0,0.0
18234,90.0,48.0,0.0
18235,146.0,159.0,0.0
18236,222.0,509.0,0.0
18237,0.0,82.0,0.0
18238,113.0,120.0,0.0
18239,4.0,192.0,0.0
18240,226.0,241.0,0.0
18241,126.0,453.0,0.0
18242,213.0,410.0,0.0
18243,248.0,487.0,0.0
18244,108.0,199.0,0.0
18245,74.0,475.0,0.0
18246,105.0,190.0,0.0
18247,106.0,477.0,0.0
18248,162.0,127.0,0.0
18249,144.0,320.0,0.0
18250,132.0,516.0,0.0
18251,128.0,35.0,0.0
18252,17.0,569.0,0.0
18253,60.0,200.0,0.0
18254,199.0,513.0,0.0
18255,136.0,505.0,0.0
18256,59.0,204.0,0.0
18257,153.0,129.0,0.0
18258,91.0,239.0,0.0
18259,2.0,73.0,0.0
18260,43.0,219.0,0.0
18261,24.0,482.0,0.0
18262,215.0,140.0,0.0
18263,245.0,42.0,0.0
18264,123.0,432.0,0.0
18265,252.0,100.0,0.0
18266,33.0,320.0,0.0
18267,45.0,298.0,0.0
18268,243.0,515.0,0.0
18269,136.0,155.0,0.0
18270,114.0,339.0,0.0
18271,34.0,517.0,0.0
18272,137.0,211.0,0.0
18273,54.0,501.0,0.0
18274,96.0,556.0,0.0
18275,97.0,154.0,0.0
18276,67.0,465.0,0.0
18277,107.0,472.0,0.0
18278,66.0,488.0,0.0
18279,90.0,586.0,0.0
18280,50.0,204.0,0.0
18281,91.0,436.0,0.0
18282,168.0,423.0,0.0
18283,170.0,18.0,0.0
18284,180.0,125.0,0.0
18285,158.0,31.0,0.0
18286,171.0,22.0,0.0
18287,194.0,533.0,0.0
18288,133.0,214.0,0.0
18289,46.0,261.0,0.0
18290,172.0,269.0,0.0
18291,58.0,583.0,0.0
18292,43.0,122.0,0.0
18293,239.0,290.0,0.0
18294,73.0,462.0,0.0
18295,251.0,120.0,0.0
18296,114.0,510.0,0.0
18297,230.0,96.0,0.0
18298,19.0,25.0,0.0
18299,65.0,417.0,0.0
18300,169.0,230.0,0.0
18301,157.0,124.0,0.0
18302,120.0,188.0,0.0
18303,60.0,352.0,0.0
18304,122.0,547.0,0.0
18305,209.0,573.0,0.0
18306,190.0,169.0,0.0
18307,192.0,75.0,0.0
18308,30.0,383.0,0.0
18309,53.0,441.0,0.0
18310,227.0,399.0,0.0
18311,177.0,310.0,0.0
18312,251.0,487.0,0.0
18313,92.0,519.0,0.0
18314,164.0,105.0,0.0
18315,29.0,255.0,0.0
18316,171.0,581.0,0.0
18317,192.0,351.0,0.0
18318,4.0,361.0,0.0
18319,170.0,442.0,0.0
18320,207.0,87.0,0.0
18321,236.0,458.0,0.0
18322,221.0,143.0,0.0
18323,139.0,126.0,0.0
18324,198.0,290.0,0.0
18325,206.0,481.0,0.0
18326,80.0,15.0,0.0
18327,37.0,588.0,0.0
18328,43.0,475.0,0.0
18329,166.0,547.0,0.0
18330,115.0,341.0,0.0
18331,4.0,477.0,0.0
18332,174.0,69.0,0.0
18333,68.0,240.0,0.0
18334,177.0,525.0,0.0
18335,22.0,184.0,0.0
18336,120.0,115.0,0.0
18337,118.0,134.0,0.0
18338,249.0,367.0,0.0
18339,66.0,570.0,0.0
18340,109.0,196.0,0.0
18341,179.0,285.0,0.0
18342,24.0,183.0,0.0
18343,115.0,495.0,0.0
18344,242.0,140.0,0.0
18345,187.0,595.0,0.0
18346,246.0,74.0,0.0
18347,63.0,88.0,0.0
18348,37.0,397.0,0.0
18349,227.0,333.0,0.0
18350,160.0,23.0,0.0
18351,207.0,446.0,0.0
18352,250.0,586.0,0.0
18353,211.0,508.0,0.0
18354,128.0,388.0,0.0
18355,221.0,425.0,0.0
18356,156.0,141.0,0.0
18357,156.0,443.0,0.0
18358,232.0,154.0,0.0
18359,140.0,425.0,0.0
18360,18.0,264.0,0.0
18361,31.0,224.0,0.0
18362,81.0,539.0,0.0
18363,253.0,185.0,0.0
18364,44.0,473.0,0.0
18365,164.0,203.0,0.0
18366,73.0,123.0,0.0
18367,38.0,191.0,0.0
18368,213.0,132.0,0.0
18369,192.0,552.0,0.0
18370,143.0,484.0,0.0
18371,222.0,88.0,0.0
18372,144.0,103.0,0.0
18373,69.0,409.0,0.0
18374,142.0,343.0,0.0
18375,95.0,415.0,0.0
18376,131.0,89.0,0.0
18377,1.0,175.0,0.0
18378,11.0,374.0,0.0
18379,254.0,288.0,0.0
18380,70.0,545.0,0.0
18381,191.0,299.0,0.0
18382,251.0,431.0,0.0
18383,187.0,148.0,0.0
18384,81.0,248.0,0.0
18385,72.0,325.0,0.0
18386,188.0,144.0,0.0
18387,152.0,427.0,0.0
18388,2.0,357.0,0.0
18389,2.0,465.0,0.0
18390,162.0,267.0,0.0
18391,251.0,197.0,0.0
18392,167.0,17.0,0.0
18393,107.0,561.0,0.0
18394,46.0,419.0,0.0
18395,71.0,168.0,0.0
18396,43.0,558.0,0.0
18397,133.0,551.0,0.0
18398,180.0,25.0,0.0
18399,1.0,502.0,0.0
18400,100.0,57.0,0.0
18401,208.0,361.0,0.0
18402,97.0,392.0,0.0
18403,78.0,240.0,0.0
18404,182.0,556.0,0.0
18405,68.0,419.0,0.0
18406,34.0,208.0,0.0
18407,67.0,180.0,0.0
18408,19.0,302.0,0.0
18409,89.0,245.0,0.0
18410,235.0,107.0,0.0
18411,188.0,402.0,0.0
18412,188.0,208.0,0.0
18413,242.0,164.0,0.0
18414,191.0,216.0,0.0
18415,219.0,491.0,0.0
18416,132.0,90.0,0.0
18417,235.0,257.0,0.0
18418,177.0,33.0,0.0
18419,263.0,290.0,0.0
18420,267.0,341.0,0.0
18421,229.0,60.0,0.0
18422,116.0,258.0,0.0
18423,236.0,447.0,0.0
18424,4.0,478.0,0.0
18425,246.0,361.0,0.0
18426,42.0,429.0,0.0
18427,63.0,163.0,0.0
18428,233.0,55.0,0.0
18429,26.0,591.0,0.0
18430,9.0,417.0,0.0
18431,144.0,437.0,0.0
18432,80.0,83.0,0.0
18433,105.0,456.0,0.0
18434,47.0,151.0,0.0
18435,75.0,303.0,0.0
18436,143.0,139.0,0.0
18437,14.0,14.0,0.0
18438,238.0,155.0,0.0
18439,193.0,509.0,0.0
18440,31.0,328.0,0.0
18441,18.0,36.0,0.0
18442,89.0,268.0,0.0
18443,230.0,33.0,0.0
18444,139.0,226.0,0.0
18445,156.0,71.0,0.0
18446,221.0,374.0,0.0
18447,46.0,173.0,0.0
18448,62.0,231.0,0.0
18449,107.0,352.0,0.0
18450,177.0,224.0,0.0
18451,19.0,91.0,0.0
18452,181.0,452.0,0.0
18453,253.0,6.0,0.0
18454,206.0,435.0,0.0
18455,182.0,560.0,0.0
18456,104.0,597.0,0.0
18457,134.0,31.0,0.0
18458,170.0,537.0,0.0
18459,128.0,444.0,0.0
18460,198.0,7.0,0.0
18461,118.0,89.0,0.0
18462,117.0,268.0,0.0
18463,145.0,215.0,0.0
18464,108.0,442.0,0.0
18465,24.0,194.0,0.0
18466,30.0,356.0,0.0
18467,146.0,86.0,0.0
18468,36.0,287.0,0.0
18469,167.0,569.0,0.0
18470,96.0,318.0,0.0
18471,12.0,263.0,0.0
18472,75.0,511.0,0.0
18473,106.0,0.0,0.0
18474,192.0,447.0,0.0
18475,79.0,426.0,0.0
18476,30.0,203.0,0.0
18477,251.0,440.0,0.0
18478,69.0,11.0,0.0
18479,232.0,368.0,0.0
18480,4.0,215.0,0.0
18481,261.0,384.0,0.0
18482,40.0,346.0,0.0
18483,48.0,418.0,0.0
18484,253.0,457.0,0.0
18485,120.0,324.0,0.0
18486,261.0,197.0,0.0
18487,144.0,111.0,0.0
18488,114.0,110.0,0.0
18489,92.0,72.0,0.0
18490,50.0,134.0,0.0
18491,21.0,525.0,0.0
18492,54.0,5.0,0.0
18493,175.0,94.0,0.0
18494,249.0,237.0,0.0
18495,50.0,357.0,0.0
18496,21.0,351.0,0.0
18497,53.0,487.0,0.0
18498,261.0,573.0,0.0
18499,106.0,573.0,0.0
18500,257.0,495.0,0.0
18501,194.0,257.0,0.0
18502,263.0,350.0,0.0
18503,14.0,426.0,0.0
18504,115.0,272.0,0.0
18505,243.0,519.0,0.0
18506,129.0,352.0,0.0
18507,117.0,101.0,0.0
18508,243.0,213.0,0.0
18509,154.0,580.0,0.0
18510,143.0,41.0,0.0
18511,77.0,213.0,0.0
18512,116.0,109.0,0.0
18513,34.0,46.0,0.0
18514,57.0,486.0,0.0
18515,238.0,140.0,0.0
18516,118.0,325.0,0.0
18517,213.0,486.0,0.0
18518,86.0,135.0,0.0
18519,4.0,149.0,0.0
18520,144.0,290.0,0.0
18521,203.0,271.0,0.0
18522,128.0,557.0,0.0
18523,268.0,440.0,0.0
18524,83.0,98.0,0.0
18525,98.0,157.0,0.0
18526,208.0,495.0,0.0
18527,196.0,582.0,0.0
18528,92.0,105.0,0.0
18529,70.0,590.0,0.0
18530,200.0,482.0,0.0
18531,51.0,590.0,0.0
18532,151.0,79.0,0.0
18533,114.0,507.0,0.0
18534,95.0,272.0,0.0
18535,231.0,445.0,0.0
18536,248.0,134.0,0.0
18537,158.0,470.0,0.0
18538,212.0,581.0,0.0
18539,247.0,322.0,0.0
18540,57.0,161.0,0.0
18541,155.0,549.0,0.0
18542,13.0,76.0,0.0
18543,69.0,410.0,0.0
18544,267.0,511.0,0.0
18545,45.0,448.0,0.0
18546,101.0,198.0,0.0
18547,115.0,58.0,0.0
18548,97.0,273.0,0.0
18549,79.0,369.0,0.0
18550,105.0,281.0,0.0
18551,248.0,327.0,0.0
18552,36.0,88.0,0.0
18553,161.0,289.0,0.0
18554,176.0,34.0,0.0
18555,97.0,435.0,0.0
18556,29.0,245.0,0.0
18557,138.0,299.0,0.0
18558,96.0,399.0,0.0
18559,118.0,347.0,0.0
18560,31.0,149.0,0.0
18561,221.0,432.0,0.0
18562,254.0,588.0,0.0
18563,116.0,255.0,0.0
18564,48.0,531.0,0.0
18565,126.0,575.0,0.0
18566,133.0,279.0,0.0
18567,12.0,40.0,0.0
18568,194.0,469.0,0.0
18569,18.0,478.0,0.0
18570,224.0,144.0,0.0
18571,147.0,244.0,0.0
18572,16.0,148.0,0.0
18573,6.0,486.0,0.0
18574,226.0,131.0,0.0
18575,18.0,63.0,0.0
18576,57.0,542.0,0.0
18577,266.0,30.0,0.0
18578,161.0,239.0,0.0
18579,184.0,135.0,0.0
18580,124.0,362.0,0.0
18581,15.0,137.0,0.0
18582,97.0,210.0,0.0
18583,122.0,507.0,0.0
18584,204.0,135.0,0.0
18585,42.0,449.0,0.0
18586,107.0,274.0,0.0
18587,187.0,257.0,0.0
18588,91.0,442.0,0.0
18589,162.0,555.0,0.0
18590,169.0,68.0,0.0
18591,76.0,514.0,0.0
18592,4.0,358.0,0.0
18593,201.0,460.0,0.0
18594,114.0,183.0,0.0
18595,16.0,389.0,0.0
18596,6.0,475.0,0.0
18597,40.0,550.0,0.0
18598,111.0,1.0,0.0
18599,57.0,561.0,0.0
18600,229.0,221.0,0.0
18601,187.0,223.0,0.0
18602,38.0,73.0,0.0
18603,172.0,140.0,0.0
18604,135.0,137.0,0.0
18605,255.0,487.0,0.0
18606,128.0,334.0,0.0
18607,71.0,299.0,0.0
18608,264.0,180.0,0.0
18609,19.0,124.0,0.0
18610,3.0,349.0,0.0
18611,121.0,353.0,0.0
18612,267.0,287.0,0.0
18613,252.0,447.0,0.0
18614,76.0,540.0,0.0
18615,31.0,499.0,0.0
18616,24.0,450.0,0.0
18617,181.0,559.0,0.0
18618,149.0,27.0,0.0
18619,228.0,328.0,0.0
18620,52.0,38.0,0.0
18621,92.0,517.0,0.0
18622,73.0,296.0,0.0
18623,223.0,71.0,0.0
18624,132.0,163.0,0.0
18625,198.0,493.0,0.0
18626,42.0,93.0,0.0
18627,122.0,558.0,0.0
18628,228.0,432.0,0.0
18629,34.0,552.0,0.0
18630,215.0,171.0,0.0
18631,70.0,299.0,0.0
18632,123.0,300.0,0.0
18633,20.0,292.0,0.0
18634,251.0,281.0,0.0
18635,1.0,413.0,0.0
18636,187.0,586.0,0.0
18637,24.0,269.0,0.0
18638,229.0,463.0,0.0
18639,73.0,244.0,0.0
18640,51.0,5.0,0.0
18641,133.0,545.0,0.0
18642,72.0,174.0,0.0
18643,3.0,351.0,0.0
18644,177.0,83.0,0.0
18645,75.0,1.0,0.0
18646,210.0,315.0,0.0
18647,246.0,563.0,0.0
18648,80.0,322.0,0.0
18649,257.0,53.0,0.0
18650,44.0,155.0,0.0
18651,228.0,19.0,0.0
18652,18.0,122.0,0.0
18653,33.0,310.0,0.0
18654,184.0,111.0,0.0
18655,243.0,52.0,0.0
18656,148.0,573.0,0.0
18657,153.0,497.0,0.0
18658,128.0,583.0,0.0
18659,72.0,384.0,0.0
18660,255.0,528.0,0.0
18661,18.0,521.0,0.0
18662,100.0,496.0,0.0
18663,187.0,543.0,0.0
18664,41.0,186.0,0.0
18665,114.0,86.0,0.0
18666,205.0,282.0,0.0
18667,43.0,279.0,0.0
18668,37.0,169.0,0.0
18669,34.0,403.0,0.0
18670,161.0,364.0,0.0
18671,135.0,77.0,0.0
18672,96.0,430.0,0.0
18673,20.0,463.0,0.0
18674,110.0,30.0,0.0
18675,50.0,368.0,0.0
18676,27.0,425.0,0.0
18677,101.0,542.0,0.0
18678,136.0,33.0,0.0
18679,180.0,161.0,0.0
18680,197.0,271.0,0.0
18681,111.0,46.0,0.0
18682,15.0,596.0,0.0
18683,94.0,15.0,0.0
18684,209.0,405.0,0.0
18685,107.0,410.0,0.0
18686,206.0,75.0,0.0
18687,3.0,217.0,0.0
18688,261.0,354.0,0.0
18689,164.0,421.0,0.0
18690,154.0,31.0,0.0
18691,266.0,98.0,0.0
18692,111.0,37.0,0.0
18693,22.0,413.0,0.0
18694,122.0,183.0,0.0
18695,60.0,468.0,0.0
18696,110.0,538.0,0.0
18697,246.0,18.0,0.0
18698,244.0,380.0,0.0
18699,0.0,54.0,0.0
18700,1.0,572.0,0.0
18701,59.0,35.0,0.0
18702,127.0,228.0,0.0
18703,242.0,289.0,0.0
18704,234.0,108.0,0.0
18705,51.0,470.0,0.0
18706,1.0,457.0,0.0
18707,144.0,299.0,0.0
18708,261.0,214.0,0.0
18709,161.0,258.0,0.0
18710,246.0,142.0,0.0
18711,173.0,316.0,0.0
18712,119.0,397.0,0.0
18713,52.0,240.0,0.0
18714,18.0,70.0,0.0
18715,151.0,340.0,0.0
18716,245.0,129.0,0.0
18717,12.0,370.0,0.0
18718,110.0,378.0,0.0
18719,178.0,93.0,0.0
18720,197.0,428.0,0.0
18721,246.0,42.0,0.0
18722,7.0,454.0,0.0
18723,247.0,493.0,0.0
18724,32.0,281.0,0.0
18725,204.0,7.0,0.0
18726,17.0,14.0,0.0
18727,22.0,572.0,0.0
18728,32.0,377.0,0.0
18729,167.0,386.0,0.0
18730,190.0,26.0,0.0
18731,124.0,444.0,0.0
18732,205.0,504.0,0.0
18733,189.0,220.0,0.0
18734,43.0,443.0,0.0
18735,51.0,582.0,0.0
18736,181.0,411.0,0.0
18737,218.0,344.0,0.0
18738,106.0,545.0,0.0
18739,118.0,453.0,0.0
18740,62.0,91.0,0.0
18741,228.0,110.0,0.0
18742,177.0,526.0,0.0
18743,106.0,200.0,0.0
18744,100.0,435.0,0.0
18745,22.0,414.0,0.0
18746,208.0,227.0,0.0
18747,203.0,214.0,0.0
18748,181.0,106.0,0.0
18749,96.0,23.0,0.0
18750,113.0,16.0,0.0
18751,100.0,462.0,0.0
18752,257.0,7.0,0.0
18753,107.0,343.0,0.0
18754,126.0,106.0,0.0
18755,153.0,151.0,0.0
18756,246.0,292.0,0.0
18757,91.0,482.0,0.0
18758,128.0,545.0,0.0
18759,203.0,596.0,0.0
18760,240.0,151.0,0.0
18761,48.0,358.0,0.0
18762,10.0,533.0,0.0
18763,62.0,404.0,0.0
18764,255.0,129.0,0.0
18765,9.0,49.0,0.0
18766,159.0,186.0,0.0
18767,63.0,550.0,0.0
18768,84.0,116.0,0.0
18769,149.0,193.0,0.0
18770,97.0,68.0,0.0
18771,163.0,590.0,0.0
18772,10.0,572.0,0.0
18773,142.0,261.0,0.0
18774,202.0,263.0,0.0
18775,255.0,354.0,0.0
18776,143.0,315.0,0.0
18777,62.0,412.0,0.0
18778,72.0,321.0,0.0
18779,145.0,68.0,0.0
18780,207.0,105.0,0.0
18781,10.0,528.0,0.0
18782,12.0,143.0,0.0
18783,71.0,51.0,0.0
18784,183.0,224.0,0.0
18785,75.0,492.0,0.0
18786,73.0,522.0,0.0
18787,86.0,229.0,0.0
18788,72.0,293.0,0.0
18789,111.0,410.0,0.0
18790,118.0,461.0,0.0
18791,70.0,465.0,0.0
18792,42.0,563.0,0.0
18793,135.0,449.0,0.0
18794,237.0,421.0,0.0
18795,208.0,26.0,0.0
18796,155.0,134.0,0.0
18797,173.0,397.0,0.0
18798,195.0,479.0,0.0
18799,43.0,224.0,0.0
18800,247.0,291.0,0.0
18801,37.0,29.0,0.0
18802,258.0,25.0,0.0
18803,255.0,165.0,0.0
18804,160.0,17.0,0.0
18805,197.0,571.0,0.0
18806,203.0,237.0,0.0
18807,139.0,431.0,0.0
18808,117.0,595.0,0.0
18809,243.0,281.0,0.0
18810,222.0,427.0,0.0
18811,241.0,480.0,0.0
18812,21.0,287.0,0.0
18813,231.0,396.0,0.0
18814,114.0,305.0,0.0
18815,245.0,394.0,0.0
18816,40.0,354.0,0.0
18817,108.0,568.0,0.0
18818,168.0,575.0,0.0
18819,43.0,545.0,0.0
18820,127.0,229.0,0.0
18821,142.0,560.0,0.0
18822,15.0,418.0,0.0
18823,10.0,17.0,0.0
18824,151.0,284.0,0.0
18825,120.0,98.0,0.0
18826,99.0,4.0,0.0
18827,153.0,364.0,0.0
18828,228.0,256.0,0.0
18829,222.0,279.0,0.0
18830,18.0,393.0,0.0
18831,48.0,263.0,0.0
18832,206.0,304.0,0.0
18833,84.0,501.0,0.0
18834,246.0,266.0,0.0
18835,252.0,572.0,0.0
18836,240.0,387.0,0.0
18837,29.0,589.0,0.0
18838,266.0,83.0,0.0
18839,125.0,117.0,0.0
18840,169.0,455.0,0.0
18841,217.0,264.0,0.0
18842,192.0,168.0,0.0
18843,8.0,319.0,0.0
18844,68.0,492.0,0.0
18845,110.0,136.0,0.0
18846,99.0,282.0,0.0
18847,214.0,470.0,0.0
18848,241.0,338.0,0.0
18849,139.0,353.0,0.0
18850,121.0,421.0,0.0
18851,217.0,517.0,0.0
18852,15.0,575.0,0.0
18853,35.0,400.0,0.0
18854,49.0,528.0,0.0
18855,149.0,188.0,0.0
18856,230.0,439.0,0.0
18857,47.0,225.0,0.0
18858,238.0,440.0,0.0
18859,205.0,205.0,0.0
18860,262.0,315.0,0.0
18861,12.0,309.0,0.0
18862,120.0,496.0,0.0
18863,58.0,571.0,0.0
18864,121.0,462.0,0.0
18865,256.0,569.0,0.0
18866,7.0,276.0,0.0
18867,177.0,275.0,0.0
18868,213.0,376.0,0.0
18869,8.0,124.0,0.0
18870,258.0,234.0,0.0
18871,78.0,351.0,0.0
18872,73.0,167.0,0.0
18873,49.0,473.0,0.0
18874,212.0,372.0,0.0
18875,157.0,156.0,0.0
18876,108.0,334.0,0.0
18877,222.0,9.0,0.0
18878,115.0,15.0,0.0
18879,191.0,334.0,0.0
18880,220.0,547.0,0.0
18881,183.0,505.0,0.0
18882,188.0,571.0,0.0
18883,196.0,134.0,0.0
18884,247.0,62.0,0.0
18885,216.0,384.0,0.0
18886,167.0,422.0,0.0
18887,25.0,490.0,0.0
18888,227.0,11.0,0.0
18889,23.0,532.0,0.0
18890,71.0,124.0,0.0
18891,72.0,196.0,0.0
18892,173.0,548.0,0.0
18893,180.0,510.0,0.0
18894,266.0,331.0,0.0
18895,25.0,425.0,0.0
18896,243.0,511.0,0.0
18897,253.0,158.0,0.0
18898,183.0,381.0,0.0
18899,237.0,496.0,0.0
18900,7.0,237.0,0.0
18901,148.0,515.0,0.0
18902,74.0,373.0,0.0
18903,125.0,184.0,0.0
18904,235.0,596.0,0.0
18905,250.0,321.0,0.0
18906,23.0,44.0,0.0
18907,63.0,377.0,0.0
18908,21.0,234.0,0.0
18909,249.0,458.0,0.0
18910,238.0,174.0,0.0
18911,162.0,23.0,0.0
18912,156.0,161.0,0.0
18913,45.0,105.0,0.0
18914,182.0,250.0,0.0
18915,148.0,476.0,0.0
18916,142.0,557.0,0.0
18917,62.0,4.0,0.0
18918,23.0,443.0,0.0
18919,2.0,424.0,0.0
18920,242.0,268.0,0.0
18921,32.0,21.0,0.0
18922,244.0,2.0,0.0
18923,28.0,69.0,0.0
18924,22.0,483.0,0.0
18925,112.0,328.0,0.0
18926,130.0,541.0,0.0
18927,84.0,279.0,0.0
18928,78.0,144.0,0.0
18929,244.0,306.0,0.0
18930,87.0,314.0,0.0
18931,130.0,486.0,0.0
18932,232.0,205.0,0.0
18933,103.0,365.0,0.0
18934,138.0,140.0,0.0
18935,21.0,576.0,0.0
18936,111.0,125.0,0.0
18937,118.0,569.0,0.0
18938,149.0,419.0,0.0
18939,124.0,184.0,0.0
18940,116.0,159.0,0.0
18941,59.0,149.0,0.0
18942,202.0,476.0,0.0
18943,88.0,501.0,0.0
18944,161.0,444.0,0.0
18945,255.0,512.0,0.0
18946,208.0,528.0,0.0
18947,266.0,243.0,0.0
18948,90.0,68.0,0.0
18949,232.0,231.0,0.0
18950,179.0,164.0,0.0
18951,29.0,430.0,0.0
18952,32.0,168.0,0.0
18953,230.0,180.0,0.0
18954,148.0,492.0,0.0
18955,125.0,344.0,0.0
18956,94.0,491.0,0.0
18957,198.0,246.0,0.0
18958,236.0,202.0,0.0
18959,23.0,511.0,0.0
18960,60.0,322.0,0.0
18961,249.0,238.0,0.0
18962,21.0,296.0,0.0
18963,34.0,64.0,0.0
18964,143.0,557.0,0.0
18965,107.0,340.0,0.0
18966,134.0,290.0,0.0
18967,46.0,327.0,0.0
18968,169.0,16.0,0.0
18969,168.0,223.0,0.0
18970,2.0,535.0,0.0
18971,174.0,175.0,0.0
18972,184.0,567.0,0.0
18973,167.0,25.0,0.0
18974,112.0,503.0,0.0
18975,207.0,367.0,0.0
18976,250.0,527.0,0.0
18977,134.0,211.0,0.0
18978,208.0,57.0,0.0
18979,260.0,462.0,0.0
18980,153.0,359.0,0.0
18981,170.0,320.0,0.0
18982,124.0,508.0,0.0
18983,90.0,23.0,0.0
18984,19.0,418.0,0.0
18985,199.0,221.0,0.0
18986,30.0,327.0,0.0
18987,50.0,140.0,0.0
18988,12.0,328.0,0.0
18989,0.0,195.0,0.0
18990,41.0,226.0,0.0
18991,206.0,324.0,0.0
18992,222.0,594.0,0.0
18993,165.0,26.0,0.0
18994,244.0,244.0,0.0
18995,72.0,264.0,0.0
18996,2.0,525.0,0.0
18997,127.0,471.0,0.0
18998,27.0,7.0,0.0
18999,55.0,161.0,0.0
19000,168.0,402.0,0.0
19001,82.0,90.0,0.0
19002,76.0,539.0,0.0
19003,169.0,54.0,0.0
19004,125.0,19.0,0.0
19005,89.0,591.0,0.0
19006,243.0,273.0,0.0
19007,2.0,81.0,0.0
19008,236.0,540.0,0.0
19009,14.0,557.0,0.0
19010,151.0,83.0,0.0
19011,53.0,408.0,0.0
19012,25.0,273.0,0.0
19013,39.0,302.0,0.0
19014,162.0,6.0,0.0
19015,242.0,550.0,0.0
19016,55.0,275.0,0.0
19017,186.0,45.0,0.0
19018,258.0,161.0,0.0
19019,32.0,463.0,0.0
19020,143.0,202.0,0.0
19021,175.0,47.0,0.0
19022,259.0,497.0,0.0
19023,159.0,395.0,0.0
19024,183.0,565.0,0.0
19025,124.0,348.0,0.0
19026,208.0,230.0,0.0
19027,259.0,421.0,0.0
19028,255.0,332.0,0.0
19029,223.0,46.0,0.0
19030,200.0,78.0,0.0
19031,182.0,355.0,0.0
19032,71.0,469.0,0.0
19033,186.0,584.0,0.0
19034,16.0,570.0,0.0
19035,144.0,519.0,0.0
19036,233.0,4.0,0.0
19037,72.0,189.0,0.0
19038,239.0,500.0,0.0
19039,180.0,394.0,0.0
19040,42.0,259.0,0.0
19041,62.0,237.0,0.0
19042,244.0,390.0,0.0
19043,248.0,110.0,0.0
19044,112.0,230.0,0.0
19045,212.0,287.0,0.0
19046,252.0,162.0,0.0
19047,56.0,48.0,0.0
19048,21.0,273.0,0.0
19049,45.0,252.0,0.0
19050,237.0,396.0,0.0
19051,119.0,332.0,0.0
19052,187.0,288.0,0.0
19053,19.0,266.0,0.0
19054,194.0,117.0,0.0
19055,210.0,542.0,0.0
19056,39.0,541.0,0.0
19057,213.0,31.0,0.0
19058,120.0,331.0,0.0
19059,41.0,112.0,0.0
19060,266.0,436.0,0.0
19061,191.0,572.0,0.0
19062,44.0,466.0,0.0
19063,242.0,142.0,0.0
19064,80.0,370.0,0.0
19065,188.0,350.0,0.0
19066,143.0,269.0,0.0
19067,230.0,463.0,0.0
19068,59.0,415.0,0.0
19069,88.0,492.0,0.0
19070,40.0,237.0,0.0
19071,172.0,395.0,0.0
19072,136.0,512.0,0.0
19073,59.0,271.0,0.0
19074,69.0,137.0,0.0
19075,71.0,535.0,0.0
19076,168.0,481.0,0.0
19077,247.0,450.0,0.0
19078,3.0,470.0,0.0
19079,206.0,347.0,0.0
19080,20.0,23.0,0.0
19081,5.0,355.0,0.0
19082,29.0,551.0,0.0
19083,41.0,72.0,0.0
19084,255.0,424.0,0.0
19085,238.0,163.0,0.0
19086,99.0,382.0,0.0
19087,119.0,545.0,0.0
19088,29.0,406.0,0.0
19089,201.0,358.0,0.0
19090,256.0,266.0,0.0
19091,267.0,294.0,0.0
19092,112.0,194.0,0.0
19093,135.0,130.0,0.0
19094,17.0,63.0,0.0
19095,70.0,559.0,0.0
19096,18.0,359.0,0.0
19097,212.0,359.0,0.0
19098,257.0,28.0,0.0
19099,195.0,198.0,0.0
19100,0.0,115.0,0.0
19101,116.0,183.0,0.0
19102,48.0,56.0,0.0
19103,164.0,115.0,0.0
19104,213.0,381.0,0.0
19105,33.0,420.0,0.0
19106,146.0,470.0,0.0
19107,238.0,12.0,0.0
19108,228.0,144.0,0.0
19109,33.0,137.0,0.0
19110,160.0,251.0,0.0
19111,141.0,429.0,0.0
19112,81.0,34.0,0.0
19113,61.0,148.0,0.0
19114,64.0,142.0,0.0
19115,37.0,288.0,0.0
19116,30.0,363.0,0.0
19117,62.0,513.0,0.0
19118,145.0,542.0,0.0
19119,84.0,486.0,0.0
19120,148.0,107.0,0.0
19121,221.0,163.0,0.0
19122,180.0,311.0,0.0
19123,201.0,45.0,0.0
19124,265.0,416.0,0.0
19125,196.0,156.0,0.0
19126,182.0,209.0,0.0
19127,212.0,190.0,0.0
19128,144.0,341.0,0.0
19129,125.0,441.0,0.0
19130,88.0,42.0,0.0
19131,186.0,417.0,0.0
19132,22.0,187.0,0.0
19133,122.0,16.0,0.0
19134,13.0,139.0,0.0
19135,137.0,580.0,0.0
19136,132.0,151.0,0.0
19137,236.0,583.0,0.0
19138,3.0,493.0,0.0
19139,174.0,554.0,0.0
19140,209.0,590.0,0.0
19141,165.0,186.0,0.0
19142,148.0,298.0,0.0
19143,52.0,426.0,0.0
19144,4.0,566.0,0.0
19145,24.0,553.0,0.0
19146,150.0,528.0,0.0
19147,21.0,577.0,0.0
19148,101.0,528.0,0.0
19149,130.0,571.0,0.0
19150,220.0,574.0,0.0
19151,99.0,444.0,0.0
19152,196.0,389.0,0.0
19153,12.0,235.0,0.0
19154,251.0,25.0,0.0
19155,60.0,8.0,0.0
19156,70.0,227.0,0.0
19157,176.0,278.0,0.0
19158,95.0,406.0,0.0
19159,174.0,518.0,0.0
19160,180.0,429.0,0.0
19161,80.0,158.0,0.0
19162,47.0,119.0,0.0
19163,182.0,402.0,0.0
19164,194.0,252.0,0.0
19165,137.0,456.0,0.0
19166,126.0,19.0,0.0
19167,5.0,390.0,0.0
19168,29.0,66.0,0.0
19169,241.0,60.0,0.0
19170,245.0,575.0,0.0
19171,233.0,342.0,0.0
19172,150.0,527.0,0.0
19173,43.0,376.0,0.0
19174,9.0,402.0,0.0
19175,6.0,289.0,0.0
19176,123.0,544.0,0.0
19177,27.0,407.0,0.0
19178,226.0,57.0,0.0
19179,110.0,461.0,0.0
19180,89.0,508.0,0.0
19181,39.0,339.0,0.0
19182,210.0,381.0,0.0
19183,200.0,309.0,0.0
19184,3.0,491.0,0.0
19185,111.0,328.0,0.0
19186,114.0,159.0,0.0
19187,196.0,130.0,0.0
19188,215.0,440.0,0.0
19189,46.0,414.0,0.0
19190,30.0,484.0,0.0
19191,196.0,200.0,0.0
19192,263.0,30.0,0.0
19193,164.0,259.0,0.0
19194,67.0,487.0,0.0
19195,140.0,239.0,0.0
19196,20.0,258.0,0.0
19197,186.0,134.0,0.0
19198,37.0,5.0,0.0
19199,221.0,576.0,0.0
19200,122.0,134.0,0.0
19201,222.0,482.0,0.0
19202,94.0,80.0,0.0
19203,178.0,278.0,0.0
19204,13.0,171.0,0.0
19205,60.0,432.0,0.0
19206,219.0,24.0,0.0
19207,76.0,81.0,0.0
19208,109.0,530.0,0.0
19209,34.0,399.0,0.0
19210,236.0,313.0,0.0
19211,0.0,130.0,0.0
19212,27.0,158.0,0.0
19213,116.0,582.0,0.0
19214,124.0,200.0,0.0
19215,1.0,467.0,0.0
19216,230.0,472.0,0.0
19217,127.0,212.0,0.0
19218,130.0,363.0,0.0
19219,161.0,312.0,0.0
19220,231.0,70.0,0.0
19221,201.0,363.0,0.0
19222,38.0,550.0,0.0
19223,15.0,206.0,0.0
19224,188.0,261.0,0.0
19225,217.0,182.0,0.0
19226,246.0,370.0,0.0
19227,52.0,364.0,0.0
19228,31.0,258.0,0.0
19229,166.0,534.0,0.0
19230,180.0,505.0,0.0
19231,209.0,16.0,0.0
19232,159.0,442.0,0.0
19233,101.0,154.0,0.0
19234,179.0,26.0,0.0
19235,155.0,9.0,0.0
19236,256.0,292.0,0.0
19237,70.0,132.0,0.0
19238,179.0,41.0,0.0
19239,254.0,7.0,0.0
19240,41.0,470.0,0.0
19241,236.0,479.0,0.0
19242,168.0,355.0,0.0
19243,156.0,342.0,0.0
19244,218.0,459.0,0.0
19245,102.0,549.0,0.0
19246,214.0,418.0,0.0
19247,92.0,408.0,0.0
19248,129.0,546.0,0.0
19249,168.0,301.0,0.0
19250,104.0,564.0,0.0
19251,171.0,62.0,0.0
19252,10.0,491.0,0.0
19253,12.0,26.0,0.0
19254,126.0,582.0,0.0
19255,26.0,184.0,0.0
19256,261.0,596.0,0.0
19257,50.0,596.0,0.0
19258,143.0,337.0,0.0
19259,14.0,544.0,0.0
19260,36.0,351.0,0.0
19261,72.0,285.0,0.0
19262,230.0,278.0,0.0
19263,213.0,212.0,0.0
19264,47.0,357.0,0.0
19265,267.0,312.0,0.0
19266,143.0,409.0,0.0
19267,204.0,218.0,0.0
19268,229.0,369.0,0.0
19269,148.0,349.0,0.0
19270,186.0,273.0,0.0
19271,163.0,314.0,0.0
19272,134.0,543.0,0.0
19273,149.0,286.0,0.0
19274,167.0,301.0,0.0
19275,32.0,474.0,0.0
19276,170.0,518.0,0.0
19277,137.0,375.0,0.0
19278,164.0,491.0,0.0
19279,43.0,524.0,0.0
19280,250.0,402.0,0.0
19281,189.0,445.0,0.0
19282,264.0,491.0,0.0
19283,22.0,456.0,0.0
19284,165.0,335.0,0.0
19285,70.0,381.0,0.0
19286,226.0,480.0,0.0
19287,141.0,359.0,0.0
19288,250.0,123.0,0.0
19289,41.0,69.0,0.0
19290,180.0,559.0,0.0
19291,69.0,41.0,0.0
19292,24.0,73.0,0.0
19293,116.0,297.0,0.0
19294,242.0,435.0,0.0
19295,87.0,87.0,0.0
19296,131.0,502.0,0.0
19297,127.0,574.0,0.0
19298,243.0,367.0,0.0
19299,104.0,520.0,0.0
19300,264.0,542.0,0.0
19301,45.0,264.0,0.0
19302,87.0,139.0,0.0
19303,217.0,377.0,0.0
19304,101.0,252.0,0.0
19305,135.0,477.0,0.0
19306,6.0,155.0,0.0
19307,218.0,268.0,0.0
19308,137.0,174.0,0.0
19309,85.0,205.0,0.0
19310,81.0,80.0,0.0
19311,170.0,589.0,0.0
19312,236.0,433.0,0.0
19313,138.0,526.0,0.0
19314,119.0,27.0,0.0
19315,29.0,326.0,0.0
19316,26.0,309.0,0.0
19317,237.0,350.0,0.0
19318,245.0,208.0,0.0
19319,200.0,562.0,0.0
19320,68.0,294.0,0.0
19321,68.0,517.0,0.0
19322,223.0,264.0,0.0
19323,54.0,403.0,0.0
19324,44.0,67.0,0.0
19325,110.0,300.0,0.0
19326,194.0,221.0,0.0
19327,73.0,150.0,0.0
19328,181.0,322.0,0.0
19329,268.0,205.0,0.0
19330,204.0,145.0,0.0
19331,110.0,423.0,0.0
19332,142.0,384.0,0.0
19333,205.0,195.0,0.0
19334,153.0,552.0,0.0
19335,236.0,106.0,0.0
19336,19.0,336.0,0.0
19337,45.0,541.0,0.0
19338,178.0,554.0,0.0
19339,165.0,441.0,0.0
19340,159.0,443.0,0.0
19341,223.0,540.0,0.0
19342,160.0,205.0,0.0
19343,139.0,387.0,0.0
19344,218.0,154.0,0.0
19345,264.0,248.0,0.0
19346,150.0,200.0,0.0
19347,6.0,350.0,0.0
19348,78.0,87.0,0.0
19349,226.0,130.0,0.0
19350,103.0,203.0,0.0
19351,147.0,347.0,0.0
19352,128.0,478.0,0.0
19353,219.0,275.0,0.0
19354,207.0,568.0,0.0
19355,129.0,13.0,0.0
19356,169.0,578.0,0.0
19357,95.0,433.0,0.0
19358,75.0,293.0,0.0
19359,111.0,340.0,0.0
19360,249.0,116.0,0.0
19361,172.0,394.0,0.0
19362,250.0,54.0,0.0
19363,3.0,440.0,0.0
19364,135.0,554.0,0.0
19365,29.0,393.0,0.0
19366,134.0,402.0,0.0
19367,32.0,275.0,0.0
19368,17.0,25.0,0.0
19369,121.0,423.0,0.0
19370,50.0,39.0,0.0
19371,264.0,531.0,0.0
19372,123.0,213.0,0.0
19373,238.0,22.0,0.0
19374,214.0,379.0,0.0
19375,38.0,293.0,0.0
19376,33.0,495.0,0.0
19377,128.0,581.0,0.0
19378,253.0,39.0,0.0
19379,159.0,73.0,0.0
19380,134.0,197.0,0.0
19381,65.0,540.0,0.0
19382,106.0,468.0,0.0
19383,29.0,333.0,0.0
19384,28.0,566.0,0.0
19385,72.0,390.0,0.0
19386,162.0,319.0,0.0
19387,86.0,182.0,0.0
19388,39.0,462.0,0.0
19389,127.0,454.0,0.0
19390,15.0,442.0,0.0
19391,119.0,501.0,0.0
19392,26.0,580.0,0.0
19393,144.0,373.0,0.0
19394,136.0,565.0,0.0
19395,21.0,190.0,0.0
19396,29.0,15.0,0.0
19397,152.0,485.0,0.0
19398,109.0,433.0,0.0
19399,257.0,464.0,0.0
19400,248.0,224.0,0.0
19401,244.0,449.0,0.0
19402,115.0,391.0,0.0
19403,212.0,364.0,0.0
19404,129.0,589.0,0.0
19405,200.0,389.0,0.0
19406,246.0,143.0,0.0
19407,247.0,35.0,0.0
19408,11.0,48.0,0.0
19409,92.0,275.0,0.0
19410,24.0,63.0,0.0
19411,97.0,158.0,0.0
19412,214.0,348.0,0.0
19413,28.0,556.0,0.0
19414,247.0,475.0,0.0
19415,112.0,413.0,0.0
19416,158.0,309.0,0.0
19417,112.0,166.0,0.0
19418,37.0,408.0,0.0
19419,164.0,553.0,0.0
19420,152.0,166.0,0.0
19421,63.0,171.0,0.0
19422,19.0,403.0,0.0
19423,62.0,533.0,0.0
19424,228.0,268.0,0.0
19425,1.0,433.0,0.0
19426,202.0,426.0,0.0
19427,106.0,106.0,0.0
19428,9.0,490.0,0.0
19429,4.0,535.0,0.0
19430,231.0,578.0,0.0
19431,217.0,558.0,0.0
19432,35.0,323.0,0.0
19433,252.0,519.0,0.0
19434,263.0,418.0,0.0
19435,266.0,530.0,0.0
19436,10.0,144.0,0.0
19437,15.0,364.0,0.0
19438,128.0,99.0,0.0
19439,112.0,248.0,0.0
19440,142.0,193.0,0.0
19441,88.0,349.0,0.0
19442,208.0,232.0,0.0
19443,42.0,127.0,0.0
19444,81.0,513.0,0.0
19445,101.0,104.0,0.0
19446,255.0,115.0,0.0
19447,196.0,26.0,0.0
19448,217.0,572.0,0.0
19449,29.0,41.0,0.0
19450,192.0,476.0,0.0
19451,205.0,207.0,0.0
19452,195.0,366.0,0.0
19453,178.0,53.0,0.0
19454,79.0,144.0,0.0
19455,38.0,63.0,0.0
19456,196.0,109.0,0.0
19457,127.0,113.0,0.0
19458,19.0,270.0,0.0
19459,95.0,200.0,0.0
19460,200.0,260.0,0.0
19461,114.0,469.0,0.0
19462,264.0,545.0,0.0
19463,222.0,317.0,0.0
19464,72.0,553.0,0.0
19465,207.0,482.0,0.0
19466,42.0,8.0,0.0
19467,243.0,34.0,0.0
19468,99.0,268.0,0.0
19469,94.0,553.0,0.0
19470,221.0,341.0,0.0
19471,26.0,534.0,0.0
19472,46.0,492.0,0.0
19473,128.0,564.0,0.0
19474,76.0,451.0,0.0
19475,159.0,272.0,0.0
19476,68.0,370.0,0.0
19477,94.0,134.0,0.0
19478,73.0,280.0,0.0
19479,71.0,239.0,0.0
19480,25.0,431.0,0.0
19481,135.0,144.0,0.0
19482,1.0,320.0,0.0
19483,268.0,576.0,0.0
19484,50.0,232.0,0.0
19485,251.0,49.0,0.0
19486,199.0,388.0,0.0
19487,246.0,237.0,0.0
19488,191.0,437.0,0.0
19489,135.0,303.0,0.0
19490,182.0,161.0,0.0
19491,144.0,509.0,0.0
19492,58.0,154.0,0.0
19493,254.0,252.0,0.0
19494,149.0,149.0,0.0
19495,49.0,169.0,0.0
19496,15.0,510.0,0.0
19497,194.0,435.0,0.0
19498,116.0,249.0,0.0
19499,110.0,124.0,0.0
19500,153.0,514.0,0.0
19501,9.0,168.0,0.0
19502,125.0,86.0,0.0
19503,188.0,81.0,0.0
19504,45.0,221.0,0.0
19505,177.0,553.0,0.0
19506,213.0,569.0,0.0
19507,264.0,209.0,0.0
19508,101.0,570.0,0.0
19509,85.0,329.0,0.0
19510,214.0,161.0,0.0
19511,146.0,446.0,0.0
19512,28.0,13.0,0.0
19513,62.0,68.0,0.0
19514,57.0,405.0,0.0
19515,221.0,11.0,0.0
19516,252.0,435.0,0.0
19517,178.0,316.0,0.0
19518,69.0,131.0,0.0
19519,102.0,469.0,0.0
19520,248.0,82.0,0.0
19521,161.0,84.0,0.0
19522,95.0,280.0,0.0
19523,133.0,332.0,0.0
19524,198.0,366.0,0.0
19525,10.0,494.0,0.0
19526,167.0,549.0,0.0
19527,78.0,367.0,0.0
19528,167.0,212.0,0.0
19529,177.0,470.0,0.0
19530,266.0,527.0,0.0
19531,137.0,267.0,0.0
19532,243.0,391.0,0.0
19533,150.0,96.0,0.0
19534,239.0,287.0,0.0
19535,208.0,550.0,0.0
19536,89.0,263.0,0.0
19537,39.0,128.0,0.0
19538,1.0,112.0,0.0
19539,241.0,36.0,0.0
19540,236.0,333.0,0.0
19541,167.0,522.0,0.0
19542,10.0,559.0,0.0
19543,169.0,187.0,0.0
19544,30.0,282.0,0.0
19545,225.0,140.0,0.0
19546,212.0,306.0,0.0
19547,72.0,322.0,0.0
19548,231.0,157.0,0.0
19549,99.0,292.0,0.0
19550,188.0,427.0,0.0
19551,15.0,292.0,0.0
19552,240.0,220.0,0.0
19553,54.0,142.0,0.0
19554,163.0,241.0,0.0
19555,46.0,403.0,0.0
19556,68.0,336.0,0.0
19557,21.0,64.0,0.0
19558,85.0,530.0,0.0
19559,221.0,332.0,0.0
19560,227.0,49.0,0.0
19561,92.0,81.0,0.0
19562,139.0,84.0,0.0
19563,28.0,483.0,0.0
19564,48.0,408.0,0.0
19565,139.0,530.0,0.0
19566,226.0,546.0,0.0
19567,111.0,380.0,0.0
19568,222.0,443.0,0.0
19569,48.0,18.0,0.0
19570,189.0,393.0,0.0
19571,134.0,102.0,0.0
19572,210.0,55.0,0.0
19573,202.0,338.0,0.0
19574,245.0,317.0,0.0
19575,118.0,379.0,0.0
19576,167.0,431.0,0.0
19577,71.0,363.0,0.0
19578,267.0,423.0,0.0
19579,65.0,154.0,0.0
19580,25.0,577.0,0.0
19581,99.0,468.0,0.0
19582,35.0,109.0,0.0
19583,121.0,570.0,0.0
19584,27.0,470.0,0.0
19585,72.0,419.0,0.0
19586,130.0,64.0,0.0
19587,188.0,326.0,0.0
19588,168.0,21.0,0.0
19589,185.0,502.0,0.0
19590,183.0,124.0,0.0
19591,125.0,400.0,0.0
19592,90.0,15.0,0.0
19593,24.0,191.0,0.0
19594,65.0,453.0,0.0
19595,80.0,25.0,0.0
19596,2.0,399.0,0.0
19597,95.0,205.0,0.0
19598,156.0,483.0,0.0
19599,26.0,253.0,0.0
19600,267.0,248.0,0.0
19601,263.0,85.0,0.0
19602,158.0,317.0,0.0
19603,233.0,526.0,0.0
19604,98.0,160.0,0.0
19605,3.0,276.0,0.0
19606,231.0,413.0,0.0
19607,64.0,34.0,0.0
19608,217.0,437.0,0.0
19609,22.0,509.0,0.0
19610,264.0,115.0,0.0
19611,210.0,331.0,0.0
19612,151.0,517.0,0.0
19613,236.0,81.0,0.0
19614,114.0,178.0,0.0
19615,159.0,235.0,0.0
19616,259.0,113.0,0.0
19617,268.0,411.0,0.0
19618,259.0,342.0,0.0
19619,147.0,458.0,0.0
19620,5.0,222.0,0.0
19621,114.0,139.0,0.0
19622,172.0,288.0,0.0
19623,85.0,539.0,0.0
19624,33.0,368.0,0.0
19625,142.0,152.0,0.0
19626,266.0,382.0,0.0
19627,82.0,241.0,0.0
19628,53.0,550.0,0.0
19629,243.0,31.0,0.0
19630,180.0,185.0,0.0
19631,128.0,314.0,0.0
19632,247.0,374.0,0.0
19633,143.0,547.0,0.0
19634,223.0,375.0,0.0
19635,85.0,350.0,0.0
19636,242.0,93.0,0.0
19637,32.0,354.0,0.0
19638,215.0,519.0,0.0
19639,66.0,66.0,0.0
19640,213.0,517.0,0.0
19641,154.0,21.0,0.0
19642,176.0,521.0,0.0
19643,184.0,151.0,0.0
19644,209.0,501.0,0.0
19645,254.0,296.0,0.0
19646,158.0,296.0,0.0
19647,25.0,478.0,0.0
19648,237.0,449.0,0.0
19649,0.0,578.0,0.0
19650,77.0,172.0,0.0
19651,54.0,202.0,0.0
19652,221.0,352.0,0.0
19653,125.0,24.0,0.0
19654,175.0,415.0,0.0
19655,105.0,467.0,0.0
19656,79.0,320.0,0.0
19657,169.0,115.0,0.0
19658,85.0,392.0,0.0
19659,114.0,592.0,0.0
19660,208.0,174.0,0.0
19661,112.0,271.0,0.0
19662,233.0,555.0,0.0
19663,241.0,523.0,0.0
19664,77.0,37.0,0.0
19665,245.0,235.0,0.0
19666,14.0,438.0,0.0
19667,151.0,338.0,0.0
19668,131.0,102.0,0.0
19669,121.0,554.0,0.0
19670,167.0,484.0,0.0
19671,249.0,382.0,0.0
19672,124.0,21.0,0.0
19673,195.0,568.0,0.0
19674,123.0,492.0,0.0
19675,203.0,230.0,0.0
19676,223.0,553.0,0.0
19677,9.0,208.0,0.0
19678,12.0,33.0,0.0
19679,147.0,137.0,0.0
19680,185.0,241.0,0.0
19681,154.0,421.0,0.0
19682,102.0,331.0,0.0
19683,22.0,212.0,0.0
19684,59.0,441.0,0.0
19685,78.0,455.0,0.0
19686,96.0,592.0,0.0
19687,249.0,72.0,0.0
19688,17.0,128.0,0.0
19689,144.0,334.0,0.0
19690,30.0,161.0,0.0
19691,25.0,25.0,0.0
19692,238.0,300.0,0.0
19693,225.0,146.0,0.0
19694,51.0,65.0,0.0
19695,16.0,295.0,0.0
19696,120.0,504.0,0.0
19697,56.0,462.0,0.0
19698,177.0,65.0,0.0
19699,250.0,367.0,0.0
19700,220.0,493.0,0.0
19701,182.0,206.0,0.0
19702,257.0,583.0,0.0
19703,265.0,279.0,0.0
19704,227.0,545.0,0.0
19705,57.0,345.0,0.0
19706,45.0,184.0,0.0
19707,191.0,576.0,0.0
19708,4.0,462.0,0.0
19709,215.0,212.0,0.0
19710,193.0,407.0,0.0
19711,143.0,490.0,0.0
19712,176.0,338.0,0.0
19713,177.0,521.0,0.0
19714,57.0,563.0,0.0
19715,224.0,31.0,0.0
19716,169.0,587.0,0.0
19717,162.0,369.0,0.0
19718,217.0,73.0,0.0
19719,235.0,488.0,0.0
19720,5.0,465.0,0.0
19721,90.0,564.0,0.0
19722,260.0,13.0,0.0
19723,247.0,38.0,0.0
19724,148.0,172.0,0.0
19725,72.0,485.0,0.0
19726,49.0,191.0,0.0
19727,139.0,557.0,0.0
19728,116.0,397.0,0.0
19729,90.0,106.0,0.0
19730,145.0,552.0,0.0
19731,148.0,413.0,0.0
19732,43.0,498.0,0.0
19733,65.0,131.0,0.0
19734,4.0,441.0,0.0
19735,77.0,299.0,0.0
19736,157.0,472.0,0.0
19737,172.0,341.0,0.0
19738,189.0,484.0,0.0
19739,109.0,560.0,0.0
19740,44.0,352.0,0.0
19741,201.0,248.0,0.0
19742,132.0,78.0,0.0
19743,74.0,458.0,0.0
19744,265.0,488.0,0.0
19745,35.0,132.0,0.0
19746,219.0,230.0,0.0
19747,30.0,58.0,0.0
19748,77.0,91.0,0.0
19749,218.0,534.0,0.0
19750,248.0,537.0,0.0
19751,4.0,261.0,0.0
19752,268.0,213.0,0.0
19753,230.0,545.0,0.0
19754,160.0,127.0,0.0
19755,159.0,68.0,0.0
19756,218.0,510.0,0.0
19757,89.0,579.0,0.0
19758,199.0,460.0,0.0
19759,169.0,595.0,0.0
19760,141.0,467.0,0.0
19761,245.0,431.0,0.0
19762,1.0,289.0,0.0
19763,154.0,223.0,0.0
19764,110.0,338.0,0.0
19765,3.0,330.0,0.0
19766,223.0,557.0,0.0
19767,52.0,578.0,0.0
19768,134.0,201.0,0.0
19769,214.0,293.0,0.0
19770,73.0,211.0,0.0
19771,160.0,571.0,0.0
19772,180.0,191.0,0.0
19773,151.0,129.0,0.0
19774,121.0,294.0,0.0
19775,203.0,183.0,0.0
19776,133.0,215.0,0.0
19777,49.0,519.0,0.0
19778,216.0,523.0,0.0
19779,263.0,163.0,0.0
19780,8.0,217.0,0.0
19781,23.0,77.0,0.0
19782,221.0,497.0,0.0
19783,134.0,322.0,0.0
19784,22.0,562.0,0.0
19785,42.0,594.0,0.0
19786,226.0,526.0,0.0
19787,153.0,191.0,0.0
19788,27.0,448.0,0.0
19789,110.0,371.0,0.0
19790,254.0,200.0,0.0
19791,134.0,198.0,0.0
19792,61.0,366.0,0.0
19793,24.0,342.0,0.0
19794,168.0,80.0,0.0
19795,22.0,496.0,0.0
19796,205.0,357.0,0.0
19797,244.0,204.0,0.0
19798,198.0,559.0,0.0
19799,13.0,430.0,0.0
19800,69.0,528.0,0.0
19801,47.0,411.0,0.0
19802,252.0,374.0,0.0
19803,133.0,465.0,0.0
19804,120.0,406.0,0.0
19805,237.0,162.0,0.0
19806,212.0,96.0,0.0
19807,46.0,136.0,0.0
19808,64.0,329.0,0.0
19809,69.0,47.0,0.0
19810,72.0,320.0,0.0
19811,240.0,96.0,0.0
19812,126.0,255.0,0.0
19813,138.0,535.0,0.0
19814,171.0,589.0,0.0
19815,212.0,119.0,0.0
19816,147.0,167.0,0.0
19817,238.0,308.0,0.0
19818,70.0,414.0,0.0
19819,230.0,357.0,0.0
19820,155.0,107.0,0.0
19821,131.0,512.0,0.0
19822,40.0,144.0,0.0
19823,138.0,190.0,0.0
19824,131.0,55.0,0.0
19825,32.0,337.0,0.0
19826,144.0,234.0,0.0
19827,155.0,390.0,0.0
19828,215.0,29.0,0.0
19829,5.0,301.0,0.0
19830,123.0,351.0,0.0
19831,38.0,462.0,0.0
19832,18.0,534.0,0.0
19833,191.0,574.0,0.0
19834,138.0,176.0,0.0
19835,45.0,548.0,0.0
19836,89.0,215.0,0.0
19837,110.0,394.0,0.0
19838,215.0,211.0,0.0
19839,246.0,57.0,0.0
19840,36.0,343.0,0.0
19841,26.0,72.0,0.0
19842,174.0,254.0,0.0
19843,164.0,142.0,0.0
19844,17.0,248.0,0.0
19845,251.0,592.0,0.0
19846,252.0,30.0,0.0
19847,115.0,429.0,0.0
19848,179.0,521.0,0.0
19849,44.0,415.0,0.0
19850,62.0,376.0,0.0
19851,94.0,456.0,0.0
19852,219.0,559.0,0.0
19853,95.0,324.0,0.0
19854,95.0,10.0,0.0
19855,63.0,106.0,0.0
19856,31.0,215.0,0.0
19857,215.0,372.0,0.0
19858,58.0,396.0,0.0
19859,16.0,298.0,0.0
19860,154.0,529.0,0.0
19861,207.0,18.0,0.0
19862,5.0,27.0,0.0
19863,146.0,351.0,0.0
19864,180.0,504.0,0.0
19865,265.0,457.0,0.0
19866,157.0,247.0,0.0
19867,31.0,77.0,0.0
19868,221.0,9.0,0.0
19869,51.0,28.0,0.0
19870,125.0,432.0,0.0
19871,201.0,80.0,0.0
19872,185.0,482.0,0.0
19873,123.0,266.0,0.0
19874,145.0,296.0,0.0
19875,166.0,258.0,0.0
19876,78.0,297.0,0.0
19877,194.0,543.0,0.0
19878,212.0,255.0,0.0
19879,12.0,284.0,0.0
19880,38.0,547.0,0.0
19881,219.0,254.0,0.0
19882,98.0,264.0,0.0
19883,85.0,384.0,0.0
19884,91.0,336.0,0.0
19885,96.0,235.0,0.0
19886,153.0,337.0,0.0
19887,76.0,98.0,0.0
19888,5.0,505.0,0.0
19889,190.0,263.0,0.0
19890,223.0,113.0,0.0
19891,93.0,210.0,0.0
19892,202.0,26.0,0.0
19893,228.0,346.0,0.0
19894,64.0,482.0,0.0
19895,103.0,338.0,0.0
19896,15.0,565.0,0.0
19897,196.0,185.0,0.0
19898,136.0,545.0,0.0
19899,189.0,588.0,0.0
19900,168.0,299.0,0.0
19901,93.0,290.0,0.0
19902,229.0,132.0,0.0
19903,195.0,464.0,0.0
19904,143.0,505.0,0.0
19905,92.0,200.0,0.0
19906,184.0,451.0,0.0
19907,192.0,429.0,0.0
19908,234.0,133.0,0.0
19909,154.0,422.0,0.0
19910,194.0,447.0,0.0
19911,58.0,202.0,0.0
19912,64.0,509.0,0.0
19913,14.0,442.0,0.0
19914,264.0,45.0,0.0
19915,159.0,69.0,0.0
19916,225.0,133.0,0.0
19917,80.0,139.0,0.0
19918,177.0,348.0,0.0
19919,170.0,551.0,0.0
19920,79.0,437.0,0.0
19921,244.0,119.0,0.0
19922,62.0,149.0,0.0
19923,51.0,157.0,0.0
19924,174.0,2.0,0.0
19925,84.0,546.0,0.0
19926,100.0,30.0,0.0
19927,183.0,387.0,0.0
19928,88.0,79.0,0.0
19929,184.0,392.0,0.0
19930,52.0,166.0,0.0
19931,8.0,392.0,0.0
19932,135.0,593.0,0.0
19933,47.0,376.0,0.0
19934,156.0,6.0,0.0
19935,175.0,524.0,0.0
19936,125.0,239.0,0.0
19937,224.0,121.0,0.0
19938,199.0,2.0,0.0
19939,44.0,579.0,0.0
19940,46.0,12.0,0.0
19941,162.0,583.0,0.0
19942,65.0,96.0,0.0
19943,115.0,252.0,0.0
19944,268.0,166.0,0.0
19945,195.0,109.0,0.0
19946,21.0,378.0,0.0
19947,141.0,376.0,0.0
19948,99.0,200.0,0.0
19949,222.0,576.0,0.0
19950,2.0,72.0,0.0
19951,111.0,300.0,0.0
19952,68.0,519.0,0.0
19953,164.0,315.0,0.0
19954,146.0,44.0,0.0
19955,256.0,71.0,0.0
19956,77.0,326.0,0.0
19957,129.0,270.0,0.0
19958,259.0,329.0,0.0
19959,15.0,313.0,0.0
19960,203.0,254.0,0.0
19961,171.0,347.0,0.0
19962,173.0,117.0,0.0
19963,1.0,500.0,0.0
19964,164.0,548.0,0.0
19965,116.0,335.0,0.0
19966,254.0,480.0,0.0
19967,13.0,526.0,0.0
19968,35.0,545.0,0.0
19969,258.0,71.0,0.0
19970,228.0,236.0,0.0
19971,125.0,182.0,0.0
19972,142.0,70.0,0.0
19973,199.0,250.0,0.0
19974,105.0,228.0,0.0
19975,142.0,357.0,0.0
19976,124.0,123.0,0.0
19977,184.0,517.0,0.0
19978,181.0,76.0,0.0
19979,92.0,132.0,0.0
19980,44.0,36.0,0.0
19981,177.0,130.0,0.0
19982,216.0,242.0,0.0
19983,237.0,329.0,0.0
19984,173.0,65.0,0.0
19985,172.0,108.0,0.0
19986,183.0,21.0,0.0
19987,102.0,14.0,0.0
19988,18.0,39.0,0.0
19989,211.0,303.0,0.0
19990,247.0,55.0,0.0
19991,145.0,560.0,0.0
19992,249.0,444.0,0.0
19993,265.0,219.0,0.0
19994,186.0,508.0,0.0
19995,64.0,584.0,0.0
19996,261.0,475.0,0.0
19997,193.0,432.0,0.0
19998,125.0,180.0,0.0
19999,113.0,161.0,0.0
20000,185.0,144.0,0.0
20001,102.0,516.0,0.0
20002,121.0,437.0,0.0
20003,99.0,584.0,0.0
20004,60.0,587.0,0.0
20005,113.0,220.0,0.0
20006,75.0,52.0,0.0
20007,34.0,263.0,0.0
20008,246.0,340.0,0.0
20009,171.0,523.0,0.0
20010,96.0,237.0,0.0
20011,113.0,188.0,0.0
20012,243.0,142.0,0.0
20013,146.0,289.0,0.0
20014,11.0,248.0,0.0
20015,172.0,455.0,0.0
20016,251.0,376.0,0.0
20017,215.0,58.0,0.0
20018,67.0,160.0,0.0
20019,150.0,472.0,0.0
20020,3.0,216.0,0.0
20021,232.0,336.0,0.0
20022,69.0,523.0,0.0
20023,109.0,14.0,0.0
20024,176.0,138.0,0.0
20025,110.0,444.0,0.0
20026,217.0,568.0,0.0
20027,172.0,242.0,0.0
20028,130.0,83.0,0.0
20029,55.0,288.0,0.0
20030,113.0,138.0,0.0
20031,166.0,463.0,0.0
20032,172.0,502.0,0.0
20033,0.0,272.0,0.0
20034,167.0,308.0,0.0
20035,181.0,309.0,0.0
20036,121.0,434.0,0.0
20037,218.0,369.0,0.0
20038,115.0,137.0,0.0
20039,13.0,388.0,0.0
20040,170.0,197.0,0.0
20041,41.0,237.0,0.0
20042,161.0,368.0,0.0
20043,125.0,361.0,0.0
20044,134.0,456.0,0.0
20045,166.0,55.0,0.0
20046,65.0,389.0,0.0
20047,111.0,414.0,0.0
20048,254.0,338.0,0.0
20049,264.0,421.0,0.0
20050,211.0,193.0,0.0
20051,250.0,501.0,0.0
20052,250.0,264.0,0.0
20053,252.0,16.0,0.0
20054,95.0,333.0,0.0
20055,55.0,490.0,0.0
20056,9.0,107.0,0.0
20057,62.0,584.0,0.0
20058,181.0,124.0,0.0
20059,246.0,533.0,0.0
20060,225.0,138.0,0.0
20061,217.0,389.0,0.0
20062,134.0,193.0,0.0
20063,186.0,56.0,0.0
20064,34.0,327.0,0.0
20065,35.0,34.0,0.0
20066,196.0,172.0,0.0
20067,121.0,44.0,0.0
20068,68.0,314.0,0.0
20069,150.0,166.0,0.0
20070,231.0,48.0,0.0
20071,249.0,590.0,0.0
20072,13.0,273.0,0.0
20073,181.0,44.0,0.0
20074,218.0,292.0,0.0
20075,64.0,79.0,0.0
20076,77.0,263.0,0.0
20077,232.0,449.0,0.0
20078,99.0,254.0,0.0
20079,79.0,593.0,0.0
20080,111.0,224.0,0.0
20081,121.0,364.0,0.0
20082,104.0,0.0,0.0
20083,190.0,565.0,0.0
20084,179.0,239.0,0.0
20085,262.0,295.0,0.0
20086,151.0,411.0,0.0
20087,204.0,142.0,0.0
20088,77.0,100.0,0.0
20089,122.0,36.0,0.0
20090,245.0,515.0,0.0
20091,216.0,136.0,0.0
20092,201.0,581.0,0.0
20093,181.0,155.0,0.0
20094,125.0,396.0,0.0
20095,85.0,518.0,0.0
20096,159.0,248.0,0.0
20097,172.0,11.0,0.0
20098,123.0,355.0,0.0
20099,8.0,533.0,0.0
20100,27.0,109.0,0.0
20101,168.0,141.0,0.0
20102,13.0,176.0,0.0
20103,18.0,207.0,0.0
20104,200.0,541.0,0.0
20105,151.0,188.0,0.0
20106,206.0,193.0,0.0
20107,51.0,42.0,0.0
20108,173.0,51.0,0.0
20109,86.0,187.0,0.0
20110,49.0,527.0,0.0
20111,20.0,173.0,0.0
20112,93.0,412.0,0.0
20113,33.0,380.0,0.0
20114,204.0,533.0,0.0
20115,33.0,521.0,0.0
20116,239.0,135.0,0.0
20117,189.0,334.0,0.0
20118,102.0,15.0,0.0
20119,235.0,145.0,0.0
20120,251.0,417.0,0.0
20121,38.0,51.0,0.0
20122,77.0,84.0,0.0
20123,194.0,424.0,0.0
20124,117.0,575.0,0.0
20125,227.0,393.0,0.0
20126,6.0,261.0,0.0
20127,258.0,316.0,0.0
20128,158.0,364.0,0.0
20129,107.0,411.0,0.0
20130,175.0,465.0,0.0
20131,266.0,316.0,0.0
20132,29.0,157.0,0.0
20133,23.0,123.0,0.0
20134,197.0,115.0,0.0
20135,25.0,535.0,0.0
20136,30.0,351.0,0.0
20137,32.0,38.0,0.0
20138,59.0,513.0,0.0
20139,21.0,79.0,0.0
20140,57.0,108.0,0.0
20141,143.0,427.0,0.0
20142,222.0,32.0,0.0
20143,266.0,582.0,0.0
20144,179.0,404.0,0.0
20145,247.0,416.0,0.0
20146,189.0,406.0,0.0
20147,194.0,548.0,0.0
20148,96.0,558.0,0.0
20149,50.0,593.0,0.0
20150,11.0,228.0,0.0
20151,103.0,395.0,0.0
20152,135.0,402.0,0.0
20153,148.0,410.0,0.0
20154,54.0,559.0,0.0
20155,40.0,340.0,0.0
20156,235.0,123.0,0.0
20157,111.0,261.0,0.0
20158,219.0,348.0,0.0
20159,159.0,286.0,0.0
20160,185.0,15.0,0.0
20161,21.0,475.0,0.0
20162,78.0,427.0,0.0
20163,210.0,224.0,0.0
20164,101.0,167.0,0.0
20165,177.0,368.0,0.0
20166,238.0,206.0,0.0
20167,177.0,140.0,0.0
20168,255.0,180.0,0.0
20169,165.0,329.0,0.0
20170,9.0,163.0,0.0
20171,163.0,456.0,0.0
20172,47.0,518.0,0.0
20173,137.0,38.0,0.0
20174,62.0,500.0,0.0
20175,94.0,478.0,0.0
20176,32.0,344.0,0.0
20177,59.0,328.0,0.0
20178,123.0,299.0,0.0
20179,174.0,170.0,0.0
20180,188.0,368.0,0.0
20181,252.0,83.0,0.0
20182,120.0,189.0,0.0
20183,23.0,86.0,0.0
20184,108.0,215.0,0.0
20185,144.0,563.0,0.0
20186,205.0,403.0,0.0
20187,92.0,541.0,0.0
20188,220.0,481.0,0.0
20189,196.0,259.0,0.0
20190,136.0,207.0,0.0
20191,2.0,422.0,0.0
20192,170.0,327.0,0.0
20193,156.0,401.0,0.0
20194,239.0,270.0,0.0
20195,184.0,502.0,0.0
20196,223.0,224.0,0.0
20197,93.0,112.0,0.0
20198,30.0,315.0,0.0
20199,121.0,152.0,0.0
20200,67.0,217.0,0.0
20201,164.0,359.0,0.0
20202,54.0,9.0,0.0
20203,25.0,430.0,0.0
20204,84.0,183.0,0.0
20205,237.0,542.0,0.0
20206,18.0,450.0,0.0
20207,193.0,326.0,0.0
20208,76.0,421.0,0.0
20209,184.0,329.0,0.0
20210,195.0,158.0,0.0
20211,120.0,164.0,0.0
20212,161.0,324.0,0.0
20213,37.0,206.0,0.0
20214,152.0,476.0,0.0
20215,83.0,531.0,0.0
20216,129.0,486.0,0.0
20217,257.0,239.0,0.0
20218,156.0,405.0,0.0
20219,235.0,197.0,0.0
20220,92.0,64.0,0.0
20221,231.0,325.0,0.0
20222,189.0,524.0,0.0
20223,208.0,166.0,0.0
20224,106.0,235.0,0.0
20225,66.0,566.0,0.0
20226,228.0,535.0,0.0
20227,134.0,279.0,0.0
20228,138.0,414.0,0.0
20229,65.0,431.0,0.0
20230,133.0,427.0,0.0
20231,225.0,12.0,0.0
20232,236.0,592.0,0.0
20233,229.0,373.0,0.0
20234,58.0,460.0,0.0
20235,87.0,24.0,0.0
20236,237.0,485.0,0.0
20237,167.0,317.0,0.0
20238,211.0,376.0,0.0
20239,18.0,594.0,0.0
20240,213.0,478.0,0.0
20241,85.0,559.0,0.0
20242,144.0,455.0,0.0
20243,253.0,124.0,0.0
20244,142.0,158.0,0.0
20245,160.0,299.0,0.0
20246,170.0,145.0,0.0
20247,76.0,318.0,0.0
20248,107.0,356.0,0.0
20249,60.0,482.0,0.0
20250,105.0,95.0,0.0
20251,96.0,463.0,0.0
20252,64.0,227.0,0.0
20253,206.0,67.0,0.0
20254,127.0,171.0,0.0
20255,72.0,261.0,0.0
20256,176.0,527.0,0.0
20257,47.0,230.0,0.0
20258,7.0,377.0,0.0
20259,131.0,23.0,0.0
20260,206.0,380.0,0.0
20261,92.0,320.0,0.0
20262,41.0,585.0,0.0
20263,223.0,331.0,0.0
20264,107.0,324.0,0.0
20265,100.0,392.0,0.0
20266,2.0,492.0,0.0
20267,81.0,494.0,0.0
20268,104.0,202.0,0.0
20269,1.0,117.0,0.0
20270,177.0,540.0,0.0
20271,212.0,182.0,0.0
20272,255.0,5.0,0.0
20273,20.0,127.0,0.0
20274,249.0,142.0,0.0
20275,235.0,17.0,0.0
20276,263.0,527.0,0.0
20277,137.0,346.0,0.0
20278,85.0,213.0,0.0
20279,69.0,457.0,0.0
20280,79.0,162.0,0.0
20281,64.0,300.0,0.0
20282,221.0,262.0,0.0
20283,47.0,365.0,0.0
20284,76.0,296.0,0.0
20285,152.0,119.0,0.0
20286,90.0,555.0,0.0
20287,152.0,303.0,0.0
20288,94.0,535.0,0.0
20289,136.0,200.0,0.0
20290,53.0,59.0,0.0
20291,28.0,192.0,0.0
20292,56.0,297.0,0.0
20293,61.0,61.0,0.0
20294,42.0,469.0,0.0
20295,80.0,426.0,0.0
20296,72.0,580.0,0.0
20297,37.0,407.0,0.0
20298,102.0,550.0,0.0
20299,180.0,535.0,0.0
20300,80.0,596.0,0.0
20301,203.0,353.0,0.0
20302,251.0,548.0,0.0
20303,43.0,569.0,0.0
20304,217.0,567.0,0.0
20305,227.0,550.0,0.0
20306,160.0,174.0,0.0
20307,116.0,282.0,0.0
20308,231.0,291.0,0.0
20309,254.0,6.0,0.0
20310,260.0,510.0,0.0
20311,170.0,167.0,0.0
20312,22.0,231.0,0.0
20313,197.0,82.0,0.0
20314,171.0,124.0,0.0
20315,155.0,397.0,0.0
20316,120.0,381.0,0.0
20317,22.0,338.0,0.0
20318,205.0,401.0,0.0
20319,260.0,14.0,0.0
20320,41.0,370.0,0.0
20321,7.0,177.0,0.0
20322,179.0,159.0,0.0
20323,153.0,567.0,0.0
20324,83.0,301.0,0.0
20325,211.0,283.0,0.0
20326,240.0,32.0,0.0
20327,166.0,159.0,0.0
20328,70.0,95.0,0.0
20329,26.0,269.0,0.0
20330,29.0,137.0,0.0
20331,167.0,449.0,0.0
20332,187.0,582.0,0.0
20333,221.0,533.0,0.0
20334,219.0,276.0,0.0
20335,135.0,44.0,0.0
20336,164.0,540.0,0.0
20337,262.0,44.0,0.0
20338,203.0,515.0,0.0
20339,227.0,421.0,0.0
20340,124.0,218.0,0.0
20341,37.0,43.0,0.0
20342,151.0,217.0,0.0
20343,234.0,483.0,0.0
20344,87.0,121.0,0.0
20345,52.0,267.0,0.0
20346,111.0,578.0,0.0
20347,246.0,432.0,0.0
20348,115.0,337.0,0.0
20349,14.0,185.0,0.0
20350,22.0,13.0,0.0
20351,127.0,410.0,0.0
20352,26.0,596.0,0.0
20353,143.0,574.0,0.0
20354,97.0,386.0,0.0
20355,251.0,266.0,0.0
20356,217.0,503.0,0.0
20357,184.0,95.0,0.0
20358,214.0,439.0,0.0
20359,108.0,200.0,0.0
20360,165.0,488.0,0.0
20361,181.0,174.0,0.0
20362,190.0,279.0,0.0
20363,14.0,83.0,0.0
20364,120.0,472.0,0.0
20365,52.0,443.0,0.0
20366,260.0,2.0,0.0
20367,115.0,517.0,0.0
20368,63.0,37.0,0.0
20369,58.0,55.0,0.0
20370,207.0,505.0,0.0
20371,195.0,244.0,0.0
20372,211.0,423.0,0.0
20373,151.0,342.0,0.0
20374,0.0,35.0,0.0
20375,59.0,523.0,0.0
20376,35.0,366.0,0.0
20377,121.0,326.0,0.0
20378,250.0,573.0,0.0
20379,9.0,326.0,0.0
20380,75.0,349.0,0.0
20381,129.0,110.0,0.0
20382,240.0,550.0,0.0
20383,203.0,265.0,0.0
20384,240.0,303.0,0.0
20385,213.0,541.0,0.0
20386,233.0,237.0,0.0
20387,45.0,520.0,0.0
20388,225.0,331.0,0.0
20389,122.0,517.0,0.0
20390,132.0,24.0,0.0
20391,246.0,311.0,0.0
20392,129.0,536.0,0.0
20393,208.0,247.0,0.0
20394,59.0,333.0,0.0
20395,85.0,548.0,0.0
20396,212.0,169.0,0.0
20397,19.0,40.0,0.0
20398,268.0,56.0,0.0
20399,169.0,34.0,0.0
20400,112.0,459.0,0.0
20401,65.0,34.0,0.0
20402,211.0,549.0,0.0
20403,180.0,353.0,0.0
20404,182.0,392.0,0.0
20405,204.0,355.0,0.0
20406,116.0,380.0,0.0
20407,40.0,554.0,0.0
20408,171.0,95.0,0.0
20409,253.0,480.0,0.0
20410,131.0,538.0,0.0
20411,20.0,490.0,0.0
20412,140.0,286.0,0.0
20413,258.0,375.0,0.0
20414,89.0,512.0,0.0
20415,19.0,192.0,0.0
20416,181.0,65.0,0.0
20417,155.0,192.0,0.0
20418,142.0,463.0,0.0
20419,123.0,30.0,0.0
20420,62.0,162.0,0.0
20421,230.0,402.0,0.0
20422,178.0,586.0,0.0
20423,216.0,466.0,0.0
20424,28.0,82.0,0.0
20425,130.0,449.0,0.0
20426,83.0,411.0,0.0
20427,201.0,5.0,0.0
20428,24.0,229.0,0.0
20429,257.0,265.0,0.0
20430,219.0,140.0,0.0
20431,35.0,274.0,0.0
20432,258.0,521.0,0.0
20433,47.0,347.0,0.0
20434,229.0,288.0,0.0
20435,2.0,576.0,0.0
20436,62.0,589.0,0.0
20437,156.0,153.0,0.0
20438,4.0,16.0,0.0
20439,78.0,472.0,0.0
20440,67.0,468.0,0.0
20441,194.0,86.0,0.0
20442,152.0,439.0,0.0
20443,51.0,246.0,0.0
20444,189.0,295.0,0.0
20445,130.0,589.0,0.0
20446,52.0,263.0,0.0
20447,206.0,60.0,0.0
20448,26.0,0.0,0.0
20449,82.0,466.0,0.0
20450,8.0,109.0,0.0
20451,43.0,151.0,0.0
20452,116.0,197.0,0.0
20453,196.0,538.0,0.0
20454,261.0,117.0,0.0
20455,221.0,248.0,0.0
20456,51.0,581.0,0.0
20457,232.0,582.0,0.0
20458,71.0,325.0,0.0
20459,83.0,489.0,0.0
20460,141.0,481.0,0.0
20461,95.0,400.0,0.0
20462,8.0,256.0,0.0
20463,215.0,499.0,0.0
20464,21.0,34.0,0.0
20465,99.0,211.0,0.0
20466,124.0,162.0,0.0
20467,211.0,497.0,0.0
20468,81.0,318.0,0.0
20469,23.0,195.0,0.0
20470,97.0,211.0,0.0
20471,262.0,409.0,0.0
20472,162.0,541.0,0.0
20473,111.0,335.0,0.0
20474,202.0,386.0,0.0
20475,96.0,422.0,0.0
20476,21.0,406.0,0.0
20477,62.0,94.0,0.0
20478,207.0,195.0,0.0
20479,88.0,417.0,0.0
20480,13.0,434.0,0.0
20481,47.0,339.0,0.0
20482,80.0,152.0,0.0
20483,126.0,376.0,0.0
20484,189.0,444.0,0.0
20485,240.0,523.0,0.0
20486,225.0,591.0,0.0
20487,109.0,358.0,0.0
20488,201.0,111.0,0.0
20489,35.0,112.0,0.0
20490,104.0,63.0,0.0
20491,14.0,473.0,0.0
20492,224.0,35.0,0.0
20493,167.0,454.0,0.0
20494,258.0,564.0,0.0
20495,197.0,13.0,0.0
20496,100.0,76.0,0.0
20497,68.0,435.0,0.0
20498,104.0,6.0,0.0
20499,93.0,401.0,0.0
20500,137.0,210.0,0.0
20501,118.0,277.0,0.0
20502,160.0,527.0,0.0
20503,179.0,154.0,0.0
20504,236.0,510.0,0.0
20505,246.0,516.0,0.0
20506,123.0,488.0,0.0
20507,122.0,187.0,0.0
20508,36.0,198.0,0.0
20509,30.0,42.0,0.0
20510,153.0,183.0,0.0
20511,32.0,586.0,0.0
20512,137.0,91.0,0.0
20513,19.0,299.0,0.0
20514,206.0,397.0,0.0
20515,237.0,244.0,0.0
20516,167.0,123.0,0.0
20517,54.0,80.0,0.0
20518,51.0,309.0,0.0
20519,171.0,113.0,0.0
20520,179.0,547.0,0.0
20521,176.0,549.0,0.0
20522,54.0,179.0,0.0
20523,134.0,280.0,0.0
20524,145.0,539.0,0.0
20525,123.0,438.0,0.0
20526,268.0,458.0,0.0
20527,132.0,305.0,0.0
20528,37.0,564.0,0.0
20529,87.0,184.0,0.0
20530,242.0,132.0,0.0
20531,7.0,535.0,0.0
20532,250.0,301.0,0.0
20533,86.0,549.0,0.0
20534,87.0,132.0,0.0
20535,104.0,431.0,0.0
20536,194.0,32.0,0.0
20537,217.0,123.0,0.0
20538,34.0,376.0,0.0
20539,9.0,378.0,0.0
20540,96.0,299.0,0.0
20541,15.0,222.0,0.0
20542,251.0,245.0,0.0
20543,36.0,43.0,0.0
20544,185.0,432.0,0.0
20545,176.0,26.0,0.0
20546,111.0,164.0,0.0
20547,210.0,443.0,0.0
20548,54.0,218.0,0.0
20549,66.0,462.0,0.0
20550,30.0,80.0,0.0
20551,161.0,93.0,0.0
20552,142.0,373.0,0.0
20553,197.0,298.0,0.0
20554,6.0,513.0,0.0
20555,6.0,503.0,0.0
20556,105.0,33.0,0.0
20557,146.0,320.0,0.0
20558,258.0,505.0,0.0
20559,107.0,276.0,0.0
20560,63.0,164.0,0.0
20561,30.0,111.0,0.0
20562,2.0,467.0,0.0
20563,256.0,299.0,0.0
20564,111.0,548.0,0.0
20565,108.0,266.0,0.0
20566,112.0,490.0,0.0
20567,123.0,7.0,0.0
20568,226.0,181.0,0.0
20569,185.0,110.0,0.0
20570,23.0,59.0,0.0
20571,94.0,557.0,0.0
20572,65.0,291.0,0.0
20573,23.0,69.0,0.0
20574,224.0,49.0,0.0
20575,211.0,21.0,0.0
20576,233.0,67.0,0.0
20577,168.0,516.0,0.0
20578,216.0,480.0,0.0
20579,247.0,91.0,0.0
20580,76.0,271.0,0.0
20581,89.0,175.0,0.0
20582,76.0,25.0,0.0
20583,260.0,297.0,0.0
20584,210.0,547.0,0.0
20585,227.0,410.0,0.0
20586,17.0,98.0,0.0
20587,103.0,466.0,0.0
20588,97.0,464.0,0.0
20589,233.0,332.0,0.0
20590,263.0,287.0,0.0
20591,144.0,393.0,0.0
20592,160.0,536.0,0.0
20593,102.0,393.0,0.0
20594,88.0,178.0,0.0
20595,91.0,284.0,0.0
20596,113.0,563.0,0.0
20597,181.0,590.0,0.0
20598,259.0,238.0,0.0
20599,132.0,408.0,0.0
20600,219.0,250.0,0.0
20601,30.0,468.0,0.0
20602,39.0,442.0,0.0
20603,118.0,162.0,0.0
20604,206.0,262.0,0.0
20605,222.0,593.0,0.0
20606,261.0,522.0,0.0
20607,97.0,380.0,0.0
20608,180.0,529.0,0.0
20609,122.0,76.0,0.0
20610,44.0,412.0,0.0
20611,89.0,274.0,0.0
20612,45.0,167.0,0.0
20613,150.0,402.0,0.0
20614,137.0,472.0,0.0
20615,75.0,421.0,0.0
20616,102.0,237.0,0.0
20617,258.0,518.0,0.0
20618,212.0,59.0,0.0
20619,10.0,347.0,0.0
20620,141.0,384.0,0.0
20621,138.0,581.0,0.0
20622,186.0,38.0,0.0
20623,100.0,74.0,0.0
20624,79.0,500.0,0.0
20625,240.0,16.0,0.0
20626,39.0,340.0,0.0
20627,138.0,108.0,0.0
20628,0.0,149.0,0.0
20629,261.0,451.0,0.0
20630,245.0,553.0,0.0
20631,129.0,542.0,0.0
20632,39.0,470.0,0.0
20633,44.0,193.0,0.0
20634,98.0,489.0,0.0
20635,135.0,422.0,0.0
20636,170.0,176.0,0.0
20637,192.0,155.0,0.0
20638,204.0,456.0,0.0
20639,187.0,584.0,0.0
20640,72.0,562.0,0.0
20641,66.0,582.0,0.0
20642,111.0,190.0,0.0
20643,8.0,519.0,0.0
20644,132.0,524.0,0.0
20645,253.0,300.0,0.0
20646,44.0,585.0,0.0
20647,40.0,83.0,0.0
20648,86.0,347.0,0.0
20649,144.0,44.0,0.0
20650,70.0,483.0,0.0
20651,242.0,269.0,0.0
20652,146.0,236.0,0.0
20653,240.0,316.0,0.0
20654,134.0,156.0,0.0
20655,7.0,87.0,0.0
20656,109.0,499.0,0.0
20657,160.0,438.0,0.0
20658,225.0,260.0,0.0
20659,157.0,490.0,0.0
20660,26.0,560.0,0.0
20661,232.0,290.0,0.0
20662,75.0,375.0,0.0
20663,168.0,201.0,0.0
20664,218.0,454.0,0.0
20665,254.0,453.0,0.0
20666,153.0,574.0,0.0
20667,146.0,570.0,0.0
20668,26.0,424.0,0.0
20669,60.0,64.0,0.0
20670,268.0,218.0,0.0
20671,244.0,188.0,0.0
20672,204.0,271.0,0.0
20673,179.0,329.0,0.0
20674,167.0,327.0,0.0
20675,7.0,205.0,0.0
20676,118.0,96.0,0.0
20677,142.0,37.0,0.0
20678,109.0,477.0,0.0
20679,17.0,331.0,0.0
20680,57.0,585.0,0.0
20681,125.0,91.0,0.0
20682,218.0,128.0,0.0
20683,1.0,183.0,0.0
20684,241.0,187.0,0.0
20685,145.0,432.0,0.0
20686,156.0,448.0,0.0
20687,136.0,106.0,0.0
20688,153.0,543.0,0.0
20689,211.0,370.0,0.0
20690,44.0,327.0,0.0
20691,152.0,287.0,0.0
20692,18.0,383.0,0.0
20693,217.0,449.0,0.0
20694,95.0,294.0,0.0
20695,85.0,361.0,0.0
20696,230.0,3.0,0.0
20697,259.0,228.0,0.0
20698,123.0,142.0,0.0
20699,244.0,206.0,0.0
20700,49.0,500.0,0.0
20701,64.0,324.0,0.0
20702,119.0,487.0,0.0
20703,260.0,264.0,0.0
20704,261.0,495.0,0.0
20705,87.0,472.0,0.0
20706,216.0,362.0,0.0
20707,85.0,456.0,0.0
20708,171.0,580.0,0.0
20709,187.0,239.0,0.0
20710,99.0,299.0,0.0
20711,209.0,579.0,0.0
20712,31.0,364.0,0.0
20713,123.0,65.0,0.0
20714,235.0,302.0,0.0
20715,87.0,560.0,0.0
20716,163.0,30.0,0.0
20717,219.0,547.0,0.0
20718,231.0,53.0,0.0
20719,6.0,560.0,0.0
20720,167.0,208.0,0.0
20721,153.0,176.0,0.0
20722,187.0,465.0,0.0
20723,238.0,210.0,0.0
20724,103.0,229.0,0.0
20725,181.0,198.0,0.0
20726,155.0,69.0,0.0
20727,252.0,397.0,0.0
20728,195.0,249.0,0.0
20729,4.0,463.0,0.0
20730,212.0,425.0,0.0
20731,10.0,41.0,0.0
20732,247.0,553.0,0.0
20733,246.0,238.0,0.0
20734,128.0,29.0,0.0
20735,188.0,8.0,0.0
20736,15.0,441.0,0.0
20737,260.0,33.0,0.0
20738,126.0,319.0,0.0
20739,130.0,528.0,0.0
20740,189.0,160.0,0.0
20741,224.0,185.0,0.0
20742,15.0,538.0,0.0
20743,77.0,534.0,0.0
20744,49.0,320.0,0.0
20745,190.0,17.0,0.0
20746,211.0,102.0,0.0
20747,239.0,457.0,0.0
20748,70.0,370.0,0.0
20749,251.0,552.0,0.0
20750,66.0,170.0,0.0
20751,38.0,555.0,0.0
20752,102.0,560.0,0.0
20753,242.0,5.0,0.0
20754,78.0,533.0,0.0
20755,187.0,325.0,0.0
20756,130.0,396.0,0.0
20757,221.0,286.0,0.0
20758,76.0,552.0,0.0
20759,110.0,360.0,0.0
20760,190.0,432.0,0.0
20761,139.0,565.0,0.0
20762,163.0,352.0,0.0
20763,142.0,97.0,0.0
20764,134.0,26.0,0.0
20765,109.0,464.0,0.0
20766,21.0,458.0,0.0
20767,187.0,152.0,0.0
20768,256.0,553.0,0.0
20769,137.0,86.0,0.0
20770,138.0,504.0,0.0
20771,223.0,28.0,0.0
20772,57.0,249.0,0.0
20773,25.0,275.0,0.0
20774,138.0,64.0,0.0
20775,183.0,446.0,0.0
20776,59.0,197.0,0.0
20777,25.0,97.0,0.0
20778,185.0,347.0,0.0
20779,163.0,431.0,0.0
20780,105.0,271.0,0.0
20781,120.0,46.0,0.0
20782,137.0,83.0,0.0
20783,23.0,346.0,0.0
20784,106.0,215.0,0.0
20785,8.0,110.0,0.0
20786,90.0,387.0,0.0
20787,14.0,89.0,0.0
20788,9.0,101.0,0.0
20789,25.0,406.0,0.0
20790,132.0,579.0,0.0
20791,74.0,406.0,0.0
20792,232.0,492.0,0.0
20793,156.0,323.0,0.0
20794,106.0,53.0,0.0
20795,216.0,458.0,0.0
20796,152.0,483.0,0.0
20797,220.0,317.0,0.0
20798,260.0,516.0,0.0
20799,36.0,179.0,0.0
20800,213.0,152.0,0.0
20801,144.0,106.0,0.0
20802,158.0,106.0,0.0
20803,32.0,596.0,0.0
20804,189.0,239.0,0.0
20805,162.0,56.0,0.0
20806,239.0,99.0,0.0
20807,90.0,128.0,0.0
20808,118.0,340.0,0.0
20809,238.0,446.0,0.0
20810,92.0,97.0,0.0
20811,252.0,229.0,0.0
20812,224.0,305.0,0.0
20813,240.0,61.0,0.0
20814,240.0,572.0,0.0
20815,66.0,447.0,0.0
20816,21.0,263.0,0.0
20817,140.0,180.0,0.0
20818,187.0,416.0,0.0
20819,13.0,186.0,0.0
20820,68.0,518.0,0.0
20821,31.0,96.0,0.0
20822,92.0,339.0,0.0
20823,139.0,343.0,0.0
20824,100.0,4.0,0.0
20825,85.0,174.0,0.0
20826,222.0,110.0,0.0
20827,27.0,545.0,0.0
20828,186.0,464.0,0.0
20829,241.0,95.0,0.0
20830,166.0,163.0,0.0
20831,182.0,262.0,0.0
20832,93.0,178.0,0.0
20833,240.0,470.0,0.0
20834,207.0,4.0,0.0
20835,23.0,458.0,0.0
20836,167.0,276.0,0.0
20837,49.0,259.0,0.0
20838,17.0,591.0,0.0
20839,80.0,128.0,0.0
20840,255.0,556.0,0.0
20841,85.0,210.0,0.0
20842,151.0,523.0,0.0
20843,42.0,455.0,0.0
20844,197.0,27.0,0.0
20845,213.0,567.0,0.0
20846,122.0,372.0,0.0
20847,156.0,160.0,0.0
20848,146.0,403.0,0.0
20849,235.0,114.0,0.0
20850,139.0,79.0,0.0
20851,175.0,150.0,0.0
20852,189.0,442.0,0.0
20853,189.0,402.0,0.0
20854,21.0,369.0,0.0
20855,68.0,19.0,0.0
20856,134.0,432.0,0.0
20857,268.0,107.0,0.0
20858,147.0,456.0,0.0
20859,112.0,156.0,0.0
20860,32.0,6.0,0.0
20861,80.0,98.0,0.0
20862,235.0,211.0,0.0
20863,177.0,46.0,0.0
20864,120.0,78.0,0.0
20865,203.0,537.0,0.0
20866,103.0,486.0,0.0
20867,5.0,405.0,0.0
20868,152.0,456.0,0.0
20869,87.0,318.0,0.0
20870,14.0,581.0,0.0
20871,106.0,417.0,0.0
20872,161.0,120.0,0.0
20873,238.0,409.0,0.0
20874,141.0,393.0,0.0
20875,118.0,237.0,0.0
20876,245.0,37.0,0.0
20877,153.0,246.0,0.0
20878,254.0,373.0,0.0
20879,188.0,22.0,0.0
20880,77.0,369.0,0.0
20881,81.0,164.0,0.0
20882,191.0,141.0,0.0
20883,61.0,553.0,0.0
20884,0.0,256.0,0.0
20885,79.0,54.0,0.0
20886,220.0,249.0,0.0
20887,145.0,324.0,0.0
20888,86.0,171.0,0.0
20889,140.0,118.0,0.0
20890,223.0,465.0,0.0
20891,266.0,323.0,0.0
20892,83.0,199.0,0.0
20893,150.0,141.0,0.0
20894,126.0,485.0,0.0
20895,130.0,19.0,0.0
20896,54.0,232.0,0.0
20897,19.0,7.0,0.0
20898,137.0,370.0,0.0
20899,216.0,503.0,0.0
20900,109.0,320.0,0.0
20901,190.0,36.0,0.0
20902,209.0,198.0,0.0
20903,242.0,376.0,0.0
20904,42.0,73.0,0.0
20905,210.0,364.0,0.0
20906,133.0,295.0,0.0
20907,164.0,442.0,0.0
20908,131.0,592.0,0.0
20909,55.0,330.0,0.0
20910,265.0,157.0,0.0
20911,115.0,293.0,0.0
20912,47.0,597.0,0.0
20913,18.0,446.0,0.0
20914,148.0,152.0,0.0
20915,89.0,551.0,0.0
20916,23.0,397.0,0.0
20917,192.0,241.0,0.0
20918,247.0,571.0,0.0
20919,40.0,510.0,0.0
20920,180.0,286.0,0.0
20921,124.0,65.0,0.0
20922,31.0,321.0,0.0
20923,166.0,487.0,0.0
20924,87.0,178.0,0.0
20925,93.0,114.0,0.0
20926,168.0,131.0,0.0
20927,183.0,347.0,0.0
20928,1.0,515.0,0.0
20929,229.0,87.0,0.0
20930,243.0,22.0,0.0
20931,201.0,283.0,0.0
20932,169.0,583.0,0.0
20933,176.0,327.0,0.0
20934,95.0,381.0,0.0
20935,263.0,2.0,0.0
20936,120.0,462.0,0.0
20937,120.0,463.0,0.0
20938,170.0,224.0,0.0
20939,27.0,236.0,0.0
20940,23.0,48.0,0.0
20941,183.0,492.0,0.0
20942,225.0,53.0,0.0
20943,188.0,15.0,0.0
20944,189.0,236.0,0.0
20945,220.0,486.0,0.0
20946,99.0,536.0,0.0
20947,4.0,37.0,0.0
20948,78.0,403.0,0.0
20949,249.0,57.0,0.0
20950,171.0,99.0,0.0
20951,14.0,584.0,0.0
20952,23.0,564.0,0.0
20953,63.0,130.0,0.0
20954,50.0,190.0,0.0
20955,87.0,68.0,0.0
20956,220.0,448.0,0.0
20957,184.0,234.0,0.0
20958,159.0,529.0,0.0
20959,230.0,42.0,0.0
20960,63.0,111.0,0.0
20961,58.0,254.0,0.0
20962,107.0,256.0,0.0
20963,103.0,207.0,0.0
20964,39.0,304.0,0.0
20965,113.0,181.0,0.0
20966,264.0,518.0,0.0
20967,52.0,118.0,0.0
20968,204.0,487.0,0.0
20969,163.0,97.0,0.0
20970,241.0,509.0,0.0
20971,48.0,159.0,0.0
20972,214.0,578.0,0.0
20973,54.0,266.0,0.0
20974,264.0,118.0,0.0
20975,205.0,431.0,0.0
20976,28.0,242.0,0.0
20977,74.0,547.0,0.0
20978,177.0,265.0,0.0
20979,20.0,125.0,0.0
20980,97.0,279.0,0.0
20981,124.0,528.0,0.0
20982,68.0,269.0,0.0
20983,164.0,587.0,0.0
20984,43.0,184.0,0.0
20985,125.0,187.0,0.0
20986,176.0,234.0,0.0
20987,38.0,195.0,0.0
20988,40.0,175.0,0.0
20989,199.0,163.0,0.0
20990,140.0,102.0,0.0
20991,22.0,348.0,0.0
20992,205.0,136.0,0.0
20993,44.0,502.0,0.0
20994,227.0,74.0,0.0
20995,184.0,536.0,0.0
20996,242.0,576.0,0.0
20997,86.0,535.0,0.0
20998,29.0,535.0,0.0
20999,135.0,260.0,0.0
21000,41.0,418.0,0.0
21001,49.0,540.0,0.0
21002,214.0,374.0,0.0
21003,112.0,137.0,0.0
21004,127.0,23.0,0.0
21005,195.0,157.0,0.0
21006,248.0,277.0,0.0
21007,260.0,114.0,0.0
21008,198.0,447.0,0.0
21009,124.0,132.0,0.0
21010,255.0,58.0,0.0
21011,268.0,389.0,0.0
21012,166.0,552.0,0.0
21013,91.0,394.0,0.0
21014,179.0,198.0,0.0
21015,197.0,508.0,0.0
21016,138.0,423.0,0.0
21017,212.0,481.0,0.0
21018,130.0,333.0,0.0
21019,247.0,87.0,0.0
21020,20.0,364.0,0.0
21021,216.0,358.0,0.0
21022,138.0,3.0,0.0
21023,84.0,244.0,0.0
21024,174.0,117.0,0.0
21025,177.0,45.0,0.0
21026,194.0,335.0,0.0
21027,184.0,592.0,0.0
21028,110.0,578.0,0.0
21029,18.0,206.0,0.0
21030,222.0,251.0,0.0
21031,153.0,340.0,0.0
21032,236.0,500.0,0.0
21033,231.0,244.0,0.0
21034,48.0,529.0,0.0
21035,23.0,179.0,0.0
21036,236.0,559.0,0.0
21037,115.0,359.0,0.0
21038,193.0,120.0,0.0
21039,249.0,331.0,0.0
21040,26.0,193.0,0.0
21041,40.0,479.0,0.0
21042,55.0,45.0,0.0
21043,74.0,53.0,0.0
21044,167.0,101.0,0.0
21045,64.0,306.0,0.0
21046,30.0,173.0,0.0
21047,40.0,556.0,0.0
21048,79.0,335.0,0.0
21049,69.0,296.0,0.0
21050,240.0,428.0,0.0
21051,170.0,228.0,0.0
21052,9.0,286.0,0.0
21053,260.0,75.0,0.0
21054,139.0,67.0,0.0
21055,104.0,565.0,0.0
21056,209.0,24.0,0.0
21057,122.0,102.0,0.0
21058,251.0,463.0,0.0
21059,212.0,216.0,0.0
21060,84.0,3.0,0.0
21061,54.0,111.0,0.0
21062,24.0,57.0,0.0
21063,38.0,143.0,0.0
21064,42.0,25.0,0.0
21065,7.0,445.0,0.0
21066,49.0,549.0,0.0
21067,84.0,26.0,0.0
21068,181.0,270.0,0.0
21069,91.0,313.0,0.0
21070,69.0,477.0,0.0
21071,221.0,118.0,0.0
21072,254.0,240.0,0.0
21073,177.0,466.0,0.0
21074,65.0,349.0,0.0
21075,54.0,269.0,0.0
21076,95.0,553.0,0.0
21077,170.0,263.0,0.0
21078,29.0,160.0,0.0
21079,146.0,319.0,0.0
21080,4.0,541.0,0.0
21081,240.0,383.0,0.0
21082,168.0,318.0,0.0
21083,50.0,233.0,0.0
21084,18.0,228.0,0.0
21085,80.0,121.0,0.0
21086,146.0,210.0,0.0
21087,33.0,324.0,0.0
21088,95.0,525.0,0.0
21089,122.0,557.0,0.0
21090,182.0,200.0,0.0
21091,6.0,430.0,0.0
21092,57.0,227.0,0.0
21093,245.0,150.0,0.0
21094,82.0,462.0,0.0
21095,198.0,555.0,0.0
21096,124.0,299.0,0.0
21097,17.0,542.0,0.0
21098,91.0,490.0,0.0
21099,211.0,136.0,0.0
21100,122.0,433.0,0.0
21101,15.0,341.0,0.0
21102,103.0,14.0,0.0
21103,23.0,561.0,0.0
21104,160.0,440.0,0.0
21105,76.0,411.0,0.0
21106,160.0,434.0,0.0
21107,145.0,67.0,0.0
21108,253.0,31.0,0.0
21109,170.0,401.0,0.0
21110,129.0,184.0,0.0
21111,240.0,367.0,0.0
21112,236.0,154.0,0.0
21113,168.0,590.0,0.0
21114,98.0,194.0,0.0
21115,250.0,338.0,0.0
21116,262.0,527.0,0.0
21117,68.0,273.0,0.0
21118,66.0,511.0,0.0
21119,208.0,193.0,0.0
21120,222.0,367.0,0.0
21121,65.0,578.0,0.0
21122,92.0,162.0,0.0
21123,37.0,277.0,0.0
21124,97.0,303.0,0.0
21125,85.0,516.0,0.0
21126,151.0,216.0,0.0
21127,69.0,391.0,0.0
21128,53.0,155.0,0.0
21129,86.0,108.0,0.0
21130,254.0,412.0,0.0
21131,187.0,590.0,0.0
21132,262.0,507.0,0.0
21133,253.0,215.0,0.0
21134,163.0,529.0,0.0
21135,27.0,133.0,0.0
21136,3.0,511.0,0.0
21137,39.0,560.0,0.0
21138,3.0,318.0,0.0
21139,38.0,582.0,0.0
21140,151.0,289.0,0.0
21141,63.0,11.0,0.0
21142,190.0,57.0,0.0
21143,74.0,90.0,0.0
21144,34.0,129.0,0.0
21145,147.0,349.0,0.0
21146,15.0,224.0,0.0
21147,111.0,139.0,0.0
21148,38.0,236.0,0.0
21149,267.0,491.0,0.0
21150,226.0,287.0,0.0
21151,161.0,453.0,0.0
21152,230.0,588.0,0.0
21153,66.0,165.0,0.0
21154,240.0,587.0,0.0
21155,256.0,244.0,0.0
21156,263.0,199.0,0.0
21157,209.0,574.0,0.0
21158,119.0,242.0,0.0
21159,19.0,544.0,0.0
21160,201.0,482.0,0.0
21161,125.0,165.0,0.0
21162,126.0,449.0,0.0
21163,61.0,345.0,0.0
21164,115.0,114.0,0.0
21165,26.0,458.0,0.0
21166,266.0,515.0,0.0
21167,243.0,527.0,0.0
21168,178.0,177.0,0.0
21169,35.0,375.0,0.0
21170,28.0,50.0,0.0
21171,215.0,139.0,0.0
21172,188.0,248.0,0.0
21173,215.0,569.0,0.0
21174,115.0,488.0,0.0
21175,155.0,311.0,0.0
21176,267.0,114.0,0.0
21177,54.0,122.0,0.0
21178,173.0,465.0,0.0
21179,164.0,52.0,0.0
21180,161.0,182.0,0.0
21181,255.0,415.0,0.0
21182,228.0,228.0,0.0
21183,3.0,373.0,0.0
21184,104.0,144.0,0.0
21185,76.0,128.0,0.0
21186,187.0,587.0,0.0
21187,206.0,571.0,0.0
21188,209.0,338.0,0.0
21189,124.0,269.0,0.0
21190,199.0,344.0,0.0
21191,12.0,99.0,0.0
21192,143.0,235.0,0.0
21193,190.0,172.0,0.0
21194,144.0,328.0,0.0
21195,110.0,470.0,0.0
21196,66.0,96.0,0.0
21197,62.0,587.0,0.0
21198,80.0,597.0,0.0
21199,216.0,428.0,0.0
21200,175.0,219.0,0.0
21201,72.0,284.0,0.0
21202,2.0,46.0,0.0
21203,181.0,425.0,0.0
21204,186.0,552.0,0.0
21205,208.0,178.0,0.0
21206,189.0,144.0,0.0
21207,231.0,469.0,0.0
21208,63.0,188.0,0.0
21209,161.0,400.0,0.0
21210,110.0,160.0,0.0
21211,144.0,298.0,0.0
21212,13.0,319.0,0.0
21213,66.0,322.0,0.0
21214,264.0,385.0,0.0
21215,33.0,199.0,0.0
21216,39.0,479.0,0.0
21217,28.0,325.0,0.0
21218,15.0,403.0,0.0
21219,265.0,67.0,0.0
21220,22.0,224.0,0.0
21221,42.0,514.0,0.0
21222,235.0,540.0,0.0
21223,11.0,526.0,0.0
21224,12.0,560.0,0.0
21225,236.0,460.0,0.0
21226,107.0,293.0,0.0
21227,215.0,42.0,0.0
21228,195.0,503.0,0.0
21229,233.0,106.0,0.0
21230,99.0,360.0,0.0
21231,98.0,17.0,0.0
21232,245.0,236.0,0.0
21233,211.0,74.0,0.0
21234,22.0,70.0,0.0
21235,51.0,507.0,0.0
21236,187.0,175.0,0.0
21237,114.0,455.0,0.0
21238,39.0,210.0,0.0
21239,61.0,244.0,0.0
21240,146.0,569.0,0.0
21241,193.0,36.0,0.0
21242,51.0,592.0,0.0
21243,120.0,90.0,0.0
21244,236.0,473.0,0.0
21245,60.0,459.0,0.0
21246,147.0,0.0,0.0
21247,126.0,208.0,0.0
21248,217.0,211.0,0.0
21249,170.0,335.0,0.0
21250,95.0,550.0,0.0
21251,189.0,341.0,0.0
21252,18.0,256.0,0.0
21253,232.0,357.0,0.0
21254,180.0,514.0,0.0
21255,46.0,567.0,0.0
21256,107.0,339.0,0.0
21257,193.0,490.0,0.0
21258,32.0,435.0,0.0
21259,80.0,348.0,0.0
21260,146.0,524.0,0.0
21261,135.0,565.0,0.0
21262,57.0,111.0,0.0
21263,228.0,479.0,0.0
21264,251.0,260.0,0.0
21265,80.0,136.0,0.0
21266,38.0,151.0,0.0
21267,136.0,560.0,0.0
21268,16.0,537.0,0.0
21269,106.0,145.0,0.0
21270,146.0,274.0,0.0
21271,21.0,27.0,0.0
21272,76.0,531.0,0.0
21273,108.0,257.0,0.0
21274,70.0,249.0,0.0
21275,126.0,76.0,0.0
21276,194.0,14.0,0.0
21277,73.0,131.0,0.0
21278,42.0,56.0,0.0
21279,161.0,293.0,0.0
21280,65.0,450.0,0.0
21281,96.0,371.0,0.0
21282,207.0,255.0,0.0
21283,143.0,462.0,0.0
21284,48.0,231.0,0.0
21285,187.0,291.0,0.0
21286,190.0,379.0,0.0
21287,216.0,19.0,0.0
21288,162.0,440.0,0.0
21289,73.0,147.0,0.0
21290,134.0,320.0,0.0
21291,36.0,14.0,0.0
21292,238.0,432.0,0.0
21293,249.0,321.0,0.0
21294,133.0,11.0,0.0
21295,170.0,305.0,0.0
21296,80.0,481.0,0.0
21297,105.0,372.0,0.0
21298,26.0,418.0,0.0
21299,14.0,182.0,0.0
21300,127.0,519.0,0.0
21301,33.0,118.0,0.0
21302,151.0,292.0,0.0
21303,36.0,126.0,0.0
21304,245.0,203.0,0.0
21305,173.0,145.0,0.0
21306,38.0,554.0,0.0
21307,2.0,52.0,0.0
21308,109.0,529.0,0.0
21309,258.0,362.0,0.0
21310,116.0,527.0,0.0
21311,55.0,55.0,0.0
21312,126.0,264.0,0.0
21313,244.0,66.0,0.0
21314,68.0,97.0,0.0
21315,255.0,142.0,0.0
21316,189.0,158.0,0.0
21317,95.0,330.0,0.0
21318,50.0,123.0,0.0
21319,19.0,214.0,0.0
21320,64.0,282.0,0.0
21321,65.0,362.0,0.0
21322,201.0,268.0,0.0
21323,26.0,376.0,0.0
21324,15.0,501.0,0.0
21325,177.0,202.0,0.0
21326,44.0,522.0,0.0
21327,148.0,74.0,0.0
21328,53.0,57.0,0.0
21329,43.0,351.0,0.0
21330,39.0,219.0,0.0
21331,240.0,509.0,0.0
21332,116.0,155.0,0.0
21333,209.0,276.0,0.0
21334,245.0,522.0,0.0
21335,235.0,395.0,0.0
21336,230.0,121.0,0.0
21337,70.0,154.0,0.0
21338,107.0,514.0,0.0
21339,50.0,55.0,0.0
21340,146.0,408.0,0.0
21341,170.0,57.0,0.0
21342,250.0,506.0,0.0
21343,88.0,374.0,0.0
21344,242.0,212.0,0.0
21345,168.0,417.0,0.0
21346,68.0,293.0,0.0
21347,117.0,246.0,0.0
21348,207.0,395.0,0.0
21349,77.0,191.0,0.0
21350,210.0,371.0,0.0
21351,205.0,132.0,0.0
21352,62.0,374.0,0.0
21353,246.0,164.0,0.0
21354,69.0,313.0,0.0
21355,205.0,494.0,0.0
21356,218.0,557.0,0.0
21357,84.0,162.0,0.0
21358,32.0,0.0,0.0
21359,81.0,583.0,0.0
21360,72.0,398.0,0.0
21361,97.0,181.0,0.0
21362,218.0,213.0,0.0
21363,179.0,250.0,0.0
21364,21.0,323.0,0.0
21365,122.0,174.0,0.0
21366,238.0,398.0,0.0
21367,0.0,37.0,0.0
21368,42.0,234.0,0.0
21369,196.0,228.0,0.0
21370,193.0,44.0,0.0
21371,98.0,506.0,0.0
21372,31.0,559.0,0.0
21373,156.0,68.0,0.0
21374,171.0,162.0,0.0
21375,58.0,294.0,0.0
21376,60.0,171.0,0.0
21377,30.0,561.0,0.0
21378,209.0,99.0,0.0
21379,240.0,301.0,0.0
21380,97.0,160.0,0.0
21381,241.0,123.0,0.0
21382,66.0,433.0,0.0
21383,8.0,345.0,0.0
21384,56.0,321.0,0.0
21385,73.0,47.0,0.0
21386,76.0,262.0,0.0
21387,23.0,33.0,0.0
21388,4.0,512.0,0.0
21389,156.0,43.0,0.0
21390,185.0,320.0,0.0
21391,194.0,593.0,0.0
21392,28.0,189.0,0.0
21393,232.0,312.0,0.0
21394,111.0,302.0,0.0
21395,43.0,83.0,0.0
21396,20.0,443.0,0.0
21397,21.0,216.0,0.0
21398,159.0,56.0,0.0
21399,74.0,364.0,0.0
21400,204.0,558.0,0.0
21401,194.0,141.0,0.0
21402,203.0,419.0,0.0
21403,169.0,299.0,0.0
21404,206.0,486.0,0.0
21405,15.0,159.0,0.0
21406,161.0,1.0,0.0
21407,108.0,353.0,0.0
21408,49.0,147.0,0.0
21409,30.0,559.0,0.0
21410,97.0,581.0,0.0
21411,151.0,345.0,0.0
21412,28.0,236.0,0.0
21413,225.0,6.0,0.0
21414,87.0,568.0,0.0
21415,12.0,477.0,0.0
21416,202.0,149.0,0.0
21417,185.0,233.0,0.0
21418,187.0,572.0,0.0
21419,187.0,326.0,0.0
21420,70.0,278.0,0.0
21421,30.0,487.0,0.0
21422,173.0,356.0,0.0
21423,233.0,198.0,0.0
21424,23.0,238.0,0.0
21425,198.0,567.0,0.0
21426,228.0,97.0,0.0
21427,115.0,439.0,0.0
21428,266.0,499.0,0.0
21429,251.0,295.0,0.0
21430,54.0,359.0,0.0
21431,137.0,415.0,0.0
21432,267.0,137.0,0.0
21433,35.0,342.0,0.0
21434,0.0,163.0,0.0
21435,116.0,589.0,0.0
21436,171.0,386.0,0.0
21437,54.0,58.0,0.0
21438,84.0,437.0,0.0
21439,154.0,585.0,0.0
21440,122.0,394.0,0.0
21441,259.0,488.0,0.0
21442,4.0,528.0,0.0
21443,47.0,250.0,0.0
21444,179.0,173.0,0.0
21445,21.0,205.0,0.0
21446,121.0,263.0,0.0
21447,92.0,504.0,0.0
21448,164.0,487.0,0.0
21449,154.0,241.0,0.0
21450,24.0,289.0,0.0
21451,227.0,79.0,0.0
21452,38.0,468.0,0.0
21453,165.0,172.0,0.0
21454,116.0,417.0,0.0
21455,53.0,211.0,0.0
21456,41.0,516.0,0.0
21457,68.0,104.0,0.0
21458,199.0,149.0,0.0
21459,61.0,422.0,0.0
21460,69.0,503.0,0.0
21461,38.0,360.0,0.0
21462,143.0,331.0,0.0
21463,162.0,500.0,0.0
21464,165.0,64.0,0.0
21465,153.0,507.0,0.0
21466,18.0,387.0,0.0
21467,104.0,99.0,0.0
21468,174.0,389.0,0.0
21469,267.0,596.0,0.0
21470,99.0,121.0,0.0
21471,176.0,300.0,0.0
21472,190.0,324.0,0.0
21473,265.0,403.0,0.0
21474,268.0,159.0,0.0
21475,57.0,320.0,0.0
21476,198.0,323.0,0.0
21477,205.0,591.0,0.0
21478,206.0,170.0,0.0
21479,127.0,361.0,0.0
21480,103.0,33.0,0.0
21481,256.0,361.0,0.0
21482,97.0,298.0,0.0
21483,230.0,24.0,0.0
21484,50.0,167.0,0.0
21485,153.0,49.0,0.0
21486,210.0,106.0,0.0
21487,200.0,110.0,0.0
21488,93.0,84.0,0.0
21489,16.0,189.0,0.0
21490,265.0,383.0,0.0
21491,174.0,327.0,0.0
21492,96.0,485.0,0.0
21493,235.0,487.0,0.0
21494,256.0,177.0,0.0
21495,163.0,173.0,0.0
21496,133.0,552.0,0.0
21497,66.0,451.0,0.0
21498,17.0,88.0,0.0
21499,228.0,361.0,0.0
21500,83.0,99.0,0.0
21501,39.0,320.0,0.0
21502,171.0,259.0,0.0
21503,74.0,465.0,0.0
21504,25.0,269.0,0.0
21505,11.0,201.0,0.0
21506,50.0,168.0,0.0
21507,148.0,266.0,0.0
21508,129.0,76.0,0.0
21509,59.0,293.0,0.0
21510,191.0,473.0,0.0
21511,101.0,436.0,0.0
21512,237.0,469.0,0.0
21513,239.0,324.0,0.0
21514,227.0,3.0,0.0
21515,107.0,4.0,0.0
21516,244.0,550.0,0.0
21517,13.0,18.0,0.0
21518,87.0,119.0,0.0
21519,238.0,344.0,0.0
21520,56.0,153.0,0.0
21521,259.0,505.0,0.0
21522,194.0,165.0,0.0
21523,258.0,540.0,0.0
21524,104.0,86.0,0.0
21525,193.0,542.0,0.0
21526,224.0,335.0,0.0
21527,240.0,524.0,0.0
21528,261.0,580.0,0.0
21529,167.0,446.0,0.0
21530,97.0,26.0,0.0
21531,184.0,119.0,0.0
21532,68.0,447.0,0.0
21533,59.0,432.0,0.0
21534,192.0,152.0,0.0
21535,124.0,203.0,0.0
21536,66.0,194.0,0.0
21537,62.0,170.0,0.0
21538,68.0,402.0,0.0
21539,173.0,333.0,0.0
21540,134.0,4.0,0.0
21541,228.0,428.0,0.0
21542,10.0,594.0,0.0
21543,235.0,287.0,0.0
21544,41.0,324.0,0.0
21545,179.0,63.0,0.0
21546,110.0,533.0,0.0
21547,49.0,420.0,0.0
21548,258.0,335.0,0.0
21549,44.0,195.0,0.0
21550,260.0,142.0,0.0
21551,20.0,235.0,0.0
21552,208.0,411.0,0.0
21553,113.0,347.0,0.0
21554,229.0,30.0,0.0
21555,186.0,121.0,0.0
21556,184.0,585.0,0.0
21557,97.0,359.0,0.0
21558,131.0,205.0,0.0
21559,216.0,347.0,0.0
21560,203.0,315.0,0.0
21561,209.0,14.0,0.0
21562,7.0,14.0,0.0
21563,173.0,539.0,0.0
21564,196.0,153.0,0.0
21565,265.0,32.0,0.0
21566,181.0,366.0,0.0
21567,166.0,275.0,0.0
21568,111.0,390.0,0.0
21569,243.0,263.0,0.0
21570,140.0,568.0,0.0
21571,268.0,316.0,0.0
21572,177.0,562.0,0.0
21573,50.0,266.0,0.0
21574,218.0,483.0,0.0
21575,19.0,464.0,0.0
21576,154.0,289.0,0.0
21577,178.0,285.0,0.0
21578,168.0,163.0,0.0
21579,211.0,24.0,0.0
21580,154.0,233.0,0.0
21581,73.0,102.0,0.0
21582,250.0,329.0,0.0
21583,206.0,351.0,0.0
21584,77.0,301.0,0.0
21585,67.0,559.0,0.0
21586,59.0,292.0,0.0
21587,14.0,228.0,0.0
21588,40.0,51.0,0.0
21589,105.0,534.0,0.0
21590,242.0,572.0,0.0
21591,92.0,36.0,0.0
21592,124.0,72.0,0.0
21593,107.0,120.0,0.0
21594,27.0,96.0,0.0
21595,11.0,342.0,0.0
21596,154.0,81.0,0.0
21597,26.0,267.0,0.0
21598,199.0,338.0,0.0
21599,154.0,114.0,0.0
21600,257.0,356.0,0.0
21601,196.0,504.0,0.0
21602,117.0,169.0,0.0
21603,143.0,169.0,0.0
21604,257.0,230.0,0.0
21605,187.0,370.0,0.0
21606,249.0,412.0,0.0
21607,258.0,255.0,0.0
21608,63.0,516.0,0.0
21609,175.0,437.0,0.0
21610,217.0,52.0,0.0
21611,95.0,60.0,0.0
21612,113.0,192.0,0.0
21613,83.0,507.0,0.0
21614,197.0,360.0,0.0
21615,227.0,224.0,0.0
21616,204.0,209.0,0.0
21617,136.0,273.0,0.0
21618,243.0,432.0,0.0
21619,159.0,553.0,0.0
21620,80.0,220.0,0.0
21621,192.0,127.0,0.0
21622,247.0,398.0,0.0
21623,85.0,53.0,0.0
21624,24.0,415.0,0.0
21625,21.0,102.0,0.0
21626,16.0,198.0,0.0
21627,25.0,153.0,0.0
21628,177.0,455.0,0.0
21629,70.0,105.0,0.0
21630,110.0,261.0,0.0
21631,169.0,323.0,0.0
21632,115.0,592.0,0.0
21633,231.0,576.0,0.0
21634,254.0,235.0,0.0
21635,193.0,447.0,0.0
21636,149.0,448.0,0.0
21637,103.0,156.0,0.0
21638,190.0,489.0,0.0
21639,76.0,518.0,0.0
21640,24.0,279.0,0.0
21641,79.0,581.0,0.0
21642,243.0,94.0,0.0
21643,34.0,464.0,0.0
21644,110.0,312.0,0.0
21645,125.0,574.0,0.0
21646,99.0,355.0,0.0
21647,132.0,272.0,0.0
21648,213.0,412.0,0.0
21649,49.0,397.0,0.0
21650,209.0,471.0,0.0
21651,1.0,520.0,0.0
21652,237.0,407.0,0.0
21653,224.0,410.0,0.0
21654,66.0,302.0,0.0
21655,136.0,61.0,0.0
21656,244.0,167.0,0.0
21657,8.0,541.0,0.0
21658,244.0,215.0,0.0
21659,86.0,580.0,0.0
21660,10.0,414.0,0.0
21661,79.0,406.0,0.0
21662,197.0,532.0,0.0
21663,20.0,358.0,0.0
21664,219.0,374.0,0.0
21665,102.0,197.0,0.0
21666,48.0,564.0,0.0
21667,174.0,229.0,0.0
21668,31.0,271.0,0.0
21669,143.0,444.0,0.0
21670,163.0,152.0,0.0
21671,231.0,477.0,0.0
21672,240.0,324.0,0.0
21673,106.0,483.0,0.0
21674,142.0,274.0,0.0
21675,44.0,540.0,0.0
21676,257.0,352.0,0.0
21677,191.0,592.0,0.0
21678,170.0,99.0,0.0
21679,0.0,414.0,0.0
21680,106.0,3.0,0.0
21681,107.0,501.0,0.0
21682,208.0,282.0,0.0
21683,14.0,303.0,0.0
21684,116.0,468.0,0.0
21685,219.0,253.0,0.0
21686,230.0,571.0,0.0
21687,209.0,339.0,0.0
21688,227.0,415.0,0.0
21689,103.0,483.0,0.0
21690,36.0,119.0,0.0
21691,81.0,475.0,0.0
21692,40.0,437.0,0.0
21693,5.0,524.0,0.0
21694,150.0,244.0,0.0
21695,47.0,220.0,0.0
21696,76.0,311.0,0.0
21697,252.0,114.0,0.0
21698,209.0,126.0,0.0
21699,79.0,396.0,0.0
21700,205.0,45.0,0.0
21701,244.0,116.0,0.0
21702,112.0,329.0,0.0
21703,242.0,511.0,0.0
21704,151.0,266.0,0.0
21705,27.0,387.0,0.0
21706,55.0,35.0,0.0
21707,195.0,571.0,0.0
21708,50.0,403.0,0.0
21709,113.0,550.0,0.0
21710,10.0,579.0,0.0
21711,156.0,118.0,0.0
21712,78.0,585.0,0.0
21713,134.0,252.0,0.0
21714,111.0,169.0,0.0
21715,80.0,512.0,0.0
21716,227.0,243.0,0.0
21717,36.0,422.0,0.0
21718,192.0,479.0,0.0
21719,7.0,526.0,0.0
21720,222.0,382.0,0.0
21721,227.0,504.0,0.0
21722,95.0,73.0,0.0
21723,69.0,322.0,0.0
21724,54.0,467.0,0.0
21725,242.0,192.0,0.0
21726,54.0,287.0,0.0
21727,121.0,215.0,0.0
21728,206.0,183.0,0.0
21729,116.0,425.0,0.0
21730,265.0,360.0,0.0
21731,8.0,310.0,0.0
21732,104.0,548.0,0.0
21733,6.0,354.0,0.0
21734,110.0,234.0,0.0
21735,166.0,46.0,0.0
21736,213.0,324.0,0.0
21737,199.0,586.0,0.0
21738,118.0,235.0,0.0
21739,59.0,316.0,0.0
21740,247.0,249.0,0.0
21741,49.0,41.0,0.0
21742,165.0,340.0,0.0
21743,226.0,345.0,0.0
21744,7.0,395.0,0.0
21745,24.0,299.0,0.0
21746,253.0,459.0,0.0
21747,127.0,329.0,0.0
21748,154.0,596.0,0.0
21749,186.0,143.0,0.0
21750,77.0,354.0,0.0
21751,61.0,160.0,0.0
21752,154.0,574.0,0.0
21753,66.0,336.0,0.0
21754,228.0,132.0,0.0
21755,147.0,174.0,0.0
21756,249.0,558.0,0.0
21757,152.0,66.0,0.0
21758,59.0,80.0,0.0
21759,125.0,203.0,0.0
21760,206.0,508.0,0.0
21761,152.0,547.0,0.0
21762,183.0,369.0,0.0
21763,41.0,54.0,0.0
21764,23.0,591.0,0.0
21765,251.0,264.0,0.0
21766,61.0,355.0,0.0
21767,160.0,116.0,0.0
21768,129.0,477.0,0.0
21769,53.0,469.0,0.0
21770,207.0,361.0,0.0
21771,65.0,566.0,0.0
21772,57.0,301.0,0.0
21773,33.0,430.0,0.0
21774,87.0,586.0,0.0
21775,163.0,506.0,0.0
21776,15.0,587.0,0.0
21777,223.0,402.0,0.0
21778,228.0,329.0,0.0
21779,138.0,230.0,0.0
21780,167.0,115.0,0.0
21781,66.0,255.0,0.0
21782,261.0,43.0,0.0
21783,247.0,77.0,0.0
21784,264.0,320.0,0.0
21785,82.0,290.0,0.0
21786,233.0,96.0,0.0
21787,265.0,303.0,0.0
21788,251.0,572.0,0.0
21789,150.0,439.0,0.0
21790,109.0,120.0,0.0
21791,244.0,123.0,0.0
21792,99.0,51.0,0.0
21793,188.0,491.0,0.0
21794,168.0,34.0,0.0
21795,70.0,418.0,0.0
21796,70.0,541.0,0.0
21797,260.0,50.0,0.0
21798,121.0,49.0,0.0
21799,149.0,209.0,0.0
21800,263.0,81.0,0.0
21801,22.0,392.0,0.0
21802,124.0,372.0,0.0
21803,56.0,280.0,0.0
21804,165.0,569.0,0.0
21805,147.0,362.0,0.0
21806,238.0,419.0,0.0
21807,229.0,596.0,0.0
21808,183.0,80.0,0.0
21809,15.0,579.0,0.0
21810,232.0,557.0,0.0
21811,170.0,222.0,0.0
21812,115.0,258.0,0.0
21813,257.0,393.0,0.0
21814,191.0,530.0,0.0
21815,66.0,590.0,0.0
21816,154.0,589.0,0.0
21817,72.0,138.0,0.0
21818,133.0,413.0,0.0
21819,3.0,482.0,0.0
21820,118.0,255.0,0.0
21821,45.0,484.0,0.0
21822,17.0,267.0,0.0
21823,263.0,112.0,0.0
21824,249.0,414.0,0.0
21825,71.0,140.0,0.0
21826,220.0,446.0,0.0
21827,233.0,75.0,0.0
21828,30.0,72.0,0.0
21829,237.0,134.0,0.0
21830,189.0,249.0,0.0
21831,173.0,157.0,0.0
21832,227.0,263.0,0.0
21833,234.0,28.0,0.0
21834,68.0,391.0,0.0
21835,90.0,191.0,0.0
21836,252.0,14.0,0.0
21837,57.0,427.0,0.0
21838,125.0,456.0,0.0
21839,153.0,339.0,0.0
21840,224.0,414.0,0.0
21841,256.0,211.0,0.0
21842,146.0,498.0,0.0
21843,84.0,547.0,0.0
21844,69.0,542.0,0.0
21845,173.0,476.0,0.0
21846,67.0,560.0,0.0
21847,28.0,58.0,0.0
21848,136.0,536.0,0.0
21849,31.0,173.0,0.0
21850,229.0,403.0,0.0
21851,221.0,161.0,0.0
21852,105.0,407.0,0.0
21853,265.0,188.0,0.0
21854,41.0,490.0,0.0
21855,159.0,449.0,0.0
21856,177.0,473.0,0.0
21857,26.0,302.0,0.0
21858,52.0,286.0,0.0
21859,263.0,228.0,0.0
21860,134.0,8.0,0.0
21861,204.0,482.0,0.0
21862,90.0,192.0,0.0
21863,139.0,575.0,0.0
21864,162.0,108.0,0.0
21865,43.0,409.0,0.0
21866,159.0,229.0,0.0
21867,184.0,428.0,0.0
21868,9.0,589.0,0.0
21869,11.0,189.0,0.0
21870,153.0,379.0,0.0
21871,92.0,88.0,0.0
21872,66.0,61.0,0.0
21873,26.0,34.0,0.0
21874,212.0,342.0,0.0
21875,237.0,503.0,0.0
21876,247.0,272.0,0.0
21877,7.0,589.0,0.0
21878,29.0,279.0,0.0
21879,168.0,394.0,0.0
21880,140.0,428.0,0.0
21881,158.0,178.0,0.0
21882,184.0,205.0,0.0
21883,99.0,192.0,0.0
21884,49.0,584.0,0.0
21885,17.0,328.0,0.0
21886,232.0,494.0,0.0
21887,145.0,486.0,0.0
21888,202.0,507.0,0.0
21889,187.0,140.0,0.0
21890,191.0,108.0,0.0
21891,110.0,275.0,0.0
21892,103.0,20.0,0.0
21893,121.0,67.0,0.0
21894,37.0,353.0,0.0
21895,121.0,476.0,0.0
21896,23.0,373.0,0.0
21897,211.0,363.0,0.0
21898,94.0,78.0,0.0
21899,143.0,397.0,0.0
21900,200.0,405.0,0.0
21901,225.0,1.0,0.0
21902,240.0,357.0,0.0
21903,58.0,10.0,0.0
21904,250.0,224.0,0.0
21905,90.0,380.0,0.0
21906,89.0,30.0,0.0
21907,20.0,49.0,0.0
21908,93.0,533.0,0.0
21909,188.0,580.0,0.0
21910,17.0,500.0,0.0
21911,95.0,308.0,0.0
21912,187.0,345.0,0.0
21913,88.0,327.0,0.0
21914,12.0,556.0,0.0
21915,59.0,304.0,0.0
21916,18.0,319.0,0.0
21917,53.0,221.0,0.0
21918,8.0,450.0,0.0
21919,45.0,421.0,0.0
21920,240.0,212.0,0.0
21921,180.0,401.0,0.0
21922,235.0,327.0,0.0
21923,125.0,339.0,0.0
21924,210.0,487.0,0.0
21925,197.0,375.0,0.0
21926,103.0,232.0,0.0
21927,164.0,101.0,0.0
21928,69.0,584.0,0.0
21929,87.0,531.0,0.0
21930,159.0,223.0,0.0
21931,58.0,283.0,0.0
21932,174.0,414.0,0.0
21933,99.0,85.0,0.0
21934,83.0,297.0,0.0
21935,57.0,545.0,0.0
21936,202.0,91.0,0.0
21937,79.0,503.0,0.0
21938,229.0,528.0,0.0
21939,92.0,224.0,0.0
21940,129.0,518.0,0.0
21941,60.0,575.0,0.0
21942,68.0,203.0,0.0
21943,116.0,588.0,0.0
21944,5.0,65.0,0.0
21945,142.0,429.0,0.0
21946,32.0,192.0,0.0
21947,106.0,170.0,0.0
21948,68.0,357.0,0.0
21949,113.0,280.0,0.0
21950,183.0,543.0,0.0
21951,79.0,196.0,0.0
21952,229.0,451.0,0.0
21953,267.0,490.0,0.0
21954,179.0,542.0,0.0
21955,26.0,74.0,0.0
21956,57.0,43.0,0.0
21957,251.0,340.0,0.0
21958,58.0,278.0,0.0
21959,136.0,132.0,0.0
21960,110.0,91.0,0.0
21961,126.0,571.0,0.0
21962,5.0,490.0,0.0
21963,53.0,373.0,0.0
21964,180.0,174.0,0.0
21965,154.0,49.0,0.0
21966,162.0,352.0,0.0
21967,210.0,18.0,0.0
21968,246.0,419.0,0.0
21969,256.0,120.0,0.0
21970,62.0,468.0,0.0
21971,63.0,487.0,0.0
21972,158.0,297.0,0.0
21973,198.0,111.0,0.0
21974,124.0,257.0,0.0
21975,151.0,167.0,0.0
21976,38.0,199.0,0.0
21977,16.0,411.0,0.0
21978,197.0,411.0,0.0
21979,108.0,449.0,0.0
21980,13.0,24.0,0.0
21981,188.0,593.0,0.0
21982,78.0,508.0,0.0
21983,126.0,184.0,0.0
21984,167.0,344.0,0.0
21985,210.0,348.0,0.0
21986,148.0,487.0,0.0
21987,13.0,316.0,0.0
21988,47.0,381.0,0.0
21989,187.0,237.0,0.0
21990,62.0,212.0,0.0
21991,244.0,87.0,0.0
21992,159.0,329.0,0.0
21993,250.0,34.0,0.0
21994,234.0,177.0,0.0
21995,0.0,201.0,0.0
21996,158.0,544.0,0.0
21997,27.0,115.0,0.0
21998,117.0,472.0,0.0
21999,41.0,81.0,0.0
22000,49.0,499.0,0.0
22001,18.0,595.0,0.0
22002,212.0,72.0,0.0
22003,202.0,324.0,0.0
22004,156.0,311.0,0.0
22005,158.0,435.0,0.0
22006,264.0,549.0,0.0
22007,179.0,586.0,0.0
22008,146.0,322.0,0.0
22009,234.0,299.0,0.0
22010,168.0,554.0,0.0
22011,206.0,27.0,0.0
22012,20.0,313.0,0.0
22013,130.0,509.0,0.0
22014,229.0,178.0,0.0
22015,2.0,178.0,0.0
22016,237.0,118.0,0.0
22017,20.0,286.0,0.0
22018,22.0,460.0,0.0
22019,268.0,519.0,0.0
22020,1.0,119.0,0.0
22021,4.0,360.0,0.0
22022,207.0,359.0,0.0
22023,243.0,116.0,0.0
22024,134.0,592.0,0.0
22025,3.0,476.0,0.0
22026,173.0,344.0,0.0
22027,59.0,527.0,0.0
22028,82.0,446.0,0.0
22029,117.0,360.0,0.0
22030,170.0,59.0,0.0
22031,203.0,150.0,0.0
22032,85.0,230.0,0.0
22033,142.0,446.0,0.0
22034,236.0,27.0,0.0
22035,222.0,325.0,0.0
22036,129.0,296.0,0.0
22037,156.0,551.0,0.0
22038,154.0,65.0,0.0
22039,238.0,423.0,0.0
22040,96.0,344.0,0.0
22041,21.0,433.0,0.0
22042,245.0,233.0,0.0
22043,107.0,435.0,0.0
22044,17.0,296.0,0.0
22045,72.0,289.0,0.0
22046,187.0,284.0,0.0
22047,36.0,218.0,0.0
22048,12.0,157.0,0.0
22049,263.0,220.0,0.0
22050,121.0,581.0,0.0
22051,98.0,62.0,0.0
22052,60.0,392.0,0.0
22053,144.0,145.0,0.0
22054,35.0,164.0,0.0
22055,8.0,470.0,0.0
22056,74.0,149.0,0.0
22057,2.0,391.0,0.0
22058,146.0,160.0,0.0
22059,124.0,13.0,0.0
22060,108.0,32.0,0.0
22061,236.0,394.0,0.0
22062,42.0,62.0,0.0
22063,193.0,439.0,0.0
22064,97.0,336.0,0.0
22065,108.0,493.0,0.0
22066,96.0,99.0,0.0
22067,135.0,539.0,0.0
22068,66.0,181.0,0.0
22069,228.0,453.0,0.0
22070,78.0,390.0,0.0
22071,148.0,496.0,0.0
22072,37.0,519.0,0.0
22073,35.0,28.0,0.0
22074,18.0,586.0,0.0
22075,182.0,244.0,0.0
22076,268.0,571.0,0.0
22077,244.0,596.0,0.0
22078,24.0,547.0,0.0
22079,243.0,436.0,0.0
22080,216.0,443.0,0.0
22081,109.0,501.0,0.0
22082,189.0,170.0,0.0
22083,260.0,91.0,0.0
22084,76.0,494.0,0.0
22085,135.0,218.0,0.0
22086,253.0,234.0,0.0
22087,96.0,131.0,0.0
22088,225.0,350.0,0.0
22089,36.0,76.0,0.0
22090,33.0,174.0,0.0
22091,30.0,386.0,0.0
22092,240.0,118.0,0.0
22093,99.0,143.0,0.0
22094,251.0,583.0,0.0
22095,145.0,298.0,0.0
22096,49.0,80.0,0.0
22097,200.0,57.0,0.0
22098,86.0,165.0,0.0
22099,124.0,221.0,0.0
22100,179.0,371.0,0.0
22101,63.0,237.0,0.0
22102,64.0,208.0,0.0
22103,136.0,80.0,0.0
22104,123.0,506.0,0.0
22105,172.0,37.0,0.0
22106,139.0,563.0,0.0
22107,188.0,535.0,0.0
22108,69.0,7.0,0.0
22109,138.0,519.0,0.0
22110,173.0,303.0,0.0
22111,58.0,296.0,0.0
22112,256.0,286.0,0.0
22113,162.0,466.0,0.0
22114,123.0,293.0,0.0
22115,24.0,252.0,0.0
22116,233.0,471.0,0.0
22117,138.0,536.0,0.0
22118,2.0,293.0,0.0
22119,107.0,44.0,0.0
22120,154.0,127.0,0.0
22121,240.0,56.0,0.0
22122,67.0,24.0,0.0
22123,38.0,489.0,0.0
22124,28.0,313.0,0.0
22125,92.0,286.0,0.0
22126,60.0,158.0,0.0
22127,85.0,294.0,0.0
22128,138.0,132.0,0.0
22129,247.0,382.0,0.0
22130,30.0,314.0,0.0
22131,93.0,427.0,0.0
22132,195.0,309.0,0.0
22133,125.0,562.0,0.0
22134,167.0,102.0,0.0
22135,176.0,580.0,0.0
22136,84.0,188.0,0.0
22137,178.0,502.0,0.0
22138,235.0,581.0,0.0
22139,124.0,68.0,0.0
22140,204.0,495.0,0.0
22141,232.0,415.0,0.0
22142,240.0,339.0,0.0
22143,229.0,562.0,0.0
22144,43.0,395.0,0.0
22145,211.0,37.0,0.0
22146,155.0,75.0,0.0
22147,223.0,358.0,0.0
22148,227.0,211.0,0.0
22149,201.0,226.0,0.0
22150,204.0,505.0,0.0
22151,63.0,75.0,0.0
22152,256.0,68.0,0.0
22153,35.0,360.0,0.0
22154,240.0,148.0,0.0
22155,94.0,419.0,0.0
22156,94.0,39.0,0.0
22157,152.0,404.0,0.0
22158,76.0,313.0,0.0
22159,167.0,361.0,0.0
22160,31.0,476.0,0.0
22161,245.0,251.0,0.0
22162,123.0,461.0,0.0
22163,230.0,239.0,0.0
22164,174.0,359.0,0.0
22165,51.0,364.0,0.0
22166,171.0,502.0,0.0
22167,63.0,4.0,0.0
22168,161.0,44.0,0.0
22169,156.0,432.0,0.0
22170,267.0,27.0,0.0
22171,107.0,160.0,0.0
22172,115.0,502.0,0.0
22173,1.0,460.0,0.0
22174,48.0,405.0,0.0
22175,111.0,579.0,0.0
22176,196.0,84.0,0.0
22177,156.0,578.0,0.0
22178,1.0,151.0,0.0
22179,128.0,424.0,0.0
22180,71.0,296.0,0.0
22181,67.0,455.0,0.0
22182,238.0,529.0,0.0
22183,47.0,472.0,0.0
22184,101.0,454.0,0.0
22185,261.0,74.0,0.0
22186,240.0,422.0,0.0
22187,264.0,219.0,0.0
22188,189.0,358.0,0.0
22189,42.0,75.0,0.0
22190,225.0,286.0,0.0
22191,166.0,363.0,0.0
22192,171.0,491.0,0.0
22193,261.0,279.0,0.0
22194,237.0,246.0,0.0
22195,174.0,555.0,0.0
22196,154.0,329.0,0.0
22197,76.0,360.0,0.0
22198,188.0,469.0,0.0
22199,161.0,336.0,0.0
22200,50.0,419.0,0.0
22201,7.0,240.0,0.0
22202,141.0,165.0,0.0
22203,1.0,497.0,0.0
22204,89.0,447.0,0.0
22205,90.0,180.0,0.0
22206,26.0,425.0,0.0
22207,84.0,338.0,0.0
22208,197.0,150.0,0.0
22209,229.0,390.0,0.0
22210,108.0,336.0,0.0
22211,40.0,14.0,0.0
22212,258.0,290.0,0.0
22213,215.0,205.0,0.0
22214,18.0,192.0,0.0
22215,151.0,128.0,0.0
22216,173.0,495.0,0.0
22217,164.0,464.0,0.0
22218,216.0,377.0,0.0
22219,260.0,150.0,0.0
22220,35.0,48.0,0.0
22221,263.0,13.0,0.0
22222,5.0,88.0,0.0
22223,37.0,504.0,0.0
22224,69.0,144.0,0.0
22225,226.0,515.0,0.0
22226,114.0,432.0,0.0
22227,106.0,448.0,0.0
22228,261.0,410.0,0.0
22229,24.0,370.0,0.0
22230,163.0,171.0,0.0
22231,90.0,250.0,0.0
22232,156.0,233.0,0.0
22233,187.0,323.0,0.0
22234,115.0,85.0,0.0
22235,78.0,396.0,0.0
22236,137.0,30.0,0.0
22237,176.0,453.0,0.0
22238,216.0,208.0,0.0
22239,66.0,312.0,0.0
22240,230.0,513.0,0.0
22241,199.0,545.0,0.0
22242,20.0,302.0,0.0
22243,68.0,372.0,0.0
22244,107.0,386.0,0.0
22245,32.0,404.0,0.0
22246,161.0,5.0,0.0
22247,122.0,579.0,0.0
22248,158.0,414.0,0.0
22249,47.0,366.0,0.0
22250,230.0,486.0,0.0
22251,140.0,67.0,0.0
22252,260.0,259.0,0.0
22253,172.0,595.0,0.0
22254,189.0,29.0,0.0
22255,25.0,253.0,0.0
22256,10.0,85.0,0.0
22257,172.0,77.0,0.0
22258,5.0,112.0,0.0
22259,228.0,206.0,0.0
22260,96.0,497.0,0.0
22261,225.0,13.0,0.0
22262,197.0,509.0,0.0
22263,59.0,300.0,0.0
22264,150.0,52.0,0.0
22265,172.0,215.0,0.0
22266,193.0,84.0,0.0
22267,35.0,337.0,0.0
22268,69.0,414.0,0.0
22269,237.0,385.0,0.0
22270,23.0,237.0,0.0
22271,206.0,510.0,0.0
22272,256.0,27.0,0.0
22273,23.0,84.0,0.0
22274,119.0,505.0,0.0
22275,199.0,548.0,0.0
22276,101.0,504.0,0.0
22277,132.0,566.0,0.0
22278,26.0,475.0,0.0
22279,35.0,192.0,0.0
22280,202.0,434.0,0.0
22281,71.0,373.0,0.0
22282,93.0,571.0,0.0
22283,76.0,449.0,0.0
22284,200.0,94.0,0.0
22285,236.0,161.0,0.0
22286,38.0,112.0,0.0
22287,252.0,199.0,0.0
22288,242.0,365.0,0.0
22289,58.0,326.0,0.0
22290,184.0,145.0,0.0
22291,76.0,322.0,0.0
22292,180.0,578.0,0.0
22293,41.0,296.0,0.0
22294,232.0,439.0,0.0
22295,142.0,183.0,0.0
22296,204.0,535.0,0.0
22297,221.0,512.0,0.0
22298,115.0,158.0,0.0
22299,161.0,19.0,0.0
22300,51.0,335.0,0.0
22301,184.0,126.0,0.0
22302,206.0,318.0,0.0
22303,142.0,430.0,0.0
22304,255.0,538.0,0.0
22305,257.0,472.0,0.0
22306,42.0,553.0,0.0
22307,219.0,282.0,0.0
22308,76.0,39.0,0.0
22309,116.0,464.0,0.0
22310,150.0,249.0,0.0
22311,233.0,494.0,0.0
22312,12.0,593.0,0.0
22313,95.0,351.0,0.0
22314,84.0,301.0,0.0
22315,217.0,589.0,0.0
22316,118.0,90.0,0.0
22317,55.0,12.0,0.0
22318,19.0,319.0,0.0
22319,95.0,573.0,0.0
22320,236.0,584.0,0.0
22321,267.0,351.0,0.0
22322,189.0,427.0,0.0
22323,47.0,542.0,0.0
22324,211.0,527.0,0.0
22325,84.0,331.0,0.0
22326,33.0,216.0,0.0
22327,32.0,330.0,0.0
22328,83.0,431.0,0.0
22329,131.0,56.0,0.0
22330,187.0,338.0,0.0
22331,38.0,407.0,0.0
22332,102.0,446.0,0.0
22333,219.0,575.0,0.0
22334,90.0,480.0,0.0
22335,200.0,92.0,0.0
22336,256.0,239.0,0.0
22337,72.0,532.0,0.0
22338,182.0,205.0,0.0
22339,76.0,92.0,0.0
22340,15.0,254.0,0.0
22341,260.0,220.0,0.0
22342,262.0,505.0,0.0
22343,101.0,496.0,0.0
22344,119.0,101.0,0.0
22345,142.0,589.0,0.0
22346,238.0,275.0,0.0
22347,49.0,279.0,0.0
22348,260.0,118.0,0.0
22349,50.0,572.0,0.0
22350,243.0,220.0,0.0
22351,21.0,5.0,0.0
22352,89.0,96.0,0.0
22353,15.0,452.0,0.0
22354,183.0,386.0,0.0
22355,259.0,503.0,0.0
22356,262.0,361.0,0.0
22357,268.0,356.0,0.0
22358,76.0,283.0,0.0
22359,106.0,115.0,0.0
22360,197.0,155.0,0.0
22361,172.0,190.0,0.0
22362,146.0,97.0,0.0
22363,256.0,592.0,0.0
22364,179.0,366.0,0.0
22365,71.0,59.0,0.0
22366,10.0,518.0,0.0
22367,96.0,357.0,0.0
22368,120.0,222.0,0.0
22369,11.0,537.0,0.0
22370,35.0,209.0,0.0
22371,73.0,219.0,0.0
22372,27.0,358.0,0.0
22373,24.0,417.0,0.0
22374,120.0,163.0,0.0
22375,56.0,101.0,0.0
22376,262.0,350.0,0.0
22377,225.0,88.0,0.0
22378,114.0,167.0,0.0
22379,201.0,550.0,0.0
22380,173.0,448.0,0.0
22381,46.0,258.0,0.0
22382,198.0,359.0,0.0
22383,173.0,250.0,0.0
22384,40.0,531.0,0.0
22385,2.0,570.0,0.0
22386,104.0,170.0,0.0
22387,166.0,134.0,0.0
22388,187.0,90.0,0.0
22389,238.0,522.0,0.0
22390,118.0,113.0,0.0
22391,170.0,268.0,0.0
22392,264.0,220.0,0.0
22393,110.0,176.0,0.0
22394,73.0,104.0,0.0
22395,180.0,85.0,0.0
22396,55.0,292.0,0.0
22397,11.0,416.0,0.0
22398,52.0,102.0,0.0
22399,115.0,546.0,0.0
22400,61.0,83.0,0.0
22401,14.0,284.0,0.0
22402,198.0,324.0,0.0
22403,156.0,229.0,0.0
22404,7.0,164.0,0.0
22405,16.0,552.0,0.0
22406,145.0,142.0,0.0
22407,95.0,91.0,0.0
22408,118.0,531.0,0.0
22409,49.0,318.0,0.0
22410,218.0,225.0,0.0
22411,155.0,576.0,0.0
22412,157.0,451.0,0.0
22413,114.0,358.0,0.0
22414,242.0,280.0,0.0
22415,170.0,346.0,0.0
22416,108.0,483.0,0.0
22417,60.0,451.0,0.0
22418,19.0,385.0,0.0
22419,205.0,288.0,0.0
22420,52.0,512.0,0.0
22421,46.0,281.0,0.0
22422,40.0,37.0,0.0
22423,103.0,589.0,0.0
22424,94.0,48.0,0.0
22425,73.0,18.0,0.0
22426,199.0,59.0,0.0
22427,201.0,590.0,0.0
22428,238.0,527.0,0.0
22429,173.0,477.0,0.0
22430,34.0,331.0,0.0
22431,99.0,218.0,0.0
22432,213.0,512.0,0.0
22433,73.0,242.0,0.0
22434,254.0,570.0,0.0
22435,130.0,56.0,0.0
22436,163.0,522.0,0.0
22437,27.0,384.0,0.0
22438,47.0,245.0,0.0
22439,197.0,278.0,0.0
22440,40.0,180.0,0.0
22441,53.0,465.0,0.0
22442,4.0,317.0,0.0
22443,24.0,531.0,0.0
22444,169.0,422.0,0.0
22445,159.0,32.0,0.0
22446,138.0,119.0,0.0
22447,130.0,525.0,0.0
22448,209.0,421.0,0.0
22449,249.0,440.0,0.0
22450,220.0,329.0,0.0
22451,140.0,574.0,0.0
22452,119.0,143.0,0.0
22453,18.0,516.0,0.0
22454,115.0,51.0,0.0
22455,229.0,205.0,0.0
22456,81.0,140.0,0.0
22457,107.0,346.0,0.0
22458,0.0,282.0,0.0
22459,158.0,340.0,0.0
22460,39.0,489.0,0.0
22461,214.0,318.0,0.0
22462,143.0,204.0,0.0
22463,256.0,350.0,0.0
22464,113.0,457.0,0.0
22465,155.0,277.0,0.0
22466,74.0,553.0,0.0
22467,214.0,583.0,0.0
22468,7.0,350.0,0.0
22469,220.0,242.0,0.0
22470,95.0,480.0,0.0
22471,192.0,202.0,0.0
22472,41.0,132.0,0.0
22473,179.0,271.0,0.0
22474,74.0,65.0,0.0
22475,201.0,596.0,0.0
22476,38.0,380.0,0.0
22477,243.0,47.0,0.0
22478,41.0,290.0,0.0
22479,21.0,437.0,0.0
22480,244.0,225.0,0.0
22481,172.0,328.0,0.0
22482,103.0,212.0,0.0
22483,92.0,34.0,0.0
22484,87.0,577.0,0.0
22485,246.0,139.0,0.0
22486,66.0,310.0,0.0
22487,121.0,129.0,0.0
22488,77.0,357.0,0.0
22489,119.0,445.0,0.0
22490,60.0,114.0,0.0
22491,107.0,497.0,0.0
22492,149.0,191.0,0.0
22493,73.0,454.0,0.0
22494,191.0,163.0,0.0
22495,250.0,386.0,0.0
22496,260.0,31.0,0.0
22497,76.0,226.0,0.0
22498,125.0,563.0,0.0
22499,10.0,258.0,0.0
22500,171.0,352.0,0.0
22501,159.0,428.0,0.0
22502,210.0,578.0,0.0
22503,6.0,576.0,0.0
22504,238.0,56.0,0.0
22505,125.0,379.0,0.0
22506,124.0,432.0,0.0
22507,162.0,53.0,0.0
22508,110.0,103.0,0.0
22509,15.0,309.0,0.0
22510,59.0,150.0,0.0
22511,206.0,321.0,0.0
22512,263.0,327.0,0.0
22513,160.0,332.0,0.0
22514,119.0,42.0,0.0
22515,258.0,268.0,0.0
22516,163.0,72.0,0.0
22517,54.0,259.0,0.0
22518,71.0,209.0,0.0
22519,175.0,561.0,0.0
22520,5.0,297.0,0.0
22521,260.0,580.0,0.0
22522,96.0,198.0,0.0
22523,190.0,125.0,0.0
22524,8.0,525.0,0.0
22525,219.0,107.0,0.0
22526,167.0,590.0,0.0
22527,166.0,62.0,0.0
22528,200.0,358.0,0.0
22529,246.0,48.0,0.0
22530,154.0,404.0,0.0
22531,191.0,434.0,0.0
22532,95.0,479.0,0.0
22533,58.0,420.0,0.0
22534,41.0,119.0,0.0
22535,201.0,171.0,0.0
22536,238.0,581.0,0.0
22537,241.0,588.0,0.0
22538,194.0,294.0,0.0
22539,190.0,569.0,0.0
22540,245.0,262.0,0.0
22541,128.0,466.0,0.0
22542,69.0,80.0,0.0
22543,258.0,382.0,0.0
22544,247.0,513.0,0.0
22545,145.0,487.0,0.0
22546,261.0,512.0,0.0
22547,152.0,226.0,0.0
22548,252.0,312.0,0.0
22549,25.0,22.0,0.0
22550,258.0,433.0,0.0
22551,201.0,270.0,0.0
22552,58.0,221.0,0.0
22553,54.0,366.0,0.0
22554,31.0,579.0,0.0
22555,225.0,108.0,0.0
22556,210.0,376.0,0.0
22557,33.0,265.0,0.0
22558,184.0,123.0,0.0
22559,150.0,222.0,0.0
22560,16.0,174.0,0.0
22561,67.0,348.0,0.0
22562,136.0,15.0,0.0
22563,117.0,573.0,0.0
22564,253.0,101.0,0.0
22565,19.0,530.0,0.0
22566,116.0,0.0,0.0
22567,129.0,560.0,0.0
22568,3.0,477.0,0.0
22569,85.0,455.0,0.0
22570,260.0,319.0,0.0
22571,243.0,229.0,0.0
22572,28.0,426.0,0.0
22573,220.0,59.0,0.0
22574,179.0,62.0,0.0
22575,67.0,293.0,0.0
22576,246.0,466.0,0.0
22577,182.0,438.0,0.0
22578,93.0,430.0,0.0
22579,130.0,72.0,0.0
22580,74.0,592.0,0.0
22581,200.0,504.0,0.0
22582,263.0,575.0,0.0
22583,220.0,441.0,0.0
22584,29.0,36.0,0.0
22585,13.0,92.0,0.0
22586,150.0,13.0,0.0
22587,123.0,450.0,0.0
22588,201.0,160.0,0.0
22589,241.0,193.0,0.0
22590,41.0,257.0,0.0
22591,48.0,240.0,0.0
22592,29.0,483.0,0.0
22593,104.0,396.0,0.0
22594,205.0,571.0,0.0
22595,60.0,558.0,0.0
22596,33.0,382.0,0.0
22597,74.0,174.0,0.0
22598,132.0,553.0,0.0
22599,114.0,457.0,0.0
22600,246.0,468.0,0.0
22601,150.0,195.0,0.0
22602,90.0,364.0,0.0
22603,137.0,458.0,0.0
22604,265.0,384.0,0.0
22605,248.0,519.0,0.0
22606,18.0,184.0,0.0
22607,111.0,453.0,0.0
22608,227.0,414.0,0.0
22609,38.0,348.0,0.0
22610,261.0,513.0,0.0
22611,37.0,178.0,0.0
22612,56.0,232.0,0.0
22613,186.0,530.0,0.0
22614,254.0,396.0,0.0
22615,113.0,15.0,0.0
22616,173.0,579.0,0.0
22617,3.0,504.0,0.0
22618,246.0,19.0,0.0
22619,46.0,127.0,0.0
22620,96.0,540.0,0.0
22621,129.0,514.0,0.0
22622,137.0,0.0,0.0
22623,163.0,158.0,0.0
22624,33.0,237.0,0.0
22625,155.0,3.0,0.0
22626,93.0,30.0,0.0
22627,241.0,207.0,0.0
22628,97.0,285.0,0.0
22629,47.0,288.0,0.0
22630,231.0,417.0,0.0
22631,199.0,53.0,0.0
22632,209.0,424.0,0.0
22633,72.0,531.0,0.0
22634,25.0,561.0,0.0
22635,18.0,52.0,0.0
22636,94.0,253.0,0.0
22637,195.0,285.0,0.0
22638,19.0,139.0,0.0
22639,92.0,412.0,0.0
22640,178.0,75.0,0.0
22641,160.0,15.0,0.0
22642,35.0,596.0,0.0
22643,67.0,183.0,0.0
22644,85.0,66.0,0.0
22645,242.0,448.0,0.0
22646,4.0,570.0,0.0
22647,111.0,105.0,0.0
22648,11.0,584.0,0.0
22649,52.0,211.0,0.0
22650,107.0,208.0,0.0
22651,0.0,206.0,0.0
22652,159.0,517.0,0.0
22653,123.0,589.0,0.0
22654,135.0,37.0,0.0
22655,50.0,15.0,0.0
22656,163.0,98.0,0.0
22657,80.0,52.0,0.0
22658,156.0,297.0,0.0
22659,189.0,488.0,0.0
22660,36.0,100.0,0.0
22661,251.0,50.0,0.0
22662,192.0,454.0,0.0
22663,175.0,358.0,0.0
22664,64.0,592.0,0.0
22665,55.0,542.0,0.0
22666,250.0,360.0,0.0
22667,8.0,32.0,0.0
22668,138.0,185.0,0.0
22669,179.0,69.0,0.0
22670,1.0,382.0,0.0
22671,209.0,309.0,0.0
22672,39.0,252.0,0.0
22673,235.0,349.0,0.0
22674,202.0,357.0,0.0
22675,84.0,13.0,0.0
22676,106.0,132.0,0.0
22677,239.0,107.0,0.0
22678,154.0,288.0,0.0
22679,244.0,138.0,0.0
22680,62.0,201.0,0.0
22681,48.0,73.0,0.0
22682,3.0,65.0,0.0
22683,36.0,500.0,0.0
22684,231.0,583.0,0.0
22685,184.0,121.0,0.0
22686,262.0,379.0,0.0
22687,69.0,412.0,0.0
22688,146.0,416.0,0.0
22689,140.0,543.0,0.0
22690,109.0,458.0,0.0
22691,247.0,528.0,0.0
22692,216.0,325.0,0.0
22693,223.0,577.0,0.0
22694,256.0,365.0,0.0
22695,195.0,101.0,0.0
22696,96.0,590.0,0.0
22697,6.0,207.0,0.0
22698,132.0,297.0,0.0
22699,167.0,263.0,0.0
22700,25.0,184.0,0.0
22701,25.0,487.0,0.0
22702,139.0,254.0,0.0
22703,52.0,593.0,0.0
22704,179.0,347.0,0.0
22705,120.0,62.0,0.0
22706,206.0,102.0,0.0
22707,94.0,94.0,0.0
22708,198.0,102.0,0.0
22709,259.0,300.0,0.0
22710,241.0,571.0,0.0
22711,184.0,105.0,0.0
22712,167.0,503.0,0.0
22713,55.0,114.0,0.0
22714,104.0,375.0,0.0
22715,131.0,429.0,0.0
22716,261.0,555.0,0.0
22717,146.0,471.0,0.0
22718,213.0,83.0,0.0
22719,179.0,266.0,0.0
22720,229.0,349.0,0.0
22721,88.0,489.0,0.0
22722,217.0,213.0,0.0
22723,45.0,571.0,0.0
22724,83.0,165.0,0.0
22725,30.0,242.0,0.0
22726,65.0,502.0,0.0
22727,150.0,209.0,0.0
22728,80.0,265.0,0.0
22729,193.0,396.0,0.0
22730,121.0,402.0,0.0
22731,88.0,575.0,0.0
22732,220.0,200.0,0.0
22733,27.0,187.0,0.0
22734,136.0,564.0,0.0
22735,243.0,443.0,0.0
22736,74.0,568.0,0.0
22737,193.0,380.0,0.0
22738,58.0,76.0,0.0
22739,244.0,385.0,0.0
22740,176.0,590.0,0.0
22741,50.0,24.0,0.0
22742,247.0,463.0,0.0
22743,161.0,205.0,0.0
22744,68.0,32.0,0.0
22745,146.0,285.0,0.0
22746,162.0,474.0,0.0
22747,188.0,207.0,0.0
22748,56.0,446.0,0.0
22749,46.0,323.0,0.0
22750,82.0,253.0,0.0
22751,156.0,503.0,0.0
22752,43.0,456.0,0.0
22753,118.0,179.0,0.0
22754,94.0,82.0,0.0
22755,140.0,580.0,0.0
22756,256.0,300.0,0.0
22757,266.0,351.0,0.0
22758,53.0,46.0,0.0
22759,230.0,360.0,0.0
22760,170.0,502.0,0.0
22761,235.0,217.0,0.0
22762,7.0,534.0,0.0
22763,248.0,357.0,0.0
22764,13.0,254.0,0.0
22765,143.0,281.0,0.0
22766,23.0,330.0,0.0
22767,55.0,68.0,0.0
22768,171.0,430.0,0.0
22769,22.0,71.0,0.0
22770,96.0,236.0,0.0
22771,112.0,528.0,0.0
22772,57.0,414.0,0.0
22773,163.0,306.0,0.0
22774,161.0,149.0,0.0
22775,146.0,293.0,0.0
22776,240.0,431.0,0.0
22777,124.0,46.0,0.0
22778,157.0,575.0,0.0
22779,195.0,71.0,0.0
22780,160.0,561.0,0.0
22781,63.0,27.0,0.0
22782,94.0,345.0,0.0
22783,55.0,457.0,0.0
22784,124.0,147.0,0.0
22785,258.0,27.0,0.0
22786,255.0,494.0,0.0
22787,234.0,96.0,0.0
22788,210.0,129.0,0.0
22789,135.0,495.0,0.0
22790,21.0,357.0,0.0
22791,67.0,109.0,0.0
22792,220.0,492.0,0.0
22793,250.0,575.0,0.0
22794,218.0,586.0,0.0
22795,73.0,58.0,0.0
22796,78.0,71.0,0.0
22797,79.0,240.0,0.0
22798,221.0,296.0,0.0
22799,18.0,129.0,0.0
22800,223.0,52.0,0.0
22801,89.0,513.0,0.0
22802,121.0,275.0,0.0
22803,197.0,196.0,0.0
22804,98.0,291.0,0.0
22805,127.0,341.0,0.0
22806,65.0,249.0,0.0
22807,3.0,517.0,0.0
22808,201.0,476.0,0.0
22809,188.0,113.0,0.0
22810,236.0,359.0,0.0
22811,83.0,296.0,0.0
22812,237.0,425.0,0.0
22813,239.0,182.0,0.0
22814,94.0,538.0,0.0
22815,178.0,34.0,0.0
22816,70.0,270.0,0.0
22817,137.0,209.0,0.0
22818,171.0,0.0,0.0
22819,268.0,318.0,0.0
22820,101.0,484.0,0.0
22821,92.0,496.0,0.0
22822,181.0,541.0,0.0
22823,23.0,508.0,0.0
22824,225.0,535.0,0.0
22825,243.0,406.0,0.0
22826,187.0,118.0,0.0
22827,204.0,416.0,0.0
22828,259.0,192.0,0.0
22829,31.0,597.0,0.0
22830,256.0,87.0,0.0
22831,130.0,278.0,0.0
22832,75.0,30.0,0.0
22833,182.0,19.0,0.0
22834,193.0,578.0,0.0
22835,34.0,332.0,0.0
22836,33.0,280.0,0.0
22837,164.0,460.0,0.0
22838,190.0,310.0,0.0
22839,167.0,365.0,0.0
22840,160.0,500.0,0.0
22841,215.0,454.0,0.0
22842,106.0,319.0,0.0
22843,12.0,221.0,0.0
22844,240.0,581.0,0.0
22845,166.0,367.0,0.0
22846,79.0,192.0,0.0
22847,248.0,309.0,0.0
22848,226.0,563.0,0.0
22849,148.0,193.0,0.0
22850,37.0,176.0,0.0
22851,142.0,220.0,0.0
22852,155.0,360.0,0.0
22853,92.0,173.0,0.0
22854,136.0,590.0,0.0
22855,170.0,481.0,0.0
22856,118.0,456.0,0.0
22857,253.0,253.0,0.0
22858,111.0,597.0,0.0
22859,66.0,386.0,0.0
22860,150.0,519.0,0.0
22861,50.0,60.0,0.0
22862,77.0,387.0,0.0
22863,207.0,107.0,0.0
22864,144.0,29.0,0.0
22865,169.0,554.0,0.0
22866,229.0,490.0,0.0
22867,246.0,383.0,0.0
22868,119.0,365.0,0.0
22869,43.0,465.0,0.0
22870,261.0,542.0,0.0
22871,265.0,262.0,0.0
22872,164.0,72.0,0.0
22873,57.0,388.0,0.0
22874,125.0,156.0,0.0
22875,99.0,535.0,0.0
22876,247.0,328.0,0.0
22877,103.0,580.0,0.0
22878,91.0,44.0,0.0
22879,253.0,414.0,0.0
22880,124.0,329.0,0.0
22881,103.0,243.0,0.0
22882,39.0,301.0,0.0
22883,73.0,520.0,0.0
22884,72.0,496.0,0.0
22885,194.0,25.0,0.0
22886,222.0,18.0,0.0
22887,183.0,232.0,0.0
22888,212.0,212.0,0.0
22889,162.0,22.0,0.0
22890,208.0,436.0,0.0
22891,157.0,467.0,0.0
22892,152.0,165.0,0.0
22893,120.0,191.0,0.0
22894,112.0,212.0,0.0
22895,156.0,172.0,0.0
22896,236.0,445.0,0.0
22897,100.0,247.0,0.0
22898,18.0,167.0,0.0
22899,43.0,99.0,0.0
22900,102.0,315.0,0.0
22901,211.0,160.0,0.0
22902,125.0,262.0,0.0
22903,72.0,162.0,0.0
22904,87.0,251.0,0.0
22905,8.0,451.0,0.0
22906,133.0,159.0,0.0
22907,29.0,527.0,0.0
22908,170.0,229.0,0.0
22909,104.0,302.0,0.0
22910,184.0,69.0,0.0
22911,84.0,388.0,0.0
22912,5.0,110.0,0.0
22913,110.0,535.0,0.0
22914,11.0,194.0,0.0
22915,63.0,281.0,0.0
22916,262.0,380.0,0.0
22917,45.0,230.0,0.0
22918,230.0,454.0,0.0
22919,136.0,594.0,0.0
22920,96.0,359.0,0.0
22921,123.0,446.0,0.0
22922,216.0,461.0,0.0
22923,145.0,501.0,0.0
22924,189.0,296.0,0.0
22925,205.0,85.0,0.0
22926,256.0,123.0,0.0
22927,0.0,321.0,0.0
22928,234.0,506.0,0.0
22929,2.0,333.0,0.0
22930,223.0,274.0,0.0
22931,95.0,34.0,0.0
22932,201.0,289.0,0.0
22933,150.0,120.0,0.0
22934,221.0,459.0,0.0
22935,13.0,458.0,0.0
22936,72.0,116.0,0.0
22937,221.0,439.0,0.0
22938,82.0,336.0,0.0
22939,181.0,310.0,0.0
22940,62.0,307.0,0.0
22941,47.0,470.0,0.0
22942,144.0,239.0,0.0
22943,153.0,327.0,0.0
22944,172.0,409.0,0.0
22945,70.0,362.0,0.0
22946,181.0,131.0,0.0
22947,251.0,304.0,0.0
22948,10.0,401.0,0.0
22949,8.0,562.0,0.0
22950,35.0,393.0,0.0
22951,199.0,375.0,0.0
22952,240.0,267.0,0.0
22953,44.0,62.0,0.0
22954,228.0,0.0,0.0
22955,133.0,303.0,0.0
22956,104.0,198.0,0.0
22957,112.0,200.0,0.0
22958,131.0,271.0,0.0
22959,214.0,82.0,0.0
22960,43.0,513.0,0.0
22961,139.0,489.0,0.0
22962,162.0,144.0,0.0
22963,188.0,495.0,0.0
22964,260.0,179.0,0.0
22965,100.0,278.0,0.0
22966,180.0,42.0,0.0
22967,84.0,438.0,0.0
22968,2.0,166.0,0.0
22969,67.0,594.0,0.0
22970,129.0,123.0,0.0
22971,100.0,391.0,0.0
22972,123.0,139.0,0.0
22973,116.0,342.0,0.0
22974,243.0,36.0,0.0
22975,139.0,94.0,0.0
22976,191.0,449.0,0.0
22977,59.0,467.0,0.0
22978,74.0,469.0,0.0
22979,136.0,575.0,0.0
22980,263.0,248.0,0.0
22981,196.0,506.0,0.0
22982,146.0,556.0,0.0
22983,235.0,38.0,0.0
22984,78.0,463.0,0.0
22985,215.0,108.0,0.0
22986,21.0,448.0,0.0
22987,109.0,209.0,0.0
22988,104.0,87.0,0.0
22989,138.0,520.0,0.0
22990,12.0,562.0,0.0
22991,61.0,486.0,0.0
22992,72.0,57.0,0.0
22993,235.0,413.0,0.0
22994,223.0,171.0,0.0
22995,164.0,368.0,0.0
22996,133.0,449.0,0.0
22997,83.0,482.0,0.0
22998,257.0,34.0,0.0
22999,241.0,51.0,0.0
23000,187.0,266.0,0.0
23001,217.0,358.0,0.0
23002,135.0,299.0,0.0
23003,190.0,466.0,0.0
23004,109.0,46.0,0.0
23005,132.0,307.0,0.0
23006,242.0,575.0,0.0
23007,247.0,369.0,0.0
23008,135.0,240.0,0.0
23009,176.0,380.0,0.0
23010,241.0,88.0,0.0
23011,16.0,581.0,0.0
23012,261.0,437.0,0.0
23013,35.0,494.0,0.0
23014,17.0,325.0,0.0
23015,218.0,513.0,0.0
23016,98.0,242.0,0.0
23017,174.0,500.0,0.0
23018,135.0,139.0,0.0
23019,260.0,559.0,0.0
23020,6.0,60.0,0.0
23021,69.0,271.0,0.0
23022,66.0,394.0,0.0
23023,240.0,531.0,0.0
23024,106.0,64.0,0.0
23025,70.0,581.0,0.0
23026,108.0,486.0,0.0
23027,208.0,434.0,0.0
23028,243.0,16.0,0.0
23029,140.0,58.0,0.0
23030,0.0,221.0,0.0
23031,78.0,307.0,0.0
23032,15.0,28.0,0.0
23033,201.0,115.0,0.0
23034,160.0,415.0,0.0
23035,258.0,538.0,0.0
23036,12.0,149.0,0.0
23037,132.0,150.0,0.0
23038,5.0,542.0,0.0
23039,14.0,371.0,0.0
23040,260.0,210.0,0.0
23041,51.0,420.0,0.0
23042,88.0,120.0,0.0
23043,240.0,306.0,0.0
23044,57.0,339.0,0.0
23045,233.0,28.0,0.0
23046,215.0,427.0,0.0
23047,221.0,57.0,0.0
23048,84.0,536.0,0.0
23049,1.0,366.0,0.0
23050,234.0,130.0,0.0
23051,265.0,248.0,0.0
23052,139.0,460.0,0.0
23053,100.0,453.0,0.0
23054,83.0,206.0,0.0
23055,42.0,118.0,0.0
23056,57.0,326.0,0.0
23057,265.0,297.0,0.0
23058,240.0,474.0,0.0
23059,240.0,201.0,0.0
23060,52.0,467.0,0.0
23061,203.0,568.0,0.0
23062,21.0,137.0,0.0
23063,152.0,233.0,0.0
23064,85.0,142.0,0.0
23065,228.0,348.0,0.0
23066,235.0,346.0,0.0
23067,122.0,477.0,0.0
23068,238.0,158.0,0.0
23069,107.0,20.0,0.0
23070,128.0,90.0,0.0
23071,147.0,566.0,0.0
23072,98.0,406.0,0.0
23073,51.0,26.0,0.0
23074,205.0,394.0,0.0
23075,111.0,124.0,0.0
23076,184.0,554.0,0.0
23077,221.0,85.0,0.0
23078,221.0,303.0,0.0
23079,111.0,317.0,0.0
23080,98.0,461.0,0.0
23081,238.0,192.0,0.0
23082,181.0,493.0,0.0
23083,252.0,133.0,0.0
23084,0.0,447.0,0.0
23085,100.0,588.0,0.0
23086,109.0,484.0,0.0
23087,212.0,85.0,0.0
23088,122.0,91.0,0.0
23089,15.0,560.0,0.0
23090,31.0,510.0,0.0
23091,92.0,136.0,0.0
23092,42.0,496.0,0.0
23093,69.0,465.0,0.0
23094,124.0,90.0,0.0
23095,268.0,307.0,0.0
23096,104.0,366.0,0.0
23097,144.0,581.0,0.0
23098,122.0,252.0,0.0
23099,90.0,334.0,0.0
23100,18.0,208.0,0.0
23101,54.0,574.0,0.0
23102,190.0,434.0,0.0
23103,4.0,446.0,0.0
23104,76.0,197.0,0.0
23105,100.0,155.0,0.0
23106,106.0,13.0,0.0
23107,96.0,577.0,0.0
23108,111.0,51.0,0.0
23109,43.0,531.0,0.0
23110,113.0,522.0,0.0
23111,197.0,303.0,0.0
23112,133.0,473.0,0.0
23113,122.0,319.0,0.0
23114,44.0,595.0,0.0
23115,91.0,236.0,0.0
23116,128.0,579.0,0.0
23117,10.0,231.0,0.0
23118,3.0,452.0,0.0
23119,191.0,429.0,0.0
23120,266.0,81.0,0.0
23121,227.0,17.0,0.0
23122,116.0,586.0,0.0
23123,51.0,536.0,0.0
23124,115.0,376.0,0.0
23125,112.0,596.0,0.0
23126,244.0,396.0,0.0
23127,213.0,407.0,0.0
23128,21.0,232.0,0.0
23129,155.0,209.0,0.0
23130,94.0,514.0,0.0
23131,241.0,359.0,0.0
23132,124.0,183.0,0.0
23133,215.0,457.0,0.0
23134,38.0,252.0,0.0
23135,27.0,328.0,0.0
23136,20.0,81.0,0.0
23137,175.0,510.0,0.0
23138,143.0,134.0,0.0
23139,42.0,124.0,0.0
23140,152.0,496.0,0.0
23141,97.0,249.0,0.0
23142,137.0,161.0,0.0
23143,205.0,493.0,0.0
23144,123.0,239.0,0.0
23145,228.0,491.0,0.0
23146,264.0,418.0,0.0
23147,98.0,393.0,0.0
23148,133.0,520.0,0.0
23149,12.0,202.0,0.0
23150,148.0,486.0,0.0
23151,232.0,545.0,0.0
23152,198.0,568.0,0.0
23153,174.0,65.0,0.0
23154,75.0,447.0,0.0
23155,74.0,541.0,0.0
23156,6.0,112.0,0.0
23157,36.0,382.0,0.0
23158,210.0,131.0,0.0
23159,167.0,216.0,0.0
23160,139.0,298.0,0.0
23161,29.0,343.0,0.0
23162,135.0,203.0,0.0
23163,137.0,222.0,0.0
23164,89.0,468.0,0.0
23165,14.0,266.0,0.0
23166,91.0,400.0,0.0
23167,35.0,7.0,0.0
23168,164.0,393.0,0.0
23169,133.0,366.0,0.0
23170,99.0,257.0,0.0
23171,113.0,41.0,0.0
23172,5.0,9.0,0.0
23173,182.0,66.0,0.0
23174,70.0,417.0,0.0
23175,158.0,149.0,0.0
23176,123.0,528.0,0.0
23177,46.0,190.0,0.0
23178,258.0,457.0,0.0
23179,129.0,15.0,0.0
23180,172.0,431.0,0.0
23181,102.0,517.0,0.0
23182,141.0,441.0,0.0
23183,222.0,337.0,0.0
23184,74.0,225.0,0.0
23185,113.0,253.0,0.0
23186,83.0,556.0,0.0
23187,173.0,305.0,0.0
23188,96.0,349.0,0.0
23189,181.0,116.0,0.0
23190,83.0,503.0,0.0
23191,126.0,440.0,0.0
23192,114.0,250.0,0.0
23193,220.0,290.0,0.0
23194,267.0,39.0,0.0
23195,91.0,307.0,0.0
23196,212.0,447.0,0.0
23197,95.0,129.0,0.0
23198,260.0,567.0,0.0
23199,154.0,312.0,0.0
23200,220.0,212.0,0.0
23201,173.0,325.0,0.0
23202,231.0,294.0,0.0
23203,138.0,255.0,0.0
23204,198.0,371.0,0.0
23205,56.0,550.0,0.0
23206,148.0,466.0,0.0
23207,196.0,137.0,0.0
23208,48.0,582.0,0.0
23209,199.0,428.0,0.0
23210,6.0,592.0,0.0
23211,178.0,350.0,0.0
23212,38.0,525.0,0.0
23213,188.0,566.0,0.0
23214,37.0,417.0,0.0
23215,107.0,150.0,0.0
23216,106.0,305.0,0.0
23217,43.0,26.0,0.0
23218,265.0,462.0,0.0
23219,15.0,304.0,0.0
23220,172.0,549.0,0.0
23221,127.0,370.0,0.0
23222,36.0,128.0,0.0
23223,125.0,245.0,0.0
23224,95.0,44.0,0.0
23225,264.0,291.0,0.0
23226,181.0,24.0,0.0
23227,83.0,360.0,0.0
23228,169.0,107.0,0.0
23229,23.0,338.0,0.0
23230,114.0,557.0,0.0
23231,53.0,592.0,0.0
23232,264.0,334.0,0.0
23233,174.0,219.0,0.0
23234,109.0,166.0,0.0
23235,62.0,119.0,0.0
23236,191.0,183.0,0.0
23237,157.0,438.0,0.0
23238,70.0,462.0,0.0
23239,211.0,408.0,0.0
23240,130.0,199.0,0.0
23241,27.0,444.0,0.0
23242,240.0,135.0,0.0
23243,96.0,566.0,0.0
23244,152.0,321.0,0.0
23245,92.0,280.0,0.0
23246,200.0,166.0,0.0
23247,163.0,349.0,0.0
23248,238.0,355.0,0.0
23249,134.0,465.0,0.0
23250,113.0,490.0,0.0
23251,56.0,182.0,0.0
23252,36.0,105.0,0.0
23253,66.0,523.0,0.0
23254,10.0,150.0,0.0
23255,48.0,278.0,0.0
23256,262.0,276.0,0.0
23257,29.0,510.0,0.0
23258,39.0,42.0,0.0
23259,268.0,535.0,0.0
23260,2.0,386.0,0.0
23261,18.0,22.0,0.0
23262,231.0,299.0,0.0
23263,102.0,362.0,0.0
23264,25.0,178.0,0.0
23265,169.0,347.0,0.0
23266,205.0,125.0,0.0
23267,70.0,48.0,0.0
23268,168.0,212.0,0.0
23269,40.0,117.0,0.0
23270,216.0,592.0,0.0
23271,22.0,565.0,0.0
23272,103.0,528.0,0.0
23273,205.0,565.0,0.0
23274,24.0,508.0,0.0
23275,262.0,541.0,0.0
23276,3.0,126.0,0.0
23277,204.0,571.0,0.0
23278,73.0,336.0,0.0
23279,58.0,522.0,0.0
23280,225.0,382.0,0.0
23281,258.0,242.0,0.0
23282,44.0,296.0,0.0
23283,43.0,371.0,0.0
23284,65.0,31.0,0.0
23285,215.0,237.0,0.0
23286,187.0,479.0,0.0
23287,36.0,217.0,0.0
23288,140.0,551.0,0.0
23289,145.0,306.0,0.0
23290,66.0,199.0,0.0
23291,209.0,17.0,0.0
23292,87.0,520.0,0.0
23293,160.0,480.0,0.0
23294,235.0,192.0,0.0
23295,143.0,238.0,0.0
23296,204.0,300.0,0.0
23297,143.0,115.0,0.0
23298,255.0,1.0,0.0
23299,201.0,526.0,0.0
23300,167.0,489.0,0.0
23301,263.0,295.0,0.0
23302,89.0,260.0,0.0
23303,26.0,562.0,0.0
23304,119.0,201.0,0.0
23305,5.0,445.0,0.0
23306,140.0,8.0,0.0
23307,165.0,232.0,0.0
23308,40.0,205.0,0.0
23309,219.0,521.0,0.0
23310,29.0,83.0,0.0
23311,42.0,499.0,0.0
23312,99.0,136.0,0.0
23313,51.0,277.0,0.0
23314,192.0,582.0,0.0
23315,217.0,479.0,0.0
23316,99.0,518.0,0.0
23317,59.0,284.0,0.0
23318,195.0,24.0,0.0
23319,153.0,302.0,0.0
23320,181.0,197.0,0.0
23321,18.0,427.0,0.0
23322,193.0,577.0,0.0
23323,91.0,578.0,0.0
23324,101.0,157.0,0.0
23325,62.0,440.0,0.0
23326,90.0,548.0,0.0
23327,207.0,309.0,0.0
23328,214.0,110.0,0.0
23329,259.0,506.0,0.0
23330,154.0,194.0,0.0
23331,165.0,210.0,0.0
23332,55.0,339.0,0.0
23333,82.0,547.0,0.0
23334,230.0,552.0,0.0
23335,252.0,493.0,0.0
23336,218.0,329.0,0.0
23337,6.0,91.0,0.0
23338,67.0,29.0,0.0
23339,36.0,568.0,0.0
23340,107.0,456.0,0.0
23341,92.0,532.0,0.0
23342,252.0,523.0,0.0
23343,240.0,290.0,0.0
23344,49.0,570.0,0.0
23345,113.0,290.0,0.0
23346,232.0,273.0,0.0
23347,222.0,201.0,0.0
23348,247.0,344.0,0.0
23349,268.0,537.0,0.0
23350,168.0,18.0,0.0
23351,229.0,495.0,0.0
23352,245.0,294.0,0.0
23353,34.0,158.0,0.0
23354,32.0,359.0,0.0
23355,240.0,168.0,0.0
23356,97.0,133.0,0.0
23357,165.0,389.0,0.0
23358,42.0,463.0,0.0
23359,44.0,43.0,0.0
23360,128.0,577.0,0.0
23361,134.0,178.0,0.0
23362,112.0,391.0,0.0
23363,123.0,202.0,0.0
23364,82.0,335.0,0.0
23365,230.0,566.0,0.0
23366,164.0,75.0,0.0
23367,120.0,394.0,0.0
23368,233.0,576.0,0.0
23369,122.0,150.0,0.0
23370,257.0,156.0,0.0
23371,31.0,534.0,0.0
23372,211.0,316.0,0.0
23373,255.0,469.0,0.0
23374,174.0,210.0,0.0
23375,177.0,193.0,0.0
23376,258.0,579.0,0.0
23377,222.0,466.0,0.0
23378,166.0,335.0,0.0
23379,78.0,450.0,0.0
23380,151.0,85.0,0.0
23381,197.0,326.0,0.0
23382,186.0,168.0,0.0
23383,61.0,290.0,0.0
23384,180.0,343.0,0.0
23385,134.0,349.0,0.0
23386,230.0,9.0,0.0
23387,132.0,508.0,0.0
23388,219.0,412.0,0.0
23389,165.0,216.0,0.0
23390,152.0,477.0,0.0
23391,154.0,53.0,0.0
23392,18.0,203.0,0.0
23393,251.0,122.0,0.0
23394,15.0,34.0,0.0
23395,1.0,311.0,0.0
23396,4.0,292.0,0.0
23397,218.0,131.0,0.0
23398,257.0,531.0,0.0
23399,234.0,153.0,0.0
23400,171.0,79.0,0.0
23401,84.0,30.0,0.0
23402,173.0,347.0,0.0
23403,55.0,46.0,0.0
23404,6.0,436.0,0.0
23405,88.0,179.0,0.0
23406,161.0,586.0,0.0
23407,170.0,536.0,0.0
23408,194.0,319.0,0.0
23409,153.0,25.0,0.0
23410,54.0,572.0,0.0
23411,192.0,287.0,0.0
23412,12.0,558.0,0.0
23413,158.0,87.0,0.0
23414,150.0,345.0,0.0
23415,117.0,45.0,0.0
23416,131.0,361.0,0.0
23417,106.0,308.0,0.0
23418,99.0,407.0,0.0
23419,52.0,290.0,0.0
23420,79.0,543.0,0.0
23421,3.0,322.0,0.0
23422,254.0,579.0,0.0
23423,127.0,155.0,0.0
23424,95.0,343.0,0.0
23425,179.0,202.0,0.0
23426,195.0,530.0,0.0
23427,71.0,83.0,0.0
23428,127.0,4.0,0.0
23429,35.0,247.0,0.0
23430,5.0,345.0,0.0
23431,145.0,402.0,0.0
23432,110.0,376.0,0.0
23433,195.0,376.0,0.0
23434,42.0,279.0,0.0
23435,218.0,16.0,0.0
23436,42.0,338.0,0.0
23437,16.0,327.0,0.0
23438,171.0,155.0,0.0
23439,112.0,99.0,0.0
23440,50.0,530.0,0.0
23441,137.0,294.0,0.0
23442,120.0,220.0,0.0
23443,182.0,430.0,0.0
23444,52.0,236.0,0.0
23445,215.0,358.0,0.0
23446,2.0,0.0,0.0
23447,215.0,339.0,0.0
23448,213.0,186.0,0.0
23449,72.0,359.0,0.0
23450,23.0,383.0,0.0
23451,154.0,169.0,0.0
23452,42.0,222.0,0.0
23453,50.0,294.0,0.0
23454,77.0,204.0,0.0
23455,253.0,531.0,0.0
23456,264.0,232.0,0.0
23457,48.0,246.0,0.0
23458,76.0,97.0,0.0
23459,54.0,568.0,0.0
23460,250.0,312.0,0.0
23461,57.0,265.0,0.0
23462,34.0,305.0,0.0
23463,195.0,336.0,0.0
23464,237.0,447.0,0.0
23465,103.0,45.0,0.0
23466,70.0,92.0,0.0
23467,188.0,347.0,0.0
23468,200.0,141.0,0.0
23469,255.0,559.0,0.0
23470,36.0,381.0,0.0
23471,226.0,82.0,0.0
23472,161.0,159.0,0.0
23473,89.0,269.0,0.0
23474,177.0,67.0,0.0
23475,184.0,575.0,0.0
23476,17.0,581.0,0.0
23477,17.0,456.0,0.0
23478,220.0,71.0,0.0
23479,206.0,387.0,0.0
23480,188.0,509.0,0.0
23481,258.0,422.0,0.0
23482,155.0,526.0,0.0
23483,222.0,533.0,0.0
23484,154.0,136.0,0.0
23485,236.0,113.0,0.0
23486,11.0,547.0,0.0
23487,210.0,526.0,0.0
23488,121.0,497.0,0.0
23489,111.0,417.0,0.0
23490,3.0,259.0,0.0
23491,23.0,482.0,0.0
23492,33.0,505.0,0.0
23493,71.0,482.0,0.0
23494,237.0,140.0,0.0
23495,253.0,515.0,0.0
23496,173.0,121.0,0.0
23497,217.0,341.0,0.0
23498,134.0,265.0,0.0
23499,165.0,470.0,0.0
23500,262.0,323.0,0.0
23501,72.0,410.0,0.0
23502,194.0,519.0,0.0
23503,198.0,510.0,0.0
23504,111.0,504.0,0.0
23505,32.0,90.0,0.0
23506,93.0,468.0,0.0
23507,112.0,560.0,0.0
23508,229.0,236.0,0.0
23509,251.0,570.0,0.0
23510,50.0,466.0,0.0
23511,62.0,449.0,0.0
23512,193.0,204.0,0.0
23513,112.0,285.0,0.0
23514,169.0,503.0,0.0
23515,133.0,328.0,0.0
23516,166.0,23.0,0.0
23517,220.0,113.0,0.0
23518,194.0,190.0,0.0
23519,160.0,510.0,0.0
23520,250.0,554.0,0.0
23521,41.0,494.0,0.0
23522,151.0,290.0,0.0
23523,257.0,99.0,0.0
23524,175.0,562.0,0.0
23525,133.0,463.0,0.0
23526,45.0,232.0,0.0
23527,116.0,494.0,0.0
23528,42.0,50.0,0.0
23529,140.0,553.0,0.0
23530,268.0,553.0,0.0
23531,177.0,247.0,0.0
23532,257.0,338.0,0.0
23533,206.0,413.0,0.0
23534,171.0,452.0,0.0
23535,80.0,342.0,0.0
23536,3.0,223.0,0.0
23537,36.0,333.0,0.0
23538,79.0,537.0,0.0
23539,132.0,324.0,0.0
23540,225.0,413.0,0.0
23541,24.0,501.0,0.0
23542,125.0,61.0,0.0
23543,168.0,525.0,0.0
23544,132.0,40.0,0.0
23545,48.0,120.0,0.0
23546,228.0,210.0,0.0
23547,224.0,37.0,0.0
23548,41.0,397.0,0.0
23549,127.0,479.0,0.0
23550,35.0,161.0,0.0
23551,178.0,383.0,0.0
23552,231.0,104.0,0.0
23553,44.0,2.0,0.0
23554,60.0,436.0,0.0
23555,107.0,349.0,0.0
23556,110.0,146.0,0.0
23557,50.0,260.0,0.0
23558,75.0,437.0,0.0
23559,213.0,29.0,0.0
23560,126.0,56.0,0.0
23561,234.0,457.0,0.0
23562,87.0,386.0,0.0
23563,191.0,12.0,0.0
23564,193.0,424.0,0.0
23565,190.0,0.0,0.0
23566,83.0,229.0,0.0
23567,238.0,152.0,0.0
23568,1.0,199.0,0.0
23569,126.0,284.0,0.0
23570,27.0,92.0,0.0
23571,182.0,139.0,0.0
23572,179.0,577.0,0.0
23573,129.0,256.0,0.0
23574,167.0,368.0,0.0
23575,132.0,169.0,0.0
23576,17.0,508.0,0.0
23577,163.0,436.0,0.0
23578,172.0,247.0,0.0
23579,225.0,375.0,0.0
23580,115.0,328.0,0.0
23581,34.0,22.0,0.0
23582,128.0,558.0,0.0
23583,95.0,23.0,0.0
23584,225.0,440.0,0.0
23585,238.0,106.0,0.0
23586,13.0,583.0,0.0
23587,166.0,351.0,0.0
23588,260.0,45.0,0.0
23589,101.0,394.0,0.0
23590,261.0,516.0,0.0
23591,209.0,22.0,0.0
23592,229.0,441.0,0.0
23593,36.0,439.0,0.0
23594,170.0,425.0,0.0
23595,265.0,521.0,0.0
23596,157.0,582.0,0.0
23597,25.0,120.0,0.0
23598,6.0,203.0,0.0
23599,151.0,332.0,0.0
23600,253.0,34.0,0.0
23601,16.0,416.0,0.0
23602,221.0,229.0,0.0
23603,208.0,339.0,0.0
23604,222.0,27.0,0.0
23605,268.0,183.0,0.0
23606,257.0,557.0,0.0
23607,173.0,79.0,0.0
23608,221.0,561.0,0.0
23609,51.0,350.0,0.0
23610,239.0,259.0,0.0
23611,99.0,21.0,0.0
23612,241.0,322.0,0.0
23613,181.0,568.0,0.0
23614,56.0,394.0,0.0
23615,171.0,428.0,0.0
23616,239.0,449.0,0.0
23617,53.0,249.0,0.0
23618,125.0,558.0,0.0
23619,87.0,264.0,0.0
23620,186.0,132.0,0.0
23621,221.0,149.0,0.0
23622,78.0,301.0,0.0
23623,235.0,120.0,0.0
23624,103.0,142.0,0.0
23625,190.0,554.0,0.0
23626,195.0,181.0,0.0
23627,67.0,568.0,0.0
23628,33.0,292.0,0.0
23629,241.0,200.0,0.0
23630,39.0,418.0,0.0
23631,231.0,36.0,0.0
23632,32.0,399.0,0.0
23633,9.0,110.0,0.0
23634,45.0,242.0,0.0
23635,246.0,110.0,0.0
23636,242.0,490.0,0.0
23637,192.0,44.0,0.0
23638,126.0,347.0,0.0
23639,120.0,535.0,0.0
23640,234.0,166.0,0.0
23641,78.0,420.0,0.0
23642,182.0,112.0,0.0
23643,74.0,161.0,0.0
23644,263.0,210.0,0.0
23645,171.0,353.0,0.0
23646,56.0,587.0,0.0
23647,9.0,9.0,0.0
23648,90.0,573.0,0.0
23649,117.0,576.0,0.0
23650,85.0,536.0,0.0
23651,6.0,459.0,0.0
23652,207.0,151.0,0.0
23653,60.0,516.0,0.0
23654,64.0,580.0,0.0
23655,36.0,194.0,0.0
23656,164.0,407.0,0.0
23657,159.0,320.0,0.0
23658,5.0,484.0,0.0
23659,160.0,462.0,0.0
23660,203.0,325.0,0.0
23661,253.0,100.0,0.0
23662,243.0,106.0,0.0
23663,40.0,67.0,0.0
23664,37.0,307.0,0.0
23665,33.0,396.0,0.0
23666,128.0,449.0,0.0
23667,50.0,339.0,0.0
23668,142.0,282.0,0.0
23669,41.0,168.0,0.0
23670,162.0,458.0,0.0
23671,258.0,57.0,0.0
23672,128.0,543.0,0.0
23673,53.0,45.0,0.0
23674,99.0,261.0,0.0
23675,76.0,277.0,0.0
23676,141.0,195.0,0.0
23677,87.0,353.0,0.0
23678,237.0,236.0,0.0
23679,155.0,338.0,0.0
23680,102.0,278.0,0.0
23681,157.0,243.0,0.0
23682,188.0,353.0,0.0
23683,173.0,328.0,0.0
23684,212.0,539.0,0.0
23685,205.0,8.0,0.0
23686,105.0,574.0,0.0
23687,115.0,425.0,0.0
23688,204.0,114.0,0.0
23689,47.0,9.0,0.0
23690,128.0,177.0,0.0
23691,184.0,458.0,0.0
23692,49.0,64.0,0.0
23693,124.0,5.0,0.0
23694,86.0,559.0,0.0
23695,113.0,361.0,0.0
23696,198.0,75.0,0.0
23697,66.0,58.0,0.0
23698,195.0,102.0,0.0
23699,192.0,262.0,0.0
23700,34.0,411.0,0.0
23701,232.0,433.0,0.0
23702,48.0,53.0,0.0
23703,236.0,73.0,0.0
23704,243.0,11.0,0.0
23705,229.0,370.0,0.0
23706,69.0,459.0,0.0
23707,4.0,137.0,0.0
23708,102.0,519.0,0.0
23709,266.0,571.0,0.0
23710,77.0,466.0,0.0
23711,141.0,349.0,0.0
23712,104.0,377.0,0.0
23713,260.0,84.0,0.0
23714,11.0,523.0,0.0
23715,197.0,317.0,0.0
23716,43.0,340.0,0.0
23717,11.0,101.0,0.0
23718,251.0,323.0,0.0
23719,268.0,77.0,0.0
23720,227.0,320.0,0.0
23721,213.0,78.0,0.0
23722,212.0,163.0,0.0
23723,25.0,389.0,0.0
23724,266.0,358.0,0.0
23725,7.0,471.0,0.0
23726,197.0,436.0,0.0
23727,85.0,558.0,0.0
23728,131.0,197.0,0.0
23729,192.0,531.0,0.0
23730,99.0,183.0,0.0
23731,42.0,89.0,0.0
23732,250.0,524.0,0.0
23733,198.0,161.0,0.0
23734,259.0,88.0,0.0
23735,23.0,102.0,0.0
23736,159.0,25.0,0.0
23737,246.0,154.0,0.0
23738,166.0,43.0,0.0
23739,90.0,365.0,0.0
23740,168.0,14.0,0.0
23741,105.0,475.0,0.0
23742,110.0,595.0,0.0
23743,48.0,184.0,0.0
23744,98.0,392.0,0.0
23745,101.0,201.0,0.0
23746,133.0,432.0,0.0
23747,65.0,257.0,0.0
23748,215.0,310.0,0.0
23749,98.0,408.0,0.0
23750,108.0,591.0,0.0
23751,175.0,69.0,0.0
23752,182.0,370.0,0.0
23753,110.0,197.0,0.0
23754,225.0,250.0,0.0
23755,113.0,412.0,0.0
23756,203.0,456.0,0.0
23757,250.0,415.0,0.0
23758,198.0,212.0,0.0
23759,192.0,210.0,0.0
23760,222.0,439.0,0.0
23761,75.0,472.0,0.0
23762,82.0,200.0,0.0
23763,147.0,90.0,0.0
23764,92.0,87.0,0.0
23765,234.0,139.0,0.0
23766,156.0,11.0,0.0
23767,241.0,516.0,0.0
23768,19.0,405.0,0.0
23769,9.0,442.0,0.0
23770,14.0,351.0,0.0
23771,61.0,399.0,0.0
23772,206.0,243.0,0.0
23773,180.0,23.0,0.0
23774,158.0,539.0,0.0
23775,138.0,560.0,0.0
23776,116.0,275.0,0.0
23777,69.0,223.0,0.0
23778,240.0,554.0,0.0
23779,47.0,545.0,0.0
23780,202.0,563.0,0.0
23781,117.0,558.0,0.0
23782,197.0,126.0,0.0
23783,26.0,459.0,0.0
23784,188.0,411.0,0.0
23785,58.0,178.0,0.0
23786,169.0,476.0,0.0
23787,142.0,561.0,0.0
23788,17.0,13.0,0.0
23789,232.0,224.0,0.0
23790,9.0,229.0,0.0
23791,72.0,473.0,0.0
23792,225.0,102.0,0.0
23793,201.0,443.0,0.0
23794,37.0,36.0,0.0
23795,53.0,548.0,0.0
23796,68.0,408.0,0.0
23797,167.0,95.0,0.0
23798,109.0,549.0,0.0
23799,80.0,587.0,0.0
23800,193.0,417.0,0.0
23801,162.0,521.0,0.0
23802,12.0,387.0,0.0
23803,94.0,579.0,0.0
23804,129.0,389.0,0.0
23805,218.0,293.0,0.0
23806,241.0,217.0,0.0
23807,177.0,188.0,0.0
23808,122.0,417.0,0.0
23809,213.0,463.0,0.0
23810,67.0,384.0,0.0
23811,127.0,330.0,0.0
23812,91.0,280.0,0.0
23813,216.0,569.0,0.0
23814,50.0,166.0,0.0
23815,68.0,329.0,0.0
23816,117.0,63.0,0.0
23817,110.0,591.0,0.0
23818,163.0,162.0,0.0
23819,258.0,220.0,0.0
23820,28.0,552.0,0.0
23821,196.0,16.0,0.0
23822,71.0,450.0,0.0
23823,112.0,144.0,0.0
23824,188.0,551.0,0.0
23825,159.0,339.0,0.0
23826,237.0,82.0,0.0
23827,11.0,10.0,0.0
23828,118.0,72.0,0.0
23829,179.0,245.0,0.0
23830,243.0,334.0,0.0
23831,71.0,454.0,0.0
23832,131.0,505.0,0.0
23833,103.0,237.0,0.0
23834,115.0,370.0,0.0
23835,194.0,293.0,0.0
23836,66.0,305.0,0.0
23837,108.0,564.0,0.0
23838,41.0,474.0,0.0
23839,9.0,136.0,0.0
23840,36.0,575.0,0.0
23841,240.0,519.0,0.0
23842,161.0,556.0,0.0
23843,111.0,235.0,0.0
23844,176.0,461.0,0.0
23845,59.0,371.0,0.0
23846,230.0,335.0,0.0
23847,212.0,83.0,0.0
23848,4.0,427.0,0.0
23849,118.0,508.0,0.0
23850,112.0,294.0,0.0
23851,87.0,310.0,0.0
23852,203.0,593.0,0.0
23853,266.0,534.0,0.0
23854,229.0,161.0,0.0
23855,93.0,81.0,0.0
23856,74.0,562.0,0.0
23857,248.0,464.0,0.0
23858,237.0,569.0,0.0
23859,115.0,179.0,0.0
23860,55.0,183.0,0.0
23861,31.0,121.0,0.0
23862,256.0,371.0,0.0
23863,191.0,266.0,0.0
23864,214.0,257.0,0.0
23865,146.0,219.0,0.0
23866,29.0,23.0,0.0
23867,30.0,385.0,0.0
23868,170.0,15.0,0.0
23869,241.0,53.0,0.0
23870,152.0,15.0,0.0
23871,125.0,438.0,0.0
23872,114.0,208.0,0.0
23873,179.0,560.0,0.0
23874,9.0,567.0,0.0
23875,153.0,133.0,0.0
23876,261.0,256.0,0.0
23877,256.0,52.0,0.0
23878,211.0,579.0,0.0
23879,96.0,376.0,0.0
23880,152.0,145.0,0.0
23881,77.0,331.0,0.0
23882,127.0,473.0,0.0
23883,130.0,5.0,0.0
23884,266.0,557.0,0.0
23885,258.0,426.0,0.0
23886,205.0,544.0,0.0
23887,158.0,417.0,0.0
23888,49.0,251.0,0.0
23889,1.0,419.0,0.0
23890,49.0,516.0,0.0
23891,202.0,341.0,0.0
23892,224.0,324.0,0.0
23893,19.0,577.0,0.0
23894,256.0,201.0,0.0
23895,65.0,595.0,0.0
23896,185.0,510.0,0.0
23897,256.0,213.0,0.0
23898,183.0,360.0,0.0
23899,215.0,433.0,0.0
23900,113.0,8.0,0.0
23901,20.0,298.0,0.0
23902,26.0,155.0,0.0
23903,1.0,480.0,0.0
23904,186.0,128.0,0.0
23905,182.0,151.0,0.0
23906,81.0,271.0,0.0
23907,212.0,576.0,0.0
23908,225.0,116.0,0.0
23909,246.0,30.0,0.0
23910,210.0,238.0,0.0
23911,92.0,585.0,0.0
23912,141.0,450.0,0.0
23913,113.0,312.0,0.0
23914,223.0,417.0,0.0
23915,6.0,141.0,0.0
23916,125.0,94.0,0.0
23917,191.0,75.0,0.0
23918,131.0,167.0,0.0
23919,69.0,428.0,0.0
23920,258.0,556.0,0.0
23921,215.0,36.0,0.0
23922,202.0,558.0,0.0
23923,42.0,30.0,0.0
23924,129.0,553.0,0.0
23925,51.0,148.0,0.0
23926,137.0,238.0,0.0
23927,23.0,202.0,0.0
23928,252.0,84.0,0.0
23929,229.0,300.0,0.0
23930,231.0,281.0,0.0
23931,135.0,334.0,0.0
23932,170.0,338.0,0.0
23933,214.0,338.0,0.0
23934,45.0,526.0,0.0
23935,173.0,9.0,0.0
23936,45.0,565.0,0.0
23937,259.0,194.0,0.0
23938,88.0,552.0,0.0
23939,49.0,486.0,0.0
23940,219.0,511.0,0.0
23941,175.0,235.0,0.0
23942,81.0,82.0,0.0
23943,108.0,67.0,0.0
23944,231.0,92.0,0.0
23945,122.0,572.0,0.0
23946,213.0,532.0,0.0
23947,8.0,130.0,0.0
23948,210.0,344.0,0.0
23949,167.0,322.0,0.0
23950,127.0,0.0,0.0
23951,230.0,172.0,0.0
23952,43.0,461.0,0.0
23953,18.0,366.0,0.0
23954,6.0,388.0,0.0
23955,98.0,73.0,0.0
23956,69.0,79.0,0.0
23957,106.0,556.0,0.0
23958,268.0,254.0,0.0
23959,70.0,288.0,0.0
23960,97.0,21.0,0.0
23961,220.0,506.0,0.0
23962,216.0,161.0,0.0
23963,35.0,116.0,0.0
23964,137.0,358.0,0.0
23965,29.0,257.0,0.0
23966,143.0,418.0,0.0
23967,25.0,438.0,0.0
23968,90.0,60.0,0.0
23969,13.0,406.0,0.0
23970,0.0,98.0,0.0
23971,96.0,537.0,0.0
23972,80.0,585.0,0.0
23973,267.0,467.0,0.0
23974,192.0,243.0,0.0
23975,92.0,332.0,0.0
23976,166.0,8.0,0.0
23977,127.0,325.0,0.0
23978,86.0,537.0,0.0
23979,179.0,255.0,0.0
23980,99.0,69.0,0.0
23981,30.0,399.0,0.0
23982,231.0,489.0,0.0
23983,69.0,194.0,0.0
23984,110.0,353.0,0.0
23985,192.0,587.0,0.0
23986,177.0,549.0,0.0
23987,205.0,511.0,0.0
23988,80.0,313.0,0.0
23989,37.0,406.0,0.0
23990,111.0,450.0,0.0
23991,27.0,211.0,0.0
23992,25.0,563.0,0.0
23993,120.0,41.0,0.0
23994,52.0,264.0,0.0
23995,119.0,142.0,0.0
23996,243.0,540.0,0.0
23997,136.0,21.0,0.0
23998,85.0,218.0,0.0
23999,175.0,65.0,0.0
24000,43.0,515.0,0.0
24001,115.0,552.0,0.0
24002,73.0,284.0,0.0
24003,218.0,43.0,0.0
24004,8.0,559.0,0.0
24005,94.0,288.0,0.0
24006,29.0,566.0,0.0
24007,11.0,443.0,0.0
24008,232.0,243.0,0.0
24009,122.0,576.0,0.0
24010,164.0,379.0,0.0
24011,32.0,209.0,0.0
24012,176.0,82.0,0.0
24013,144.0,186.0,0.0
24014,235.0,490.0,0.0
24015,53.0,433.0,0.0
24016,3.0,257.0,0.0
24017,186.0,580.0,0.0
24018,175.0,63.0,0.0
24019,142.0,91.0,0.0
24020,11.0,179.0,0.0
24021,21.0,487.0,0.0
24022,265.0,137.0,0.0
24023,18.0,27.0,0.0
24024,39.0,147.0,0.0
24025,6.0,212.0,0.0
24026,229.0,228.0,0.0
24027,114.0,57.0,0.0
24028,68.0,536.0,0.0
24029,125.0,547.0,0.0
24030,243.0,44.0,0.0
24031,159.0,454.0,0.0
24032,181.0,259.0,0.0
24033,171.0,403.0,0.0
24034,187.0,427.0,0.0
24035,34.0,320.0,0.0
24036,207.0,489.0,0.0
24037,41.0,236.0,0.0
24038,141.0,479.0,0.0
24039,142.0,90.0,0.0
24040,146.0,538.0,0.0
24041,140.0,244.0,0.0
24042,59.0,537.0,0.0
24043,139.0,265.0,0.0
24044,266.0,552.0,0.0
24045,143.0,511.0,0.0
24046,190.0,438.0,0.0
24047,52.0,256.0,0.0
24048,261.0,428.0,0.0
24049,262.0,298.0,0.0
24050,21.0,182.0,0.0
24051,64.0,481.0,0.0
24052,204.0,230.0,0.0
24053,153.0,248.0,0.0
24054,259.0,136.0,0.0
24055,233.0,382.0,0.0
24056,214.0,540.0,0.0
24057,265.0,363.0,0.0
24058,35.0,18.0,0.0
24059,18.0,12.0,0.0
24060,41.0,560.0,0.0
24061,101.0,453.0,0.0
24062,24.0,226.0,0.0
24063,225.0,421.0,0.0
24064,264.0,73.0,0.0
24065,219.0,476.0,0.0
24066,161.0,523.0,0.0
24067,139.0,375.0,0.0
24068,132.0,345.0,0.0
24069,20.0,252.0,0.0
24070,159.0,105.0,0.0
24071,121.0,88.0,0.0
24072,212.0,53.0,0.0
24073,53.0,295.0,0.0
24074,98.0,346.0,0.0
24075,114.0,383.0,0.0
24076,229.0,519.0,0.0
24077,86.0,399.0,0.0
24078,92.0,116.0,0.0
24079,158.0,57.0,0.0
24080,163.0,27.0,0.0
24081,12.0,289.0,0.0
24082,82.0,75.0,0.0
24083,40.0,307.0,0.0
24084,63.0,503.0,0.0
24085,26.0,298.0,0.0
24086,218.0,135.0,0.0
24087,93.0,120.0,0.0
24088,51.0,425.0,0.0
24089,81.0,449.0,0.0
24090,110.0,157.0,0.0
24091,44.0,414.0,0.0
24092,142.0,106.0,0.0
24093,183.0,356.0,0.0
24094,166.0,233.0,0.0
24095,61.0,301.0,0.0
24096,27.0,462.0,0.0
24097,84.0,453.0,0.0
24098,261.0,314.0,0.0
24099,9.0,121.0,0.0
24100,89.0,49.0,0.0
24101,159.0,564.0,0.0
24102,126.0,338.0,0.0
24103,249.0,284.0,0.0
24104,118.0,73.0,0.0
24105,257.0,354.0,0.0
24106,204.0,98.0,0.0
24107,188.0,18.0,0.0
24108,195.0,99.0,0.0
24109,177.0,254.0,0.0
24110,89.0,76.0,0.0
24111,42.0,369.0,0.0
24112,38.0,435.0,0.0
24113,218.0,432.0,0.0
24114,221.0,275.0,0.0
24115,29.0,512.0,0.0
24116,113.0,537.0,0.0
24117,170.0,136.0,0.0
24118,200.0,513.0,0.0
24119,22.0,92.0,0.0
24120,18.0,158.0,0.0
24121,246.0,422.0,0.0
24122,210.0,577.0,0.0
24123,188.0,577.0,0.0
24124,219.0,166.0,0.0
24125,266.0,122.0,0.0
24126,45.0,297.0,0.0
24127,248.0,484.0,0.0
24128,203.0,407.0,0.0
24129,267.0,145.0,0.0
24130,233.0,24.0,0.0
24131,194.0,65.0,0.0
24132,56.0,318.0,0.0
24133,34.0,0.0,0.0
24134,24.0,475.0,0.0
24135,241.0,369.0,0.0
24136,214.0,457.0,0.0
24137,29.0,205.0,0.0
24138,205.0,61.0,0.0
24139,268.0,423.0,0.0
24140,96.0,362.0,0.0
24141,172.0,494.0,0.0
24142,27.0,135.0,0.0
24143,101.0,71.0,0.0
24144,73.0,494.0,0.0
24145,237.0,559.0,0.0
24146,88.0,82.0,0.0
24147,173.0,156.0,0.0
24148,134.0,506.0,0.0
24149,169.0,517.0,0.0
24150,176.0,459.0,0.0
24151,260.0,163.0,0.0
24152,213.0,128.0,0.0
24153,198.0,436.0,0.0
24154,38.0,406.0,0.0
24155,98.0,529.0,0.0
24156,24.0,447.0,0.0
24157,131.0,137.0,0.0
24158,205.0,520.0,0.0
24159,194.0,80.0,0.0
24160,113.0,418.0,0.0
24161,222.0,77.0,0.0
24162,50.0,376.0,0.0
24163,9.0,513.0,0.0
24164,89.0,531.0,0.0
24165,207.0,576.0,0.0
24166,85.0,260.0,0.0
24167,191.0,465.0,0.0
24168,211.0,544.0,0.0
24169,15.0,69.0,0.0
24170,75.0,448.0,0.0
24171,265.0,307.0,0.0
24172,51.0,554.0,0.0
24173,175.0,90.0,0.0
24174,125.0,476.0,0.0
24175,134.0,203.0,0.0
24176,1.0,547.0,0.0
24177,156.0,189.0,0.0
24178,265.0,98.0,0.0
24179,204.0,577.0,0.0
24180,21.0,83.0,0.0
24181,151.0,82.0,0.0
24182,43.0,5.0,0.0
24183,211.0,379.0,0.0
24184,90.0,202.0,0.0
24185,228.0,363.0,0.0
24186,136.0,391.0,0.0
24187,44.0,357.0,0.0
24188,227.0,149.0,0.0
24189,9.0,583.0,0.0
24190,134.0,91.0,0.0
24191,43.0,567.0,0.0
24192,132.0,124.0,0.0
24193,215.0,541.0,0.0
24194,78.0,267.0,0.0
24195,75.0,207.0,0.0
24196,221.0,22.0,0.0
24197,138.0,174.0,0.0
24198,95.0,165.0,0.0
24199,182.0,450.0,0.0
24200,109.0,283.0,0.0
24201,256.0,46.0,0.0
24202,129.0,315.0,0.0
24203,29.0,357.0,0.0
24204,214.0,539.0,0.0
24205,139.0,128.0,0.0
24206,11.0,551.0,0.0
24207,72.0,515.0,0.0
24208,268.0,61.0,0.0
24209,112.0,494.0,0.0
24210,1.0,536.0,0.0
24211,74.0,164.0,0.0
24212,18.0,260.0,0.0
24213,171.0,542.0,0.0
24214,119.0,380.0,0.0
24215,231.0,568.0,0.0
24216,228.0,88.0,0.0
24217,83.0,528.0,0.0
24218,222.0,502.0,0.0
24219,153.0,479.0,0.0
24220,239.0,144.0,0.0
24221,167.0,326.0,0.0
24222,89.0,360.0,0.0
24223,4.0,60.0,0.0
24224,206.0,421.0,0.0
24225,185.0,567.0,0.0
24226,70.0,94.0,0.0
24227,130.0,401.0,0.0
24228,241.0,420.0,0.0
24229,189.0,508.0,0.0
24230,136.0,333.0,0.0
24231,206.0,56.0,0.0
24232,148.0,171.0,0.0
24233,36.0,324.0,0.0
24234,159.0,276.0,0.0
24235,216.0,366.0,0.0
24236,139.0,317.0,0.0
24237,218.0,191.0,0.0
24238,252.0,270.0,0.0
24239,56.0,590.0,0.0
24240,33.0,96.0,0.0
24241,107.0,483.0,0.0
24242,14.0,404.0,0.0
24243,257.0,582.0,0.0
24244,12.0,138.0,0.0
24245,176.0,61.0,0.0
24246,53.0,306.0,0.0
24247,210.0,154.0,0.0
24248,108.0,589.0,0.0
24249,254.0,32.0,0.0
24250,48.0,238.0,0.0
24251,75.0,13.0,0.0
24252,178.0,442.0,0.0
24253,102.0,284.0,0.0
24254,194.0,87.0,0.0
24255,190.0,9.0,0.0
24256,0.0,534.0,0.0
24257,238.0,515.0,0.0
24258,152.0,542.0,0.0
24259,229.0,589.0,0.0
24260,136.0,203.0,0.0
24261,129.0,140.0,0.0
24262,16.0,530.0,0.0
24263,193.0,397.0,0.0
24264,160.0,367.0,0.0
24265,15.0,571.0,0.0
24266,261.0,161.0,0.0
24267,138.0,564.0,0.0
24268,136.0,484.0,0.0
24269,22.0,1.0,0.0
24270,191.0,179.0,0.0
24271,132.0,208.0,0.0
24272,130.0,132.0,0.0
24273,201.0,8.0,0.0
24274,60.0,86.0,0.0
24275,262.0,511.0,0.0
24276,184.0,586.0,0.0
24277,208.0,326.0,0.0
24278,96.0,324.0,0.0
24279,244.0,281.0,0.0
24280,12.0,85.0,0.0
24281,57.0,551.0,0.0
24282,54.0,503.0,0.0
24283,96.0,407.0,0.0
24284,227.0,474.0,0.0
24285,111.0,55.0,0.0
24286,174.0,491.0,0.0
24287,137.0,233.0,0.0
24288,122.0,207.0,0.0
24289,219.0,200.0,0.0
24290,112.0,415.0,0.0
24291,247.0,59.0,0.0
24292,251.0,420.0,0.0
24293,140.0,254.0,0.0
24294,58.0,195.0,0.0
24295,227.0,340.0,0.0
24296,77.0,540.0,0.0
24297,266.0,162.0,0.0
24298,208.0,391.0,0.0
24299,180.0,35.0,0.0
24300,107.0,88.0,0.0
24301,103.0,65.0,0.0
24302,176.0,515.0,0.0
24303,125.0,552.0,0.0
24304,247.0,485.0,0.0
24305,58.0,483.0,0.0
24306,84.0,112.0,0.0
24307,56.0,524.0,0.0
24308,38.0,487.0,0.0
24309,194.0,309.0,0.0
24310,210.0,464.0,0.0
24311,201.0,180.0,0.0
24312,38.0,375.0,0.0
24313,141.0,449.0,0.0
24314,128.0,513.0,0.0
24315,29.0,500.0,0.0
24316,56.0,568.0,0.0
24317,254.0,43.0,0.0
24318,132.0,480.0,0.0
24319,196.0,318.0,0.0
24320,91.0,154.0,0.0
24321,223.0,455.0,0.0
24322,247.0,508.0,0.0
24323,12.0,436.0,0.0
24324,245.0,318.0,0.0
24325,232.0,99.0,0.0
24326,116.0,225.0,0.0
24327,212.0,12.0,0.0
24328,31.0,521.0,0.0
24329,45.0,271.0,0.0
24330,57.0,451.0,0.0
24331,119.0,63.0,0.0
24332,207.0,245.0,0.0
24333,122.0,215.0,0.0
24334,19.0,576.0,0.0
24335,197.0,396.0,0.0
24336,176.0,113.0,0.0
24337,107.0,16.0,0.0
24338,57.0,151.0,0.0
24339,222.0,116.0,0.0
24340,172.0,553.0,0.0
24341,265.0,162.0,0.0
24342,155.0,145.0,0.0
24343,222.0,362.0,0.0
24344,156.0,296.0,0.0
24345,265.0,202.0,0.0
24346,10.0,45.0,0.0
24347,76.0,382.0,0.0
24348,253.0,206.0,0.0
24349,113.0,263.0,0.0
24350,137.0,225.0,0.0
24351,16.0,592.0,0.0
24352,231.0,159.0,0.0
24353,195.0,347.0,0.0
24354,144.0,243.0,0.0
24355,245.0,93.0,0.0
24356,229.0,360.0,0.0
24357,172.0,292.0,0.0
24358,205.0,177.0,0.0
24359,198.0,369.0,0.0
24360,46.0,384.0,0.0
24361,63.0,475.0,0.0
24362,30.0,353.0,0.0
24363,57.0,197.0,0.0
24364,32.0,386.0,0.0
24365,195.0,165.0,0.0
24366,60.0,507.0,0.0
24367,72.0,393.0,0.0
24368,218.0,258.0,0.0
24369,185.0,433.0,0.0
24370,13.0,431.0,0.0
24371,37.0,303.0,0.0
24372,128.0,476.0,0.0
24373,198.0,65.0,0.0
24374,202.0,487.0,0.0
24375,38.0,560.0,0.0
24376,123.0,217.0,0.0
24377,3.0,533.0,0.0
24378,200.0,448.0,0.0
24379,23.0,39.0,0.0
24380,62.0,272.0,0.0
24381,208.0,357.0,0.0
24382,77.0,511.0,0.0
24383,172.0,232.0,0.0
24384,152.0,291.0,0.0
24385,180.0,126.0,0.0
24386,171.0,565.0,0.0
24387,79.0,231.0,0.0
24388,143.0,328.0,0.0
24389,11.0,212.0,0.0
24390,236.0,13.0,0.0
24391,242.0,466.0,0.0
24392,111.0,284.0,0.0
24393,232.0,499.0,0.0
24394,90.0,482.0,0.0
24395,118.0,350.0,0.0
24396,59.0,507.0,0.0
24397,151.0,42.0,0.0
24398,36.0,7.0,0.0
24399,9.0,520.0,0.0
24400,155.0,275.0,0.0
24401,240.0,365.0,0.0
24402,11.0,278.0,0.0
24403,0.0,186.0,0.0
24404,152.0,576.0,0.0
24405,87.0,332.0,0.0
24406,249.0,182.0,0.0
24407,178.0,564.0,0.0
24408,146.0,291.0,0.0
24409,39.0,412.0,0.0
24410,91.0,420.0,0.0
24411,74.0,301.0,0.0
24412,70.0,470.0,0.0
24413,259.0,475.0,0.0
24414,71.0,99.0,0.0
24415,216.0,111.0,0.0
24416,47.0,528.0,0.0
24417,230.0,540.0,0.0
24418,235.0,278.0,0.0
24419,206.0,264.0,0.0
24420,97.0,2.0,0.0
24421,18.0,144.0,0.0
24422,10.0,202.0,0.0
24423,198.0,49.0,0.0
24424,92.0,15.0,0.0
24425,165.0,483.0,0.0
24426,189.0,154.0,0.0
24427,235.0,299.0,0.0
24428,57.0,534.0,0.0
24429,163.0,495.0,0.0
24430,46.0,556.0,0.0
24431,120.0,153.0,0.0
24432,20.0,508.0,0.0
24433,157.0,452.0,0.0
24434,122.0,386.0,0.0
24435,39.0,457.0,0.0
24436,128.0,228.0,0.0
24437,196.0,527.0,0.0
24438,163.0,567.0,0.0
24439,207.0,479.0,0.0
24440,106.0,194.0,0.0
24441,175.0,296.0,0.0
24442,250.0,407.0,0.0
24443,249.0,219.0,0.0
24444,129.0,535.0,0.0
24445,98.0,7.0,0.0
24446,24.0,301.0,0.0
24447,67.0,334.0,0.0
24448,134.0,433.0,0.0
24449,121.0,9.0,0.0
24450,126.0,428.0,0.0
24451,77.0,227.0,0.0
24452,5.0,262.0,0.0
24453,111.0,572.0,0.0
24454,205.0,275.0,0.0
24455,151.0,250.0,0.0
24456,229.0,176.0,0.0
24457,213.0,306.0,0.0
24458,75.0,193.0,0.0
24459,40.0,274.0,0.0
24460,86.0,454.0,0.0
24461,204.0,389.0,0.0
24462,226.0,482.0,0.0
24463,26.0,506.0,0.0
24464,177.0,149.0,0.0
24465,94.0,360.0,0.0
24466,238.0,147.0,0.0
24467,180.0,403.0,0.0
24468,184.0,548.0,0.0
24469,38.0,177.0,0.0
24470,56.0,105.0,0.0
24471,34.0,486.0,0.0
24472,17.0,4.0,0.0
24473,142.0,140.0,0.0
24474,187.0,83.0,0.0
24475,155.0,213.0,0.0
24476,58.0,77.0,0.0
24477,144.0,516.0,0.0
24478,24.0,359.0,0.0
24479,190.0,582.0,0.0
24480,43.0,514.0,0.0
24481,213.0,300.0,0.0
24482,221.0,67.0,0.0
24483,123.0,576.0,0.0
24484,145.0,166.0,0.0
24485,9.0,214.0,0.0
24486,30.0,359.0,0.0
24487,226.0,310.0,0.0
24488,207.0,34.0,0.0
24489,243.0,312.0,0.0
24490,62.0,511.0,0.0
24491,141.0,456.0,0.0
24492,136.0,362.0,0.0
24493,125.0,507.0,0.0
24494,184.0,484.0,0.0
24495,17.0,263.0,0.0
24496,236.0,448.0,0.0
24497,256.0,516.0,0.0
24498,231.0,165.0,0.0
24499,8.0,439.0,0.0
24500,9.0,225.0,0.0
24501,33.0,403.0,0.0
24502,108.0,525.0,0.0
24503,136.0,515.0,0.0
24504,239.0,70.0,0.0
24505,63.0,539.0,0.0
24506,166.0,536.0,0.0
24507,21.0,65.0,0.0
24508,132.0,85.0,0.0
24509,102.0,137.0,0.0
24510,111.0,374.0,0.0
24511,107.0,523.0,0.0
24512,107.0,192.0,0.0
24513,145.0,348.0,0.0
24514,228.0,131.0,0.0
24515,39.0,440.0,0.0
24516,114.0,317.0,0.0
24517,8.0,139.0,0.0
24518,139.0,301.0,0.0
24519,11.0,195.0,0.0
24520,253.0,378.0,0.0
24521,151.0,302.0,0.0
24522,31.0,63.0,0.0
24523,221.0,420.0,0.0
24524,1.0,391.0,0.0
24525,67.0,289.0,0.0
24526,36.0,189.0,0.0
24527,36.0,592.0,0.0
24528,214.0,48.0,0.0
24529,9.0,381.0,0.0
24530,140.0,417.0,0.0
24531,48.0,431.0,0.0
24532,162.0,313.0,0.0
24533,113.0,404.0,0.0
24534,95.0,386.0,0.0
24535,260.0,373.0,0.0
24536,146.0,155.0,0.0
24537,51.0,168.0,0.0
24538,157.0,213.0,0.0
24539,106.0,271.0,0.0
24540,21.0,564.0,0.0
24541,142.0,489.0,0.0
24542,139.0,362.0,0.0
24543,247.0,190.0,0.0
24544,181.0,40.0,0.0
24545,25.0,344.0,0.0
24546,197.0,124.0,0.0
24547,113.0,593.0,0.0
24548,125.0,3.0,0.0
24549,188.0,561.0,0.0
24550,151.0,243.0,0.0
24551,194.0,2.0,0.0
24552,56.0,219.0,0.0
24553,196.0,93.0,0.0
24554,85.0,401.0,0.0
24555,197.0,171.0,0.0
24556,80.0,428.0,0.0
24557,72.0,18.0,0.0
24558,249.0,495.0,0.0
24559,18.0,280.0,0.0
24560,124.0,472.0,0.0
24561,52.0,170.0,0.0
24562,115.0,108.0,0.0
24563,29.0,296.0,0.0
24564,48.0,343.0,0.0
24565,171.0,50.0,0.0
24566,73.0,153.0,0.0
24567,181.0,491.0,0.0
24568,131.0,472.0,0.0
24569,212.0,444.0,0.0
24570,259.0,453.0,0.0
24571,156.0,335.0,0.0
24572,233.0,350.0,0.0
24573,248.0,258.0,0.0
24574,133.0,429.0,0.0
24575,131.0,4.0,0.0
24576,12.0,471.0,0.0
24577,88.0,113.0,0.0
24578,176.0,188.0,0.0
24579,97.0,549.0,0.0
24580,102.0,371.0,0.0
24581,236.0,99.0,0.0
24582,57.0,484.0,0.0
24583,153.0,457.0,0.0
24584,21.0,171.0,0.0
24585,208.0,92.0,0.0
24586,196.0,478.0,0.0
24587,27.0,220.0,0.0
24588,244.0,462.0,0.0
24589,209.0,522.0,0.0
24590,239.0,374.0,0.0
24591,20.0,329.0,0.0
24592,124.0,346.0,0.0
24593,101.0,527.0,0.0
24594,46.0,50.0,0.0
24595,142.0,115.0,0.0
24596,114.0,284.0,0.0
24597,217.0,498.0,0.0
24598,47.0,475.0,0.0
24599,68.0,22.0,0.0
24600,254.0,246.0,0.0
24601,3.0,262.0,0.0
24602,34.0,594.0,0.0
24603,49.0,162.0,0.0
24604,32.0,421.0,0.0
24605,33.0,8.0,0.0
24606,171.0,506.0,0.0
24607,258.0,209.0,0.0
24608,31.0,468.0,0.0
24609,211.0,88.0,0.0
24610,26.0,586.0,0.0
24611,94.0,109.0,0.0
24612,32.0,517.0,0.0
24613,131.0,291.0,0.0
24614,159.0,406.0,0.0
24615,204.0,112.0,0.0
24616,28.0,377.0,0.0
24617,6.0,250.0,0.0
24618,81.0,142.0,0.0
24619,64.0,518.0,0.0
24620,170.0,463.0,0.0
24621,118.0,393.0,0.0
24622,150.0,465.0,0.0
24623,168.0,31.0,0.0
24624,101.0,74.0,0.0
24625,206.0,85.0,0.0
24626,15.0,370.0,0.0
24627,2.0,228.0,0.0
24628,169.0,272.0,0.0
24629,31.0,480.0,0.0
24630,125.0,5.0,0.0
24631,216.0,361.0,0.0
24632,251.0,132.0,0.0
24633,186.0,211.0,0.0
24634,172.0,469.0,0.0
24635,53.0,281.0,0.0
24636,95.0,281.0,0.0
24637,202.0,281.0,0.0
24638,82.0,575.0,0.0
24639,52.0,114.0,0.0
24640,4.0,196.0,0.0
24641,225.0,581.0,0.0
24642,52.0,105.0,0.0
24643,250.0,577.0,0.0
24644,190.0,88.0,0.0
24645,79.0,141.0,0.0
24646,41.0,583.0,0.0
24647,47.0,476.0,0.0
24648,242.0,250.0,0.0
24649,55.0,520.0,0.0
24650,173.0,152.0,0.0
24651,42.0,579.0,0.0
24652,220.0,551.0,0.0
24653,142.0,248.0,0.0
24654,69.0,217.0,0.0
24655,240.0,368.0,0.0
24656,82.0,264.0,0.0
24657,204.0,290.0,0.0
24658,187.0,425.0,0.0
24659,268.0,460.0,0.0
24660,62.0,250.0,0.0
24661,52.0,88.0,0.0
24662,33.0,518.0,0.0
24663,72.0,345.0,0.0
24664,89.0,366.0,0.0
24665,76.0,433.0,0.0
24666,268.0,228.0,0.0
24667,179.0,223.0,0.0
24668,124.0,374.0,0.0
24669,122.0,132.0,0.0
24670,225.0,43.0,0.0
24671,262.0,183.0,0.0
24672,16.0,211.0,0.0
24673,213.0,248.0,0.0
24674,217.0,469.0,0.0
24675,188.0,442.0,0.0
24676,197.0,68.0,0.0
24677,173.0,540.0,0.0
24678,98.0,65.0,0.0
24679,151.0,285.0,0.0
24680,6.0,304.0,0.0
24681,60.0,444.0,0.0
24682,115.0,412.0,0.0
24683,217.0,299.0,0.0
24684,23.0,90.0,0.0
24685,85.0,105.0,0.0
24686,30.0,34.0,0.0
24687,43.0,289.0,0.0
24688,33.0,455.0,0.0
24689,126.0,554.0,0.0
24690,208.0,533.0,0.0
24691,211.0,350.0,0.0
24692,215.0,27.0,0.0
24693,65.0,574.0,0.0
24694,240.0,501.0,0.0
24695,61.0,119.0,0.0
24696,108.0,68.0,0.0
24697,251.0,140.0,0.0
24698,244.0,479.0,0.0
24699,222.0,462.0,0.0
24700,13.0,255.0,0.0
24701,210.0,80.0,0.0
24702,225.0,142.0,0.0
24703,267.0,425.0,0.0
24704,12.0,152.0,0.0
24705,98.0,190.0,0.0
24706,106.0,205.0,0.0
24707,191.0,431.0,0.0
24708,28.0,497.0,0.0
24709,151.0,127.0,0.0
24710,100.0,212.0,0.0
24711,63.0,509.0,0.0
24712,199.0,25.0,0.0
24713,131.0,477.0,0.0
24714,185.0,30.0,0.0
24715,215.0,503.0,0.0
24716,131.0,473.0,0.0
24717,197.0,405.0,0.0
24718,119.0,235.0,0.0
24719,139.0,121.0,0.0
24720,245.0,392.0,0.0
24721,213.0,313.0,0.0
24722,27.0,394.0,0.0
24723,143.0,468.0,0.0
24724,4.0,307.0,0.0
24725,94.0,595.0,0.0
24726,115.0,29.0,0.0
24727,8.0,87.0,0.0
24728,80.0,320.0,0.0
24729,201.0,483.0,0.0
24730,52.0,127.0,0.0
24731,86.0,536.0,0.0
24732,222.0,290.0,0.0
24733,57.0,68.0,0.0
24734,42.0,319.0,0.0
24735,200.0,197.0,0.0
24736,75.0,87.0,0.0
24737,214.0,422.0,0.0
24738,118.0,28.0,0.0
24739,69.0,105.0,0.0
24740,188.0,82.0,0.0
24741,252.0,469.0,0.0
24742,76.0,190.0,0.0
24743,163.0,501.0,0.0
24744,204.0,316.0,0.0
24745,230.0,354.0,0.0
24746,45.0,208.0,0.0
24747,268.0,239.0,0.0
24748,199.0,528.0,0.0
24749,42.0,297.0,0.0
24750,137.0,536.0,0.0
24751,198.0,205.0,0.0
24752,172.0,558.0,0.0
24753,214.0,383.0,0.0
24754,236.0,593.0,0.0
24755,121.0,178.0,0.0
24756,123.0,345.0,0.0
24757,266.0,374.0,0.0
24758,238.0,532.0,0.0
24759,236.0,595.0,0.0
24760,27.0,410.0,0.0
24761,31.0,361.0,0.0
24762,240.0,312.0,0.0
24763,88.0,443.0,0.0
24764,33.0,329.0,0.0
24765,80.0,41.0,0.0
24766,264.0,327.0,0.0
24767,5.0,22.0,0.0
24768,246.0,455.0,0.0
24769,33.0,308.0,0.0
24770,134.0,447.0,0.0
24771,167.0,402.0,0.0
24772,169.0,424.0,0.0
24773,94.0,261.0,0.0
24774,3.0,296.0,0.0
24775,259.0,249.0,0.0
24776,226.0,350.0,0.0
24777,153.0,527.0,0.0
24778,70.0,442.0,0.0
24779,69.0,379.0,0.0
24780,26.0,530.0,0.0
24781,209.0,557.0,0.0
24782,265.0,448.0,0.0
24783,222.0,193.0,0.0
24784,245.0,63.0,0.0
24785,244.0,459.0,0.0
24786,104.0,72.0,0.0
24787,266.0,183.0,0.0
24788,29.0,494.0,0.0
24789,77.0,139.0,0.0
24790,237.0,52.0,0.0
24791,5.0,585.0,0.0
24792,209.0,73.0,0.0
24793,72.0,379.0,0.0
24794,266.0,78.0,0.0
24795,57.0,377.0,0.0
24796,262.0,537.0,0.0
24797,120.0,97.0,0.0
24798,0.0,111.0,0.0
24799,261.0,303.0,0.0
24800,123.0,556.0,0.0
24801,97.0,299.0,0.0
24802,36.0,453.0,0.0
24803,119.0,429.0,0.0
24804,260.0,482.0,0.0
24805,91.0,393.0,0.0
24806,50.0,455.0,0.0
24807,128.0,542.0,0.0
24808,133.0,70.0,0.0
24809,193.0,64.0,0.0
24810,190.0,224.0,0.0
24811,188.0,73.0,0.0
24812,97.0,6.0,0.0
24813,138.0,131.0,0.0
24814,60.0,417.0,0.0
24815,11.0,276.0,0.0
24816,26.0,15.0,0.0
24817,230.0,200.0,0.0
24818,3.0,524.0,0.0
24819,81.0,450.0,0.0
24820,128.0,151.0,0.0
24821,86.0,241.0,0.0
24822,242.0,423.0,0.0
24823,78.0,448.0,0.0
24824,122.0,196.0,0.0
24825,113.0,130.0,0.0
24826,170.0,509.0,0.0
24827,76.0,123.0,0.0
24828,127.0,375.0,0.0
24829,237.0,33.0,0.0
24830,198.0,222.0,0.0
24831,211.0,386.0,0.0
24832,71.0,297.0,0.0
24833,73.0,169.0,0.0
24834,43.0,250.0,0.0
24835,239.0,585.0,0.0
24836,240.0,108.0,0.0
24837,69.0,426.0,0.0
24838,190.0,27.0,0.0
24839,19.0,505.0,0.0
24840,194.0,158.0,0.0
24841,259.0,451.0,0.0
24842,25.0,197.0,0.0
24843,13.0,571.0,0.0
24844,152.0,78.0,0.0
24845,221.0,430.0,0.0
24846,11.0,335.0,0.0
24847,96.0,541.0,0.0
24848,6.0,574.0,0.0
24849,19.0,34.0,0.0
24850,197.0,520.0,0.0
24851,153.0,264.0,0.0
24852,101.0,264.0,0.0
24853,56.0,2.0,0.0
24854,210.0,6.0,0.0
24855,52.0,436.0,0.0
24856,13.0,514.0,0.0
24857,160.0,180.0,0.0
24858,24.0,207.0,0.0
24859,191.0,51.0,0.0
24860,225.0,187.0,0.0
24861,258.0,573.0,0.0
24862,153.0,225.0,0.0
24863,210.0,38.0,0.0
24864,77.0,530.0,0.0
24865,261.0,353.0,0.0
24866,258.0,544.0,0.0
24867,82.0,236.0,0.0
24868,211.0,329.0,0.0
24869,232.0,160.0,0.0
24870,264.0,448.0,0.0
24871,125.0,137.0,0.0
24872,217.0,560.0,0.0
24873,77.0,402.0,0.0
24874,221.0,569.0,0.0
24875,36.0,404.0,0.0
24876,267.0,526.0,0.0
24877,100.0,523.0,0.0
24878,209.0,420.0,0.0
24879,183.0,412.0,0.0
24880,47.0,114.0,0.0
24881,44.0,199.0,0.0
24882,238.0,265.0,0.0
24883,206.0,312.0,0.0
24884,8.0,143.0,0.0
24885,183.0,231.0,0.0
24886,103.0,335.0,0.0
24887,145.0,164.0,0.0
24888,155.0,83.0,0.0
24889,185.0,23.0,0.0
24890,264.0,454.0,0.0
24891,235.0,143.0,0.0
24892,37.0,551.0,0.0
24893,258.0,301.0,0.0
24894,240.0,436.0,0.0
24895,72.0,440.0,0.0
24896,103.0,558.0,0.0
24897,41.0,304.0,0.0
24898,196.0,409.0,0.0
24899,164.0,139.0,0.0
24900,178.0,489.0,0.0
24901,7.0,147.0,0.0
24902,5.0,433.0,0.0
24903,21.0,119.0,0.0
24904,21.0,319.0,0.0
24905,95.0,529.0,0.0
24906,229.0,189.0,0.0
24907,230.0,47.0,0.0
24908,258.0,237.0,0.0
24909,113.0,345.0,0.0
24910,217.0,406.0,0.0
24911,181.0,214.0,0.0
24912,189.0,573.0,0.0
24913,6.0,429.0,0.0
24914,217.0,131.0,0.0
24915,52.0,285.0,0.0
24916,48.0,107.0,0.0
24917,248.0,93.0,0.0
24918,256.0,336.0,0.0
24919,266.0,437.0,0.0
24920,38.0,500.0,0.0
24921,43.0,442.0,0.0
24922,200.0,399.0,0.0
24923,100.0,407.0,0.0
24924,173.0,220.0,0.0
24925,232.0,561.0,0.0
24926,61.0,127.0,0.0
24927,63.0,272.0,0.0
24928,82.0,22.0,0.0
24929,12.0,126.0,0.0
24930,53.0,552.0,0.0
24931,206.0,518.0,0.0
24932,80.0,191.0,0.0
24933,157.0,321.0,0.0
24934,29.0,358.0,0.0
24935,133.0,317.0,0.0
24936,79.0,512.0,0.0
24937,143.0,252.0,0.0
24938,142.0,33.0,0.0
24939,216.0,91.0,0.0
24940,247.0,562.0,0.0
24941,147.0,7.0,0.0
24942,234.0,43.0,0.0
24943,55.0,56.0,0.0
24944,150.0,451.0,0.0
24945,17.0,455.0,0.0
24946,253.0,408.0,0.0
24947,261.0,566.0,0.0
24948,63.0,568.0,0.0
24949,154.0,143.0,0.0
24950,28.0,533.0,0.0
24951,64.0,178.0,0.0
24952,60.0,422.0,0.0
24953,143.0,494.0,0.0
24954,236.0,146.0,0.0
24955,145.0,355.0,0.0
24956,231.0,232.0,0.0
24957,138.0,21.0,0.0
24958,127.0,3.0,0.0
24959,158.0,348.0,0.0
24960,167.0,79.0,0.0
24961,234.0,112.0,0.0
24962,94.0,218.0,0.0
24963,160.0,529.0,0.0
24964,183.0,489.0,0.0
24965,184.0,180.0,0.0
24966,161.0,474.0,0.0
24967,56.0,206.0,0.0
24968,104.0,286.0,0.0
24969,164.0,529.0,0.0
24970,260.0,592.0,0.0
24971,16.0,187.0,0.0
24972,215.0,464.0,0.0
24973,163.0,458.0,0.0
24974,33.0,340.0,0.0
24975,103.0,99.0,0.0
24976,177.0,205.0,0.0
24977,9.0,115.0,0.0
24978,76.0,474.0,0.0
24979,254.0,27.0,0.0
24980,33.0,46.0,0.0
24981,266.0,71.0,0.0
24982,111.0,393.0,0.0
24983,243.0,357.0,0.0
24984,92.0,285.0,0.0
24985,84.0,302.0,0.0
24986,234.0,165.0,0.0
24987,188.0,466.0,0.0
24988,193.0,269.0,0.0
24989,100.0,87.0,0.0
24990,23.0,417.0,0.0
24991,222.0,422.0,0.0
24992,36.0,24.0,0.0
24993,26.0,217.0,0.0
24994,230.0,568.0,0.0
24995,76.0,423.0,0.0
24996,168.0,259.0,0.0
24997,176.0,166.0,0.0
24998,219.0,104.0,0.0
24999,13.0,282.0,0.0
25000,147.0,98.0,0.0
25001,50.0,221.0,0.0
25002,41.0,352.0,0.0
25003,89.0,559.0,0.0
25004,240.0,493.0,0.0
25005,24.0,306.0,0.0
25006,1.0,587.0,0.0
25007,59.0,27.0,0.0
25008,69.0,84.0,0.0
25009,59.0,486.0,0.0
25010,103.0,302.0,0.0
25011,36.0,323.0,0.0
25012,79.0,243.0,0.0
25013,103.0,120.0,0.0
25014,30.0,211.0,0.0
25015,137.0,412.0,0.0
25016,226.0,176.0,0.0
25017,263.0,562.0,0.0
25018,118.0,122.0,0.0
25019,253.0,190.0,0.0
25020,84.0,257.0,0.0
25021,125.0,199.0,0.0
25022,53.0,567.0,0.0
25023,163.0,108.0,0.0
25024,70.0,307.0,0.0
25025,118.0,265.0,0.0
25026,191.0,49.0,0.0
25027,90.0,274.0,0.0
25028,201.0,313.0,0.0
25029,263.0,543.0,0.0
25030,261.0,145.0,0.0
25031,146.0,202.0,0.0
25032,33.0,508.0,0.0
25033,39.0,4.0,0.0
25034,195.0,252.0,0.0
25035,49.0,346.0,0.0
25036,68.0,538.0,0.0
25037,134.0,419.0,0.0
25038,72.0,472.0,0.0
25039,11.0,561.0,0.0
25040,108.0,274.0,0.0
25041,123.0,555.0,0.0
25042,35.0,49.0,0.0
25043,99.0,279.0,0.0
25044,27.0,46.0,0.0
25045,121.0,105.0,0.0
25046,185.0,98.0,0.0
25047,220.0,332.0,0.0
25048,168.0,191.0,0.0
25049,25.0,57.0,0.0
25050,228.0,356.0,0.0
25051,41.0,269.0,0.0
25052,265.0,314.0,0.0
25053,175.0,403.0,0.0
25054,126.0,443.0,0.0
25055,103.0,562.0,0.0
25056,214.0,296.0,0.0
25057,152.0,299.0,0.0
25058,186.0,271.0,0.0
25059,205.0,163.0,0.0
25060,153.0,565.0,0.0
25061,232.0,360.0,0.0
25062,259.0,16.0,0.0
25063,195.0,461.0,0.0
25064,212.0,350.0,0.0
25065,220.0,87.0,0.0
25066,159.0,258.0,0.0
25067,75.0,455.0,0.0
25068,138.0,275.0,0.0
25069,13.0,0.0,0.0
25070,22.0,86.0,0.0
25071,6.0,544.0,0.0
25072,169.0,339.0,0.0
25073,220.0,504.0,0.0
25074,54.0,442.0,0.0
25075,134.0,352.0,0.0
25076,127.0,52.0,0.0
25077,251.0,389.0,0.0
25078,84.0,154.0,0.0
25079,194.0,101.0,0.0
25080,187.0,403.0,0.0
25081,203.0,444.0,0.0
25082,60.0,464.0,0.0
25083,5.0,412.0,0.0
25084,23.0,560.0,0.0
25085,260.0,589.0,0.0
25086,44.0,524.0,0.0
25087,252.0,94.0,0.0
25088,188.0,432.0,0.0
25089,205.0,562.0,0.0
25090,240.0,174.0,0.0
25091,25.0,11.0,0.0
25092,252.0,28.0,0.0
25093,160.0,385.0,0.0
25094,228.0,194.0,0.0
25095,148.0,291.0,0.0
25096,123.0,203.0,0.0
25097,203.0,495.0,0.0
25098,164.0,366.0,0.0
25099,37.0,365.0,0.0
25100,70.0,539.0,0.0
25101,222.0,93.0,0.0
25102,179.0,482.0,0.0
25103,190.0,150.0,0.0
25104,106.0,264.0,0.0
25105,65.0,452.0,0.0
25106,164.0,28.0,0.0
25107,2.0,327.0,0.0
25108,161.0,344.0,0.0
25109,43.0,108.0,0.0
25110,169.0,421.0,0.0
25111,124.0,139.0,0.0
25112,229.0,41.0,0.0
25113,18.0,335.0,0.0
25114,252.0,346.0,0.0
25115,13.0,106.0,0.0
25116,33.0,258.0,0.0
25117,21.0,176.0,0.0
25118,182.0,583.0,0.0
25119,224.0,171.0,0.0
25120,29.0,492.0,0.0
25121,225.0,97.0,0.0
25122,264.0,459.0,0.0
25123,104.0,195.0,0.0
25124,41.0,526.0,0.0
25125,62.0,160.0,0.0
25126,133.0,498.0,0.0
25127,40.0,393.0,0.0
25128,11.0,399.0,0.0
25129,203.0,518.0,0.0
25130,118.0,292.0,0.0
25131,19.0,377.0,0.0
25132,189.0,328.0,0.0
25133,139.0,572.0,0.0
25134,16.0,448.0,0.0
25135,202.0,313.0,0.0
25136,25.0,2.0,0.0
25137,164.0,516.0,0.0
25138,215.0,431.0,0.0
25139,48.0,565.0,0.0
25140,112.0,498.0,0.0
25141,160.0,239.0,0.0
25142,147.0,412.0,0.0
25143,124.0,192.0,0.0
25144,197.0,487.0,0.0
25145,53.0,511.0,0.0
25146,185.0,321.0,0.0
25147,122.0,276.0,0.0
25148,184.0,175.0,0.0
25149,60.0,330.0,0.0
25150,265.0,155.0,0.0
25151,229.0,227.0,0.0
25152,48.0,433.0,0.0
25153,179.0,45.0,0.0
25154,236.0,519.0,0.0
25155,175.0,557.0,0.0
25156,222.0,8.0,0.0
25157,124.0,210.0,0.0
25158,268.0,215.0,0.0
25159,159.0,377.0,0.0
25160,255.0,274.0,0.0
25161,250.0,529.0,0.0
25162,172.0,244.0,0.0
25163,71.0,273.0,0.0
25164,197.0,388.0,0.0
25165,45.0,350.0,0.0
25166,228.0,177.0,0.0
25167,208.0,485.0,0.0
25168,57.0,351.0,0.0
25169,186.0,416.0,0.0
25170,142.0,253.0,0.0
25171,109.0,487.0,0.0
25172,87.0,470.0,0.0
25173,37.0,340.0,0.0
25174,245.0,249.0,0.0
25175,15.0,509.0,0.0
25176,220.0,266.0,0.0
25177,108.0,2.0,0.0
25178,106.0,47.0,0.0
25179,261.0,469.0,0.0
25180,166.0,169.0,0.0
25181,193.0,346.0,0.0
25182,234.0,453.0,0.0
25183,154.0,440.0,0.0
25184,250.0,258.0,0.0
25185,139.0,376.0,0.0
25186,207.0,497.0,0.0
25187,117.0,425.0,0.0
25188,116.0,202.0,0.0
25189,201.0,507.0,0.0
25190,4.0,310.0,0.0
25191,199.0,532.0,0.0
25192,126.0,523.0,0.0
25193,24.0,174.0,0.0
25194,28.0,142.0,0.0
25195,201.0,234.0,0.0
25196,215.0,148.0,0.0
25197,20.0,532.0,0.0
25198,54.0,288.0,0.0
25199,77.0,461.0,0.0
25200,11.0,597.0,0.0
25201,164.0,381.0,0.0
25202,4.0,321.0,0.0
25203,225.0,470.0,0.0
25204,99.0,156.0,0.0
25205,223.0,570.0,0.0
25206,80.0,473.0,0.0
25207,136.0,225.0,0.0
25208,71.0,595.0,0.0
25209,137.0,279.0,0.0
25210,105.0,108.0,0.0
25211,182.0,99.0,0.0
25212,5.0,329.0,0.0
25213,131.0,209.0,0.0
25214,245.0,325.0,0.0
25215,13.0,274.0,0.0
25216,114.0,318.0,0.0
25217,141.0,404.0,0.0
25218,193.0,206.0,0.0
25219,155.0,581.0,0.0
25220,263.0,274.0,0.0
25221,97.0,503.0,0.0
25222,66.0,569.0,0.0
25223,63.0,466.0,0.0
25224,187.0,527.0,0.0
25225,251.0,370.0,0.0
25226,220.0,177.0,0.0
25227,3.0,21.0,0.0
25228,226.0,155.0,0.0
25229,174.0,280.0,0.0
25230,184.0,588.0,0.0
25231,57.0,215.0,0.0
25232,233.0,437.0,0.0
25233,28.0,230.0,0.0
25234,267.0,1.0,0.0
25235,79.0,538.0,0.0
25236,123.0,454.0,0.0
25237,61.0,433.0,0.0
25238,134.0,238.0,0.0
25239,266.0,400.0,0.0
25240,83.0,108.0,0.0
25241,22.0,307.0,0.0
25242,251.0,226.0,0.0
25243,56.0,212.0,0.0
25244,21.0,250.0,0.0
25245,175.0,509.0,0.0
25246,35.0,222.0,0.0
25247,10.0,180.0,0.0
25248,189.0,501.0,0.0
25249,19.0,581.0,0.0
25250,174.0,501.0,0.0
25251,157.0,505.0,0.0
25252,153.0,397.0,0.0
25253,11.0,405.0,0.0
25254,267.0,562.0,0.0
25255,176.0,331.0,0.0
25256,217.0,585.0,0.0
25257,203.0,543.0,0.0
25258,251.0,309.0,0.0
25259,156.0,555.0,0.0
25260,236.0,524.0,0.0
25261,252.0,278.0,0.0
25262,212.0,52.0,0.0
25263,109.0,388.0,0.0
25264,246.0,424.0,0.0
25265,196.0,326.0,0.0
25266,3.0,586.0,0.0
25267,263.0,169.0,0.0
25268,171.0,392.0,0.0
25269,234.0,507.0,0.0
25270,59.0,8.0,0.0
25271,177.0,519.0,0.0
25272,31.0,157.0,0.0
25273,7.0,220.0,0.0
25274,114.0,200.0,0.0
25275,172.0,154.0,0.0
25276,218.0,325.0,0.0
25277,27.0,205.0,0.0
25278,173.0,403.0,0.0
25279,148.0,30.0,0.0
25280,242.0,16.0,0.0
25281,29.0,448.0,0.0
25282,241.0,467.0,0.0
25283,212.0,545.0,0.0
25284,216.0,48.0,0.0
25285,268.0,248.0,0.0
25286,184.0,94.0,0.0
25287,201.0,133.0,0.0
25288,202.0,203.0,0.0
25289,33.0,91.0,0.0
25290,30.0,389.0,0.0
25291,119.0,364.0,0.0
25292,105.0,158.0,0.0
25293,139.0,367.0,0.0
25294,136.0,135.0,0.0
25295,64.0,417.0,0.0
25296,20.0,6.0,0.0
25297,17.0,280.0,0.0
25298,56.0,527.0,0.0
25299,104.0,130.0,0.0
25300,92.0,539.0,0.0
25301,56.0,34.0,0.0
25302,208.0,41.0,0.0
25303,163.0,390.0,0.0
25304,252.0,183.0,0.0
25305,227.0,483.0,0.0
25306,39.0,347.0,0.0
25307,262.0,440.0,0.0
25308,264.0,242.0,0.0
25309,98.0,539.0,0.0
25310,170.0,424.0,0.0
25311,203.0,74.0,0.0
25312,243.0,50.0,0.0
25313,159.0,485.0,0.0
25314,159.0,72.0,0.0
25315,175.0,405.0,0.0
25316,268.0,115.0,0.0
25317,37.0,323.0,0.0
25318,206.0,301.0,0.0
25319,75.0,413.0,0.0
25320,122.0,21.0,0.0
25321,60.0,363.0,0.0
25322,78.0,151.0,0.0
25323,90.0,271.0,0.0
25324,210.0,155.0,0.0
25325,129.0,181.0,0.0
25326,106.0,193.0,0.0
25327,83.0,216.0,0.0
25328,109.0,373.0,0.0
25329,125.0,225.0,0.0
25330,146.0,307.0,0.0
25331,50.0,293.0,0.0
25332,30.0,491.0,0.0
25333,43.0,173.0,0.0
25334,11.0,211.0,0.0
25335,200.0,244.0,0.0
25336,44.0,160.0,0.0
25337,213.0,97.0,0.0
25338,101.0,211.0,0.0
25339,216.0,134.0,0.0
25340,91.0,422.0,0.0
25341,168.0,158.0,0.0
25342,7.0,356.0,0.0
25343,231.0,473.0,0.0
25344,140.0,307.0,0.0
25345,158.0,90.0,0.0
25346,142.0,579.0,0.0
25347,167.0,197.0,0.0
25348,10.0,359.0,0.0
25349,109.0,23.0,0.0
25350,76.0,7.0,0.0
25351,195.0,196.0,0.0
25352,67.0,595.0,0.0
25353,55.0,227.0,0.0
25354,23.0,456.0,0.0
25355,200.0,238.0,0.0
25356,49.0,173.0,0.0
25357,98.0,571.0,0.0
25358,60.0,119.0,0.0
25359,200.0,347.0,0.0
25360,227.0,21.0,0.0
25361,243.0,39.0,0.0
25362,68.0,54.0,0.0
25363,96.0,425.0,0.0
25364,235.0,72.0,0.0
25365,9.0,533.0,0.0
25366,245.0,117.0,0.0
25367,254.0,577.0,0.0
25368,118.0,272.0,0.0
25369,105.0,241.0,0.0
25370,124.0,185.0,0.0
25371,7.0,269.0,0.0
25372,187.0,49.0,0.0
25373,162.0,116.0,0.0
25374,166.0,204.0,0.0
25375,235.0,60.0,0.0
25376,247.0,101.0,0.0
25377,129.0,63.0,0.0
25378,231.0,405.0,0.0
25379,56.0,275.0,0.0
25380,10.0,551.0,0.0
25381,100.0,320.0,0.0
25382,8.0,233.0,0.0
25383,169.0,182.0,0.0
25384,239.0,380.0,0.0
25385,168.0,173.0,0.0
25386,149.0,132.0,0.0
25387,139.0,373.0,0.0
25388,101.0,210.0,0.0
25389,68.0,114.0,0.0
25390,173.0,58.0,0.0
25391,162.0,479.0,0.0
25392,253.0,224.0,0.0
25393,11.0,451.0,0.0
25394,111.0,517.0,0.0
25395,131.0,172.0,0.0
25396,95.0,90.0,0.0
25397,206.0,200.0,0.0
25398,108.0,328.0,0.0
25399,47.0,440.0,0.0
25400,97.0,558.0,0.0
25401,27.0,525.0,0.0
25402,30.0,105.0,0.0
25403,130.0,207.0,0.0
25404,254.0,414.0,0.0
25405,133.0,564.0,0.0
25406,215.0,182.0,0.0
25407,35.0,32.0,0.0
25408,94.0,561.0,0.0
25409,46.0,41.0,0.0
25410,199.0,558.0,0.0
25411,141.0,240.0,0.0
25412,62.0,20.0,0.0
25413,194.0,339.0,0.0
25414,190.0,257.0,0.0
25415,255.0,442.0,0.0
25416,225.0,79.0,0.0
25417,198.0,74.0,0.0
25418,227.0,301.0,0.0
25419,200.0,173.0,0.0
25420,71.0,148.0,0.0
25421,217.0,452.0,0.0
25422,243.0,338.0,0.0
25423,57.0,253.0,0.0
25424,36.0,507.0,0.0
25425,40.0,497.0,0.0
25426,248.0,401.0,0.0
25427,230.0,455.0,0.0
25428,250.0,309.0,0.0
25429,48.0,170.0,0.0
25430,201.0,43.0,0.0
25431,194.0,452.0,0.0
25432,13.0,70.0,0.0
25433,231.0,505.0,0.0
25434,57.0,368.0,0.0
25435,258.0,62.0,0.0
25436,244.0,71.0,0.0
25437,195.0,113.0,0.0
25438,118.0,479.0,0.0
25439,78.0,459.0,0.0
25440,210.0,34.0,0.0
25441,99.0,102.0,0.0
25442,15.0,234.0,0.0
25443,135.0,438.0,0.0
25444,169.0,184.0,0.0
25445,95.0,370.0,0.0
25446,207.0,345.0,0.0
25447,190.0,566.0,0.0
25448,61.0,71.0,0.0
25449,73.0,38.0,0.0
25450,262.0,567.0,0.0
25451,148.0,377.0,0.0
25452,238.0,268.0,0.0
25453,36.0,5.0,0.0
25454,41.0,225.0,0.0
25455,167.0,280.0,0.0
25456,73.0,518.0,0.0
25457,29.0,454.0,0.0
25458,71.0,270.0,0.0
25459,147.0,579.0,0.0
25460,163.0,234.0,0.0
25461,239.0,348.0,0.0
25462,57.0,538.0,0.0
25463,132.0,137.0,0.0
25464,25.0,60.0,0.0
25465,44.0,337.0,0.0
25466,264.0,110.0,0.0
25467,96.0,205.0,0.0
25468,32.0,499.0,0.0
25469,248.0,186.0,0.0
25470,57.0,203.0,0.0
25471,220.0,186.0,0.0
25472,177.0,495.0,0.0
25473,96.0,331.0,0.0
25474,58.0,516.0,0.0
25475,242.0,342.0,0.0
25476,211.0,512.0,0.0
25477,138.0,537.0,0.0
25478,169.0,168.0,0.0
25479,46.0,311.0,0.0
25480,231.0,441.0,0.0
25481,39.0,572.0,0.0
25482,239.0,562.0,0.0
25483,146.0,69.0,0.0
25484,176.0,298.0,0.0
25485,173.0,439.0,0.0
25486,110.0,560.0,0.0
25487,103.0,490.0,0.0
25488,153.0,4.0,0.0
25489,156.0,270.0,0.0
25490,149.0,196.0,0.0
25491,242.0,479.0,0.0
25492,64.0,568.0,0.0
25493,32.0,350.0,0.0
25494,0.0,388.0,0.0
25495,23.0,403.0,0.0
25496,201.0,0.0,0.0
25497,21.0,267.0,0.0
25498,74.0,580.0,0.0
25499,135.0,574.0,0.0
25500,81.0,486.0,0.0
25501,206.0,169.0,0.0
25502,210.0,360.0,0.0
25503,182.0,110.0,0.0
25504,255.0,434.0,0.0
25505,236.0,185.0,0.0
25506,44.0,246.0,0.0
25507,244.0,335.0,0.0
25508,97.0,8.0,0.0
25509,146.0,355.0,0.0
25510,19.0,448.0,0.0
25511,97.0,137.0,0.0
25512,0.0,94.0,0.0
25513,151.0,356.0,0.0
25514,164.0,65.0,0.0
25515,19.0,559.0,0.0
25516,141.0,510.0,0.0
25517,12.0,482.0,0.0
25518,254.0,375.0,0.0
25519,150.0,352.0,0.0
25520,233.0,195.0,0.0
25521,128.0,61.0,0.0
25522,74.0,137.0,0.0
25523,121.0,362.0,0.0
25524,13.0,348.0,0.0
25525,193.0,559.0,0.0
25526,154.0,405.0,0.0
25527,14.0,63.0,0.0
25528,157.0,4.0,0.0
25529,55.0,263.0,0.0
25530,170.0,273.0,0.0
25531,164.0,228.0,0.0
25532,53.0,338.0,0.0
25533,216.0,250.0,0.0
25534,168.0,77.0,0.0
25535,264.0,589.0,0.0
25536,227.0,526.0,0.0
25537,42.0,269.0,0.0
25538,139.0,579.0,0.0
25539,157.0,53.0,0.0
25540,81.0,123.0,0.0
25541,246.0,507.0,0.0
25542,230.0,222.0,0.0
25543,49.0,323.0,0.0
25544,17.0,144.0,0.0
25545,209.0,242.0,0.0
25546,26.0,569.0,0.0
25547,214.0,267.0,0.0
25548,196.0,283.0,0.0
25549,228.0,47.0,0.0
25550,267.0,177.0,0.0
25551,34.0,234.0,0.0
25552,63.0,178.0,0.0
25553,0.0,441.0,0.0
25554,43.0,70.0,0.0
25555,250.0,295.0,0.0
25556,251.0,278.0,0.0
25557,228.0,369.0,0.0
25558,63.0,18.0,0.0
25559,63.0,555.0,0.0
25560,86.0,457.0,0.0
25561,73.0,151.0,0.0
25562,182.0,117.0,0.0
25563,128.0,1.0,0.0
25564,172.0,381.0,0.0
25565,97.0,579.0,0.0
25566,265.0,285.0,0.0
25567,244.0,230.0,0.0
25568,74.0,377.0,0.0
25569,155.0,102.0,0.0
25570,178.0,140.0,0.0
25571,86.0,582.0,0.0
25572,199.0,107.0,0.0
25573,64.0,252.0,0.0
25574,24.0,404.0,0.0
25575,68.0,297.0,0.0
25576,96.0,468.0,0.0
25577,113.0,184.0,0.0
25578,145.0,587.0,0.0
25579,229.0,358.0,0.0
25580,6.0,118.0,0.0
25581,64.0,486.0,0.0
25582,52.0,65.0,0.0
25583,102.0,389.0,0.0
25584,239.0,13.0,0.0
25585,41.0,402.0,0.0
25586,37.0,386.0,0.0
25587,172.0,260.0,0.0
25588,248.0,374.0,0.0
25589,227.0,455.0,0.0
25590,51.0,9.0,0.0
25591,198.0,595.0,0.0
25592,132.0,314.0,0.0
25593,52.0,214.0,0.0
25594,157.0,448.0,0.0
25595,4.0,256.0,0.0
25596,150.0,551.0,0.0
25597,98.0,247.0,0.0
25598,153.0,74.0,0.0
25599,196.0,169.0,0.0
25600,121.0,398.0,0.0
25601,238.0,73.0,0.0
25602,208.0,511.0,0.0
25603,29.0,165.0,0.0
25604,231.0,318.0,0.0
25605,74.0,213.0,0.0
25606,4.0,31.0,0.0
25607,98.0,27.0,0.0
25608,234.0,361.0,0.0
25609,266.0,215.0,0.0
25610,104.0,469.0,0.0
25611,28.0,420.0,0.0
25612,41.0,276.0,0.0
25613,57.0,218.0,0.0
25614,116.0,478.0,0.0
25615,185.0,392.0,0.0
25616,72.0,446.0,0.0
25617,192.0,551.0,0.0
25618,196.0,80.0,0.0
25619,18.0,379.0,0.0
25620,8.0,590.0,0.0
25621,26.0,177.0,0.0
25622,134.0,347.0,0.0
25623,247.0,195.0,0.0
25624,62.0,581.0,0.0
25625,91.0,39.0,0.0
25626,154.0,252.0,0.0
25627,256.0,421.0,0.0
25628,172.0,182.0,0.0
25629,163.0,469.0,0.0
25630,17.0,520.0,0.0
25631,170.0,303.0,0.0
25632,78.0,80.0,0.0
25633,206.0,504.0,0.0
25634,13.0,362.0,0.0
25635,191.0,279.0,0.0
25636,59.0,2.0,0.0
25637,199.0,346.0,0.0
25638,195.0,387.0,0.0
25639,31.0,420.0,0.0
25640,160.0,445.0,0.0
25641,151.0,221.0,0.0
25642,175.0,559.0,0.0
25643,20.0,135.0,0.0
25644,264.0,411.0,0.0
25645,265.0,478.0,0.0
25646,252.0,227.0,0.0
25647,136.0,437.0,0.0
25648,247.0,236.0,0.0
25649,146.0,121.0,0.0
25650,35.0,77.0,0.0
25651,100.0,484.0,0.0
25652,222.0,581.0,0.0
25653,258.0,356.0,0.0
25654,107.0,162.0,0.0
25655,267.0,180.0,0.0
25656,209.0,125.0,0.0
25657,30.0,350.0,0.0
25658,23.0,219.0,0.0
25659,193.0,57.0,0.0
25660,146.0,491.0,0.0
25661,160.0,584.0,0.0
25662,74.0,542.0,0.0
25663,13.0,240.0,0.0
25664,255.0,92.0,0.0
25665,47.0,363.0,0.0
25666,16.0,566.0,0.0
25667,22.0,584.0,0.0
25668,4.0,90.0,0.0
25669,30.0,391.0,0.0
25670,180.0,135.0,0.0
25671,27.0,217.0,0.0
25672,139.0,234.0,0.0
25673,114.0,95.0,0.0
25674,19.0,212.0,0.0
25675,33.0,572.0,0.0
25676,138.0,269.0,0.0
25677,92.0,369.0,0.0
25678,143.0,91.0,0.0
25679,17.0,359.0,0.0
25680,108.0,492.0,0.0
25681,220.0,576.0,0.0
25682,242.0,6.0,0.0
25683,242.0,393.0,0.0
25684,226.0,24.0,0.0
25685,24.0,334.0,0.0
25686,41.0,471.0,0.0
25687,38.0,196.0,0.0
25688,86.0,437.0,0.0
25689,114.0,292.0,0.0
25690,235.0,118.0,0.0
25691,138.0,586.0,0.0
25692,70.0,23.0,0.0
25693,218.0,94.0,0.0
25694,234.0,475.0,0.0
25695,4.0,323.0,0.0
25696,160.0,87.0,0.0
25697,99.0,404.0,0.0
25698,68.0,548.0,0.0
25699,30.0,293.0,0.0
25700,208.0,354.0,0.0
25701,30.0,281.0,0.0
25702,166.0,429.0,0.0
25703,111.0,463.0,0.0
25704,96.0,532.0,0.0
25705,55.0,137.0,0.0
25706,21.0,206.0,0.0
25707,266.0,123.0,0.0
25708,12.0,45.0,0.0
25709,55.0,337.0,0.0
25710,236.0,215.0,0.0
25711,260.0,422.0,0.0
25712,35.0,496.0,0.0
25713,219.0,330.0,0.0
25714,250.0,557.0,0.0
25715,11.0,434.0,0.0
25716,74.0,200.0,0.0
25717,169.0,121.0,0.0
25718,43.0,575.0,0.0
25719,102.0,0.0,0.0
25720,88.0,513.0,0.0
25721,14.0,458.0,0.0
25722,144.0,540.0,0.0
25723,44.0,0.0,0.0
25724,96.0,18.0,0.0
25725,40.0,535.0,0.0
25726,57.0,359.0,0.0
25727,36.0,503.0,0.0
25728,70.0,51.0,0.0
25729,83.0,319.0,0.0
25730,81.0,49.0,0.0
25731,66.0,251.0,0.0
25732,121.0,265.0,0.0
25733,128.0,23.0,0.0
25734,35.0,391.0,0.0
25735,243.0,350.0,0.0
25736,232.0,171.0,0.0
25737,29.0,34.0,0.0
25738,241.0,358.0,0.0
25739,231.0,539.0,0.0
25740,5.0,534.0,0.0
25741,263.0,580.0,0.0
25742,32.0,242.0,0.0
25743,119.0,215.0,0.0
25744,15.0,200.0,0.0
25745,156.0,529.0,0.0
25746,247.0,313.0,0.0
25747,113.0,170.0,0.0
25748,229.0,231.0,0.0
25749,171.0,320.0,0.0
25750,69.0,558.0,0.0
25751,65.0,440.0,0.0
25752,220.0,422.0,0.0
25753,15.0,180.0,0.0
25754,159.0,237.0,0.0
25755,150.0,355.0,0.0
25756,114.0,315.0,0.0
25757,252.0,258.0,0.0
25758,107.0,258.0,0.0
25759,81.0,361.0,0.0
25760,198.0,435.0,0.0
25761,208.0,238.0,0.0
25762,19.0,471.0,0.0
25763,8.0,431.0,0.0
25764,150.0,297.0,0.0
25765,186.0,469.0,0.0
25766,174.0,152.0,0.0
25767,110.0,435.0,0.0
25768,233.0,349.0,0.0
25769,226.0,571.0,0.0
25770,59.0,232.0,0.0
25771,41.0,221.0,0.0
25772,268.0,467.0,0.0
25773,224.0,71.0,0.0
25774,54.0,536.0,0.0
25775,126.0,400.0,0.0
25776,267.0,344.0,0.0
25777,62.0,116.0,0.0
25778,107.0,413.0,0.0
25779,163.0,44.0,0.0
25780,203.0,437.0,0.0
25781,167.0,288.0,0.0
25782,253.0,430.0,0.0
25783,33.0,197.0,0.0
25784,48.0,493.0,0.0
25785,179.0,194.0,0.0
25786,17.0,250.0,0.0
25787,254.0,538.0,0.0
25788,124.0,187.0,0.0
25789,49.0,175.0,0.0
25790,114.0,286.0,0.0
25791,74.0,325.0,0.0
25792,48.0,404.0,0.0
25793,239.0,403.0,0.0
25794,109.0,158.0,0.0
25795,2.0,349.0,0.0
25796,66.0,95.0,0.0
25797,157.0,85.0,0.0
25798,59.0,428.0,0.0
25799,203.0,361.0,0.0
25800,234.0,314.0,0.0
25801,135.0,75.0,0.0
25802,127.0,309.0,0.0
25803,66.0,505.0,0.0
25804,135.0,470.0,0.0
25805,242.0,283.0,0.0
25806,167.0,364.0,0.0
25807,238.0,70.0,0.0
25808,26.0,247.0,0.0
25809,94.0,400.0,0.0
25810,7.0,546.0,0.0
25811,201.0,238.0,0.0
25812,110.0,168.0,0.0
25813,44.0,503.0,0.0
25814,25.0,483.0,0.0
25815,210.0,104.0,0.0
25816,192.0,99.0,0.0
25817,232.0,316.0,0.0
25818,219.0,119.0,0.0
25819,202.0,231.0,0.0
25820,132.0,187.0,0.0
25821,215.0,405.0,0.0
25822,241.0,529.0,0.0
25823,148.0,136.0,0.0
25824,156.0,250.0,0.0
25825,98.0,545.0,0.0
25826,124.0,328.0,0.0
25827,107.0,452.0,0.0
25828,52.0,271.0,0.0
25829,131.0,185.0,0.0
25830,42.0,318.0,0.0
25831,75.0,414.0,0.0
25832,139.0,247.0,0.0
25833,68.0,527.0,0.0
25834,113.0,367.0,0.0
25835,37.0,421.0,0.0
25836,124.0,37.0,0.0
25837,73.0,367.0,0.0
25838,172.0,373.0,0.0
25839,31.0,479.0,0.0
25840,154.0,570.0,0.0
25841,60.0,418.0,0.0
25842,70.0,542.0,0.0
25843,128.0,560.0,0.0
25844,268.0,304.0,0.0
25845,109.0,202.0,0.0
25846,120.0,241.0,0.0
25847,98.0,289.0,0.0
25848,23.0,50.0,0.0
25849,194.0,467.0,0.0
25850,93.0,216.0,0.0
25851,152.0,596.0,0.0
25852,145.0,33.0,0.0
25853,46.0,493.0,0.0
25854,251.0,192.0,0.0
25855,124.0,344.0,0.0
25856,91.0,460.0,0.0
25857,171.0,201.0,0.0
25858,181.0,46.0,0.0
25859,86.0,181.0,0.0
25860,97.0,448.0,0.0
25861,142.0,513.0,0.0
25862,214.0,392.0,0.0
25863,209.0,384.0,0.0
25864,146.0,144.0,0.0
25865,60.0,313.0,0.0
25866,184.0,435.0,0.0
25867,184.0,558.0,0.0
25868,79.0,279.0,0.0
25869,28.0,473.0,0.0
25870,220.0,175.0,0.0
25871,70.0,334.0,0.0
25872,161.0,230.0,0.0
25873,187.0,174.0,0.0
25874,48.0,175.0,0.0
25875,201.0,53.0,0.0
25876,187.0,263.0,0.0
25877,55.0,302.0,0.0
25878,168.0,399.0,0.0
25879,104.0,594.0,0.0
25880,146.0,447.0,0.0
25881,184.0,594.0,0.0
25882,41.0,435.0,0.0
25883,56.0,434.0,0.0
25884,20.0,398.0,0.0
25885,63.0,517.0,0.0
25886,93.0,158.0,0.0
25887,72.0,371.0,0.0
25888,268.0,98.0,0.0
25889,217.0,260.0,0.0
25890,123.0,306.0,0.0
25891,150.0,344.0,0.0
25892,128.0,110.0,0.0
25893,217.0,346.0,0.0
25894,172.0,64.0,0.0
25895,187.0,178.0,0.0
25896,117.0,580.0,0.0
25897,25.0,564.0,0.0
25898,248.0,399.0,0.0
25899,138.0,454.0,0.0
25900,185.0,593.0,0.0
25901,229.0,248.0,0.0
25902,98.0,228.0,0.0
25903,252.0,491.0,0.0
25904,224.0,569.0,0.0
25905,234.0,414.0,0.0
25906,190.0,31.0,0.0
25907,187.0,297.0,0.0
25908,12.0,314.0,0.0
25909,147.0,322.0,0.0
25910,10.0,381.0,0.0
25911,191.0,588.0,0.0
25912,15.0,273.0,0.0
25913,246.0,254.0,0.0
25914,232.0,374.0,0.0
25915,7.0,73.0,0.0
25916,105.0,196.0,0.0
25917,18.0,126.0,0.0
25918,265.0,238.0,0.0
25919,220.0,5.0,0.0
25920,243.0,109.0,0.0
25921,229.0,195.0,0.0
25922,108.0,558.0,0.0
25923,209.0,25.0,0.0
25924,192.0,457.0,0.0
25925,200.0,586.0,0.0
25926,59.0,246.0,0.0
25927,48.0,347.0,0.0
25928,81.0,154.0,0.0
25929,85.0,104.0,0.0
25930,127.0,334.0,0.0
25931,28.0,572.0,0.0
25932,52.0,539.0,0.0
25933,176.0,42.0,0.0
25934,124.0,48.0,0.0
25935,66.0,340.0,0.0
25936,258.0,468.0,0.0
25937,193.0,412.0,0.0
25938,56.0,91.0,0.0
25939,150.0,62.0,0.0
25940,159.0,57.0,0.0
25941,101.0,417.0,0.0
25942,92.0,154.0,0.0
25943,263.0,271.0,0.0
25944,80.0,484.0,0.0
25945,67.0,538.0,0.0
25946,57.0,263.0,0.0
25947,241.0,26.0,0.0
25948,190.0,595.0,0.0
25949,54.0,418.0,0.0
25950,221.0,277.0,0.0
25951,124.0,421.0,0.0
25952,254.0,245.0,0.0
25953,190.0,82.0,0.0
25954,228.0,503.0,0.0
25955,197.0,15.0,0.0
25956,19.0,281.0,0.0
25957,46.0,224.0,0.0
25958,245.0,566.0,0.0
25959,146.0,509.0,0.0
25960,161.0,188.0,0.0
25961,254.0,378.0,0.0
25962,90.0,411.0,0.0
25963,193.0,484.0,0.0
25964,260.0,237.0,0.0
25965,88.0,137.0,0.0
25966,2.0,519.0,0.0
25967,236.0,441.0,0.0
25968,237.0,523.0,0.0
25969,225.0,438.0,0.0
25970,206.0,329.0,0.0
25971,46.0,568.0,0.0
25972,21.0,249.0,0.0
25973,132.0,456.0,0.0
25974,109.0,374.0,0.0
25975,67.0,25.0,0.0
25976,14.0,561.0,0.0
25977,206.0,152.0,0.0
25978,205.0,88.0,0.0
25979,169.0,568.0,0.0
25980,268.0,229.0,0.0
25981,54.0,254.0,0.0
25982,79.0,80.0,0.0
25983,185.0,440.0,0.0
25984,126.0,468.0,0.0
25985,264.0,42.0,0.0
25986,57.0,142.0,0.0
25987,94.0,29.0,0.0
25988,122.0,396.0,0.0
25989,211.0,506.0,0.0
25990,74.0,506.0,0.0
25991,154.0,246.0,0.0
25992,235.0,542.0,0.0
25993,26.0,169.0,0.0
25994,35.0,41.0,0.0
25995,204.0,59.0,0.0
25996,145.0,161.0,0.0
25997,262.0,301.0,0.0
25998,244.0,54.0,0.0
25999,215.0,12.0,0.0
26000,47.0,90.0,0.0
26001,208.0,312.0,0.0
26002,250.0,16.0,0.0
26003,55.0,446.0,0.0
26004,18.0,587.0,0.0
26005,255.0,9.0,0.0
26006,32.0,331.0,0.0
26007,122.0,272.0,0.0
26008,33.0,29.0,0.0
26009,155.0,319.0,0.0
26010,82.0,582.0,0.0
26011,154.0,0.0,0.0
26012,7.0,13.0,0.0
26013,147.0,411.0,0.0
26014,213.0,587.0,0.0
26015,174.0,56.0,0.0
26016,28.0,40.0,0.0
26017,131.0,532.0,0.0
26018,68.0,132.0,0.0
26019,178.0,342.0,0.0
26020,263.0,423.0,0.0
26021,15.0,537.0,0.0
26022,76.0,169.0,0.0
26023,74.0,387.0,0.0
26024,56.0,218.0,0.0
26025,109.0,279.0,0.0
26026,198.0,365.0,0.0
26027,157.0,501.0,0.0
26028,267.0,313.0,0.0
26029,45.0,458.0,0.0
26030,109.0,1.0,0.0
26031,257.0,314.0,0.0
26032,224.0,576.0,0.0
26033,146.0,442.0,0.0
26034,143.0,585.0,0.0
26035,204.0,513.0,0.0
26036,199.0,432.0,0.0
26037,263.0,587.0,0.0
26038,100.0,129.0,0.0
26039,103.0,34.0,0.0
26040,226.0,233.0,0.0
26041,106.0,345.0,0.0
26042,206.0,505.0,0.0
26043,145.0,150.0,0.0
26044,13.0,373.0,0.0
26045,160.0,76.0,0.0
26046,66.0,299.0,0.0
26047,218.0,463.0,0.0
26048,16.0,502.0,0.0
26049,263.0,298.0,0.0
26050,164.0,410.0,0.0
26051,254.0,521.0,0.0
26052,228.0,447.0,0.0
26053,249.0,479.0,0.0
26054,128.0,439.0,0.0
26055,48.0,527.0,0.0
26056,105.0,83.0,0.0
26057,246.0,318.0,0.0
26058,185.0,222.0,0.0
26059,55.0,247.0,0.0
26060,169.0,295.0,0.0
26061,139.0,93.0,0.0
26062,51.0,231.0,0.0
26063,208.0,237.0,0.0
26064,240.0,565.0,0.0
26065,99.0,596.0,0.0
26066,125.0,270.0,0.0
26067,91.0,84.0,0.0
26068,179.0,114.0,0.0
26069,29.0,203.0,0.0
26070,263.0,118.0,0.0
26071,127.0,452.0,0.0
26072,105.0,234.0,0.0
26073,39.0,477.0,0.0
26074,127.0,256.0,0.0
26075,163.0,247.0,0.0
26076,73.0,187.0,0.0
26077,47.0,418.0,0.0
26078,233.0,259.0,0.0
26079,39.0,583.0,0.0
26080,163.0,512.0,0.0
26081,71.0,283.0,0.0
26082,216.0,115.0,0.0
26083,12.0,220.0,0.0
26084,209.0,305.0,0.0
26085,96.0,154.0,0.0
26086,163.0,48.0,0.0
26087,76.0,158.0,0.0
26088,234.0,101.0,0.0
26089,257.0,543.0,0.0
26090,78.0,328.0,0.0
26091,124.0,547.0,0.0
26092,198.0,47.0,0.0
26093,254.0,38.0,0.0
26094,178.0,432.0,0.0
26095,166.0,556.0,0.0
26096,220.0,445.0,0.0
26097,163.0,175.0,0.0
26098,149.0,440.0,0.0
26099,79.0,185.0,0.0
26100,28.0,502.0,0.0
26101,113.0,508.0,0.0
26102,3.0,509.0,0.0
26103,172.0,353.0,0.0
26104,236.0,422.0,0.0
26105,255.0,458.0,0.0
26106,47.0,267.0,0.0
26107,108.0,465.0,0.0
26108,175.0,255.0,0.0
26109,26.0,16.0,0.0
26110,110.0,253.0,0.0
26111,184.0,266.0,0.0
26112,80.0,389.0,0.0
26113,120.0,272.0,0.0
26114,62.0,266.0,0.0
26115,123.0,18.0,0.0
26116,166.0,158.0,0.0
26117,118.0,220.0,0.0
26118,137.0,216.0,0.0
26119,230.0,393.0,0.0
26120,3.0,590.0,0.0
26121,25.0,477.0,0.0
26122,30.0,164.0,0.0
26123,42.0,167.0,0.0
26124,131.0,306.0,0.0
26125,104.0,236.0,0.0
26126,11.0,253.0,0.0
26127,6.0,572.0,0.0
26128,150.0,390.0,0.0
26129,237.0,487.0,0.0
26130,124.0,223.0,0.0
26131,45.0,378.0,0.0
26132,242.0,340.0,0.0
26133,260.0,474.0,0.0
26134,84.0,67.0,0.0
26135,264.0,539.0,0.0
26136,184.0,473.0,0.0
26137,93.0,183.0,0.0
26138,108.0,522.0,0.0
26139,10.0,183.0,0.0
26140,190.0,298.0,0.0
26141,192.0,128.0,0.0
26142,97.0,162.0,0.0
26143,136.0,283.0,0.0
26144,256.0,179.0,0.0
26145,145.0,454.0,0.0
26146,214.0,297.0,0.0
26147,140.0,253.0,0.0
26148,144.0,150.0,0.0
26149,168.0,393.0,0.0
26150,91.0,328.0,0.0
26151,250.0,582.0,0.0
26152,110.0,224.0,0.0
26153,166.0,471.0,0.0
26154,73.0,174.0,0.0
26155,234.0,304.0,0.0
26156,263.0,97.0,0.0
26157,268.0,469.0,0.0
26158,129.0,174.0,0.0
26159,59.0,348.0,0.0
26160,28.0,564.0,0.0
26161,251.0,280.0,0.0
26162,85.0,126.0,0.0
26163,214.0,276.0,0.0
26164,86.0,444.0,0.0
26165,0.0,335.0,0.0
26166,249.0,274.0,0.0
26167,146.0,347.0,0.0
26168,170.0,149.0,0.0
26169,225.0,312.0,0.0
26170,90.0,313.0,0.0
26171,190.0,436.0,0.0
26172,187.0,495.0,0.0
26173,122.0,40.0,0.0
26174,85.0,378.0,0.0
26175,165.0,248.0,0.0
26176,63.0,523.0,0.0
26177,110.0,408.0,0.0
26178,134.0,306.0,0.0
26179,103.0,42.0,0.0
26180,220.0,325.0,0.0
26181,134.0,136.0,0.0
26182,86.0,488.0,0.0
26183,208.0,444.0,0.0
26184,262.0,56.0,0.0
26185,97.0,67.0,0.0
26186,163.0,205.0,0.0
26187,36.0,395.0,0.0
26188,138.0,354.0,0.0
26189,228.0,390.0,0.0
26190,94.0,325.0,0.0
26191,265.0,293.0,0.0
26192,51.0,161.0,0.0
26193,139.0,478.0,0.0
26194,264.0,382.0,0.0
26195,93.0,122.0,0.0
26196,184.0,365.0,0.0
26197,250.0,490.0,0.0
26198,208.0,286.0,0.0
26199,209.0,21.0,0.0
26200,234.0,582.0,0.0
26201,182.0,152.0,0.0
26202,258.0,135.0,0.0
26203,196.0,403.0,0.0
26204,119.0,482.0,0.0
26205,99.0,452.0,0.0
26206,245.0,60.0,0.0
26207,80.0,114.0,0.0
26208,128.0,483.0,0.0
26209,55.0,327.0,0.0
26210,178.0,430.0,0.0
26211,126.0,196.0,0.0
26212,193.0,372.0,0.0
26213,198.0,319.0,0.0
26214,91.0,252.0,0.0
26215,219.0,377.0,0.0
26216,74.0,299.0,0.0
26217,256.0,478.0,0.0
26218,215.0,388.0,0.0
26219,188.0,594.0,0.0
26220,237.0,126.0,0.0
26221,108.0,119.0,0.0
26222,233.0,463.0,0.0
26223,15.0,262.0,0.0
26224,138.0,65.0,0.0
26225,51.0,436.0,0.0
26226,133.0,484.0,0.0
26227,172.0,205.0,0.0
26228,266.0,133.0,0.0
26229,51.0,576.0,0.0
26230,36.0,134.0,0.0
26231,25.0,396.0,0.0
26232,245.0,463.0,0.0
26233,156.0,9.0,0.0
26234,157.0,99.0,0.0
26235,241.0,471.0,0.0
26236,52.0,513.0,0.0
26237,215.0,534.0,0.0
26238,104.0,262.0,0.0
26239,175.0,332.0,0.0
26240,255.0,467.0,0.0
26241,201.0,275.0,0.0
26242,155.0,402.0,0.0
26243,242.0,302.0,0.0
26244,9.0,239.0,0.0
26245,170.0,278.0,0.0
26246,22.0,244.0,0.0
26247,129.0,167.0,0.0
26248,118.0,36.0,0.0
26249,69.0,132.0,0.0
26250,146.0,318.0,0.0
26251,229.0,5.0,0.0
26252,250.0,468.0,0.0
26253,225.0,291.0,0.0
26254,194.0,369.0,0.0
26255,226.0,554.0,0.0
26256,157.0,547.0,0.0
26257,29.0,533.0,0.0
26258,124.0,352.0,0.0
26259,261.0,503.0,0.0
26260,97.0,437.0,0.0
26261,165.0,373.0,0.0
26262,8.0,123.0,0.0
26263,178.0,136.0,0.0
26264,138.0,73.0,0.0
26265,155.0,17.0,0.0
26266,247.0,211.0,0.0
26267,207.0,124.0,0.0
26268,8.0,462.0,0.0
26269,9.0,362.0,0.0
26270,194.0,114.0,0.0
26271,103.0,468.0,0.0
26272,14.0,178.0,0.0
26273,156.0,537.0,0.0
26274,158.0,244.0,0.0
26275,143.0,580.0,0.0
26276,166.0,507.0,0.0
26277,107.0,15.0,0.0
26278,5.0,481.0,0.0
26279,263.0,407.0,0.0
26280,61.0,574.0,0.0
26281,165.0,514.0,0.0
26282,115.0,260.0,0.0
26283,101.0,363.0,0.0
26284,39.0,530.0,0.0
26285,197.0,354.0,0.0
26286,77.0,440.0,0.0
26287,61.0,255.0,0.0
26288,260.0,60.0,0.0
26289,179.0,397.0,0.0
26290,55.0,443.0,0.0
26291,226.0,114.0,0.0
26292,71.0,17.0,0.0
26293,38.0,362.0,0.0
26294,108.0,340.0,0.0
26295,203.0,436.0,0.0
26296,28.0,373.0,0.0
26297,74.0,193.0,0.0
26298,99.0,451.0,0.0
26299,34.0,284.0,0.0
26300,70.0,409.0,0.0
26301,204.0,568.0,0.0
26302,43.0,152.0,0.0
26303,96.0,350.0,0.0
26304,250.0,513.0,0.0
26305,115.0,16.0,0.0
26306,55.0,97.0,0.0
26307,40.0,289.0,0.0
26308,241.0,220.0,0.0
26309,43.0,387.0,0.0
26310,64.0,236.0,0.0
26311,255.0,104.0,0.0
26312,191.0,502.0,0.0
26313,41.0,173.0,0.0
26314,30.0,401.0,0.0
26315,253.0,360.0,0.0
26316,24.0,243.0,0.0
26317,237.0,453.0,0.0
26318,232.0,148.0,0.0
26319,54.0,494.0,0.0
26320,126.0,366.0,0.0
26321,223.0,296.0,0.0
26322,99.0,314.0,0.0
26323,118.0,21.0,0.0
26324,114.0,587.0,0.0
26325,28.0,550.0,0.0
26326,207.0,450.0,0.0
26327,191.0,476.0,0.0
26328,108.0,592.0,0.0
26329,183.0,362.0,0.0
26330,206.0,587.0,0.0
26331,9.0,407.0,0.0
26332,62.0,109.0,0.0
26333,132.0,442.0,0.0
26334,255.0,404.0,0.0
26335,137.0,577.0,0.0
26336,104.0,82.0,0.0
26337,111.0,468.0,0.0
26338,152.0,298.0,0.0
26339,119.0,82.0,0.0
26340,264.0,337.0,0.0
26341,170.0,466.0,0.0
26342,170.0,392.0,0.0
26343,24.0,559.0,0.0
26344,196.0,48.0,0.0
26345,220.0,217.0,0.0
26346,56.0,493.0,0.0
26347,160.0,557.0,0.0
26348,17.0,426.0,0.0
26349,170.0,575.0,0.0
26350,210.0,183.0,0.0
26351,29.0,409.0,0.0
26352,47.0,423.0,0.0
26353,213.0,497.0,0.0
26354,233.0,321.0,0.0
26355,28.0,508.0,0.0
26356,25.0,185.0,0.0
26357,101.0,287.0,0.0
26358,102.0,380.0,0.0
26359,177.0,243.0,0.0
26360,250.0,332.0,0.0
26361,255.0,429.0,0.0
26362,83.0,118.0,0.0
26363,70.0,273.0,0.0
26364,4.0,345.0,0.0
26365,71.0,130.0,0.0
26366,245.0,368.0,0.0
26367,44.0,543.0,0.0
26368,204.0,543.0,0.0
26369,199.0,151.0,0.0
26370,180.0,316.0,0.0
26371,101.0,476.0,0.0
26372,30.0,510.0,0.0
26373,259.0,455.0,0.0
26374,62.0,65.0,0.0
26375,35.0,249.0,0.0
26376,235.0,563.0,0.0
26377,115.0,172.0,0.0
26378,64.0,15.0,0.0
26379,58.0,47.0,0.0
26380,134.0,409.0,0.0
26381,190.0,124.0,0.0
26382,38.0,3.0,0.0
26383,221.0,340.0,0.0
26384,224.0,56.0,0.0
26385,140.0,101.0,0.0
26386,255.0,432.0,0.0
26387,113.0,463.0,0.0
26388,98.0,575.0,0.0
26389,180.0,99.0,0.0
26390,158.0,430.0,0.0
26391,92.0,253.0,0.0
26392,152.0,360.0,0.0
26393,87.0,449.0,0.0
26394,215.0,574.0,0.0
26395,200.0,149.0,0.0
26396,130.0,23.0,0.0
26397,212.0,224.0,0.0
26398,22.0,39.0,0.0
26399,103.0,96.0,0.0
26400,267.0,89.0,0.0
26401,109.0,567.0,0.0
26402,148.0,285.0,0.0
26403,103.0,413.0,0.0
26404,11.0,12.0,0.0
26405,190.0,301.0,0.0
26406,58.0,579.0,0.0
26407,36.0,474.0,0.0
26408,48.0,517.0,0.0
26409,49.0,93.0,0.0
26410,63.0,565.0,0.0
26411,190.0,267.0,0.0
26412,26.0,46.0,0.0
26413,263.0,475.0,0.0
26414,6.0,145.0,0.0
26415,1.0,559.0,0.0
26416,52.0,319.0,0.0
26417,57.0,355.0,0.0
26418,65.0,30.0,0.0
26419,150.0,405.0,0.0
26420,65.0,563.0,0.0
26421,214.0,2.0,0.0
26422,16.0,531.0,0.0
26423,102.0,195.0,0.0
26424,254.0,163.0,0.0
26425,37.0,548.0,0.0
26426,42.0,437.0,0.0
26427,144.0,240.0,0.0
26428,265.0,15.0,0.0
26429,103.0,474.0,0.0
26430,54.0,291.0,0.0
26431,155.0,12.0,0.0
26432,26.0,588.0,0.0
26433,267.0,35.0,0.0
26434,173.0,451.0,0.0
26435,191.0,4.0,0.0
26436,179.0,186.0,0.0
26437,7.0,316.0,0.0
26438,203.0,461.0,0.0
26439,92.0,409.0,0.0
26440,227.0,324.0,0.0
26441,124.0,347.0,0.0
26442,24.0,107.0,0.0
26443,141.0,82.0,0.0
26444,175.0,436.0,0.0
26445,41.0,301.0,0.0
26446,129.0,308.0,0.0
26447,261.0,498.0,0.0
26448,149.0,377.0,0.0
26449,1.0,187.0,0.0
26450,68.0,198.0,0.0
26451,136.0,173.0,0.0
26452,91.0,33.0,0.0
26453,182.0,406.0,0.0
26454,211.0,92.0,0.0
26455,214.0,138.0,0.0
26456,91.0,26.0,0.0
26457,25.0,233.0,0.0
26458,26.0,595.0,0.0
26459,52.0,582.0,0.0
26460,93.0,376.0,0.0
26461,167.0,537.0,0.0
26462,53.0,219.0,0.0
26463,65.0,302.0,0.0
26464,204.0,324.0,0.0
26465,108.0,371.0,0.0
26466,193.0,406.0,0.0
26467,234.0,587.0,0.0
26468,59.0,592.0,0.0
26469,261.0,321.0,0.0
26470,91.0,476.0,0.0
26471,73.0,515.0,0.0
26472,176.0,244.0,0.0
26473,138.0,558.0,0.0
26474,57.0,243.0,0.0
26475,215.0,379.0,0.0
26476,244.0,15.0,0.0
26477,230.0,464.0,0.0
26478,58.0,545.0,0.0
26479,100.0,113.0,0.0
26480,62.0,312.0,0.0
26481,99.0,46.0,0.0
26482,246.0,491.0,0.0
26483,157.0,329.0,0.0
26484,173.0,75.0,0.0
26485,132.0,544.0,0.0
26486,50.0,519.0,0.0
26487,224.0,95.0,0.0
26488,104.0,34.0,0.0
26489,259.0,34.0,0.0
26490,33.0,13.0,0.0
26491,237.0,274.0,0.0
26492,230.0,430.0,0.0
26493,16.0,304.0,0.0
26494,259.0,35.0,0.0
26495,109.0,90.0,0.0
26496,33.0,85.0,0.0
26497,109.0,94.0,0.0
26498,79.0,562.0,0.0
26499,88.0,44.0,0.0
26500,267.0,509.0,0.0
26501,54.0,594.0,0.0
26502,69.0,58.0,0.0
26503,88.0,536.0,0.0
26504,28.0,419.0,0.0
26505,34.0,503.0,0.0
26506,81.0,594.0,0.0
26507,48.0,296.0,0.0
26508,179.0,541.0,0.0
26509,114.0,419.0,0.0
26510,238.0,286.0,0.0
26511,217.0,301.0,0.0
26512,92.0,172.0,0.0
26513,170.0,449.0,0.0
26514,148.0,58.0,0.0
26515,114.0,512.0,0.0
26516,0.0,329.0,0.0
26517,41.0,4.0,0.0
26518,208.0,250.0,0.0
26519,49.0,569.0,0.0
26520,186.0,390.0,0.0
26521,40.0,322.0,0.0
26522,80.0,423.0,0.0
26523,35.0,98.0,0.0
26524,218.0,10.0,0.0
26525,219.0,552.0,0.0
26526,138.0,539.0,0.0
26527,242.0,304.0,0.0
26528,72.0,508.0,0.0
26529,217.0,496.0,0.0
26530,250.0,195.0,0.0
26531,3.0,119.0,0.0
26532,28.0,456.0,0.0
26533,46.0,228.0,0.0
26534,154.0,287.0,0.0
26535,256.0,72.0,0.0
26536,229.0,585.0,0.0
26537,196.0,521.0,0.0
26538,180.0,50.0,0.0
26539,171.0,178.0,0.0
26540,48.0,29.0,0.0
26541,250.0,555.0,0.0
26542,205.0,109.0,0.0
26543,131.0,73.0,0.0
26544,94.0,560.0,0.0
26545,243.0,503.0,0.0
26546,43.0,188.0,0.0
26547,103.0,3.0,0.0
26548,112.0,512.0,0.0
26549,178.0,532.0,0.0
26550,220.0,172.0,0.0
26551,229.0,473.0,0.0
26552,41.0,314.0,0.0
26553,161.0,409.0,0.0
26554,112.0,50.0,0.0
26555,6.0,90.0,0.0
26556,230.0,398.0,0.0
26557,90.0,509.0,0.0
26558,69.0,471.0,0.0
26559,15.0,94.0,0.0
26560,201.0,300.0,0.0
26561,233.0,488.0,0.0
26562,59.0,86.0,0.0
26563,114.0,299.0,0.0
26564,186.0,8.0,0.0
26565,33.0,56.0,0.0
26566,160.0,233.0,0.0
26567,141.0,442.0,0.0
26568,251.0,544.0,0.0
26569,217.0,262.0,0.0
26570,230.0,373.0,0.0
26571,50.0,377.0,0.0
26572,140.0,511.0,0.0
26573,109.0,380.0,0.0
26574,47.0,174.0,0.0
26575,54.0,406.0,0.0
26576,165.0,225.0,0.0
26577,181.0,526.0,0.0
26578,36.0,148.0,0.0
26579,3.0,69.0,0.0
26580,27.0,524.0,0.0
26581,22.0,2.0,0.0
26582,57.0,195.0,0.0
26583,24.0,35.0,0.0
26584,145.0,210.0,0.0
26585,25.0,31.0,0.0
26586,40.0,451.0,0.0
26587,173.0,260.0,0.0
26588,5.0,417.0,0.0
26589,250.0,552.0,0.0
26590,150.0,290.0,0.0
26591,62.0,284.0,0.0
26592,173.0,348.0,0.0
26593,174.0,458.0,0.0
26594,225.0,207.0,0.0
26595,63.0,77.0,0.0
26596,20.0,142.0,0.0
26597,26.0,19.0,0.0
26598,205.0,345.0,0.0
26599,128.0,407.0,0.0
26600,98.0,390.0,0.0
26601,265.0,117.0,0.0
26602,19.0,594.0,0.0
26603,239.0,53.0,0.0
26604,116.0,238.0,0.0
26605,69.0,250.0,0.0
26606,53.0,389.0,0.0
26607,146.0,15.0,0.0
26608,267.0,339.0,0.0
26609,108.0,556.0,0.0
26610,77.0,232.0,0.0
26611,78.0,41.0,0.0
26612,163.0,257.0,0.0
26613,159.0,134.0,0.0
26614,24.0,271.0,0.0
26615,16.0,140.0,0.0
26616,127.0,140.0,0.0
26617,196.0,133.0,0.0
26618,22.0,470.0,0.0
26619,177.0,187.0,0.0
26620,171.0,439.0,0.0
26621,243.0,291.0,0.0
26622,135.0,428.0,0.0
26623,220.0,69.0,0.0
26624,264.0,148.0,0.0
26625,115.0,324.0,0.0
26626,95.0,76.0,0.0
26627,120.0,206.0,0.0
26628,248.0,244.0,0.0
26629,109.0,28.0,0.0
26630,23.0,322.0,0.0
26631,23.0,57.0,0.0
26632,208.0,490.0,0.0
26633,34.0,20.0,0.0
26634,50.0,589.0,0.0
26635,9.0,452.0,0.0
26636,26.0,495.0,0.0
26637,247.0,10.0,0.0
26638,118.0,432.0,0.0
26639,257.0,533.0,0.0
26640,89.0,367.0,0.0
26641,82.0,576.0,0.0
26642,55.0,213.0,0.0
26643,184.0,550.0,0.0
26644,6.0,43.0,0.0
26645,29.0,118.0,0.0
26646,189.0,505.0,0.0
26647,3.0,250.0,0.0
26648,186.0,424.0,0.0
26649,55.0,265.0,0.0
26650,239.0,90.0,0.0
26651,69.0,255.0,0.0
26652,98.0,333.0,0.0
26653,192.0,453.0,0.0
26654,112.0,253.0,0.0
26655,153.0,287.0,0.0
26656,35.0,396.0,0.0
26657,250.0,199.0,0.0
26658,0.0,349.0,0.0
26659,118.0,261.0,0.0
26660,70.0,512.0,0.0
26661,244.0,229.0,0.0
26662,159.0,482.0,0.0
26663,104.0,462.0,0.0
26664,44.0,37.0,0.0
26665,138.0,198.0,0.0
26666,98.0,436.0,0.0
26667,3.0,485.0,0.0
26668,108.0,21.0,0.0
26669,39.0,130.0,0.0
26670,140.0,76.0,0.0
26671,185.0,295.0,0.0
26672,187.0,283.0,0.0
26673,234.0,280.0,0.0
26674,94.0,114.0,0.0
26675,126.0,438.0,0.0
26676,52.0,357.0,0.0
26677,173.0,481.0,0.0
26678,3.0,171.0,0.0
26679,226.0,450.0,0.0
26680,87.0,82.0,0.0
26681,217.0,480.0,0.0
26682,75.0,61.0,0.0
26683,11.0,450.0,0.0
26684,124.0,211.0,0.0
26685,237.0,70.0,0.0
26686,98.0,484.0,0.0
26687,211.0,531.0,0.0
26688,12.0,517.0,0.0
26689,79.0,484.0,0.0
26690,262.0,411.0,0.0
26691,165.0,229.0,0.0
26692,138.0,477.0,0.0
26693,120.0,64.0,0.0
26694,6.0,111.0,0.0
26695,234.0,268.0,0.0
26696,47.0,534.0,0.0
26697,51.0,482.0,0.0
26698,139.0,163.0,0.0
26699,233.0,288.0,0.0
26700,233.0,515.0,0.0
26701,193.0,378.0,0.0
26702,172.0,416.0,0.0
26703,16.0,42.0,0.0
26704,209.0,295.0,0.0
26705,188.0,500.0,0.0
26706,235.0,579.0,0.0
26707,153.0,322.0,0.0
26708,11.0,428.0,0.0
26709,241.0,409.0,0.0
26710,212.0,340.0,0.0
26711,169.0,311.0,0.0
26712,227.0,200.0,0.0
26713,86.0,451.0,0.0
26714,220.0,158.0,0.0
26715,102.0,475.0,0.0
26716,163.0,329.0,0.0
26717,230.0,569.0,0.0
26718,171.0,20.0,0.0
26719,103.0,321.0,0.0
26720,242.0,473.0,0.0
26721,34.0,142.0,0.0
26722,202.0,32.0,0.0
26723,192.0,101.0,0.0
26724,153.0,328.0,0.0
26725,142.0,257.0,0.0
26726,262.0,331.0,0.0
26727,231.0,548.0,0.0
26728,191.0,133.0,0.0
26729,192.0,562.0,0.0
26730,111.0,150.0,0.0
26731,181.0,293.0,0.0
26732,154.0,389.0,0.0
26733,250.0,327.0,0.0
26734,126.0,488.0,0.0
26735,21.0,327.0,0.0
26736,16.0,501.0,0.0
26737,234.0,338.0,0.0
26738,264.0,171.0,0.0
26739,135.0,287.0,0.0
26740,122.0,527.0,0.0
26741,245.0,413.0,0.0
26742,132.0,290.0,0.0
26743,10.0,129.0,0.0
26744,246.0,500.0,0.0
26745,174.0,435.0,0.0
26746,256.0,93.0,0.0
26747,141.0,49.0,0.0
26748,15.0,232.0,0.0
26749,27.0,281.0,0.0
26750,254.0,89.0,0.0
26751,222.0,238.0,0.0
26752,158.0,70.0,0.0
26753,242.0,185.0,0.0
26754,10.0,169.0,0.0
26755,53.0,231.0,0.0
26756,100.0,66.0,0.0
26757,144.0,562.0,0.0
26758,190.0,64.0,0.0
26759,68.0,442.0,0.0
26760,40.0,139.0,0.0
26761,66.0,564.0,0.0
26762,191.0,46.0,0.0
26763,47.0,573.0,0.0
26764,151.0,385.0,0.0
26765,218.0,164.0,0.0
26766,112.0,227.0,0.0
26767,115.0,40.0,0.0
26768,26.0,496.0,0.0
26769,59.0,128.0,0.0
26770,90.0,205.0,0.0
26771,243.0,426.0,0.0
26772,169.0,46.0,0.0
26773,236.0,554.0,0.0
26774,212.0,574.0,0.0
26775,126.0,121.0,0.0
26776,96.0,294.0,0.0
26777,239.0,459.0,0.0
26778,111.0,427.0,0.0
26779,70.0,459.0,0.0
26780,214.0,471.0,0.0
26781,176.0,424.0,0.0
26782,43.0,431.0,0.0
26783,23.0,7.0,0.0
26784,248.0,155.0,0.0
26785,148.0,50.0,0.0
26786,88.0,532.0,0.0
26787,267.0,115.0,0.0
26788,22.0,62.0,0.0
26789,172.0,552.0,0.0
26790,82.0,359.0,0.0
26791,266.0,595.0,0.0
26792,131.0,277.0,0.0
26793,254.0,334.0,0.0
26794,9.0,597.0,0.0
26795,5.0,529.0,0.0
26796,190.0,215.0,0.0
26797,57.0,441.0,0.0
26798,103.0,177.0,0.0
26799,258.0,284.0,0.0
26800,140.0,185.0,0.0
26801,76.0,278.0,0.0
26802,132.0,514.0,0.0
26803,251.0,154.0,0.0
26804,50.0,72.0,0.0
26805,116.0,123.0,0.0
26806,115.0,397.0,0.0
26807,228.0,456.0,0.0
26808,97.0,152.0,0.0
26809,53.0,76.0,0.0
26810,266.0,482.0,0.0
26811,24.0,485.0,0.0
26812,35.0,227.0,0.0
26813,252.0,507.0,0.0
26814,241.0,0.0,0.0
26815,79.0,61.0,0.0
26816,195.0,412.0,0.0
26817,46.0,213.0,0.0
26818,100.0,64.0,0.0
26819,80.0,373.0,0.0
26820,27.0,337.0,0.0
26821,242.0,13.0,0.0
26822,220.0,303.0,0.0
26823,176.0,191.0,0.0
26824,216.0,217.0,0.0
26825,52.0,315.0,0.0
26826,237.0,131.0,0.0
26827,57.0,560.0,0.0
26828,126.0,522.0,0.0
26829,159.0,353.0,0.0
26830,136.0,325.0,0.0
26831,98.0,335.0,0.0
26832,204.0,364.0,0.0
26833,172.0,185.0,0.0
26834,166.0,105.0,0.0
26835,9.0,413.0,0.0
26836,238.0,141.0,0.0
26837,19.0,236.0,0.0
26838,96.0,276.0,0.0
26839,220.0,537.0,0.0
26840,51.0,17.0,0.0
26841,263.0,320.0,0.0
26842,85.0,54.0,0.0
26843,8.0,216.0,0.0
26844,45.0,414.0,0.0
26845,162.0,503.0,0.0
26846,199.0,105.0,0.0
26847,207.0,121.0,0.0
26848,257.0,148.0,0.0
26849,109.0,57.0,0.0
26850,132.0,80.0,0.0
26851,71.0,293.0,0.0
26852,245.0,363.0,0.0
26853,154.0,77.0,0.0
26854,42.0,585.0,0.0
26855,55.0,385.0,0.0
26856,249.0,473.0,0.0
26857,39.0,46.0,0.0
26858,127.0,550.0,0.0
26859,43.0,278.0,0.0
26860,194.0,343.0,0.0
26861,131.0,126.0,0.0
26862,27.0,138.0,0.0
26863,179.0,265.0,0.0
26864,113.0,261.0,0.0
26865,156.0,193.0,0.0
26866,98.0,125.0,0.0
26867,142.0,323.0,0.0
26868,68.0,166.0,0.0
26869,236.0,277.0,0.0
26870,120.0,471.0,0.0
26871,150.0,487.0,0.0
26872,38.0,567.0,0.0
26873,30.0,364.0,0.0
26874,179.0,59.0,0.0
26875,120.0,568.0,0.0
26876,210.0,517.0,0.0
26877,211.0,270.0,0.0
26878,241.0,99.0,0.0
26879,21.0,289.0,0.0
26880,163.0,236.0,0.0
26881,27.0,97.0,0.0
26882,72.0,245.0,0.0
26883,259.0,368.0,0.0
26884,154.0,351.0,0.0
26885,124.0,249.0,0.0
26886,100.0,38.0,0.0
26887,111.0,405.0,0.0
26888,127.0,347.0,0.0
26889,25.0,90.0,0.0
26890,38.0,48.0,0.0
26891,189.0,19.0,0.0
26892,211.0,203.0,0.0
26893,226.0,495.0,0.0
26894,94.0,565.0,0.0
26895,199.0,562.0,0.0
26896,121.0,487.0,0.0
26897,156.0,150.0,0.0
26898,122.0,238.0,0.0
26899,263.0,285.0,0.0
26900,190.0,148.0,0.0
26901,268.0,133.0,0.0
26902,2.0,577.0,0.0
26903,24.0,574.0,0.0
26904,156.0,275.0,0.0
26905,110.0,106.0,0.0
26906,40.0,418.0,0.0
26907,141.0,412.0,0.0
26908,147.0,48.0,0.0
26909,223.0,463.0,0.0
26910,192.0,95.0,0.0
26911,112.0,79.0,0.0
26912,193.0,441.0,0.0
26913,68.0,290.0,0.0
26914,32.0,557.0,0.0
26915,36.0,331.0,0.0
26916,228.0,379.0,0.0
26917,108.0,495.0,0.0
26918,224.0,490.0,0.0
26919,212.0,440.0,0.0
26920,213.0,490.0,0.0
26921,137.0,341.0,0.0
26922,104.0,446.0,0.0
26923,24.0,154.0,0.0
26924,72.0,499.0,0.0
26925,151.0,318.0,0.0
26926,76.0,156.0,0.0
26927,75.0,339.0,0.0
26928,222.0,345.0,0.0
26929,80.0,439.0,0.0
26930,28.0,67.0,0.0
26931,170.0,83.0,0.0
26932,76.0,403.0,0.0
26933,258.0,309.0,0.0
26934,186.0,101.0,0.0
26935,111.0,544.0,0.0
26936,249.0,217.0,0.0
26937,131.0,313.0,0.0
26938,231.0,418.0,0.0
26939,24.0,413.0,0.0
26940,143.0,419.0,0.0
26941,250.0,116.0,0.0
26942,67.0,224.0,0.0
26943,257.0,385.0,0.0
26944,76.0,67.0,0.0
26945,253.0,73.0,0.0
26946,162.0,49.0,0.0
26947,241.0,1.0,0.0
26948,200.0,4.0,0.0
26949,209.0,477.0,0.0
26950,82.0,496.0,0.0
26951,144.0,49.0,0.0
26952,17.0,563.0,0.0
26953,146.0,27.0,0.0
26954,139.0,297.0,0.0
26955,15.0,474.0,0.0
26956,69.0,538.0,0.0
26957,239.0,408.0,0.0
26958,247.0,414.0,0.0
26959,180.0,574.0,0.0
26960,99.0,38.0,0.0
26961,184.0,304.0,0.0
26962,247.0,151.0,0.0
26963,224.0,558.0,0.0
26964,204.0,480.0,0.0
26965,241.0,561.0,0.0
26966,227.0,366.0,0.0
26967,69.0,220.0,0.0
26968,196.0,569.0,0.0
26969,40.0,213.0,0.0
26970,140.0,393.0,0.0
26971,35.0,521.0,0.0
26972,39.0,501.0,0.0
26973,110.0,41.0,0.0
26974,149.0,552.0,0.0
26975,185.0,29.0,0.0
26976,102.0,483.0,0.0
26977,110.0,303.0,0.0
26978,207.0,35.0,0.0
26979,177.0,54.0,0.0
26980,166.0,195.0,0.0
26981,0.0,101.0,0.0
26982,11.0,576.0,0.0
26983,75.0,502.0,0.0
26984,215.0,309.0,0.0
26985,210.0,271.0,0.0
26986,263.0,77.0,0.0
26987,183.0,105.0,0.0
26988,22.0,264.0,0.0
26989,38.0,458.0,0.0
26990,91.0,142.0,0.0
26991,133.0,458.0,0.0
26992,144.0,297.0,0.0
26993,228.0,407.0,0.0
26994,188.0,121.0,0.0
26995,220.0,538.0,0.0
26996,113.0,2.0,0.0
26997,102.0,107.0,0.0
26998,266.0,536.0,0.0
26999,22.0,268.0,0.0
27000,166.0,235.0,0.0
27001,143.0,476.0,0.0
27002,98.0,496.0,0.0
27003,42.0,147.0,0.0
27004,239.0,294.0,0.0
27005,162.0,125.0,0.0
27006,161.0,187.0,0.0
27007,183.0,319.0,0.0
27008,9.0,55.0,0.0
27009,257.0,313.0,0.0
27010,96.0,518.0,0.0
27011,198.0,142.0,0.0
27012,167.0,443.0,0.0
27013,174.0,189.0,0.0
27014,211.0,268.0,0.0
27015,165.0,462.0,0.0
27016,29.0,472.0,0.0
27017,211.0,44.0,0.0
27018,86.0,361.0,0.0
27019,98.0,282.0,0.0
27020,231.0,225.0,0.0
27021,196.0,390.0,0.0
27022,54.0,101.0,0.0
27023,21.0,447.0,0.0
27024,141.0,418.0,0.0
27025,3.0,420.0,0.0
27026,5.0,395.0,0.0
27027,184.0,7.0,0.0
27028,263.0,452.0,0.0
27029,176.0,397.0,0.0
27030,17.0,178.0,0.0
27031,96.0,550.0,0.0
27032,41.0,158.0,0.0
27033,53.0,539.0,0.0
27034,263.0,360.0,0.0
27035,171.0,61.0,0.0
27036,179.0,340.0,0.0
27037,106.0,30.0,0.0
27038,151.0,145.0,0.0
27039,143.0,560.0,0.0
27040,185.0,105.0,0.0
27041,160.0,140.0,0.0
27042,243.0,280.0,0.0
27043,61.0,550.0,0.0
27044,120.0,537.0,0.0
27045,126.0,194.0,0.0
27046,268.0,402.0,0.0
27047,27.0,24.0,0.0
27048,166.0,34.0,0.0
27049,231.0,45.0,0.0
27050,77.0,545.0,0.0
27051,37.0,289.0,0.0
27052,111.0,576.0,0.0
27053,9.0,222.0,0.0
27054,241.0,451.0,0.0
27055,80.0,244.0,0.0
27056,79.0,578.0,0.0
27057,267.0,445.0,0.0
27058,45.0,13.0,0.0
27059,31.0,442.0,0.0
27060,62.0,333.0,0.0
27061,117.0,73.0,0.0
27062,234.0,339.0,0.0
27063,204.0,233.0,0.0
27064,132.0,343.0,0.0
27065,231.0,547.0,0.0
27066,186.0,158.0,0.0
27067,58.0,233.0,0.0
27068,252.0,537.0,0.0
27069,33.0,434.0,0.0
27070,152.0,540.0,0.0
27071,62.0,142.0,0.0
27072,128.0,309.0,0.0
27073,214.0,522.0,0.0
27074,172.0,586.0,0.0
27075,164.0,358.0,0.0
27076,68.0,288.0,0.0
27077,35.0,23.0,0.0
27078,71.0,585.0,0.0
27079,106.0,126.0,0.0
27080,252.0,259.0,0.0
27081,20.0,379.0,0.0
27082,162.0,498.0,0.0
27083,238.0,233.0,0.0
27084,241.0,594.0,0.0
27085,53.0,562.0,0.0
27086,116.0,418.0,0.0
27087,166.0,114.0,0.0
27088,33.0,278.0,0.0
27089,101.0,135.0,0.0
27090,30.0,12.0,0.0
27091,201.0,563.0,0.0
27092,66.0,357.0,0.0
27093,199.0,462.0,0.0
27094,151.0,429.0,0.0
27095,204.0,465.0,0.0
27096,95.0,46.0,0.0
27097,170.0,421.0,0.0
27098,233.0,205.0,0.0
27099,73.0,97.0,0.0
27100,23.0,343.0,0.0
27101,205.0,366.0,0.0
27102,56.0,139.0,0.0
27103,113.0,210.0,0.0
27104,73.0,502.0,0.0
27105,236.0,39.0,0.0
27106,101.0,560.0,0.0
27107,30.0,461.0,0.0
27108,39.0,476.0,0.0
27109,66.0,452.0,0.0
27110,72.0,10.0,0.0
27111,208.0,595.0,0.0
27112,217.0,290.0,0.0
27113,247.0,74.0,0.0
27114,162.0,93.0,0.0
27115,204.0,196.0,0.0
27116,268.0,149.0,0.0
27117,239.0,296.0,0.0
27118,258.0,448.0,0.0
27119,100.0,524.0,0.0
27120,157.0,592.0,0.0
27121,242.0,331.0,0.0
27122,242.0,123.0,0.0
27123,43.0,43.0,0.0
27124,181.0,273.0,0.0
27125,48.0,190.0,0.0
27126,67.0,396.0,0.0
27127,222.0,414.0,0.0
27128,211.0,258.0,0.0
27129,105.0,426.0,0.0
27130,154.0,556.0,0.0
27131,156.0,174.0,0.0
27132,246.0,393.0,0.0
27133,226.0,188.0,0.0
27134,178.0,400.0,0.0
27135,87.0,307.0,0.0
27136,85.0,68.0,0.0
27137,171.0,303.0,0.0
27138,192.0,344.0,0.0
27139,149.0,362.0,0.0
27140,247.0,302.0,0.0
27141,134.0,442.0,0.0
27142,197.0,542.0,0.0
27143,237.0,518.0,0.0
27144,255.0,297.0,0.0
27145,97.0,357.0,0.0
27146,115.0,340.0,0.0
27147,204.0,424.0,0.0
27148,236.0,358.0,0.0
27149,56.0,5.0,0.0
27150,213.0,288.0,0.0
27151,40.0,532.0,0.0
27152,24.0,255.0,0.0
27153,180.0,214.0,0.0
27154,25.0,192.0,0.0
27155,236.0,558.0,0.0
27156,14.0,453.0,0.0
27157,81.0,329.0,0.0
27158,218.0,578.0,0.0
27159,82.0,313.0,0.0
27160,26.0,454.0,0.0
27161,136.0,254.0,0.0
27162,172.0,32.0,0.0
27163,35.0,46.0,0.0
27164,146.0,12.0,0.0
27165,200.0,214.0,0.0
27166,121.0,533.0,0.0
27167,169.0,132.0,0.0
27168,56.0,164.0,0.0
27169,266.0,451.0,0.0
27170,220.0,49.0,0.0
27171,160.0,19.0,0.0
27172,232.0,468.0,0.0
27173,207.0,364.0,0.0
27174,180.0,493.0,0.0
27175,73.0,453.0,0.0
27176,154.0,142.0,0.0
27177,259.0,152.0,0.0
27178,261.0,125.0,0.0
27179,80.0,94.0,0.0
27180,128.0,86.0,0.0
27181,186.0,375.0,0.0
27182,7.0,35.0,0.0
27183,92.0,335.0,0.0
27184,77.0,264.0,0.0
27185,141.0,417.0,0.0
27186,237.0,2.0,0.0
27187,153.0,214.0,0.0
27188,131.0,261.0,0.0
27189,163.0,497.0,0.0
27190,118.0,460.0,0.0
27191,86.0,396.0,0.0
27192,168.0,479.0,0.0
27193,261.0,515.0,0.0
27194,126.0,556.0,0.0
27195,157.0,103.0,0.0
27196,246.0,240.0,0.0
27197,113.0,481.0,0.0
27198,240.0,295.0,0.0
27199,0.0,474.0,0.0
27200,238.0,495.0,0.0
27201,163.0,177.0,0.0
27202,153.0,445.0,0.0
27203,2.0,38.0,0.0
27204,67.0,46.0,0.0
27205,5.0,348.0,0.0
27206,81.0,141.0,0.0
27207,77.0,281.0,0.0
27208,242.0,443.0,0.0
27209,11.0,546.0,0.0
27210,55.0,474.0,0.0
27211,97.0,297.0,0.0
27212,56.0,531.0,0.0
27213,157.0,0.0,0.0
27214,138.0,197.0,0.0
27215,123.0,517.0,0.0
27216,198.0,415.0,0.0
27217,76.0,483.0,0.0
27218,203.0,553.0,0.0
27219,65.0,596.0,0.0
27220,42.0,258.0,0.0
27221,132.0,349.0,0.0
27222,19.0,178.0,0.0
27223,50.0,246.0,0.0
27224,170.0,20.0,0.0
27225,124.0,529.0,0.0
27226,70.0,28.0,0.0
27227,252.0,399.0,0.0
27228,222.0,19.0,0.0
27229,97.0,178.0,0.0
27230,261.0,544.0,0.0
27231,101.0,568.0,0.0
27232,202.0,173.0,0.0
27233,46.0,297.0,0.0
27234,125.0,512.0,0.0
27235,142.0,397.0,0.0
27236,123.0,385.0,0.0
27237,174.0,597.0,0.0
27238,245.0,574.0,0.0
27239,26.0,415.0,0.0
27240,259.0,574.0,0.0
27241,135.0,291.0,0.0
27242,176.0,81.0,0.0
27243,168.0,70.0,0.0
27244,186.0,323.0,0.0
27245,30.0,403.0,0.0
27246,116.0,345.0,0.0
27247,119.0,593.0,0.0
27248,26.0,390.0,0.0
27249,73.0,558.0,0.0
27250,139.0,497.0,0.0
27251,140.0,459.0,0.0
27252,80.0,37.0,0.0
27253,181.0,297.0,0.0
27254,192.0,259.0,0.0
27255,266.0,128.0,0.0
27256,155.0,292.0,0.0
27257,254.0,566.0,0.0
27258,122.0,369.0,0.0
27259,162.0,495.0,0.0
27260,91.0,302.0,0.0
27261,130.0,580.0,0.0
27262,107.0,144.0,0.0
27263,216.0,187.0,0.0
27264,239.0,87.0,0.0
27265,166.0,361.0,0.0
27266,110.0,437.0,0.0
27267,75.0,75.0,0.0
27268,226.0,100.0,0.0
27269,240.0,101.0,0.0
27270,55.0,210.0,0.0
27271,35.0,86.0,0.0
27272,112.0,149.0,0.0
27273,252.0,400.0,0.0
27274,235.0,6.0,0.0
27275,213.0,131.0,0.0
27276,15.0,514.0,0.0
27277,34.0,7.0,0.0
27278,256.0,563.0,0.0
27279,199.0,251.0,0.0
27280,148.0,508.0,0.0
27281,49.0,345.0,0.0
27282,105.0,211.0,0.0
27283,191.0,439.0,0.0
27284,125.0,101.0,0.0
27285,212.0,209.0,0.0
27286,207.0,444.0,0.0
27287,20.0,544.0,0.0
27288,33.0,369.0,0.0
27289,78.0,568.0,0.0
27290,258.0,125.0,0.0
27291,214.0,395.0,0.0
27292,14.0,427.0,0.0
27293,267.0,61.0,0.0
27294,176.0,417.0,0.0
27295,67.0,82.0,0.0
27296,89.0,290.0,0.0
27297,122.0,352.0,0.0
27298,79.0,356.0,0.0
27299,154.0,237.0,0.0
27300,109.0,167.0,0.0
27301,194.0,449.0,0.0
27302,46.0,431.0,0.0
27303,250.0,384.0,0.0
27304,136.0,226.0,0.0
27305,42.0,552.0,0.0
27306,117.0,306.0,0.0
27307,126.0,151.0,0.0
27308,50.0,569.0,0.0
27309,42.0,108.0,0.0
27310,111.0,436.0,0.0
27311,137.0,162.0,0.0
27312,70.0,29.0,0.0
27313,39.0,206.0,0.0
27314,5.0,292.0,0.0
27315,29.0,71.0,0.0
27316,212.0,414.0,0.0
27317,48.0,501.0,0.0
27318,57.0,307.0,0.0
27319,24.0,543.0,0.0
27320,184.0,340.0,0.0
27321,133.0,176.0,0.0
27322,179.0,474.0,0.0
27323,264.0,221.0,0.0
27324,35.0,118.0,0.0
27325,132.0,281.0,0.0
27326,168.0,508.0,0.0
27327,106.0,88.0,0.0
27328,268.0,147.0,0.0
27329,230.0,257.0,0.0
27330,127.0,246.0,0.0
27331,171.0,555.0,0.0
27332,167.0,509.0,0.0
27333,197.0,236.0,0.0
27334,29.0,291.0,0.0
27335,17.0,42.0,0.0
27336,59.0,579.0,0.0
27337,226.0,236.0,0.0
27338,250.0,531.0,0.0
27339,164.0,13.0,0.0
27340,185.0,272.0,0.0
27341,93.0,398.0,0.0
27342,129.0,583.0,0.0
27343,192.0,74.0,0.0
27344,178.0,251.0,0.0
27345,244.0,180.0,0.0
27346,75.0,441.0,0.0
27347,201.0,294.0,0.0
27348,261.0,387.0,0.0
27349,97.0,436.0,0.0
27350,98.0,130.0,0.0
27351,200.0,408.0,0.0
27352,216.0,145.0,0.0
27353,144.0,210.0,0.0
27354,107.0,247.0,0.0
27355,183.0,405.0,0.0
27356,250.0,583.0,0.0
27357,99.0,216.0,0.0
27358,54.0,332.0,0.0
27359,72.0,159.0,0.0
27360,139.0,531.0,0.0
27361,162.0,67.0,0.0
27362,208.0,593.0,0.0
27363,119.0,491.0,0.0
27364,132.0,474.0,0.0
27365,35.0,403.0,0.0
27366,122.0,351.0,0.0
27367,173.0,94.0,0.0
27368,154.0,304.0,0.0
27369,183.0,267.0,0.0
27370,126.0,573.0,0.0
27371,41.0,244.0,0.0
27372,124.0,562.0,0.0
27373,185.0,196.0,0.0
27374,15.0,422.0,0.0
27375,126.0,519.0,0.0
27376,115.0,585.0,0.0
27377,185.0,212.0,0.0
27378,23.0,385.0,0.0
27379,109.0,139.0,0.0
27380,17.0,429.0,0.0
27381,229.0,74.0,0.0
27382,248.0,495.0,0.0
27383,142.0,520.0,0.0
27384,187.0,351.0,0.0
27385,214.0,242.0,0.0
27386,194.0,262.0,0.0
27387,176.0,509.0,0.0
27388,138.0,10.0,0.0
27389,247.0,542.0,0.0
27390,42.0,15.0,0.0
27391,186.0,151.0,0.0
27392,105.0,450.0,0.0
27393,120.0,397.0,0.0
27394,266.0,68.0,0.0
27395,62.0,99.0,0.0
27396,0.0,416.0,0.0
27397,166.0,72.0,0.0
27398,59.0,327.0,0.0
27399,57.0,574.0,0.0
27400,230.0,352.0,0.0
27401,115.0,482.0,0.0
27402,261.0,560.0,0.0
27403,105.0,443.0,0.0
27404,148.0,494.0,0.0
27405,161.0,36.0,0.0
27406,36.0,188.0,0.0
27407,210.0,272.0,0.0
27408,241.0,89.0,0.0
27409,69.0,480.0,0.0
27410,251.0,315.0,0.0
27411,78.0,18.0,0.0
27412,72.0,523.0,0.0
27413,181.0,420.0,0.0
27414,96.0,448.0,0.0
27415,196.0,459.0,0.0
27416,124.0,217.0,0.0
27417,238.0,567.0,0.0
27418,134.0,124.0,0.0
27419,12.0,110.0,0.0
27420,249.0,299.0,0.0
27421,48.0,499.0,0.0
27422,66.0,21.0,0.0
27423,139.0,462.0,0.0
27424,206.0,542.0,0.0
27425,116.0,90.0,0.0
27426,238.0,267.0,0.0
27427,109.0,248.0,0.0
27428,255.0,427.0,0.0
27429,237.0,455.0,0.0
27430,232.0,140.0,0.0
27431,92.0,210.0,0.0
27432,230.0,516.0,0.0
27433,157.0,231.0,0.0
27434,93.0,587.0,0.0
27435,237.0,331.0,0.0
27436,5.0,102.0,0.0
27437,64.0,347.0,0.0
27438,211.0,57.0,0.0
27439,10.0,463.0,0.0
27440,197.0,23.0,0.0
27441,35.0,206.0,0.0
27442,202.0,411.0,0.0
27443,247.0,554.0,0.0
27444,125.0,167.0,0.0
27445,63.0,579.0,0.0
27446,55.0,148.0,0.0
27447,127.0,128.0,0.0
27448,191.0,425.0,0.0
27449,185.0,247.0,0.0
27450,13.0,448.0,0.0
27451,266.0,20.0,0.0
27452,216.0,513.0,0.0
27453,206.0,31.0,0.0
27454,95.0,434.0,0.0
27455,102.0,202.0,0.0
27456,145.0,278.0,0.0
27457,242.0,33.0,0.0
27458,115.0,542.0,0.0
27459,2.0,377.0,0.0
27460,105.0,200.0,0.0
27461,149.0,138.0,0.0
27462,156.0,475.0,0.0
27463,145.0,111.0,0.0
27464,42.0,249.0,0.0
27465,155.0,381.0,0.0
27466,183.0,249.0,0.0
27467,70.0,149.0,0.0
27468,169.0,523.0,0.0
27469,34.0,516.0,0.0
27470,263.0,420.0,0.0
27471,139.0,240.0,0.0
27472,92.0,589.0,0.0
27473,149.0,53.0,0.0
27474,69.0,188.0,0.0
27475,4.0,269.0,0.0
27476,74.0,167.0,0.0
27477,86.0,407.0,0.0
27478,33.0,299.0,0.0
27479,239.0,265.0,0.0
27480,231.0,117.0,0.0
27481,33.0,165.0,0.0
27482,210.0,492.0,0.0
27483,197.0,533.0,0.0
27484,253.0,403.0,0.0
27485,167.0,14.0,0.0
27486,247.0,353.0,0.0
27487,156.0,371.0,0.0
27488,128.0,137.0,0.0
27489,85.0,367.0,0.0
27490,230.0,155.0,0.0
27491,59.0,487.0,0.0
27492,233.0,196.0,0.0
27493,66.0,524.0,0.0
27494,250.0,548.0,0.0
27495,27.0,312.0,0.0
27496,40.0,337.0,0.0
27497,70.0,410.0,0.0
27498,209.0,64.0,0.0
27499,133.0,273.0,0.0
27500,194.0,493.0,0.0
27501,231.0,472.0,0.0
27502,19.0,79.0,0.0
27503,107.0,508.0,0.0
27504,191.0,497.0,0.0
27505,186.0,415.0,0.0
27506,219.0,238.0,0.0
27507,178.0,204.0,0.0
27508,113.0,270.0,0.0
27509,190.0,73.0,0.0
27510,192.0,568.0,0.0
27511,215.0,551.0,0.0
27512,233.0,262.0,0.0
27513,50.0,429.0,0.0
27514,135.0,173.0,0.0
27515,20.0,75.0,0.0
27516,193.0,47.0,0.0
27517,137.0,227.0,0.0
27518,17.0,49.0,0.0
27519,98.0,41.0,0.0
27520,125.0,220.0,0.0
27521,131.0,142.0,0.0
27522,235.0,176.0,0.0
27523,216.0,437.0,0.0
27524,174.0,183.0,0.0
27525,42.0,568.0,0.0
27526,198.0,556.0,0.0
27527,202.0,444.0,0.0
27528,127.0,160.0,0.0
27529,11.0,572.0,0.0
27530,47.0,160.0,0.0
27531,80.0,366.0,0.0
27532,190.0,258.0,0.0
27533,32.0,117.0,0.0
27534,260.0,3.0,0.0
27535,184.0,434.0,0.0
27536,83.0,221.0,0.0
27537,229.0,457.0,0.0
27538,106.0,258.0,0.0
27539,36.0,255.0,0.0
27540,86.0,303.0,0.0
27541,131.0,535.0,0.0
27542,108.0,163.0,0.0
27543,80.0,103.0,0.0
27544,182.0,585.0,0.0
27545,264.0,107.0,0.0
27546,90.0,269.0,0.0
27547,62.0,336.0,0.0
27548,250.0,432.0,0.0
27549,263.0,433.0,0.0
27550,190.0,496.0,0.0
27551,215.0,100.0,0.0
27552,225.0,522.0,0.0
27553,202.0,229.0,0.0
27554,121.0,63.0,0.0
27555,232.0,319.0,0.0
27556,211.0,569.0,0.0
27557,216.0,24.0,0.0
27558,79.0,132.0,0.0
27559,261.0,274.0,0.0
27560,32.0,259.0,0.0
27561,171.0,108.0,0.0
27562,15.0,243.0,0.0
27563,213.0,556.0,0.0
27564,123.0,301.0,0.0
27565,10.0,469.0,0.0
27566,203.0,148.0,0.0
27567,257.0,13.0,0.0
27568,123.0,283.0,0.0
27569,36.0,475.0,0.0
27570,52.0,380.0,0.0
27571,216.0,33.0,0.0
27572,6.0,78.0,0.0
27573,207.0,472.0,0.0
27574,82.0,51.0,0.0
27575,238.0,120.0,0.0
27576,187.0,398.0,0.0
27577,106.0,505.0,0.0
27578,76.0,565.0,0.0
27579,142.0,324.0,0.0
27580,57.0,411.0,0.0
27581,147.0,228.0,0.0
27582,138.0,48.0,0.0
27583,80.0,7.0,0.0
27584,246.0,152.0,0.0
27585,76.0,425.0,0.0
27586,24.0,10.0,0.0
27587,162.0,234.0,0.0
27588,133.0,318.0,0.0
27589,176.0,505.0,0.0
27590,45.0,283.0,0.0
27591,11.0,52.0,0.0
27592,77.0,556.0,0.0
27593,181.0,594.0,0.0
27594,114.0,549.0,0.0
27595,187.0,242.0,0.0
27596,23.0,56.0,0.0
27597,170.0,76.0,0.0
27598,146.0,221.0,0.0
27599,22.0,541.0,0.0
27600,203.0,123.0,0.0
27601,266.0,447.0,0.0
27602,151.0,440.0,0.0
27603,13.0,397.0,0.0
27604,56.0,390.0,0.0
27605,178.0,503.0,0.0
27606,65.0,155.0,0.0
27607,94.0,260.0,0.0
27608,127.0,463.0,0.0
27609,242.0,106.0,0.0
27610,27.0,73.0,0.0
27611,53.0,28.0,0.0
27612,240.0,257.0,0.0
27613,243.0,300.0,0.0
27614,245.0,89.0,0.0
27615,252.0,546.0,0.0
27616,6.0,383.0,0.0
27617,61.0,64.0,0.0
27618,239.0,510.0,0.0
27619,124.0,363.0,0.0
27620,174.0,495.0,0.0
27621,2.0,343.0,0.0
27622,58.0,266.0,0.0
27623,77.0,278.0,0.0
27624,96.0,78.0,0.0
27625,5.0,588.0,0.0
27626,216.0,285.0,0.0
27627,100.0,173.0,0.0
27628,135.0,483.0,0.0
27629,146.0,213.0,0.0
27630,26.0,500.0,0.0
27631,32.0,454.0,0.0
27632,70.0,501.0,0.0
27633,112.0,316.0,0.0
27634,164.0,164.0,0.0
27635,241.0,160.0,0.0
27636,41.0,99.0,0.0
27637,93.0,478.0,0.0
27638,156.0,121.0,0.0
27639,105.0,332.0,0.0
27640,65.0,128.0,0.0
27641,60.0,455.0,0.0
27642,219.0,587.0,0.0
27643,64.0,579.0,0.0
27644,66.0,528.0,0.0
27645,198.0,130.0,0.0
27646,61.0,311.0,0.0
27647,46.0,439.0,0.0
27648,58.0,162.0,0.0
27649,204.0,527.0,0.0
27650,262.0,201.0,0.0
27651,214.0,394.0,0.0
27652,132.0,388.0,0.0
27653,68.0,219.0,0.0
27654,227.0,581.0,0.0
27655,48.0,309.0,0.0
27656,125.0,495.0,0.0
27657,265.0,487.0,0.0
27658,84.0,106.0,0.0
27659,36.0,493.0,0.0
27660,137.0,255.0,0.0
27661,236.0,574.0,0.0
27662,36.0,528.0,0.0
27663,58.0,149.0,0.0
27664,158.0,246.0,0.0
27665,96.0,525.0,0.0
27666,118.0,109.0,0.0
27667,245.0,486.0,0.0
27668,23.0,53.0,0.0
27669,255.0,149.0,0.0
27670,150.0,470.0,0.0
27671,87.0,28.0,0.0
27672,41.0,394.0,0.0
27673,170.0,520.0,0.0
27674,24.0,467.0,0.0
27675,202.0,128.0,0.0
27676,204.0,38.0,0.0
27677,226.0,217.0,0.0
27678,76.0,222.0,0.0
27679,39.0,33.0,0.0
27680,164.0,428.0,0.0
27681,230.0,421.0,0.0
27682,1.0,548.0,0.0
27683,121.0,509.0,0.0
27684,104.0,428.0,0.0
27685,178.0,510.0,0.0
27686,212.0,577.0,0.0
27687,69.0,501.0,0.0
27688,255.0,396.0,0.0
27689,251.0,511.0,0.0
27690,24.0,557.0,0.0
27691,31.0,33.0,0.0
27692,176.0,77.0,0.0
27693,50.0,490.0,0.0
27694,71.0,230.0,0.0
27695,161.0,473.0,0.0
27696,21.0,219.0,0.0
27697,240.0,248.0,0.0
27698,250.0,253.0,0.0
27699,173.0,519.0,0.0
27700,66.0,246.0,0.0
27701,22.0,172.0,0.0
27702,107.0,131.0,0.0
27703,252.0,508.0,0.0
27704,48.0,128.0,0.0
27705,152.0,46.0,0.0
27706,2.0,466.0,0.0
27707,264.0,68.0,0.0
27708,14.0,273.0,0.0
27709,12.0,547.0,0.0
27710,225.0,185.0,0.0
27711,259.0,298.0,0.0
27712,89.0,533.0,0.0
27713,196.0,469.0,0.0
27714,158.0,526.0,0.0
27715,246.0,308.0,0.0
27716,245.0,101.0,0.0
27717,146.0,129.0,0.0
27718,13.0,188.0,0.0
27719,190.0,248.0,0.0
27720,162.0,180.0,0.0
27721,87.0,457.0,0.0
27722,167.0,382.0,0.0
27723,105.0,386.0,0.0
27724,260.0,181.0,0.0
27725,255.0,42.0,0.0
27726,205.0,243.0,0.0
27727,187.0,208.0,0.0
27728,44.0,450.0,0.0
27729,237.0,533.0,0.0
27730,231.0,549.0,0.0
27731,77.0,401.0,0.0
27732,245.0,45.0,0.0
27733,85.0,25.0,0.0
27734,209.0,490.0,0.0
27735,80.0,277.0,0.0
27736,63.0,537.0,0.0
27737,8.0,159.0,0.0
27738,113.0,301.0,0.0
27739,174.0,379.0,0.0
27740,26.0,483.0,0.0
27741,112.0,468.0,0.0
27742,162.0,10.0,0.0
27743,159.0,407.0,0.0
27744,23.0,32.0,0.0
27745,27.0,533.0,0.0
27746,253.0,552.0,0.0
27747,62.0,79.0,0.0
27748,210.0,48.0,0.0
27749,265.0,468.0,0.0
27750,190.0,503.0,0.0
27751,73.0,387.0,0.0
27752,220.0,239.0,0.0
27753,146.0,242.0,0.0
27754,81.0,462.0,0.0
27755,73.0,396.0,0.0
27756,54.0,128.0,0.0
27757,184.0,582.0,0.0
27758,141.0,547.0,0.0
27759,201.0,357.0,0.0
27760,135.0,523.0,0.0
27761,21.0,450.0,0.0
27762,240.0,94.0,0.0
27763,61.0,193.0,0.0
27764,146.0,482.0,0.0
27765,241.0,310.0,0.0
27766,264.0,557.0,0.0
27767,121.0,2.0,0.0
27768,6.0,148.0,0.0
27769,154.0,592.0,0.0
27770,54.0,145.0,0.0
27771,55.0,36.0,0.0
27772,29.0,48.0,0.0
27773,250.0,30.0,0.0
27774,123.0,80.0,0.0
27775,14.0,319.0,0.0
27776,200.0,445.0,0.0
27777,153.0,426.0,0.0
27778,141.0,560.0,0.0
27779,56.0,215.0,0.0
27780,0.0,333.0,0.0
27781,85.0,295.0,0.0
27782,75.0,182.0,0.0
27783,220.0,12.0,0.0
27784,240.0,492.0,0.0
27785,218.0,328.0,0.0
27786,23.0,537.0,0.0
27787,68.0,362.0,0.0
27788,92.0,506.0,0.0
27789,111.0,162.0,0.0
27790,105.0,444.0,0.0
27791,98.0,318.0,0.0
27792,221.0,96.0,0.0
27793,177.0,417.0,0.0
27794,2.0,531.0,0.0
27795,239.0,302.0,0.0
27796,148.0,210.0,0.0
27797,59.0,122.0,0.0
27798,137.0,137.0,0.0
27799,95.0,429.0,0.0
27800,34.0,424.0,0.0
27801,136.0,250.0,0.0
27802,161.0,271.0,0.0
27803,218.0,418.0,0.0
27804,125.0,13.0,0.0
27805,196.0,66.0,0.0
27806,113.0,511.0,0.0
27807,110.0,563.0,0.0
27808,136.0,187.0,0.0
27809,234.0,88.0,0.0
27810,70.0,343.0,0.0
27811,172.0,30.0,0.0
27812,115.0,409.0,0.0
27813,247.0,435.0,0.0
27814,116.0,53.0,0.0
27815,251.0,418.0,0.0
27816,46.0,345.0,0.0
27817,222.0,499.0,0.0
27818,243.0,233.0,0.0
27819,116.0,364.0,0.0
27820,233.0,116.0,0.0
27821,248.0,268.0,0.0
27822,154.0,256.0,0.0
27823,37.0,56.0,0.0
27824,178.0,131.0,0.0
27825,97.0,351.0,0.0
27826,38.0,21.0,0.0
27827,259.0,349.0,0.0
27828,154.0,519.0,0.0
27829,31.0,174.0,0.0
27830,147.0,168.0,0.0
27831,32.0,349.0,0.0
27832,106.0,461.0,0.0
27833,152.0,86.0,0.0
27834,148.0,333.0,0.0
27835,39.0,526.0,0.0
27836,189.0,370.0,0.0
27837,220.0,179.0,0.0
27838,43.0,32.0,0.0
27839,47.0,257.0,0.0
27840,164.0,534.0,0.0
27841,158.0,432.0,0.0
27842,32.0,267.0,0.0
27843,154.0,258.0,0.0
27844,31.0,530.0,0.0
27845,196.0,279.0,0.0
27846,57.0,76.0,0.0
27847,4.0,440.0,0.0
27848,246.0,271.0,0.0
27849,55.0,416.0,0.0
27850,172.0,178.0,0.0
27851,255.0,279.0,0.0
27852,164.0,585.0,0.0
27853,163.0,51.0,0.0
27854,27.0,212.0,0.0
27855,206.0,396.0,0.0
27856,55.0,297.0,0.0
27857,267.0,552.0,0.0
27858,20.0,270.0,0.0
27859,64.0,285.0,0.0
27860,72.0,377.0,0.0
27861,91.0,446.0,0.0
27862,198.0,565.0,0.0
27863,39.0,200.0,0.0
27864,46.0,470.0,0.0
27865,253.0,132.0,0.0
27866,263.0,47.0,0.0
27867,242.0,405.0,0.0
27868,78.0,506.0,0.0
27869,108.0,60.0,0.0
27870,28.0,218.0,0.0
27871,43.0,206.0,0.0
27872,258.0,175.0,0.0
27873,23.0,108.0,0.0
27874,98.0,307.0,0.0
27875,156.0,377.0,0.0
27876,262.0,339.0,0.0
27877,71.0,486.0,0.0
27878,59.0,75.0,0.0
27879,82.0,73.0,0.0
27880,121.0,250.0,0.0
27881,38.0,494.0,0.0
27882,15.0,562.0,0.0
27883,23.0,295.0,0.0
27884,37.0,261.0,0.0
27885,176.0,582.0,0.0
27886,157.0,33.0,0.0
27887,4.0,500.0,0.0
27888,136.0,95.0,0.0
27889,260.0,506.0,0.0
27890,137.0,199.0,0.0
27891,118.0,582.0,0.0
27892,193.0,302.0,0.0
27893,75.0,577.0,0.0
27894,35.0,514.0,0.0
27895,179.0,323.0,0.0
27896,167.0,2.0,0.0
27897,202.0,240.0,0.0
27898,217.0,183.0,0.0
27899,46.0,462.0,0.0
27900,47.0,109.0,0.0
27901,16.0,150.0,0.0
27902,31.0,360.0,0.0
27903,256.0,98.0,0.0
27904,245.0,501.0,0.0
27905,90.0,345.0,0.0
27906,63.0,512.0,0.0
27907,197.0,363.0,0.0
27908,146.0,520.0,0.0
27909,151.0,69.0,0.0
27910,81.0,213.0,0.0
27911,45.0,124.0,0.0
27912,120.0,506.0,0.0
27913,187.0,569.0,0.0
27914,78.0,595.0,0.0
27915,196.0,11.0,0.0
27916,18.0,226.0,0.0
27917,112.0,349.0,0.0
27918,100.0,157.0,0.0
27919,230.0,474.0,0.0
27920,30.0,331.0,0.0
27921,27.0,436.0,0.0
27922,138.0,300.0,0.0
27923,167.0,72.0,0.0
27924,152.0,213.0,0.0
27925,73.0,295.0,0.0
27926,70.0,332.0,0.0
27927,174.0,245.0,0.0
27928,203.0,480.0,0.0
27929,265.0,573.0,0.0
27930,219.0,103.0,0.0
27931,257.0,441.0,0.0
27932,211.0,388.0,0.0
27933,118.0,100.0,0.0
27934,2.0,282.0,0.0
27935,183.0,404.0,0.0
27936,245.0,322.0,0.0
27937,232.0,344.0,0.0
27938,199.0,315.0,0.0
27939,32.0,441.0,0.0
27940,44.0,57.0,0.0
27941,208.0,529.0,0.0
27942,3.0,224.0,0.0
27943,131.0,160.0,0.0
27944,150.0,413.0,0.0
27945,258.0,158.0,0.0
27946,26.0,452.0,0.0
27947,153.0,580.0,0.0
27948,246.0,574.0,0.0
27949,133.0,113.0,0.0
27950,0.0,88.0,0.0
27951,115.0,380.0,0.0
27952,129.0,263.0,0.0
27953,239.0,258.0,0.0
27954,239.0,476.0,0.0
27955,251.0,29.0,0.0
27956,111.0,320.0,0.0
27957,118.0,595.0,0.0
27958,148.0,254.0,0.0
27959,64.0,245.0,0.0
27960,175.0,138.0,0.0
27961,246.0,398.0,0.0
27962,91.0,152.0,0.0
27963,55.0,270.0,0.0
27964,72.0,248.0,0.0
27965,31.0,375.0,0.0
27966,176.0,430.0,0.0
27967,261.0,407.0,0.0
27968,225.0,293.0,0.0
27969,71.0,105.0,0.0
27970,236.0,505.0,0.0
27971,95.0,338.0,0.0
27972,203.0,299.0,0.0
27973,178.0,303.0,0.0
27974,156.0,220.0,0.0
27975,123.0,321.0,0.0
27976,14.0,430.0,0.0
27977,210.0,196.0,0.0
27978,268.0,275.0,0.0
27979,133.0,267.0,0.0
27980,96.0,130.0,0.0
27981,152.0,250.0,0.0
27982,232.0,139.0,0.0
27983,35.0,229.0,0.0
27984,171.0,170.0,0.0
27985,35.0,297.0,0.0
27986,197.0,485.0,0.0
27987,265.0,527.0,0.0
27988,137.0,220.0,0.0
27989,211.0,321.0,0.0
27990,172.0,129.0,0.0
27991,210.0,119.0,0.0
27992,112.0,564.0,0.0
27993,82.0,196.0,0.0
27994,206.0,167.0,0.0
27995,198.0,572.0,0.0
27996,146.0,481.0,0.0
27997,181.0,301.0,0.0
27998,30.0,104.0,0.0
27999,101.0,187.0,0.0
28000,217.0,197.0,0.0
28001,143.0,463.0,0.0
28002,214.0,74.0,0.0
28003,258.0,534.0,0.0
28004,192.0,28.0,0.0
28005,187.0,106.0,0.0
28006,261.0,200.0,0.0
28007,100.0,335.0,0.0
28008,216.0,251.0,0.0
28009,236.0,158.0,0.0
28010,251.0,40.0,0.0
28011,253.0,279.0,0.0
28012,94.0,188.0,0.0
28013,103.0,571.0,0.0
28014,220.0,508.0,0.0
28015,201.0,494.0,0.0
28016,205.0,593.0,0.0
28017,125.0,149.0,0.0
28018,100.0,24.0,0.0
28019,237.0,376.0,0.0
28020,201.0,36.0,0.0
28021,239.0,24.0,0.0
28022,249.0,373.0,0.0
28023,101.0,149.0,0.0
28024,191.0,433.0,0.0
28025,265.0,564.0,0.0
28026,42.0,317.0,0.0
28027,158.0,189.0,0.0
28028,47.0,494.0,0.0
28029,150.0,164.0,0.0
28030,32.0,261.0,0.0
28031,117.0,557.0,0.0
28032,119.0,588.0,0.0
28033,141.0,540.0,0.0
28034,251.0,307.0,0.0
28035,171.0,274.0,0.0
28036,22.0,190.0,0.0
28037,161.0,440.0,0.0
28038,268.0,401.0,0.0
28039,141.0,110.0,0.0
28040,169.0,287.0,0.0
28041,231.0,309.0,0.0
28042,266.0,166.0,0.0
28043,202.0,414.0,0.0
28044,138.0,382.0,0.0
28045,237.0,1.0,0.0
28046,53.0,387.0,0.0
28047,236.0,128.0,0.0
28048,41.0,479.0,0.0
28049,125.0,158.0,0.0
28050,165.0,67.0,0.0
28051,33.0,71.0,0.0
28052,205.0,414.0,0.0
28053,47.0,130.0,0.0
28054,159.0,291.0,0.0
28055,119.0,581.0,0.0
28056,172.0,434.0,0.0
28057,5.0,25.0,0.0
28058,172.0,194.0,0.0
28059,219.0,187.0,0.0
28060,93.0,234.0,0.0
28061,92.0,114.0,0.0
28062,40.0,379.0,0.0
28063,243.0,206.0,0.0
28064,200.0,377.0,0.0
28065,50.0,422.0,0.0
28066,109.0,205.0,0.0
28067,250.0,18.0,0.0
28068,165.0,372.0,0.0
28069,224.0,480.0,0.0
28070,207.0,424.0,0.0
28071,256.0,147.0,0.0
28072,206.0,460.0,0.0
28073,4.0,545.0,0.0
28074,213.0,15.0,0.0
28075,198.0,238.0,0.0
28076,75.0,270.0,0.0
28077,84.0,298.0,0.0
28078,265.0,7.0,0.0
28079,112.0,403.0,0.0
28080,91.0,70.0,0.0
28081,14.0,75.0,0.0
28082,74.0,494.0,0.0
28083,161.0,234.0,0.0
28084,88.0,387.0,0.0
28085,133.0,529.0,0.0
28086,100.0,447.0,0.0
28087,165.0,4.0,0.0
28088,169.0,2.0,0.0
28089,113.0,276.0,0.0
28090,259.0,275.0,0.0
28091,179.0,435.0,0.0
28092,91.0,90.0,0.0
28093,0.0,152.0,0.0
28094,252.0,267.0,0.0
28095,19.0,444.0,0.0
28096,136.0,535.0,0.0
28097,193.0,128.0,0.0
28098,150.0,322.0,0.0
28099,176.0,293.0,0.0
28100,90.0,46.0,0.0
28101,196.0,269.0,0.0
28102,75.0,291.0,0.0
28103,266.0,158.0,0.0
28104,114.0,538.0,0.0
28105,249.0,46.0,0.0
28106,18.0,527.0,0.0
28107,143.0,3.0,0.0
28108,94.0,172.0,0.0
28109,3.0,332.0,0.0
28110,194.0,253.0,0.0
28111,260.0,231.0,0.0
28112,25.0,34.0,0.0
28113,23.0,58.0,0.0
28114,190.0,113.0,0.0
28115,156.0,94.0,0.0
28116,253.0,209.0,0.0
28117,66.0,249.0,0.0
28118,95.0,150.0,0.0
28119,110.0,523.0,0.0
28120,132.0,519.0,0.0
28121,96.0,317.0,0.0
28122,66.0,6.0,0.0
28123,246.0,368.0,0.0
28124,62.0,593.0,0.0
28125,15.0,569.0,0.0
28126,159.0,141.0,0.0
28127,204.0,492.0,0.0
28128,43.0,255.0,0.0
28129,33.0,315.0,0.0
28130,203.0,559.0,0.0
28131,57.0,407.0,0.0
28132,128.0,52.0,0.0
28133,76.0,488.0,0.0
28134,198.0,380.0,0.0
28135,20.0,103.0,0.0
28136,59.0,341.0,0.0
28137,127.0,239.0,0.0
28138,29.0,592.0,0.0
28139,13.0,532.0,0.0
28140,47.0,37.0,0.0
28141,152.0,475.0,0.0
28142,31.0,195.0,0.0
28143,102.0,467.0,0.0
28144,97.0,555.0,0.0
28145,247.0,505.0,0.0
28146,262.0,198.0,0.0
28147,79.0,123.0,0.0
28148,15.0,532.0,0.0
28149,195.0,536.0,0.0
28150,215.0,143.0,0.0
28151,93.0,369.0,0.0
28152,148.0,541.0,0.0
28153,239.0,89.0,0.0
28154,85.0,222.0,0.0
28155,133.0,538.0,0.0
28156,176.0,458.0,0.0
28157,121.0,579.0,0.0
28158,110.0,223.0,0.0
28159,88.0,455.0,0.0
28160,75.0,257.0,0.0
28161,217.0,38.0,0.0
28162,73.0,64.0,0.0
28163,93.0,254.0,0.0
28164,242.0,498.0,0.0
28165,254.0,72.0,0.0
28166,214.0,147.0,0.0
28167,58.0,346.0,0.0
28168,158.0,397.0,0.0
28169,50.0,124.0,0.0
28170,39.0,255.0,0.0
28171,204.0,394.0,0.0
28172,217.0,42.0,0.0
28173,221.0,266.0,0.0
28174,191.0,96.0,0.0
28175,172.0,9.0,0.0
28176,172.0,581.0,0.0
28177,209.0,258.0,0.0
28178,19.0,585.0,0.0
28179,104.0,524.0,0.0
28180,17.0,511.0,0.0
28181,75.0,298.0,0.0
28182,62.0,554.0,0.0
28183,30.0,43.0,0.0
28184,107.0,125.0,0.0
28185,48.0,12.0,0.0
28186,61.0,401.0,0.0
28187,155.0,348.0,0.0
28188,133.0,414.0,0.0
28189,19.0,382.0,0.0
28190,140.0,134.0,0.0
28191,29.0,392.0,0.0
28192,77.0,177.0,0.0
28193,125.0,522.0,0.0
28194,175.0,456.0,0.0
28195,239.0,441.0,0.0
28196,108.0,64.0,0.0
28197,262.0,22.0,0.0
28198,199.0,507.0,0.0
28199,254.0,485.0,0.0
28200,246.0,179.0,0.0
28201,85.0,502.0,0.0
28202,244.0,178.0,0.0
28203,249.0,215.0,0.0
28204,54.0,310.0,0.0
28205,13.0,275.0,0.0
28206,82.0,210.0,0.0
28207,205.0,14.0,0.0
28208,250.0,300.0,0.0
28209,88.0,251.0,0.0
28210,190.0,407.0,0.0
28211,185.0,301.0,0.0
28212,222.0,81.0,0.0
28213,126.0,29.0,0.0
28214,32.0,72.0,0.0
28215,114.0,520.0,0.0
28216,95.0,593.0,0.0
28217,253.0,463.0,0.0
28218,222.0,204.0,0.0
28219,113.0,416.0,0.0
28220,159.0,419.0,0.0
28221,33.0,196.0,0.0
28222,15.0,333.0,0.0
28223,68.0,168.0,0.0
28224,186.0,366.0,0.0
28225,235.0,205.0,0.0
28226,14.0,435.0,0.0
28227,30.0,428.0,0.0
28228,235.0,529.0,0.0
28229,170.0,96.0,0.0
28230,22.0,162.0,0.0
28231,218.0,227.0,0.0
28232,109.0,448.0,0.0
28233,92.0,583.0,0.0
28234,51.0,452.0,0.0
28235,249.0,432.0,0.0
28236,106.0,326.0,0.0
28237,77.0,137.0,0.0
28238,237.0,585.0,0.0
28239,253.0,594.0,0.0
28240,65.0,299.0,0.0
28241,47.0,559.0,0.0
28242,14.0,563.0,0.0
28243,67.0,267.0,0.0
28244,80.0,72.0,0.0
28245,129.0,138.0,0.0
28246,159.0,15.0,0.0
28247,161.0,175.0,0.0
28248,100.0,383.0,0.0
28249,114.0,433.0,0.0
28250,195.0,551.0,0.0
28251,174.0,337.0,0.0
28252,248.0,31.0,0.0
28253,251.0,161.0,0.0
28254,90.0,75.0,0.0
28255,34.0,133.0,0.0
28256,256.0,346.0,0.0
28257,67.0,240.0,0.0
28258,23.0,486.0,0.0
28259,86.0,278.0,0.0
28260,81.0,478.0,0.0
28261,106.0,428.0,0.0
28262,162.0,589.0,0.0
28263,113.0,93.0,0.0
28264,226.0,442.0,0.0
28265,46.0,78.0,0.0
28266,246.0,353.0,0.0
28267,210.0,302.0,0.0
28268,262.0,225.0,0.0
28269,27.0,149.0,0.0
28270,67.0,366.0,0.0
28271,241.0,96.0,0.0
28272,127.0,328.0,0.0
28273,246.0,277.0,0.0
28274,7.0,99.0,0.0
28275,77.0,507.0,0.0
28276,61.0,27.0,0.0
28277,95.0,98.0,0.0
28278,26.0,182.0,0.0
28279,144.0,269.0,0.0
28280,198.0,456.0,0.0
28281,100.0,182.0,0.0
28282,241.0,86.0,0.0
28283,209.0,561.0,0.0
28284,121.0,429.0,0.0
28285,152.0,381.0,0.0
28286,67.0,492.0,0.0
28287,55.0,240.0,0.0
28288,101.0,221.0,0.0
28289,241.0,263.0,0.0
28290,254.0,358.0,0.0
28291,69.0,372.0,0.0
28292,261.0,533.0,0.0
28293,104.0,553.0,0.0
28294,189.0,437.0,0.0
28295,263.0,130.0,0.0
28296,218.0,159.0,0.0
28297,18.0,56.0,0.0
28298,168.0,229.0,0.0
28299,124.0,583.0,0.0
28300,197.0,201.0,0.0
28301,26.0,24.0,0.0
28302,12.0,401.0,0.0
28303,263.0,506.0,0.0
28304,98.0,452.0,0.0
28305,249.0,123.0,0.0
28306,55.0,449.0,0.0
28307,11.0,217.0,0.0
28308,21.0,460.0,0.0
28309,196.0,270.0,0.0
28310,138.0,194.0,0.0
28311,91.0,207.0,0.0
28312,13.0,281.0,0.0
28313,234.0,199.0,0.0
28314,67.0,117.0,0.0
28315,224.0,64.0,0.0
28316,66.0,410.0,0.0
28317,137.0,409.0,0.0
28318,32.0,88.0,0.0
28319,114.0,377.0,0.0
28320,124.0,591.0,0.0
28321,217.0,462.0,0.0
28322,150.0,463.0,0.0
28323,126.0,358.0,0.0
28324,85.0,242.0,0.0
28325,93.0,382.0,0.0
28326,1.0,553.0,0.0
28327,151.0,531.0,0.0
28328,94.0,543.0,0.0
28329,183.0,102.0,0.0
28330,60.0,253.0,0.0
28331,26.0,574.0,0.0
28332,204.0,190.0,0.0
28333,0.0,513.0,0.0
28334,106.0,560.0,0.0
28335,266.0,104.0,0.0
28336,42.0,302.0,0.0
28337,1.0,279.0,0.0
28338,26.0,23.0,0.0
28339,98.0,214.0,0.0
28340,17.0,236.0,0.0
28341,141.0,13.0,0.0
28342,249.0,484.0,0.0
28343,60.0,260.0,0.0
28344,89.0,503.0,0.0
28345,259.0,289.0,0.0
28346,222.0,124.0,0.0
28347,131.0,29.0,0.0
28348,29.0,584.0,0.0
28349,138.0,163.0,0.0
28350,29.0,212.0,0.0
28351,125.0,576.0,0.0
28352,159.0,222.0,0.0
28353,221.0,552.0,0.0
28354,17.0,362.0,0.0
28355,73.0,86.0,0.0
28356,176.0,133.0,0.0
28357,113.0,331.0,0.0
28358,72.0,303.0,0.0
28359,105.0,201.0,0.0
28360,31.0,471.0,0.0
28361,4.0,454.0,0.0
28362,150.0,569.0,0.0
28363,59.0,235.0,0.0
28364,55.0,296.0,0.0
28365,240.0,29.0,0.0
28366,134.0,276.0,0.0
28367,115.0,75.0,0.0
28368,136.0,18.0,0.0
28369,16.0,339.0,0.0
28370,216.0,364.0,0.0
28371,23.0,464.0,0.0
28372,241.0,470.0,0.0
28373,200.0,378.0,0.0
28374,135.0,553.0,0.0
28375,173.0,183.0,0.0
28376,247.0,202.0,0.0
28377,262.0,448.0,0.0
28378,115.0,311.0,0.0
28379,101.0,165.0,0.0
28380,63.0,225.0,0.0
28381,51.0,316.0,0.0
28382,35.0,464.0,0.0
28383,182.0,192.0,0.0
28384,174.0,376.0,0.0
28385,22.0,124.0,0.0
28386,66.0,134.0,0.0
28387,50.0,51.0,0.0
28388,232.0,229.0,0.0
28389,221.0,159.0,0.0
28390,85.0,253.0,0.0
28391,106.0,201.0,0.0
28392,86.0,102.0,0.0
28393,233.0,76.0,0.0
28394,36.0,125.0,0.0
28395,257.0,355.0,0.0
28396,197.0,339.0,0.0
28397,52.0,152.0,0.0
28398,225.0,338.0,0.0
28399,143.0,589.0,0.0
28400,50.0,413.0,0.0
28401,212.0,167.0,0.0
28402,150.0,535.0,0.0
28403,176.0,27.0,0.0
28404,49.0,466.0,0.0
28405,205.0,112.0,0.0
28406,244.0,33.0,0.0
28407,131.0,50.0,0.0
28408,184.0,415.0,0.0
28409,18.0,524.0,0.0
28410,236.0,116.0,0.0
28411,147.0,104.0,0.0
28412,51.0,489.0,0.0
28413,13.0,40.0,0.0
28414,20.0,296.0,0.0
28415,169.0,567.0,0.0
28416,209.0,340.0,0.0
28417,177.0,377.0,0.0
28418,251.0,502.0,0.0
28419,170.0,13.0,0.0
28420,178.0,266.0,0.0
28421,87.0,169.0,0.0
28422,1.0,556.0,0.0
28423,142.0,207.0,0.0
28424,106.0,111.0,0.0
28425,265.0,138.0,0.0
28426,80.0,252.0,0.0
28427,146.0,594.0,0.0
28428,226.0,23.0,0.0
28429,239.0,6.0,0.0
28430,53.0,372.0,0.0
28431,89.0,422.0,0.0
28432,198.0,491.0,0.0
28433,49.0,428.0,0.0
28434,46.0,123.0,0.0
28435,4.0,522.0,0.0
28436,59.0,321.0,0.0
28437,64.0,291.0,0.0
28438,177.0,435.0,0.0
28439,217.0,179.0,0.0
28440,13.0,227.0,0.0
28441,236.0,297.0,0.0
28442,229.0,63.0,0.0
28443,10.0,319.0,0.0
28444,89.0,516.0,0.0
28445,150.0,128.0,0.0
28446,66.0,581.0,0.0
28447,125.0,580.0,0.0
28448,98.0,250.0,0.0
28449,251.0,414.0,0.0
28450,169.0,294.0,0.0
28451,55.0,113.0,0.0
28452,4.0,77.0,0.0
28453,123.0,515.0,0.0
28454,109.0,71.0,0.0
28455,19.0,148.0,0.0
28456,32.0,549.0,0.0
28457,252.0,362.0,0.0
28458,256.0,110.0,0.0
28459,35.0,398.0,0.0
28460,267.0,556.0,0.0
28461,129.0,446.0,0.0
28462,142.0,118.0,0.0
28463,188.0,342.0,0.0
28464,196.0,597.0,0.0
28465,205.0,274.0,0.0
28466,88.0,68.0,0.0
28467,192.0,422.0,0.0
28468,138.0,324.0,0.0
28469,73.0,412.0,0.0
28470,159.0,591.0,0.0
28471,156.0,30.0,0.0
28472,201.0,317.0,0.0
28473,34.0,204.0,0.0
28474,92.0,250.0,0.0
28475,144.0,352.0,0.0
28476,170.0,5.0,0.0
28477,180.0,165.0,0.0
28478,228.0,519.0,0.0
28479,47.0,104.0,0.0
28480,53.0,268.0,0.0
28481,152.0,407.0,0.0
28482,234.0,144.0,0.0
28483,244.0,177.0,0.0
28484,230.0,317.0,0.0
28485,25.0,360.0,0.0
28486,47.0,305.0,0.0
28487,3.0,265.0,0.0
28488,76.0,363.0,0.0
28489,28.0,452.0,0.0
28490,165.0,342.0,0.0
28491,208.0,79.0,0.0
28492,19.0,332.0,0.0
28493,183.0,573.0,0.0
28494,217.0,510.0,0.0
28495,89.0,439.0,0.0
28496,222.0,181.0,0.0
28497,207.0,108.0,0.0
28498,262.0,98.0,0.0
28499,104.0,318.0,0.0
28500,196.0,113.0,0.0
28501,197.0,54.0,0.0
28502,138.0,505.0,0.0
28503,55.0,394.0,0.0
28504,67.0,40.0,0.0
28505,240.0,594.0,0.0
28506,6.0,233.0,0.0
28507,41.0,416.0,0.0
28508,131.0,528.0,0.0
28509,95.0,145.0,0.0
28510,74.0,519.0,0.0
28511,22.0,529.0,0.0
28512,200.0,535.0,0.0
28513,98.0,339.0,0.0
28514,167.0,94.0,0.0
28515,162.0,472.0,0.0
28516,62.0,556.0,0.0
28517,152.0,265.0,0.0
28518,227.0,417.0,0.0
28519,131.0,561.0,0.0
28520,161.0,302.0,0.0
28521,11.0,560.0,0.0
28522,235.0,595.0,0.0
28523,18.0,504.0,0.0
28524,125.0,186.0,0.0
28525,206.0,218.0,0.0
28526,0.0,313.0,0.0
28527,161.0,222.0,0.0
28528,204.0,434.0,0.0
28529,248.0,106.0,0.0
28530,77.0,363.0,0.0
28531,212.0,331.0,0.0
28532,204.0,119.0,0.0
28533,226.0,9.0,0.0
28534,267.0,55.0,0.0
28535,29.0,394.0,0.0
28536,105.0,170.0,0.0
28537,244.0,594.0,0.0
28538,88.0,336.0,0.0
28539,23.0,402.0,0.0
28540,238.0,117.0,0.0
28541,63.0,494.0,0.0
28542,247.0,385.0,0.0
28543,253.0,187.0,0.0
28544,99.0,517.0,0.0
28545,77.0,313.0,0.0
28546,256.0,304.0,0.0
28547,212.0,25.0,0.0
28548,11.0,236.0,0.0
28549,32.0,489.0,0.0
28550,49.0,8.0,0.0
28551,155.0,21.0,0.0
28552,147.0,12.0,0.0
28553,204.0,390.0,0.0
28554,206.0,29.0,0.0
28555,132.0,447.0,0.0
28556,170.0,579.0,0.0
28557,226.0,83.0,0.0
28558,95.0,175.0,0.0
28559,237.0,373.0,0.0
28560,225.0,542.0,0.0
28561,79.0,450.0,0.0
28562,75.0,299.0,0.0
28563,43.0,493.0,0.0
28564,126.0,396.0,0.0
28565,248.0,216.0,0.0
28566,72.0,227.0,0.0
28567,33.0,228.0,0.0
28568,31.0,214.0,0.0
28569,169.0,128.0,0.0
28570,154.0,301.0,0.0
28571,42.0,78.0,0.0
28572,124.0,485.0,0.0
28573,33.0,354.0,0.0
28574,213.0,112.0,0.0
28575,208.0,351.0,0.0
28576,268.0,498.0,0.0
28577,66.0,496.0,0.0
28578,152.0,202.0,0.0
28579,121.0,459.0,0.0
28580,25.0,578.0,0.0
28581,54.0,170.0,0.0
28582,79.0,2.0,0.0
28583,202.0,101.0,0.0
28584,216.0,47.0,0.0
28585,114.0,245.0,0.0
28586,200.0,116.0,0.0
28587,74.0,209.0,0.0
28588,231.0,99.0,0.0
28589,185.0,66.0,0.0
28590,9.0,114.0,0.0
28591,237.0,512.0,0.0
28592,237.0,15.0,0.0
28593,162.0,590.0,0.0
28594,108.0,253.0,0.0
28595,191.0,332.0,0.0
28596,138.0,38.0,0.0
28597,259.0,359.0,0.0
28598,263.0,242.0,0.0
28599,93.0,470.0,0.0
28600,14.0,529.0,0.0
28601,25.0,594.0,0.0
28602,252.0,68.0,0.0
28603,25.0,447.0,0.0
28604,157.0,214.0,0.0
28605,87.0,436.0,0.0
28606,217.0,457.0,0.0
28607,3.0,40.0,0.0
28608,39.0,351.0,0.0
28609,155.0,330.0,0.0
28610,211.0,454.0,0.0
28611,257.0,311.0,0.0
28612,221.0,494.0,0.0
28613,66.0,329.0,0.0
28614,35.0,551.0,0.0
28615,71.0,471.0,0.0
28616,113.0,128.0,0.0
28617,118.0,331.0,0.0
28618,260.0,443.0,0.0
28619,145.0,503.0,0.0
28620,26.0,21.0,0.0
28621,191.0,384.0,0.0
28622,167.0,266.0,0.0
28623,256.0,136.0,0.0
28624,90.0,161.0,0.0
28625,144.0,556.0,0.0
28626,114.0,530.0,0.0
28627,136.0,390.0,0.0
28628,131.0,579.0,0.0
28629,258.0,238.0,0.0
28630,76.0,417.0,0.0
28631,4.0,103.0,0.0
28632,183.0,41.0,0.0
28633,80.0,261.0,0.0
28634,243.0,156.0,0.0
28635,9.0,140.0,0.0
28636,100.0,103.0,0.0
28637,191.0,257.0,0.0
28638,244.0,584.0,0.0
28639,17.0,76.0,0.0
28640,119.0,571.0,0.0
28641,112.0,283.0,0.0
28642,215.0,7.0,0.0
28643,240.0,66.0,0.0
28644,211.0,265.0,0.0
28645,201.0,221.0,0.0
28646,216.0,124.0,0.0
28647,118.0,335.0,0.0
28648,20.0,172.0,0.0
28649,202.0,232.0,0.0
28650,94.0,423.0,0.0
28651,72.0,566.0,0.0
28652,250.0,560.0,0.0
28653,1.0,262.0,0.0
28654,159.0,171.0,0.0
28655,113.0,300.0,0.0
28656,244.0,108.0,0.0
28657,60.0,328.0,0.0
28658,45.0,272.0,0.0
28659,246.0,527.0,0.0
28660,263.0,41.0,0.0
28661,260.0,495.0,0.0
28662,79.0,591.0,0.0
28663,252.0,494.0,0.0
28664,110.0,195.0,0.0
28665,44.0,405.0,0.0
28666,45.0,187.0,0.0
28667,16.0,401.0,0.0
28668,207.0,369.0,0.0
28669,169.0,327.0,0.0
28670,67.0,421.0,0.0
28671,189.0,63.0,0.0
28672,60.0,438.0,0.0
28673,187.0,520.0,0.0
28674,191.0,220.0,0.0
28675,98.0,165.0,0.0
28676,143.0,516.0,0.0
28677,235.0,52.0,0.0
28678,188.0,409.0,0.0
28679,12.0,340.0,0.0
28680,12.0,144.0,0.0
28681,89.0,387.0,0.0
28682,145.0,267.0,0.0
28683,155.0,588.0,0.0
28684,107.0,137.0,0.0
28685,94.0,42.0,0.0
28686,175.0,49.0,0.0
28687,27.0,216.0,0.0
28688,239.0,365.0,0.0
28689,146.0,258.0,0.0
28690,114.0,289.0,0.0
28691,202.0,419.0,0.0
28692,260.0,38.0,0.0
28693,26.0,35.0,0.0
28694,101.0,494.0,0.0
28695,237.0,180.0,0.0
28696,225.0,330.0,0.0
28697,4.0,596.0,0.0
28698,58.0,105.0,0.0
28699,267.0,246.0,0.0
28700,40.0,44.0,0.0
28701,254.0,112.0,0.0
28702,171.0,36.0,0.0
28703,263.0,564.0,0.0
28704,225.0,553.0,0.0
28705,252.0,477.0,0.0
28706,29.0,475.0,0.0
28707,255.0,219.0,0.0
28708,204.0,373.0,0.0
28709,244.0,298.0,0.0
28710,267.0,263.0,0.0
28711,102.0,346.0,0.0
28712,98.0,273.0,0.0
28713,66.0,267.0,0.0
28714,165.0,307.0,0.0
28715,138.0,429.0,0.0
28716,204.0,240.0,0.0
28717,107.0,193.0,0.0
28718,189.0,497.0,0.0
28719,246.0,589.0,0.0
28720,266.0,507.0,0.0
28721,133.0,92.0,0.0
28722,54.0,464.0,0.0
28723,229.0,505.0,0.0
28724,82.0,187.0,0.0
28725,84.0,113.0,0.0
28726,264.0,555.0,0.0
28727,171.0,369.0,0.0
28728,103.0,543.0,0.0
28729,160.0,309.0,0.0
28730,131.0,278.0,0.0
28731,219.0,447.0,0.0
28732,226.0,415.0,0.0
28733,163.0,76.0,0.0
28734,101.0,359.0,0.0
28735,172.0,226.0,0.0
28736,33.0,166.0,0.0
28737,91.0,440.0,0.0
28738,151.0,228.0,0.0
28739,223.0,322.0,0.0
28740,37.0,236.0,0.0
28741,103.0,159.0,0.0
28742,157.0,375.0,0.0
28743,37.0,402.0,0.0
28744,43.0,50.0,0.0
28745,253.0,240.0,0.0
28746,130.0,390.0,0.0
28747,29.0,560.0,0.0
28748,258.0,557.0,0.0
28749,190.0,55.0,0.0
28750,77.0,522.0,0.0
28751,24.0,349.0,0.0
28752,118.0,430.0,0.0
28753,184.0,20.0,0.0
28754,27.0,449.0,0.0
28755,179.0,308.0,0.0
28756,37.0,314.0,0.0
28757,125.0,122.0,0.0
28758,184.0,274.0,0.0
28759,95.0,97.0,0.0
28760,226.0,413.0,0.0
28761,124.0,503.0,0.0
28762,216.0,530.0,0.0
28763,252.0,340.0,0.0
28764,234.0,29.0,0.0
28765,174.0,532.0,0.0
28766,152.0,343.0,0.0
28767,1.0,377.0,0.0
28768,234.0,491.0,0.0
28769,228.0,323.0,0.0
28770,77.0,468.0,0.0
28771,189.0,345.0,0.0
28772,239.0,534.0,0.0
28773,88.0,171.0,0.0
28774,70.0,345.0,0.0
28775,152.0,251.0,0.0
28776,96.0,196.0,0.0
28777,79.0,338.0,0.0
28778,102.0,392.0,0.0
28779,116.0,480.0,0.0
28780,25.0,546.0,0.0
28781,254.0,71.0,0.0
28782,138.0,337.0,0.0
28783,249.0,151.0,0.0
28784,113.0,437.0,0.0
28785,234.0,385.0,0.0
28786,145.0,192.0,0.0
28787,171.0,594.0,0.0
28788,256.0,164.0,0.0
28789,211.0,158.0,0.0
28790,200.0,318.0,0.0
28791,162.0,264.0,0.0
28792,150.0,6.0,0.0
28793,175.0,266.0,0.0
28794,53.0,452.0,0.0
28795,31.0,123.0,0.0
28796,197.0,3.0,0.0
28797,187.0,542.0,0.0
28798,122.0,98.0,0.0
28799,146.0,95.0,0.0
28800,27.0,22.0,0.0
28801,111.0,543.0,0.0
28802,105.0,259.0,0.0
28803,55.0,188.0,0.0
28804,25.0,309.0,0.0
28805,216.0,558.0,0.0
28806,27.0,295.0,0.0
28807,91.0,106.0,0.0
28808,229.0,199.0,0.0
28809,265.0,352.0,0.0
28810,247.0,359.0,0.0
28811,198.0,553.0,0.0
28812,93.0,66.0,0.0
28813,71.0,257.0,0.0
28814,103.0,393.0,0.0
28815,92.0,505.0,0.0
28816,172.0,156.0,0.0
28817,128.0,93.0,0.0
28818,213.0,492.0,0.0
28819,262.0,193.0,0.0
28820,23.0,535.0,0.0
28821,231.0,11.0,0.0
28822,221.0,307.0,0.0
28823,88.0,538.0,0.0
28824,85.0,152.0,0.0
28825,228.0,78.0,0.0
28826,91.0,386.0,0.0
28827,50.0,87.0,0.0
28828,162.0,380.0,0.0
28829,2.0,295.0,0.0
28830,72.0,231.0,0.0
28831,183.0,550.0,0.0
28832,192.0,423.0,0.0
28833,253.0,201.0,0.0
28834,108.0,537.0,0.0
28835,39.0,513.0,0.0
28836,98.0,99.0,0.0
28837,197.0,342.0,0.0
28838,250.0,308.0,0.0
28839,179.0,149.0,0.0
28840,9.0,31.0,0.0
28841,153.0,513.0,0.0
28842,243.0,154.0,0.0
28843,257.0,575.0,0.0
28844,205.0,228.0,0.0
28845,125.0,119.0,0.0
28846,101.0,317.0,0.0
28847,230.0,123.0,0.0
28848,215.0,384.0,0.0
28849,119.0,302.0,0.0
28850,135.0,585.0,0.0
28851,192.0,253.0,0.0
28852,110.0,364.0,0.0
28853,212.0,112.0,0.0
28854,54.0,8.0,0.0
28855,77.0,225.0,0.0
28856,216.0,321.0,0.0
28857,189.0,596.0,0.0
28858,3.0,96.0,0.0
28859,19.0,355.0,0.0
28860,238.0,225.0,0.0
28861,101.0,217.0,0.0
28862,109.0,557.0,0.0
28863,161.0,236.0,0.0
28864,167.0,29.0,0.0
28865,187.0,375.0,0.0
28866,185.0,588.0,0.0
28867,171.0,176.0,0.0
28868,72.0,32.0,0.0
28869,99.0,434.0,0.0
28870,174.0,303.0,0.0
28871,126.0,441.0,0.0
28872,28.0,171.0,0.0
28873,44.0,288.0,0.0
28874,192.0,107.0,0.0
28875,4.0,504.0,0.0
28876,163.0,320.0,0.0
28877,109.0,434.0,0.0
28878,0.0,505.0,0.0
28879,57.0,318.0,0.0
28880,265.0,43.0,0.0
28881,202.0,560.0,0.0
28882,176.0,147.0,0.0
28883,162.0,549.0,0.0
28884,25.0,568.0,0.0
28885,119.0,166.0,0.0
28886,105.0,455.0,0.0
28887,143.0,485.0,0.0
28888,44.0,63.0,0.0
28889,59.0,565.0,0.0
28890,137.0,131.0,0.0
28891,224.0,503.0,0.0
28892,80.0,535.0,0.0
28893,152.0,519.0,0.0
28894,229.0,71.0,0.0
28895,58.0,169.0,0.0
28896,256.0,170.0,0.0
28897,79.0,154.0,0.0
28898,109.0,164.0,0.0
28899,123.0,170.0,0.0
28900,114.0,109.0,0.0
28901,254.0,442.0,0.0
28902,148.0,329.0,0.0
28903,198.0,150.0,0.0
28904,43.0,222.0,0.0
28905,104.0,390.0,0.0
28906,218.0,138.0,0.0
28907,161.0,270.0,0.0
28908,82.0,339.0,0.0
28909,48.0,478.0,0.0
28910,62.0,43.0,0.0
28911,216.0,135.0,0.0
28912,182.0,301.0,0.0
28913,94.0,377.0,0.0
28914,6.0,34.0,0.0
28915,264.0,125.0,0.0
28916,172.0,436.0,0.0
28917,83.0,273.0,0.0
28918,85.0,78.0,0.0
28919,201.0,166.0,0.0
28920,29.0,179.0,0.0
28921,136.0,158.0,0.0
28922,99.0,58.0,0.0
28923,154.0,515.0,0.0
28924,120.0,251.0,0.0
28925,165.0,435.0,0.0
28926,141.0,452.0,0.0
28927,115.0,465.0,0.0
28928,190.0,411.0,0.0
28929,49.0,43.0,0.0
28930,146.0,170.0,0.0
28931,128.0,377.0,0.0
28932,263.0,309.0,0.0
28933,180.0,531.0,0.0
28934,210.0,85.0,0.0
28935,48.0,519.0,0.0
28936,206.0,455.0,0.0
28937,261.0,46.0,0.0
28938,150.0,543.0,0.0
28939,20.0,538.0,0.0
28940,180.0,295.0,0.0
28941,132.0,580.0,0.0
28942,138.0,1.0,0.0
28943,68.0,206.0,0.0
28944,103.0,18.0,0.0
28945,69.0,587.0,0.0
28946,99.0,88.0,0.0
28947,168.0,187.0,0.0
28948,53.0,545.0,0.0
28949,154.0,97.0,0.0
28950,225.0,177.0,0.0
28951,203.0,557.0,0.0
28952,165.0,86.0,0.0
28953,155.0,58.0,0.0
28954,226.0,327.0,0.0
28955,234.0,592.0,0.0
28956,137.0,471.0,0.0
28957,240.0,211.0,0.0
28958,234.0,435.0,0.0
28959,194.0,526.0,0.0
28960,203.0,12.0,0.0
28961,112.0,520.0,0.0
28962,94.0,405.0,0.0
28963,140.0,437.0,0.0
28964,12.0,559.0,0.0
28965,140.0,111.0,0.0
28966,173.0,388.0,0.0
28967,11.0,388.0,0.0
28968,153.0,153.0,0.0
28969,103.0,202.0,0.0
28970,176.0,201.0,0.0
28971,111.0,97.0,0.0
28972,257.0,353.0,0.0
28973,72.0,85.0,0.0
28974,179.0,348.0,0.0
28975,72.0,277.0,0.0
28976,230.0,508.0,0.0
28977,216.0,241.0,0.0
28978,61.0,377.0,0.0
28979,263.0,57.0,0.0
28980,24.0,31.0,0.0
28981,210.0,137.0,0.0
28982,267.0,389.0,0.0
28983,250.0,473.0,0.0
28984,105.0,347.0,0.0
28985,30.0,414.0,0.0
28986,78.0,511.0,0.0
28987,6.0,404.0,0.0
28988,233.0,450.0,0.0
28989,193.0,510.0,0.0
28990,39.0,281.0,0.0
28991,72.0,458.0,0.0
28992,47.0,576.0,0.0
28993,120.0,280.0,0.0
28994,77.0,95.0,0.0
28995,6.0,480.0,0.0
28996,211.0,511.0,0.0
28997,216.0,584.0,0.0
28998,1.0,348.0,0.0
28999,52.0,17.0,0.0
29000,86.0,357.0,0.0
29001,163.0,411.0,0.0
29002,217.0,16.0,0.0
29003,207.0,260.0,0.0
29004,179.0,60.0,0.0
29005,113.0,342.0,0.0
29006,23.0,203.0,0.0
29007,76.0,250.0,0.0
29008,260.0,116.0,0.0
29009,107.0,500.0,0.0
29010,265.0,456.0,0.0
29011,255.0,163.0,0.0
29012,192.0,98.0,0.0
29013,141.0,520.0,0.0
29014,268.0,73.0,0.0
29015,40.0,231.0,0.0
29016,32.0,501.0,0.0
29017,132.0,588.0,0.0
29018,259.0,215.0,0.0
29019,106.0,275.0,0.0
29020,76.0,22.0,0.0
29021,237.0,257.0,0.0
29022,116.0,350.0,0.0
29023,21.0,415.0,0.0
29024,121.0,124.0,0.0
29025,22.0,489.0,0.0
29026,79.0,381.0,0.0
29027,246.0,167.0,0.0
29028,61.0,15.0,0.0
29029,104.0,388.0,0.0
29030,121.0,257.0,0.0
29031,135.0,14.0,0.0
29032,127.0,179.0,0.0
29033,59.0,15.0,0.0
29034,61.0,318.0,0.0
29035,92.0,135.0,0.0
29036,63.0,252.0,0.0
29037,54.0,433.0,0.0
29038,175.0,42.0,0.0
29039,43.0,342.0,0.0
29040,5.0,508.0,0.0
29041,17.0,538.0,0.0
29042,120.0,39.0,0.0
29043,93.0,453.0,0.0
29044,34.0,72.0,0.0
29045,34.0,346.0,0.0
29046,253.0,49.0,0.0
29047,218.0,322.0,0.0
29048,58.0,593.0,0.0
29049,237.0,34.0,0.0
29050,21.0,394.0,0.0
29051,113.0,62.0,0.0
29052,19.0,204.0,0.0
29053,154.0,492.0,0.0
29054,8.0,134.0,0.0
29055,58.0,230.0,0.0
29056,88.0,442.0,0.0
29057,180.0,53.0,0.0
29058,7.0,336.0,0.0
29059,262.0,118.0,0.0
29060,134.0,528.0,0.0
29061,103.0,404.0,0.0
29062,34.0,398.0,0.0
29063,14.0,499.0,0.0
29064,42.0,392.0,0.0
29065,96.0,79.0,0.0
29066,25.0,509.0,0.0
29067,165.0,433.0,0.0
29068,163.0,412.0,0.0
29069,35.0,65.0,0.0
29070,123.0,487.0,0.0
29071,94.0,234.0,0.0
29072,104.0,128.0,0.0
29073,66.0,211.0,0.0
29074,112.0,26.0,0.0
29075,191.0,144.0,0.0
29076,117.0,535.0,0.0
29077,40.0,526.0,0.0
29078,24.0,188.0,0.0
29079,241.0,306.0,0.0
29080,75.0,439.0,0.0
29081,16.0,206.0,0.0
29082,26.0,82.0,0.0
29083,122.0,563.0,0.0
29084,77.0,268.0,0.0
29085,239.0,566.0,0.0
29086,123.0,169.0,0.0
29087,99.0,589.0,0.0
29088,21.0,282.0,0.0
29089,192.0,308.0,0.0
29090,188.0,310.0,0.0
29091,114.0,142.0,0.0
29092,261.0,118.0,0.0
29093,241.0,362.0,0.0
29094,111.0,535.0,0.0
29095,108.0,248.0,0.0
29096,55.0,211.0,0.0
29097,94.0,34.0,0.0
29098,70.0,151.0,0.0
29099,11.0,486.0,0.0
29100,100.0,429.0,0.0
29101,200.0,109.0,0.0
29102,196.0,43.0,0.0
29103,241.0,531.0,0.0
29104,80.0,388.0,0.0
29105,246.0,137.0,0.0
29106,156.0,419.0,0.0
29107,22.0,28.0,0.0
29108,2.0,495.0,0.0
29109,243.0,445.0,0.0
29110,169.0,219.0,0.0
29111,26.0,404.0,0.0
29112,61.0,409.0,0.0
29113,151.0,489.0,0.0
29114,94.0,370.0,0.0
29115,120.0,149.0,0.0
29116,41.0,595.0,0.0
29117,198.0,274.0,0.0
29118,98.0,412.0,0.0
29119,24.0,351.0,0.0
29120,48.0,303.0,0.0
29121,41.0,501.0,0.0
29122,167.0,377.0,0.0
29123,183.0,129.0,0.0
29124,235.0,280.0,0.0
29125,20.0,113.0,0.0
29126,187.0,131.0,0.0
29127,194.0,241.0,0.0
29128,204.0,412.0,0.0
29129,81.0,181.0,0.0
29130,233.0,476.0,0.0
29131,42.0,578.0,0.0
29132,74.0,496.0,0.0
29133,219.0,92.0,0.0
29134,265.0,80.0,0.0
29135,259.0,165.0,0.0
29136,98.0,389.0,0.0
29137,112.0,319.0,0.0
29138,32.0,189.0,0.0
29139,141.0,266.0,0.0
29140,251.0,95.0,0.0
29141,95.0,548.0,0.0
29142,58.0,381.0,0.0
29143,243.0,349.0,0.0
29144,195.0,54.0,0.0
29145,100.0,124.0,0.0
29146,263.0,477.0,0.0
29147,28.0,85.0,0.0
29148,256.0,532.0,0.0
29149,148.0,546.0,0.0
29150,129.0,531.0,0.0
29151,160.0,111.0,0.0
29152,120.0,581.0,0.0
29153,49.0,98.0,0.0
29154,205.0,490.0,0.0
29155,20.0,594.0,0.0
29156,247.0,149.0,0.0
29157,254.0,30.0,0.0
29158,83.0,432.0,0.0
29159,208.0,40.0,0.0
29160,111.0,430.0,0.0
29161,190.0,506.0,0.0
29162,132.0,26.0,0.0
29163,133.0,58.0,0.0
29164,220.0,108.0,0.0
29165,135.0,482.0,0.0
29166,80.0,184.0,0.0
29167,258.0,77.0,0.0
29168,210.0,284.0,0.0
29169,7.0,372.0,0.0
29170,18.0,505.0,0.0
29171,46.0,120.0,0.0
29172,212.0,307.0,0.0
29173,214.0,85.0,0.0
29174,79.0,418.0,0.0
29175,190.0,318.0,0.0
29176,108.0,140.0,0.0
29177,205.0,468.0,0.0
29178,77.0,21.0,0.0
29179,97.0,287.0,0.0
29180,131.0,120.0,0.0
29181,141.0,290.0,0.0
29182,20.0,182.0,0.0
29183,233.0,144.0,0.0
29184,199.0,553.0,0.0
29185,58.0,359.0,0.0
29186,191.0,406.0,0.0
29187,110.0,73.0,0.0
29188,133.0,586.0,0.0
29189,49.0,401.0,0.0
29190,67.0,133.0,0.0
29191,42.0,495.0,0.0
29192,63.0,147.0,0.0
29193,70.0,460.0,0.0
29194,205.0,169.0,0.0
29195,160.0,194.0,0.0
29196,113.0,325.0,0.0
29197,91.0,468.0,0.0
29198,204.0,515.0,0.0
29199,114.0,381.0,0.0
29200,76.0,6.0,0.0
29201,153.0,333.0,0.0
29202,59.0,69.0,0.0
29203,26.0,276.0,0.0
29204,232.0,206.0,0.0
29205,232.0,271.0,0.0
29206,222.0,274.0,0.0
29207,262.0,446.0,0.0
29208,202.0,37.0,0.0
29209,216.0,571.0,0.0
29210,92.0,163.0,0.0
29211,146.0,65.0,0.0
29212,14.0,368.0,0.0
29213,17.0,211.0,0.0
29214,27.0,435.0,0.0
29215,76.0,472.0,0.0
29216,83.0,407.0,0.0
29217,263.0,367.0,0.0
29218,151.0,391.0,0.0
29219,170.0,97.0,0.0
29220,144.0,323.0,0.0
29221,46.0,141.0,0.0
29222,46.0,52.0,0.0
29223,171.0,280.0,0.0
29224,262.0,352.0,0.0
29225,12.0,164.0,0.0
29226,132.0,30.0,0.0
29227,186.0,302.0,0.0
29228,57.0,10.0,0.0
29229,230.0,139.0,0.0
29230,222.0,24.0,0.0
29231,17.0,97.0,0.0
29232,50.0,369.0,0.0
29233,253.0,331.0,0.0
29234,261.0,233.0,0.0
29235,256.0,589.0,0.0
29236,199.0,355.0,0.0
29237,140.0,596.0,0.0
29238,211.0,79.0,0.0
29239,27.0,37.0,0.0
29240,106.0,178.0,0.0
29241,212.0,149.0,0.0
29242,167.0,546.0,0.0
29243,86.0,130.0,0.0
29244,65.0,463.0,0.0
29245,91.0,539.0,0.0
29246,109.0,215.0,0.0
29247,33.0,89.0,0.0
29248,106.0,353.0,0.0
29249,266.0,218.0,0.0
29250,123.0,455.0,0.0
29251,39.0,59.0,0.0
29252,244.0,79.0,0.0
29253,188.0,520.0,0.0
29254,173.0,552.0,0.0
29255,146.0,111.0,0.0
29256,179.0,161.0,0.0
29257,194.0,93.0,0.0
29258,213.0,314.0,0.0
29259,13.0,358.0,0.0
29260,44.0,364.0,0.0
29261,244.0,109.0,0.0
29262,231.0,0.0,0.0
29263,210.0,367.0,0.0
29264,164.0,387.0,0.0
29265,250.0,520.0,0.0
29266,107.0,363.0,0.0
29267,57.0,284.0,0.0
29268,265.0,540.0,0.0
29269,95.0,298.0,0.0
29270,73.0,493.0,0.0
29271,148.0,148.0,0.0
29272,123.0,408.0,0.0
29273,31.0,59.0,0.0
29274,172.0,479.0,0.0
29275,241.0,564.0,0.0
29276,242.0,296.0,0.0
29277,86.0,508.0,0.0
29278,214.0,269.0,0.0
29279,49.0,239.0,0.0
29280,111.0,180.0,0.0
29281,162.0,48.0,0.0
29282,45.0,228.0,0.0
29283,112.0,131.0,0.0
29284,37.0,44.0,0.0
29285,115.0,164.0,0.0
29286,147.0,129.0,0.0
29287,251.0,550.0,0.0
29288,72.0,252.0,0.0
29289,222.0,531.0,0.0
29290,23.0,376.0,0.0
29291,222.0,474.0,0.0
29292,81.0,503.0,0.0
29293,31.0,184.0,0.0
29294,59.0,167.0,0.0
29295,128.0,443.0,0.0
29296,73.0,545.0,0.0
29297,40.0,148.0,0.0
29298,108.0,496.0,0.0
29299,97.0,22.0,0.0
29300,27.0,586.0,0.0
29301,136.0,84.0,0.0
29302,149.0,112.0,0.0
29303,249.0,220.0,0.0
29304,200.0,505.0,0.0
29305,13.0,68.0,0.0
29306,232.0,422.0,0.0
29307,55.0,278.0,0.0
29308,237.0,120.0,0.0
29309,21.0,335.0,0.0
29310,8.0,265.0,0.0
29311,214.0,250.0,0.0
29312,138.0,371.0,0.0
29313,98.0,444.0,0.0
29314,173.0,384.0,0.0
29315,236.0,437.0,0.0
29316,61.0,218.0,0.0
29317,25.0,417.0,0.0
29318,35.0,507.0,0.0
29319,121.0,295.0,0.0
29320,120.0,145.0,0.0
29321,179.0,472.0,0.0
29322,110.0,539.0,0.0
29323,5.0,533.0,0.0
29324,249.0,75.0,0.0
29325,77.0,242.0,0.0
29326,121.0,170.0,0.0
29327,28.0,536.0,0.0
29328,168.0,55.0,0.0
29329,31.0,14.0,0.0
29330,159.0,107.0,0.0
29331,51.0,109.0,0.0
29332,4.0,514.0,0.0
29333,49.0,122.0,0.0
29334,127.0,69.0,0.0
29335,31.0,240.0,0.0
29336,180.0,291.0,0.0
29337,58.0,104.0,0.0
29338,124.0,258.0,0.0
29339,175.0,139.0,0.0
29340,200.0,180.0,0.0
29341,248.0,209.0,0.0
29342,113.0,509.0,0.0
29343,112.0,195.0,0.0
29344,196.0,20.0,0.0
29345,203.0,364.0,0.0
29346,230.0,411.0,0.0
29347,14.0,131.0,0.0
29348,149.0,347.0,0.0
29349,179.0,81.0,0.0
29350,138.0,529.0,0.0
29351,45.0,67.0,0.0
29352,222.0,99.0,0.0
29353,2.0,22.0,0.0
29354,267.0,343.0,0.0
29355,169.0,500.0,0.0
29356,245.0,74.0,0.0
29357,130.0,158.0,0.0
29358,105.0,362.0,0.0
29359,220.0,219.0,0.0
29360,39.0,554.0,0.0
29361,117.0,2.0,0.0
29362,19.0,107.0,0.0
29363,134.0,180.0,0.0
29364,48.0,281.0,0.0
29365,219.0,529.0,0.0
29366,261.0,263.0,0.0
29367,208.0,516.0,0.0
29368,53.0,369.0,0.0
29369,15.0,487.0,0.0
29370,144.0,176.0,0.0
29371,94.0,422.0,0.0
29372,185.0,106.0,0.0
29373,44.0,456.0,0.0
29374,107.0,470.0,0.0
29375,115.0,523.0,0.0
29376,255.0,593.0,0.0
29377,135.0,447.0,0.0
29378,239.0,56.0,0.0
29379,134.0,551.0,0.0
29380,166.0,83.0,0.0
29381,146.0,487.0,0.0
29382,220.0,435.0,0.0
29383,55.0,253.0,0.0
29384,243.0,60.0,0.0
29385,49.0,123.0,0.0
29386,181.0,529.0,0.0
29387,102.0,207.0,0.0
29388,180.0,283.0,0.0
29389,203.0,447.0,0.0
29390,214.0,247.0,0.0
29391,85.0,12.0,0.0
29392,181.0,63.0,0.0
29393,104.0,467.0,0.0
29394,252.0,154.0,0.0
29395,34.0,213.0,0.0
29396,36.0,104.0,0.0
29397,90.0,18.0,0.0
29398,146.0,39.0,0.0
29399,140.0,481.0,0.0
29400,29.0,30.0,0.0
29401,12.0,494.0,0.0
29402,112.0,507.0,0.0
29403,194.0,542.0,0.0
29404,5.0,154.0,0.0
29405,264.0,367.0,0.0
29406,141.0,574.0,0.0
29407,247.0,596.0,0.0
29408,107.0,507.0,0.0
29409,229.0,259.0,0.0
29410,241.0,108.0,0.0
29411,161.0,231.0,0.0
29412,37.0,391.0,0.0
29413,101.0,574.0,0.0
29414,117.0,233.0,0.0
29415,56.0,57.0,0.0
29416,114.0,301.0,0.0
29417,56.0,475.0,0.0
29418,16.0,12.0,0.0
29419,251.0,236.0,0.0
29420,226.0,186.0,0.0
29421,242.0,144.0,0.0
29422,158.0,28.0,0.0
29423,214.0,421.0,0.0
29424,214.0,150.0,0.0
29425,34.0,582.0,0.0
29426,136.0,265.0,0.0
29427,216.0,438.0,0.0
29428,256.0,20.0,0.0
29429,99.0,545.0,0.0
29430,187.0,55.0,0.0
29431,229.0,327.0,0.0
29432,21.0,116.0,0.0
29433,214.0,248.0,0.0
29434,170.0,512.0,0.0
29435,23.0,51.0,0.0
29436,101.0,534.0,0.0
29437,30.0,445.0,0.0
29438,192.0,191.0,0.0
29439,268.0,163.0,0.0
29440,22.0,81.0,0.0
29441,36.0,89.0,0.0
29442,0.0,276.0,0.0
29443,23.0,519.0,0.0
29444,153.0,250.0,0.0
29445,177.0,477.0,0.0
29446,148.0,243.0,0.0
29447,258.0,182.0,0.0
29448,138.0,264.0,0.0
29449,86.0,392.0,0.0
29450,263.0,342.0,0.0
29451,87.0,263.0,0.0
29452,262.0,536.0,0.0
29453,50.0,347.0,0.0
29454,227.0,398.0,0.0
29455,241.0,155.0,0.0
29456,81.0,428.0,0.0
29457,155.0,280.0,0.0
29458,29.0,239.0,0.0
29459,181.0,560.0,0.0
29460,245.0,173.0,0.0
29461,143.0,411.0,0.0
29462,86.0,43.0,0.0
29463,217.0,140.0,0.0
29464,198.0,254.0,0.0
29465,199.0,45.0,0.0
29466,51.0,144.0,0.0
29467,18.0,131.0,0.0
29468,263.0,68.0,0.0
29469,261.0,215.0,0.0
29470,241.0,177.0,0.0
29471,199.0,436.0,0.0
29472,121.0,414.0,0.0
29473,163.0,326.0,0.0
29474,117.0,313.0,0.0
29475,81.0,103.0,0.0
29476,248.0,196.0,0.0
29477,8.0,287.0,0.0
29478,45.0,594.0,0.0
29479,46.0,63.0,0.0
29480,243.0,485.0,0.0
29481,214.0,589.0,0.0
29482,110.0,534.0,0.0
29483,111.0,398.0,0.0
29484,245.0,525.0,0.0
29485,54.0,250.0,0.0
29486,7.0,359.0,0.0
29487,77.0,38.0,0.0
29488,42.0,342.0,0.0
29489,30.0,181.0,0.0
29490,187.0,329.0,0.0
29491,34.0,81.0,0.0
29492,203.0,141.0,0.0
29493,15.0,156.0,0.0
29494,212.0,315.0,0.0
29495,191.0,486.0,0.0
29496,104.0,463.0,0.0
29497,47.0,255.0,0.0
29498,149.0,524.0,0.0
29499,234.0,572.0,0.0
29500,187.0,470.0,0.0
29501,228.0,525.0,0.0
29502,111.0,459.0,0.0
29503,162.0,366.0,0.0
29504,26.0,94.0,0.0
29505,60.0,454.0,0.0
29506,34.0,6.0,0.0
29507,15.0,53.0,0.0
29508,120.0,72.0,0.0
29509,78.0,525.0,0.0
29510,155.0,590.0,0.0
29511,94.0,254.0,0.0
29512,30.0,87.0,0.0
29513,233.0,264.0,0.0
29514,233.0,458.0,0.0
29515,112.0,263.0,0.0
29516,79.0,573.0,0.0
29517,131.0,212.0,0.0
29518,216.0,5.0,0.0
29519,211.0,538.0,0.0
29520,105.0,411.0,0.0
29521,212.0,160.0,0.0
29522,119.0,191.0,0.0
29523,142.0,462.0,0.0
29524,148.0,8.0,0.0
29525,124.0,377.0,0.0
29526,172.0,71.0,0.0
29527,204.0,591.0,0.0
29528,253.0,390.0,0.0
29529,99.0,262.0,0.0
29530,167.0,144.0,0.0
29531,130.0,462.0,0.0
29532,95.0,454.0,0.0
29533,260.0,478.0,0.0
29534,116.0,562.0,0.0
29535,55.0,174.0,0.0
29536,217.0,474.0,0.0
29537,206.0,350.0,0.0
29538,259.0,589.0,0.0
29539,239.0,363.0,0.0
29540,181.0,49.0,0.0
29541,7.0,411.0,0.0
29542,126.0,369.0,0.0
29543,35.0,267.0,0.0
29544,118.0,451.0,0.0
29545,177.0,506.0,0.0
29546,197.0,203.0,0.0
29547,94.0,144.0,0.0
29548,44.0,98.0,0.0
29549,207.0,334.0,0.0
29550,237.0,227.0,0.0
29551,259.0,254.0,0.0
29552,265.0,406.0,0.0
29553,257.0,462.0,0.0
29554,154.0,362.0,0.0
29555,150.0,473.0,0.0
29556,195.0,276.0,0.0
29557,18.0,333.0,0.0
29558,63.0,196.0,0.0
29559,212.0,443.0,0.0
29560,203.0,414.0,0.0
29561,37.0,51.0,0.0
29562,138.0,498.0,0.0
29563,131.0,303.0,0.0
29564,158.0,561.0,0.0
29565,4.0,202.0,0.0
29566,246.0,76.0,0.0
29567,129.0,178.0,0.0
29568,10.0,238.0,0.0
29569,259.0,370.0,0.0
29570,237.0,240.0,0.0
29571,151.0,237.0,0.0
29572,263.0,406.0,0.0
29573,231.0,111.0,0.0
29574,90.0,421.0,0.0
29575,48.0,272.0,0.0
29576,191.0,447.0,0.0
29577,222.0,544.0,0.0
29578,45.0,214.0,0.0
29579,107.0,328.0,0.0
29580,220.0,105.0,0.0
29581,104.0,207.0,0.0
29582,211.0,304.0,0.0
29583,166.0,82.0,0.0
29584,158.0,37.0,0.0
29585,64.0,61.0,0.0
29586,134.0,311.0,0.0
29587,54.0,580.0,0.0
29588,244.0,568.0,0.0
29589,122.0,137.0,0.0
29590,226.0,302.0,0.0
29591,185.0,514.0,0.0
29592,258.0,403.0,0.0
29593,155.0,239.0,0.0
29594,91.0,157.0,0.0
29595,78.0,169.0,0.0
29596,46.0,97.0,0.0
29597,94.0,259.0,0.0
29598,195.0,450.0,0.0
29599,257.0,330.0,0.0
29600,103.0,161.0,0.0
29601,30.0,489.0,0.0
29602,149.0,458.0,0.0
29603,7.0,187.0,0.0
29604,59.0,222.0,0.0
29605,223.0,178.0,0.0
29606,187.0,88.0,0.0
29607,219.0,480.0,0.0
29608,41.0,37.0,0.0
29609,204.0,199.0,0.0
29610,30.0,265.0,0.0
29611,121.0,258.0,0.0
29612,170.0,53.0,0.0
29613,113.0,303.0,0.0
29614,150.0,172.0,0.0
29615,236.0,284.0,0.0
29616,211.0,412.0,0.0
29617,163.0,56.0,0.0
29618,127.0,316.0,0.0
29619,176.0,13.0,0.0
29620,18.0,14.0,0.0
29621,7.0,152.0,0.0
29622,177.0,19.0,0.0
29623,250.0,366.0,0.0
29624,4.0,82.0,0.0
29625,182.0,512.0,0.0
29626,61.0,0.0,0.0
29627,247.0,53.0,0.0
29628,34.0,255.0,0.0
29629,118.0,141.0,0.0
29630,65.0,329.0,0.0
29631,90.0,43.0,0.0
29632,101.0,251.0,0.0
29633,77.0,64.0,0.0
29634,159.0,193.0,0.0
29635,80.0,109.0,0.0
29636,104.0,516.0,0.0
29637,164.0,348.0,0.0
29638,225.0,181.0,0.0
29639,136.0,330.0,0.0
29640,150.0,298.0,0.0
29641,230.0,211.0,0.0
29642,41.0,107.0,0.0
29643,244.0,51.0,0.0
29644,161.0,326.0,0.0
29645,21.0,225.0,0.0
29646,45.0,73.0,0.0
29647,71.0,170.0,0.0
29648,231.0,110.0,0.0
29649,167.0,310.0,0.0
29650,61.0,223.0,0.0
29651,112.0,183.0,0.0
29652,63.0,363.0,0.0
29653,81.0,381.0,0.0
29654,21.0,19.0,0.0
29655,38.0,37.0,0.0
29656,163.0,591.0,0.0
29657,14.0,510.0,0.0
29658,131.0,510.0,0.0
29659,225.0,404.0,0.0
29660,220.0,330.0,0.0
29661,76.0,416.0,0.0
29662,234.0,585.0,0.0
29663,167.0,172.0,0.0
29664,159.0,493.0,0.0
29665,53.0,54.0,0.0
29666,99.0,176.0,0.0
29667,51.0,274.0,0.0
29668,114.0,47.0,0.0
29669,125.0,292.0,0.0
29670,252.0,498.0,0.0
29671,254.0,250.0,0.0
29672,133.0,582.0,0.0
29673,9.0,190.0,0.0
29674,187.0,26.0,0.0
29675,99.0,270.0,0.0
29676,182.0,82.0,0.0
29677,257.0,242.0,0.0
29678,236.0,192.0,0.0
29679,63.0,513.0,0.0
29680,175.0,596.0,0.0
29681,4.0,543.0,0.0
29682,107.0,402.0,0.0
29683,173.0,323.0,0.0
29684,54.0,512.0,0.0
29685,138.0,432.0,0.0
29686,82.0,515.0,0.0
29687,181.0,449.0,0.0
29688,258.0,93.0,0.0
29689,209.0,293.0,0.0
29690,101.0,208.0,0.0
29691,158.0,452.0,0.0
29692,132.0,238.0,0.0
29693,268.0,155.0,0.0
29694,111.0,281.0,0.0
29695,243.0,184.0,0.0
29696,145.0,446.0,0.0
29697,73.0,370.0,0.0
29698,100.0,13.0,0.0
29699,187.0,248.0,0.0
29700,72.0,106.0,0.0
29701,83.0,224.0,0.0
29702,139.0,467.0,0.0
29703,36.0,529.0,0.0
29704,1.0,210.0,0.0
29705,33.0,592.0,0.0
29706,161.0,201.0,0.0
29707,95.0,493.0,0.0
29708,248.0,147.0,0.0
29709,8.0,196.0,0.0
29710,257.0,595.0,0.0
29711,229.0,76.0,0.0
29712,16.0,495.0,0.0
29713,217.0,336.0,0.0
29714,79.0,391.0,0.0
29715,92.0,37.0,0.0
29716,62.0,96.0,0.0
29717,154.0,393.0,0.0
29718,139.0,196.0,0.0
29719,158.0,510.0,0.0
29720,241.0,389.0,0.0
29721,25.0,510.0,0.0
29722,225.0,221.0,0.0
29723,241.0,596.0,0.0
29724,126.0,462.0,0.0
29725,142.0,502.0,0.0
29726,15.0,397.0,0.0
29727,139.0,155.0,0.0
29728,91.0,275.0,0.0
29729,75.0,119.0,0.0
29730,93.0,255.0,0.0
29731,198.0,21.0,0.0
29732,216.0,445.0,0.0
29733,91.0,56.0,0.0
29734,17.0,17.0,0.0
29735,33.0,263.0,0.0
29736,266.0,329.0,0.0
29737,220.0,581.0,0.0
29738,117.0,276.0,0.0
29739,210.0,71.0,0.0
29740,153.0,394.0,0.0
29741,216.0,590.0,0.0
29742,12.0,115.0,0.0
29743,187.0,14.0,0.0
29744,103.0,579.0,0.0
29745,100.0,256.0,0.0
29746,199.0,273.0,0.0
29747,95.0,177.0,0.0
29748,192.0,270.0,0.0
29749,69.0,530.0,0.0
29750,53.0,365.0,0.0
29751,216.0,560.0,0.0
29752,189.0,585.0,0.0
29753,215.0,68.0,0.0
29754,6.0,349.0,0.0
29755,162.0,8.0,0.0
29756,41.0,206.0,0.0
29757,258.0,261.0,0.0
29758,56.0,199.0,0.0
29759,111.0,319.0,0.0
29760,260.0,268.0,0.0
29761,109.0,192.0,0.0
29762,243.0,506.0,0.0
29763,174.0,228.0,0.0
29764,140.0,333.0,0.0
29765,121.0,132.0,0.0
29766,228.0,253.0,0.0
29767,106.0,354.0,0.0
29768,184.0,163.0,0.0
29769,134.0,161.0,0.0
29770,86.0,164.0,0.0
29771,197.0,264.0,0.0
29772,215.0,486.0,0.0
29773,50.0,249.0,0.0
29774,13.0,325.0,0.0
29775,228.0,277.0,0.0
29776,229.0,364.0,0.0
29777,244.0,192.0,0.0
29778,266.0,28.0,0.0
29779,252.0,145.0,0.0
29780,35.0,271.0,0.0
29781,51.0,47.0,0.0
29782,268.0,167.0,0.0
29783,134.0,476.0,0.0
29784,99.0,67.0,0.0
29785,221.0,360.0,0.0
29786,157.0,224.0,0.0
29787,68.0,83.0,0.0
29788,262.0,303.0,0.0
29789,104.0,307.0,0.0
29790,242.0,358.0,0.0
29791,236.0,96.0,0.0
29792,19.0,304.0,0.0
29793,41.0,6.0,0.0
29794,139.0,401.0,0.0
29795,7.0,126.0,0.0
29796,154.0,551.0,0.0
29797,84.0,232.0,0.0
29798,52.0,53.0,0.0
29799,110.0,270.0,0.0
29800,52.0,83.0,0.0
29801,2.0,299.0,0.0
29802,170.0,75.0,0.0
29803,113.0,460.0,0.0
29804,39.0,9.0,0.0
29805,124.0,289.0,0.0
29806,137.0,380.0,0.0
29807,177.0,257.0,0.0
29808,0.0,434.0,0.0
29809,238.0,552.0,0.0
29810,158.0,433.0,0.0
29811,112.0,272.0,0.0
29812,252.0,192.0,0.0
29813,3.0,220.0,0.0
29814,22.0,388.0,0.0
29815,109.0,201.0,0.0
29816,188.0,441.0,0.0
29817,91.0,487.0,0.0
29818,93.0,109.0,0.0
29819,167.0,184.0,0.0
29820,142.0,192.0,0.0
29821,177.0,104.0,0.0
29822,7.0,448.0,0.0
29823,77.0,550.0,0.0
29824,55.0,456.0,0.0
29825,19.0,531.0,0.0
29826,201.0,377.0,0.0
29827,84.0,347.0,0.0
29828,160.0,432.0,0.0
29829,86.0,292.0,0.0
29830,126.0,520.0,0.0
29831,122.0,555.0,0.0
29832,157.0,427.0,0.0
29833,249.0,218.0,0.0
29834,98.0,182.0,0.0
29835,49.0,508.0,0.0
29836,234.0,542.0,0.0
29837,265.0,569.0,0.0
29838,171.0,268.0,0.0
29839,76.0,373.0,0.0
29840,143.0,470.0,0.0
29841,62.0,273.0,0.0
29842,161.0,347.0,0.0
29843,234.0,565.0,0.0
29844,218.0,222.0,0.0
29845,35.0,435.0,0.0
29846,7.0,297.0,0.0
29847,254.0,238.0,0.0
29848,153.0,556.0,0.0
29849,140.0,268.0,0.0
29850,192.0,341.0,0.0
29851,83.0,8.0,0.0
29852,132.0,154.0,0.0
29853,133.0,305.0,0.0
29854,114.0,412.0,0.0
29855,81.0,341.0,0.0
29856,145.0,362.0,0.0
29857,140.0,187.0,0.0
29858,244.0,296.0,0.0
29859,216.0,595.0,0.0
29860,210.0,350.0,0.0
29861,154.0,118.0,0.0
29862,228.0,123.0,0.0
29863,40.0,60.0,0.0
29864,222.0,250.0,0.0
29865,164.0,98.0,0.0
29866,227.0,223.0,0.0
29867,238.0,466.0,0.0
29868,73.0,157.0,0.0
29869,212.0,237.0,0.0
29870,146.0,552.0,0.0
29871,117.0,21.0,0.0
29872,69.0,368.0,0.0
29873,150.0,410.0,0.0
29874,39.0,496.0,0.0
29875,198.0,411.0,0.0
29876,172.0,379.0,0.0
29877,214.0,209.0,0.0
29878,55.0,73.0,0.0
29879,66.0,474.0,0.0
29880,91.0,111.0,0.0
29881,77.0,96.0,0.0
29882,17.0,213.0,0.0
29883,98.0,110.0,0.0
29884,57.0,532.0,0.0
29885,186.0,557.0,0.0
29886,73.0,533.0,0.0
29887,259.0,587.0,0.0
29888,36.0,220.0,0.0
29889,48.0,213.0,0.0
29890,9.0,436.0,0.0
29891,160.0,313.0,0.0
29892,232.0,375.0,0.0
29893,13.0,187.0,0.0
29894,73.0,33.0,0.0
29895,216.0,209.0,0.0
29896,218.0,123.0,0.0
29897,176.0,116.0,0.0
29898,86.0,163.0,0.0
29899,119.0,400.0,0.0
29900,29.0,561.0,0.0
29901,70.0,62.0,0.0
29902,126.0,333.0,0.0
29903,66.0,205.0,0.0
29904,249.0,528.0,0.0
29905,238.0,82.0,0.0
29906,226.0,355.0,0.0
29907,177.0,384.0,0.0
29908,152.0,562.0,0.0
29909,173.0,160.0,0.0
29910,79.0,262.0,0.0
29911,115.0,134.0,0.0
29912,13.0,536.0,0.0
29913,172.0,250.0,0.0
29914,178.0,191.0,0.0
29915,61.0,517.0,0.0
29916,13.0,351.0,0.0
29917,214.0,41.0,0.0
29918,74.0,444.0,0.0
29919,236.0,33.0,0.0
29920,114.0,290.0,0.0
29921,93.0,595.0,0.0
29922,93.0,421.0,0.0
29923,71.0,73.0,0.0
29924,252.0,495.0,0.0
29925,224.0,269.0,0.0
29926,206.0,154.0,0.0
29927,109.0,270.0,0.0
29928,86.0,35.0,0.0
29929,193.0,216.0,0.0
29930,220.0,495.0,0.0
29931,10.0,555.0,0.0
29932,98.0,341.0,0.0
29933,131.0,112.0,0.0
29934,18.0,571.0,0.0
29935,153.0,29.0,0.0
29936,30.0,231.0,0.0
29937,168.0,233.0,0.0
29938,173.0,321.0,0.0
29939,199.0,407.0,0.0
29940,144.0,543.0,0.0
29941,211.0,179.0,0.0
29942,74.0,37.0,0.0
29943,134.0,331.0,0.0
29944,218.0,364.0,0.0
29945,202.0,56.0,0.0
29946,255.0,79.0,0.0
29947,152.0,61.0,0.0
29948,191.0,276.0,0.0
29949,78.0,339.0,0.0
29950,186.0,80.0,0.0
29951,256.0,474.0,0.0
29952,23.0,308.0,0.0
29953,266.0,263.0,0.0
29954,184.0,87.0,0.0
29955,195.0,564.0,0.0
29956,46.0,65.0,0.0
29957,193.0,12.0,0.0
29958,88.0,350.0,0.0
29959,129.0,86.0,0.0
29960,97.0,431.0,0.0
29961,246.0,482.0,0.0
29962,177.0,158.0,0.0
29963,41.0,457.0,0.0
29964,57.0,340.0,0.0
29965,150.0,175.0,0.0
29966,244.0,461.0,0.0
29967,230.0,296.0,0.0
29968,115.0,445.0,0.0
29969,63.0,285.0,0.0
29970,142.0,439.0,0.0
29971,130.0,171.0,0.0
29972,241.0,132.0,0.0
29973,204.0,575.0,0.0
29974,197.0,247.0,0.0
29975,158.0,499.0,0.0
29976,170.0,238.0,0.0
29977,91.0,279.0,0.0
29978,111.0,268.0,0.0
29979,120.0,419.0,0.0
29980,245.0,397.0,0.0
29981,147.0,437.0,0.0
29982,72.0,51.0,0.0
29983,241.0,341.0,0.0
29984,247.0,218.0,0.0
29985,180.0,420.0,0.0
29986,24.0,421.0,0.0
29987,147.0,242.0,0.0
29988,260.0,77.0,0.0
29989,187.0,52.0,0.0
29990,244.0,529.0,0.0
29991,42.0,229.0,0.0
29992,35.0,585.0,0.0
29993,117.0,413.0,0.0
29994,237.0,309.0,0.0
29995,27.0,64.0,0.0
29996,260.0,125.0,0.0
29997,224.0,482.0,0.0
29998,230.0,560.0,0.0
29999,132.0,182.0,0.0
30000,125.0,469.0,0.0
30001,244.0,276.0,0.0
30002,26.0,532.0,0.0
30003,258.0,479.0,0.0
30004,18.0,75.0,0.0
30005,108.0,134.0,0.0
30006,127.0,215.0,0.0
30007,248.0,289.0,0.0
30008,114.0,391.0,0.0
30009,3.0,243.0,0.0
30010,58.0,256.0,0.0
30011,217.0,514.0,0.0
30012,210.0,140.0,0.0
30013,78.0,2.0,0.0
30014,60.0,550.0,0.0
30015,182.0,214.0,0.0
30016,221.0,578.0,0.0
30017,82.0,411.0,0.0
30018,198.0,62.0,0.0
30019,203.0,556.0,0.0
30020,188.0,496.0,0.0
30021,212.0,18.0,0.0
30022,99.0,363.0,0.0
30023,152.0,535.0,0.0
30024,242.0,319.0,0.0
30025,153.0,593.0,0.0
30026,137.0,72.0,0.0
30027,225.0,165.0,0.0
30028,121.0,100.0,0.0
30029,136.0,166.0,0.0
30030,37.0,392.0,0.0
30031,136.0,182.0,0.0
30032,249.0,506.0,0.0
30033,190.0,123.0,0.0
30034,26.0,99.0,0.0
30035,205.0,398.0,0.0
30036,22.0,12.0,0.0
30037,69.0,211.0,0.0
30038,153.0,536.0,0.0
30039,33.0,79.0,0.0
30040,53.0,50.0,0.0
30041,177.0,72.0,0.0
30042,34.0,359.0,0.0
30043,9.0,435.0,0.0
30044,115.0,469.0,0.0
30045,155.0,111.0,0.0
30046,206.0,108.0,0.0
30047,44.0,297.0,0.0
30048,48.0,226.0,0.0
30049,183.0,457.0,0.0
30050,47.0,431.0,0.0
30051,213.0,21.0,0.0
30052,124.0,582.0,0.0
30053,40.0,7.0,0.0
30054,251.0,506.0,0.0
30055,169.0,313.0,0.0
30056,219.0,245.0,0.0
30057,185.0,132.0,0.0
30058,235.0,259.0,0.0
30059,183.0,87.0,0.0
30060,162.0,451.0,0.0
30061,193.0,585.0,0.0
30062,54.0,377.0,0.0
30063,239.0,556.0,0.0
30064,55.0,570.0,0.0
30065,27.0,437.0,0.0
30066,191.0,7.0,0.0
30067,7.0,422.0,0.0
30068,261.0,421.0,0.0
30069,116.0,296.0,0.0
30070,202.0,145.0,0.0
30071,255.0,546.0,0.0
30072,111.0,469.0,0.0
30073,109.0,400.0,0.0
30074,4.0,95.0,0.0
30075,6.0,189.0,0.0
30076,207.0,520.0,0.0
30077,123.0,241.0,0.0
30078,253.0,280.0,0.0
30079,91.0,290.0,0.0
30080,140.0,64.0,0.0
30081,146.0,105.0,0.0
30082,23.0,19.0,0.0
30083,58.0,323.0,0.0
30084,116.0,311.0,0.0
30085,18.0,26.0,0.0
30086,15.0,502.0,0.0
30087,192.0,536.0,0.0
30088,25.0,100.0,0.0
30089,30.0,295.0,0.0
30090,105.0,404.0,0.0
30091,47.0,314.0,0.0
30092,174.0,23.0,0.0
30093,18.0,309.0,0.0
30094,205.0,266.0,0.0
30095,29.0,290.0,0.0
30096,189.0,218.0,0.0
30097,160.0,472.0,0.0
30098,22.0,520.0,0.0
30099,124.0,456.0,0.0
30100,149.0,502.0,0.0
30101,137.0,305.0,0.0
30102,88.0,573.0,0.0
30103,99.0,100.0,0.0
30104,259.0,176.0,0.0
30105,11.0,456.0,0.0
30106,188.0,263.0,0.0
30107,119.0,73.0,0.0
30108,35.0,506.0,0.0
30109,99.0,377.0,0.0
30110,251.0,51.0,0.0
30111,14.0,257.0,0.0
30112,9.0,478.0,0.0
30113,242.0,75.0,0.0
30114,171.0,167.0,0.0
30115,155.0,515.0,0.0
30116,57.0,437.0,0.0
30117,106.0,62.0,0.0
30118,103.0,183.0,0.0
30119,58.0,186.0,0.0
30120,110.0,129.0,0.0
30121,230.0,67.0,0.0
30122,155.0,536.0,0.0
30123,53.0,297.0,0.0
30124,102.0,527.0,0.0
30125,163.0,129.0,0.0
30126,244.0,12.0,0.0
30127,39.0,360.0,0.0
30128,251.0,539.0,0.0
30129,124.0,574.0,0.0
30130,139.0,250.0,0.0
30131,9.0,160.0,0.0
30132,73.0,560.0,0.0
30133,88.0,424.0,0.0
30134,246.0,55.0,0.0
30135,143.0,555.0,0.0
30136,153.0,325.0,0.0
30137,111.0,54.0,0.0
30138,144.0,48.0,0.0
30139,250.0,493.0,0.0
30140,194.0,439.0,0.0
30141,138.0,76.0,0.0
30142,88.0,50.0,0.0
30143,29.0,342.0,0.0
30144,182.0,291.0,0.0
30145,223.0,329.0,0.0
30146,96.0,144.0,0.0
30147,229.0,558.0,0.0
30148,250.0,483.0,0.0
30149,208.0,146.0,0.0
30150,241.0,376.0,0.0
30151,30.0,113.0,0.0
30152,12.0,297.0,0.0
30153,1.0,304.0,0.0
30154,46.0,466.0,0.0
30155,121.0,475.0,0.0
30156,88.0,545.0,0.0
30157,149.0,435.0,0.0
30158,93.0,498.0,0.0
30159,101.0,19.0,0.0
30160,167.0,42.0,0.0
30161,59.0,402.0,0.0
30162,72.0,585.0,0.0
30163,155.0,164.0,0.0
30164,2.0,507.0,0.0
30165,244.0,334.0,0.0
30166,98.0,134.0,0.0
30167,16.0,75.0,0.0
30168,53.0,237.0,0.0
30169,194.0,33.0,0.0
30170,132.0,265.0,0.0
30171,205.0,448.0,0.0
30172,185.0,54.0,0.0
30173,165.0,271.0,0.0
30174,177.0,134.0,0.0
30175,7.0,215.0,0.0
30176,192.0,528.0,0.0
30177,253.0,308.0,0.0
30178,117.0,334.0,0.0
30179,205.0,48.0,0.0
30180,196.0,519.0,0.0
30181,90.0,478.0,0.0
30182,229.0,475.0,0.0
30183,124.0,140.0,0.0
30184,165.0,247.0,0.0
30185,227.0,498.0,0.0
30186,157.0,527.0,0.0
30187,169.0,208.0,0.0
30188,61.0,16.0,0.0
30189,190.0,122.0,0.0
30190,260.0,467.0,0.0
30191,42.0,107.0,0.0
30192,211.0,207.0,0.0
30193,261.0,591.0,0.0
30194,209.0,378.0,0.0
30195,214.0,79.0,0.0
30196,150.0,351.0,0.0
30197,241.0,366.0,0.0
30198,242.0,537.0,0.0
30199,164.0,210.0,0.0
30200,41.0,568.0,0.0
30201,88.0,512.0,0.0
30202,257.0,1.0,0.0
30203,93.0,58.0,0.0
30204,249.0,137.0,0.0
30205,215.0,303.0,0.0
30206,67.0,123.0,0.0
30207,268.0,468.0,0.0
30208,263.0,42.0,0.0
30209,66.0,399.0,0.0
30210,161.0,83.0,0.0
30211,12.0,305.0,0.0
30212,66.0,494.0,0.0
30213,129.0,155.0,0.0
30214,10.0,232.0,0.0
30215,237.0,356.0,0.0
30216,55.0,511.0,0.0
30217,139.0,529.0,0.0
30218,124.0,526.0,0.0
30219,251.0,283.0,0.0
30220,9.0,432.0,0.0
30221,169.0,473.0,0.0
30222,35.0,57.0,0.0
30223,252.0,41.0,0.0
30224,113.0,129.0,0.0
30225,10.0,596.0,0.0
30226,155.0,74.0,0.0
30227,159.0,359.0,0.0
30228,148.0,3.0,0.0
30229,66.0,489.0,0.0
30230,187.0,171.0,0.0
30231,72.0,242.0,0.0
30232,146.0,342.0,0.0
30233,244.0,414.0,0.0
30234,29.0,29.0,0.0
30235,89.0,349.0,0.0
30236,89.0,500.0,0.0
30237,203.0,199.0,0.0
30238,140.0,495.0,0.0
30239,4.0,357.0,0.0
30240,263.0,225.0,0.0
30241,59.0,278.0,0.0
30242,187.0,113.0,0.0
30243,74.0,461.0,0.0
30244,221.0,167.0,0.0
30245,42.0,566.0,0.0
30246,94.0,391.0,0.0
30247,237.0,184.0,0.0
30248,97.0,333.0,0.0
30249,170.0,102.0,0.0
30250,1.0,271.0,0.0
30251,71.0,294.0,0.0
30252,24.0,470.0,0.0
30253,56.0,412.0,0.0
30254,223.0,118.0,0.0
30255,61.0,93.0,0.0
30256,158.0,554.0,0.0
30257,250.0,198.0,0.0
30258,148.0,13.0,0.0
30259,169.0,186.0,0.0
30260,144.0,539.0,0.0
30261,132.0,340.0,0.0
30262,222.0,75.0,0.0
30263,205.0,566.0,0.0
30264,40.0,210.0,0.0
30265,146.0,196.0,0.0
30266,138.0,370.0,0.0
30267,256.0,226.0,0.0
30268,15.0,289.0,0.0
30269,68.0,507.0,0.0
30270,220.0,454.0,0.0
30271,126.0,502.0,0.0
30272,64.0,541.0,0.0
30273,26.0,492.0,0.0
30274,208.0,210.0,0.0
30275,240.0,233.0,0.0
30276,72.0,516.0,0.0
30277,146.0,510.0,0.0
30278,262.0,360.0,0.0
30279,85.0,280.0,0.0
30280,194.0,575.0,0.0
30281,211.0,32.0,0.0
30282,257.0,159.0,0.0
30283,128.0,440.0,0.0
30284,13.0,31.0,0.0
30285,50.0,470.0,0.0
30286,173.0,104.0,0.0
30287,50.0,161.0,0.0
30288,204.0,27.0,0.0
30289,17.0,501.0,0.0
30290,238.0,557.0,0.0
30291,182.0,302.0,0.0
30292,230.0,93.0,0.0
30293,124.0,28.0,0.0
30294,65.0,167.0,0.0
30295,24.0,263.0,0.0
30296,237.0,415.0,0.0
30297,257.0,321.0,0.0
30298,137.0,12.0,0.0
30299,54.0,78.0,0.0
30300,165.0,85.0,0.0
30301,87.0,369.0,0.0
30302,143.0,351.0,0.0
30303,250.0,63.0,0.0
30304,253.0,582.0,0.0
30305,172.0,68.0,0.0
30306,47.0,303.0,0.0
30307,217.0,353.0,0.0
30308,79.0,588.0,0.0
30309,39.0,243.0,0.0
30310,8.0,114.0,0.0
30311,34.0,334.0,0.0
30312,255.0,290.0,0.0
30313,204.0,298.0,0.0
30314,254.0,176.0,0.0
30315,251.0,97.0,0.0
30316,91.0,376.0,0.0
30317,253.0,443.0,0.0
30318,91.0,46.0,0.0
30319,234.0,134.0,0.0
30320,43.0,369.0,0.0
30321,113.0,214.0,0.0
30322,5.0,53.0,0.0
30323,117.0,342.0,0.0
30324,265.0,26.0,0.0
30325,231.0,257.0,0.0
30326,200.0,498.0,0.0
30327,71.0,487.0,0.0
30328,36.0,248.0,0.0
30329,238.0,307.0,0.0
30330,212.0,214.0,0.0
30331,17.0,265.0,0.0
30332,152.0,555.0,0.0
30333,16.0,482.0,0.0
30334,202.0,541.0,0.0
30335,229.0,329.0,0.0
30336,127.0,90.0,0.0
30337,162.0,79.0,0.0
30338,70.0,363.0,0.0
30339,247.0,582.0,0.0
30340,18.0,558.0,0.0
30341,172.0,52.0,0.0
30342,29.0,487.0,0.0
30343,217.0,518.0,0.0
30344,232.0,187.0,0.0
30345,139.0,102.0,0.0
30346,59.0,275.0,0.0
30347,1.0,365.0,0.0
30348,163.0,282.0,0.0
30349,215.0,8.0,0.0
30350,257.0,415.0,0.0
30351,34.0,70.0,0.0
30352,72.0,244.0,0.0
30353,127.0,127.0,0.0
30354,48.0,325.0,0.0
30355,151.0,168.0,0.0
30356,142.0,547.0,0.0
30357,242.0,312.0,0.0
30358,209.0,162.0,0.0
30359,102.0,330.0,0.0
30360,78.0,370.0,0.0
30361,203.0,273.0,0.0
30362,220.0,507.0,0.0
30363,226.0,409.0,0.0
30364,231.0,401.0,0.0
30365,23.0,388.0,0.0
30366,12.0,538.0,0.0
30367,12.0,533.0,0.0
30368,194.0,498.0,0.0
30369,4.0,370.0,0.0
30370,151.0,558.0,0.0
30371,124.0,51.0,0.0
30372,145.0,258.0,0.0
30373,57.0,498.0,0.0
30374,7.0,200.0,0.0
30375,46.0,223.0,0.0
30376,163.0,434.0,0.0
30377,124.0,77.0,0.0
30378,242.0,220.0,0.0
30379,55.0,175.0,0.0
30380,213.0,182.0,0.0
30381,184.0,543.0,0.0
30382,168.0,422.0,0.0
30383,76.0,235.0,0.0
30384,254.0,419.0,0.0
30385,102.0,488.0,0.0
30386,99.0,495.0,0.0
30387,239.0,250.0,0.0
30388,74.0,280.0,0.0
30389,195.0,528.0,0.0
30390,19.0,101.0,0.0
30391,241.0,169.0,0.0
30392,79.0,95.0,0.0
30393,158.0,155.0,0.0
30394,24.0,331.0,0.0
30395,229.0,386.0,0.0
30396,62.0,474.0,0.0
30397,164.0,592.0,0.0
30398,258.0,563.0,0.0
30399,219.0,33.0,0.0
30400,73.0,138.0,0.0
30401,81.0,218.0,0.0
30402,211.0,452.0,0.0
30403,112.0,451.0,0.0
30404,181.0,359.0,0.0
30405,122.0,218.0,0.0
30406,251.0,345.0,0.0
30407,145.0,98.0,0.0
30408,233.0,73.0,0.0
30409,80.0,269.0,0.0
30410,197.0,412.0,0.0
30411,231.0,334.0,0.0
30412,0.0,550.0,0.0
30413,65.0,74.0,0.0
30414,113.0,595.0,0.0
30415,191.0,105.0,0.0
30416,268.0,352.0,0.0
30417,177.0,119.0,0.0
30418,144.0,4.0,0.0
30419,11.0,432.0,0.0
30420,126.0,342.0,0.0
30421,252.0,352.0,0.0
30422,211.0,466.0,0.0
30423,6.0,23.0,0.0
30424,186.0,595.0,0.0
30425,245.0,550.0,0.0
30426,111.0,191.0,0.0
30427,86.0,432.0,0.0
30428,258.0,174.0,0.0
30429,243.0,587.0,0.0
30430,68.0,127.0,0.0
30431,156.0,86.0,0.0
30432,108.0,464.0,0.0
30433,11.0,53.0,0.0
30434,102.0,572.0,0.0
30435,175.0,460.0,0.0
30436,154.0,484.0,0.0
30437,195.0,53.0,0.0
30438,54.0,4.0,0.0
30439,72.0,500.0,0.0
30440,8.0,347.0,0.0
30441,237.0,145.0,0.0
30442,210.0,429.0,0.0
30443,101.0,152.0,0.0
30444,86.0,220.0,0.0
30445,84.0,128.0,0.0
30446,60.0,109.0,0.0
30447,36.0,254.0,0.0
30448,16.0,517.0,0.0
30449,31.0,544.0,0.0
30450,255.0,511.0,0.0
30451,192.0,323.0,0.0
30452,31.0,165.0,0.0
30453,29.0,275.0,0.0
30454,129.0,592.0,0.0
30455,227.0,199.0,0.0
30456,140.0,351.0,0.0
30457,214.0,497.0,0.0
30458,180.0,453.0,0.0
30459,190.0,351.0,0.0
30460,77.0,239.0,0.0
30461,105.0,493.0,0.0
30462,218.0,493.0,0.0
30463,86.0,274.0,0.0
30464,67.0,125.0,0.0
30465,64.0,355.0,0.0
30466,126.0,427.0,0.0
30467,188.0,399.0,0.0
30468,198.0,339.0,0.0
30469,48.0,250.0,0.0
30470,254.0,17.0,0.0
30471,95.0,292.0,0.0
30472,68.0,13.0,0.0
30473,228.0,522.0,0.0
30474,181.0,75.0,0.0
30475,27.0,159.0,0.0
30476,38.0,386.0,0.0
30477,71.0,238.0,0.0
30478,50.0,565.0,0.0
30479,268.0,583.0,0.0
30480,201.0,395.0,0.0
30481,238.0,72.0,0.0
30482,88.0,185.0,0.0
30483,177.0,491.0,0.0
30484,4.0,92.0,0.0
30485,119.0,439.0,0.0
30486,141.0,228.0,0.0
30487,171.0,557.0,0.0
30488,114.0,584.0,0.0
30489,263.0,430.0,0.0
30490,252.0,12.0,0.0
30491,186.0,549.0,0.0
30492,106.0,171.0,0.0
30493,120.0,68.0,0.0
30494,12.0,148.0,0.0
30495,203.0,247.0,0.0
30496,14.0,575.0,0.0
30497,195.0,427.0,0.0
30498,198.0,404.0,0.0
30499,38.0,578.0,0.0
30500,118.0,299.0,0.0
30501,3.0,525.0,0.0
30502,150.0,311.0,0.0
30503,103.0,66.0,0.0
30504,97.0,40.0,0.0
30505,225.0,132.0,0.0
30506,152.0,136.0,0.0
30507,127.0,206.0,0.0
30508,204.0,329.0,0.0
30509,253.0,449.0,0.0
30510,79.0,575.0,0.0
30511,216.0,561.0,0.0
30512,192.0,556.0,0.0
30513,128.0,130.0,0.0
30514,140.0,123.0,0.0
30515,192.0,469.0,0.0
30516,27.0,279.0,0.0
30517,111.0,198.0,0.0
30518,190.0,540.0,0.0
30519,204.0,173.0,0.0
30520,103.0,501.0,0.0
30521,105.0,437.0,0.0
30522,82.0,28.0,0.0
30523,214.0,319.0,0.0
30524,162.0,505.0,0.0
30525,258.0,221.0,0.0
30526,11.0,320.0,0.0
30527,82.0,520.0,0.0
30528,193.0,492.0,0.0
30529,161.0,290.0,0.0
30530,260.0,312.0,0.0
30531,88.0,320.0,0.0
30532,68.0,258.0,0.0
30533,264.0,87.0,0.0
30534,207.0,362.0,0.0
30535,139.0,555.0,0.0
30536,241.0,490.0,0.0
30537,218.0,545.0,0.0
30538,123.0,542.0,0.0
30539,161.0,493.0,0.0
30540,47.0,271.0,0.0
30541,60.0,83.0,0.0
30542,213.0,73.0,0.0
30543,257.0,486.0,0.0
30544,129.0,276.0,0.0
30545,230.0,358.0,0.0
30546,144.0,187.0,0.0
30547,83.0,405.0,0.0
30548,40.0,385.0,0.0
30549,177.0,323.0,0.0
30550,88.0,139.0,0.0
30551,3.0,284.0,0.0
30552,7.0,94.0,0.0
30553,260.0,288.0,0.0
30554,143.0,417.0,0.0
30555,221.0,122.0,0.0
30556,146.0,554.0,0.0
30557,247.0,177.0,0.0
30558,252.0,553.0,0.0
30559,58.0,529.0,0.0
30560,166.0,306.0,0.0
30561,225.0,455.0,0.0
30562,235.0,16.0,0.0
30563,118.0,443.0,0.0
30564,190.0,439.0,0.0
30565,100.0,143.0,0.0
30566,222.0,12.0,0.0
30567,84.0,191.0,0.0
30568,140.0,595.0,0.0
30569,231.0,323.0,0.0
30570,138.0,363.0,0.0
30571,89.0,587.0,0.0
30572,69.0,519.0,0.0
30573,0.0,173.0,0.0
30574,211.0,259.0,0.0
30575,48.0,39.0,0.0
30576,255.0,201.0,0.0
30577,168.0,40.0,0.0
30578,229.0,11.0,0.0
30579,192.0,77.0,0.0
30580,161.0,434.0,0.0
30581,92.0,206.0,0.0
30582,230.0,452.0,0.0
30583,31.0,78.0,0.0
30584,256.0,4.0,0.0
30585,100.0,28.0,0.0
30586,59.0,556.0,0.0
30587,185.0,590.0,0.0
30588,227.0,520.0,0.0
30589,16.0,297.0,0.0
30590,0.0,311.0,0.0
30591,267.0,424.0,0.0
30592,246.0,95.0,0.0
30593,178.0,121.0,0.0
30594,192.0,483.0,0.0
30595,92.0,27.0,0.0
30596,79.0,312.0,0.0
30597,61.0,412.0,0.0
30598,204.0,552.0,0.0
30599,267.0,458.0,0.0
30600,243.0,245.0,0.0
30601,214.0,378.0,0.0
30602,212.0,31.0,0.0
30603,13.0,394.0,0.0
30604,171.0,531.0,0.0
30605,65.0,336.0,0.0
30606,227.0,448.0,0.0
30607,93.0,74.0,0.0
30608,237.0,117.0,0.0
30609,148.0,450.0,0.0
30610,34.0,252.0,0.0
30611,202.0,523.0,0.0
30612,227.0,114.0,0.0
30613,105.0,554.0,0.0
30614,246.0,24.0,0.0
30615,93.0,73.0,0.0
30616,4.0,431.0,0.0
30617,50.0,492.0,0.0
30618,0.0,546.0,0.0
30619,192.0,276.0,0.0
30620,222.0,398.0,0.0
30621,247.0,207.0,0.0
30622,238.0,561.0,0.0
30623,267.0,175.0,0.0
30624,118.0,170.0,0.0
30625,210.0,4.0,0.0
30626,148.0,406.0,0.0
30627,6.0,382.0,0.0
30628,34.0,586.0,0.0
30629,192.0,328.0,0.0
30630,258.0,429.0,0.0
30631,172.0,361.0,0.0
30632,132.0,321.0,0.0
30633,191.0,125.0,0.0
30634,158.0,477.0,0.0
30635,155.0,352.0,0.0
30636,148.0,270.0,0.0
30637,99.0,246.0,0.0
30638,210.0,506.0,0.0
30639,25.0,556.0,0.0
30640,252.0,428.0,0.0
30641,235.0,356.0,0.0
30642,150.0,17.0,0.0
30643,136.0,88.0,0.0
30644,115.0,346.0,0.0
30645,93.0,86.0,0.0
30646,187.0,67.0,0.0
30647,33.0,127.0,0.0
30648,234.0,212.0,0.0
30649,2.0,326.0,0.0
30650,49.0,436.0,0.0
30651,36.0,480.0,0.0
30652,192.0,545.0,0.0
30653,225.0,314.0,0.0
30654,239.0,481.0,0.0
30655,260.0,434.0,0.0
30656,21.0,196.0,0.0
30657,73.0,256.0,0.0
30658,36.0,523.0,0.0
30659,209.0,6.0,0.0
30660,210.0,583.0,0.0
30661,216.0,45.0,0.0
30662,42.0,67.0,0.0
30663,263.0,21.0,0.0
30664,152.0,108.0,0.0
30665,35.0,584.0,0.0
30666,244.0,520.0,0.0
30667,140.0,509.0,0.0
30668,86.0,502.0,0.0
30669,45.0,175.0,0.0
30670,58.0,439.0,0.0
30671,77.0,494.0,0.0
30672,158.0,429.0,0.0
30673,28.0,435.0,0.0
30674,123.0,485.0,0.0
30675,255.0,194.0,0.0
30676,163.0,397.0,0.0
30677,236.0,165.0,0.0
30678,7.0,584.0,0.0
30679,187.0,183.0,0.0
30680,37.0,439.0,0.0
30681,90.0,381.0,0.0
30682,268.0,525.0,0.0
30683,200.0,355.0,0.0
30684,185.0,117.0,0.0
30685,78.0,214.0,0.0
30686,26.0,158.0,0.0
30687,182.0,486.0,0.0
30688,201.0,267.0,0.0
30689,233.0,528.0,0.0
30690,117.0,140.0,0.0
30691,31.0,310.0,0.0
30692,44.0,365.0,0.0
30693,171.0,456.0,0.0
30694,243.0,574.0,0.0
30695,210.0,327.0,0.0
30696,144.0,97.0,0.0
30697,251.0,387.0,0.0
30698,191.0,307.0,0.0
30699,156.0,446.0,0.0
30700,99.0,390.0,0.0
30701,243.0,202.0,0.0
30702,78.0,321.0,0.0
30703,6.0,365.0,0.0
30704,30.0,198.0,0.0
30705,247.0,409.0,0.0
30706,197.0,119.0,0.0
30707,235.0,320.0,0.0
30708,224.0,359.0,0.0
30709,118.0,374.0,0.0
30710,206.0,493.0,0.0
30711,184.0,337.0,0.0
30712,134.0,272.0,0.0
30713,95.0,50.0,0.0
30714,232.0,186.0,0.0
30715,264.0,377.0,0.0
30716,253.0,488.0,0.0
30717,190.0,541.0,0.0
30718,237.0,368.0,0.0
30719,245.0,158.0,0.0
30720,134.0,580.0,0.0
30721,81.0,169.0,0.0
30722,193.0,209.0,0.0
30723,198.0,461.0,0.0
30724,2.0,250.0,0.0
30725,25.0,368.0,0.0
30726,150.0,257.0,0.0
30727,48.0,472.0,0.0
30728,58.0,514.0,0.0
30729,243.0,487.0,0.0
30730,234.0,237.0,0.0
30731,58.0,247.0,0.0
30732,165.0,54.0,0.0
30733,129.0,497.0,0.0
30734,192.0,281.0,0.0
30735,131.0,434.0,0.0
30736,147.0,144.0,0.0
30737,225.0,436.0,0.0
30738,70.0,6.0,0.0
30739,262.0,355.0,0.0
30740,3.0,459.0,0.0
30741,90.0,295.0,0.0
30742,54.0,387.0,0.0
30743,33.0,106.0,0.0
30744,106.0,492.0,0.0
30745,113.0,308.0,0.0
30746,146.0,365.0,0.0
30747,116.0,554.0,0.0
30748,104.0,436.0,0.0
30749,146.0,230.0,0.0
30750,33.0,218.0,0.0
30751,93.0,267.0,0.0
30752,140.0,222.0,0.0
30753,176.0,313.0,0.0
30754,206.0,191.0,0.0
30755,193.0,246.0,0.0
30756,183.0,475.0,0.0
30757,244.0,548.0,0.0
30758,123.0,158.0,0.0
30759,113.0,385.0,0.0
30760,241.0,372.0,0.0
30761,9.0,485.0,0.0
30762,4.0,488.0,0.0
30763,113.0,386.0,0.0
30764,130.0,189.0,0.0
30765,228.0,498.0,0.0
30766,44.0,339.0,0.0
30767,231.0,94.0,0.0
30768,78.0,69.0,0.0
30769,252.0,496.0,0.0
30770,136.0,444.0,0.0
30771,249.0,250.0,0.0
30772,111.0,443.0,0.0
30773,182.0,248.0,0.0
30774,250.0,410.0,0.0
30775,164.0,133.0,0.0
30776,233.0,460.0,0.0
30777,218.0,509.0,0.0
30778,12.0,591.0,0.0
30779,44.0,25.0,0.0
30780,129.0,274.0,0.0
30781,203.0,16.0,0.0
30782,31.0,568.0,0.0
30783,63.0,28.0,0.0
30784,98.0,460.0,0.0
30785,108.0,317.0,0.0
30786,257.0,457.0,0.0
30787,131.0,593.0,0.0
30788,166.0,557.0,0.0
30789,30.0,260.0,0.0
30790,99.0,538.0,0.0
30791,32.0,116.0,0.0
30792,74.0,305.0,0.0
30793,180.0,418.0,0.0
30794,39.0,382.0,0.0
30795,97.0,266.0,0.0
30796,127.0,392.0,0.0
30797,52.0,52.0,0.0
30798,218.0,543.0,0.0
30799,82.0,452.0,0.0
30800,264.0,483.0,0.0
30801,159.0,183.0,0.0
30802,8.0,574.0,0.0
30803,247.0,117.0,0.0
30804,159.0,217.0,0.0
30805,61.0,24.0,0.0
30806,80.0,571.0,0.0
30807,261.0,16.0,0.0
30808,4.0,483.0,0.0
30809,30.0,576.0,0.0
30810,188.0,371.0,0.0
30811,198.0,152.0,0.0
30812,173.0,525.0,0.0
30813,224.0,469.0,0.0
30814,219.0,177.0,0.0
30815,246.0,181.0,0.0
30816,151.0,324.0,0.0
30817,21.0,161.0,0.0
30818,133.0,566.0,0.0
30819,110.0,257.0,0.0
30820,186.0,502.0,0.0
30821,76.0,266.0,0.0
30822,173.0,283.0,0.0
30823,190.0,386.0,0.0
30824,46.0,594.0,0.0
30825,31.0,354.0,0.0
30826,241.0,222.0,0.0
30827,80.0,55.0,0.0
30828,121.0,580.0,0.0
30829,86.0,158.0,0.0
30830,67.0,390.0,0.0
30831,71.0,423.0,0.0
30832,111.0,311.0,0.0
30833,142.0,217.0,0.0
30834,185.0,40.0,0.0
30835,242.0,583.0,0.0
30836,171.0,298.0,0.0
30837,41.0,199.0,0.0
30838,22.0,409.0,0.0
30839,232.0,407.0,0.0
30840,52.0,577.0,0.0
30841,209.0,308.0,0.0
30842,88.0,22.0,0.0
30843,158.0,242.0,0.0
30844,101.0,280.0,0.0
30845,123.0,261.0,0.0
30846,70.0,597.0,0.0
30847,226.0,335.0,0.0
30848,123.0,291.0,0.0
30849,145.0,288.0,0.0
30850,47.0,408.0,0.0
30851,70.0,393.0,0.0
30852,216.0,311.0,0.0
30853,43.0,495.0,0.0
30854,23.0,279.0,0.0
30855,55.0,410.0,0.0
30856,184.0,539.0,0.0
30857,136.0,288.0,0.0
30858,14.0,186.0,0.0
30859,187.0,531.0,0.0
30860,16.0,99.0,0.0
30861,225.0,110.0,0.0
30862,77.0,267.0,0.0
30863,162.0,409.0,0.0
30864,192.0,110.0,0.0
30865,34.0,390.0,0.0
30866,151.0,198.0,0.0
30867,65.0,308.0,0.0
30868,235.0,9.0,0.0
30869,214.0,350.0,0.0
30870,210.0,152.0,0.0
30871,23.0,546.0,0.0
30872,236.0,235.0,0.0
30873,268.0,477.0,0.0
30874,205.0,56.0,0.0
30875,217.0,535.0,0.0
30876,165.0,330.0,0.0
30877,119.0,444.0,0.0
30878,165.0,438.0,0.0
30879,135.0,350.0,0.0
30880,234.0,311.0,0.0
30881,160.0,261.0,0.0
30882,143.0,493.0,0.0
30883,78.0,272.0,0.0
30884,49.0,400.0,0.0
30885,49.0,454.0,0.0
30886,160.0,130.0,0.0
30887,173.0,363.0,0.0
30888,134.0,429.0,0.0
30889,173.0,332.0,0.0
30890,195.0,94.0,0.0
30891,27.0,213.0,0.0
30892,66.0,588.0,0.0
30893,15.0,90.0,0.0
30894,253.0,37.0,0.0
30895,188.0,84.0,0.0
30896,260.0,83.0,0.0
30897,125.0,510.0,0.0
30898,18.0,267.0,0.0
30899,61.0,552.0,0.0
30900,49.0,263.0,0.0
30901,149.0,285.0,0.0
30902,59.0,425.0,0.0
30903,217.0,566.0,0.0
30904,88.0,119.0,0.0
30905,252.0,306.0,0.0
30906,222.0,243.0,0.0
30907,230.0,165.0,0.0
30908,147.0,305.0,0.0
30909,18.0,531.0,0.0
30910,6.0,99.0,0.0
30911,5.0,304.0,0.0
30912,146.0,168.0,0.0
30913,35.0,240.0,0.0
30914,247.0,516.0,0.0
30915,121.0,115.0,0.0
30916,68.0,482.0,0.0
30917,240.0,90.0,0.0
30918,48.0,504.0,0.0
30919,66.0,163.0,0.0
30920,121.0,6.0,0.0
30921,122.0,199.0,0.0
30922,167.0,224.0,0.0
30923,28.0,200.0,0.0
30924,135.0,274.0,0.0
30925,184.0,334.0,0.0
30926,98.0,8.0,0.0
30927,34.0,526.0,0.0
30928,125.0,291.0,0.0
30929,67.0,27.0,0.0
30930,85.0,127.0,0.0
30931,119.0,544.0,0.0
30932,89.0,480.0,0.0
30933,12.0,373.0,0.0
30934,67.0,31.0,0.0
30935,121.0,457.0,0.0
30936,267.0,46.0,0.0
30937,154.0,61.0,0.0
30938,128.0,578.0,0.0
30939,29.0,184.0,0.0
30940,133.0,363.0,0.0
30941,148.0,497.0,0.0
30942,46.0,386.0,0.0
30943,22.0,404.0,0.0
30944,21.0,352.0,0.0
30945,262.0,591.0,0.0
30946,79.0,184.0,0.0
30947,123.0,343.0,0.0
30948,116.0,301.0,0.0
30949,118.0,249.0,0.0
30950,155.0,534.0,0.0
30951,260.0,325.0,0.0
30952,164.0,543.0,0.0
30953,231.0,560.0,0.0
30954,111.0,82.0,0.0
30955,22.0,596.0,0.0
30956,172.0,299.0,0.0
30957,171.0,189.0,0.0
30958,2.0,221.0,0.0
30959,198.0,104.0,0.0
30960,213.0,337.0,0.0
30961,105.0,14.0,0.0
30962,132.0,537.0,0.0
30963,262.0,476.0,0.0
30964,78.0,158.0,0.0
30965,87.0,518.0,0.0
30966,228.0,184.0,0.0
30967,132.0,329.0,0.0
30968,35.0,524.0,0.0
30969,154.0,260.0,0.0
30970,265.0,200.0,0.0
30971,38.0,67.0,0.0
30972,224.0,97.0,0.0
30973,215.0,577.0,0.0
30974,122.0,359.0,0.0
30975,254.0,446.0,0.0
30976,106.0,585.0,0.0
30977,166.0,441.0,0.0
30978,39.0,27.0,0.0
30979,104.0,475.0,0.0
30980,202.0,456.0,0.0
30981,209.0,52.0,0.0
30982,121.0,483.0,0.0
30983,202.0,378.0,0.0
30984,109.0,131.0,0.0
30985,76.0,427.0,0.0
30986,28.0,247.0,0.0
30987,216.0,539.0,0.0
30988,29.0,189.0,0.0
30989,60.0,490.0,0.0
30990,195.0,494.0,0.0
30991,20.0,399.0,0.0
30992,169.0,62.0,0.0
30993,164.0,455.0,0.0
30994,268.0,378.0,0.0
30995,14.0,596.0,0.0
30996,99.0,582.0,0.0
30997,181.0,353.0,0.0
30998,45.0,508.0,0.0
30999,99.0,485.0,0.0
31000,0.0,344.0,0.0
31001,119.0,326.0,0.0
31002,168.0,53.0,0.0
31003,166.0,318.0,0.0
31004,91.0,104.0,0.0
31005,15.0,516.0,0.0
31006,72.0,439.0,0.0
31007,225.0,501.0,0.0
31008,14.0,145.0,0.0
31009,50.0,9.0,0.0
31010,61.0,588.0,0.0
31011,140.0,210.0,0.0
31012,151.0,70.0,0.0
31013,72.0,148.0,0.0
31014,35.0,394.0,0.0
31015,203.0,402.0,0.0
31016,195.0,550.0,0.0
31017,125.0,392.0,0.0
31018,49.0,375.0,0.0
31019,105.0,519.0,0.0
31020,28.0,291.0,0.0
31021,186.0,305.0,0.0
31022,250.0,382.0,0.0
31023,66.0,543.0,0.0
31024,115.0,174.0,0.0
31025,4.0,383.0,0.0
31026,99.0,494.0,0.0
31027,228.0,213.0,0.0
31028,10.0,379.0,0.0
31029,117.0,351.0,0.0
31030,163.0,325.0,0.0
31031,55.0,518.0,0.0
31032,78.0,319.0,0.0
31033,166.0,453.0,0.0
31034,202.0,250.0,0.0
31035,264.0,476.0,0.0
31036,33.0,519.0,0.0
31037,136.0,109.0,0.0
31038,129.0,508.0,0.0
31039,9.0,217.0,0.0
31040,106.0,287.0,0.0
31041,19.0,61.0,0.0
31042,44.0,127.0,0.0
31043,151.0,453.0,0.0
31044,88.0,236.0,0.0
31045,256.0,400.0,0.0
31046,46.0,248.0,0.0
31047,259.0,312.0,0.0
31048,61.0,387.0,0.0
31049,236.0,405.0,0.0
31050,109.0,112.0,0.0
31051,55.0,245.0,0.0
31052,95.0,312.0,0.0
31053,257.0,21.0,0.0
31054,213.0,88.0,0.0
31055,126.0,576.0,0.0
31056,222.0,235.0,0.0
31057,21.0,252.0,0.0
31058,154.0,443.0,0.0
31059,191.0,581.0,0.0
31060,88.0,464.0,0.0
31061,254.0,393.0,0.0
31062,29.0,346.0,0.0
31063,266.0,141.0,0.0
31064,265.0,201.0,0.0
31065,227.0,293.0,0.0
31066,99.0,445.0,0.0
31067,140.0,21.0,0.0
31068,156.0,29.0,0.0
31069,188.0,278.0,0.0
31070,238.0,589.0,0.0
31071,13.0,247.0,0.0
31072,160.0,137.0,0.0
31073,110.0,531.0,0.0
31074,263.0,368.0,0.0
31075,91.0,384.0,0.0
31076,235.0,450.0,0.0
31077,205.0,377.0,0.0
31078,4.0,433.0,0.0
31079,229.0,190.0,0.0
31080,219.0,182.0,0.0
31081,190.0,132.0,0.0
31082,29.0,320.0,0.0
31083,87.0,198.0,0.0
31084,219.0,466.0,0.0
31085,19.0,560.0,0.0
31086,198.0,201.0,0.0
31087,161.0,246.0,0.0
31088,137.0,212.0,0.0
31089,115.0,161.0,0.0
31090,264.0,249.0,0.0
31091,61.0,343.0,0.0
31092,201.0,328.0,0.0
31093,69.0,320.0,0.0
31094,126.0,557.0,0.0
31095,145.0,284.0,0.0
31096,240.0,329.0,0.0
31097,256.0,404.0,0.0
31098,165.0,415.0,0.0
31099,160.0,518.0,0.0
31100,267.0,240.0,0.0
31101,241.0,546.0,0.0
31102,61.0,205.0,0.0
31103,146.0,296.0,0.0
31104,233.0,557.0,0.0
31105,250.0,137.0,0.0
31106,202.0,27.0,0.0
31107,151.0,404.0,0.0
31108,82.0,156.0,0.0
31109,49.0,319.0,0.0
31110,196.0,522.0,0.0
31111,59.0,499.0,0.0
31112,92.0,430.0,0.0
31113,36.0,417.0,0.0
31114,74.0,338.0,0.0
31115,169.0,171.0,0.0
31116,188.0,356.0,0.0
31117,49.0,529.0,0.0
31118,19.0,357.0,0.0
31119,14.0,350.0,0.0
31120,47.0,354.0,0.0
31121,179.0,342.0,0.0
31122,94.0,326.0,0.0
31123,35.0,124.0,0.0
31124,176.0,544.0,0.0
31125,258.0,420.0,0.0
31126,147.0,526.0,0.0
31127,162.0,318.0,0.0
31128,155.0,552.0,0.0
31129,25.0,434.0,0.0
31130,170.0,343.0,0.0
31131,190.0,184.0,0.0
31132,146.0,549.0,0.0
31133,76.0,83.0,0.0
31134,40.0,533.0,0.0
31135,185.0,315.0,0.0
31136,26.0,255.0,0.0
31137,19.0,397.0,0.0
31138,181.0,294.0,0.0
31139,161.0,455.0,0.0
31140,232.0,540.0,0.0
31141,221.0,597.0,0.0
31142,172.0,298.0,0.0
31143,156.0,19.0,0.0
31144,178.0,461.0,0.0
31145,128.0,504.0,0.0
31146,264.0,31.0,0.0
31147,211.0,130.0,0.0
31148,47.0,503.0,0.0
31149,244.0,549.0,0.0
31150,73.0,179.0,0.0
31151,127.0,11.0,0.0
31152,98.0,531.0,0.0
31153,106.0,50.0,0.0
31154,159.0,470.0,0.0
31155,230.0,94.0,0.0
31156,255.0,311.0,0.0
31157,94.0,401.0,0.0
31158,57.0,365.0,0.0
31159,222.0,446.0,0.0
31160,62.0,151.0,0.0
31161,167.0,501.0,0.0
31162,133.0,570.0,0.0
31163,58.0,65.0,0.0
31164,66.0,438.0,0.0
31165,64.0,170.0,0.0
31166,177.0,59.0,0.0
31167,6.0,525.0,0.0
31168,18.0,68.0,0.0
31169,75.0,213.0,0.0
31170,115.0,244.0,0.0
31171,232.0,324.0,0.0
31172,162.0,147.0,0.0
31173,24.0,376.0,0.0
31174,95.0,259.0,0.0
31175,45.0,347.0,0.0
31176,143.0,283.0,0.0
31177,32.0,235.0,0.0
31178,150.0,275.0,0.0
31179,130.0,549.0,0.0
31180,228.0,208.0,0.0
31181,46.0,420.0,0.0
31182,159.0,165.0,0.0
31183,156.0,294.0,0.0
31184,257.0,550.0,0.0
31185,134.0,202.0,0.0
31186,16.0,248.0,0.0
31187,264.0,138.0,0.0
31188,254.0,160.0,0.0
31189,179.0,335.0,0.0
31190,230.0,433.0,0.0
31191,29.0,529.0,0.0
31192,202.0,311.0,0.0
31193,45.0,555.0,0.0
31194,110.0,404.0,0.0
31195,253.0,128.0,0.0
31196,182.0,468.0,0.0
31197,175.0,516.0,0.0
31198,265.0,576.0,0.0
31199,149.0,34.0,0.0
31200,190.0,447.0,0.0
31201,127.0,238.0,0.0
31202,209.0,29.0,0.0
31203,33.0,398.0,0.0
31204,171.0,49.0,0.0
31205,44.0,349.0,0.0
31206,142.0,533.0,0.0
31207,205.0,137.0,0.0
31208,58.0,215.0,0.0
31209,87.0,242.0,0.0
31210,265.0,77.0,0.0
31211,88.0,177.0,0.0
31212,150.0,507.0,0.0
31213,263.0,504.0,0.0
31214,238.0,539.0,0.0
31215,11.0,60.0,0.0
31216,238.0,450.0,0.0
31217,159.0,168.0,0.0
31218,201.0,427.0,0.0
31219,216.0,90.0,0.0
31220,228.0,101.0,0.0
31221,194.0,8.0,0.0
31222,118.0,411.0,0.0
31223,188.0,145.0,0.0
31224,1.0,378.0,0.0
31225,245.0,95.0,0.0
31226,209.0,113.0,0.0
31227,82.0,175.0,0.0
31228,181.0,39.0,0.0
31229,182.0,542.0,0.0
31230,218.0,536.0,0.0
31231,112.0,262.0,0.0
31232,2.0,551.0,0.0
31233,251.0,52.0,0.0
31234,247.0,176.0,0.0
31235,40.0,360.0,0.0
31236,94.0,168.0,0.0
31237,102.0,173.0,0.0
31238,74.0,57.0,0.0
31239,206.0,158.0,0.0
31240,186.0,393.0,0.0
31241,157.0,366.0,0.0
31242,265.0,87.0,0.0
31243,154.0,353.0,0.0
31244,264.0,366.0,0.0
31245,88.0,46.0,0.0
31246,138.0,123.0,0.0
31247,214.0,167.0,0.0
31248,209.0,213.0,0.0
31249,230.0,369.0,0.0
31250,31.0,573.0,0.0
31251,79.0,455.0,0.0
31252,220.0,491.0,0.0
31253,62.0,70.0,0.0
31254,138.0,437.0,0.0
31255,118.0,279.0,0.0
31256,66.0,354.0,0.0
31257,239.0,297.0,0.0
31258,168.0,176.0,0.0
31259,93.0,436.0,0.0
31260,150.0,476.0,0.0
31261,37.0,332.0,0.0
31262,150.0,248.0,0.0
31263,76.0,331.0,0.0
31264,114.0,310.0,0.0
31265,78.0,244.0,0.0
31266,8.0,543.0,0.0
31267,189.0,326.0,0.0
31268,133.0,14.0,0.0
31269,47.0,301.0,0.0
31270,265.0,154.0,0.0
31271,138.0,295.0,0.0
31272,231.0,86.0,0.0
31273,0.0,483.0,0.0
31274,58.0,445.0,0.0
31275,255.0,589.0,0.0
31276,189.0,496.0,0.0
31277,212.0,207.0,0.0
31278,2.0,151.0,0.0
31279,208.0,372.0,0.0
31280,167.0,267.0,0.0
31281,135.0,558.0,0.0
31282,30.0,390.0,0.0
31283,159.0,578.0,0.0
31284,145.0,256.0,0.0
31285,67.0,486.0,0.0
31286,46.0,296.0,0.0
31287,98.0,292.0,0.0
31288,10.0,586.0,0.0
31289,206.0,20.0,0.0
31290,252.0,23.0,0.0
31291,210.0,353.0,0.0
31292,221.0,452.0,0.0
31293,194.0,409.0,0.0
31294,95.0,198.0,0.0
31295,151.0,466.0,0.0
31296,173.0,245.0,0.0
31297,122.0,139.0,0.0
31298,145.0,234.0,0.0
31299,29.0,324.0,0.0
31300,91.0,406.0,0.0
31301,49.0,145.0,0.0
31302,131.0,45.0,0.0
31303,165.0,481.0,0.0
31304,24.0,426.0,0.0
31305,112.0,483.0,0.0
31306,122.0,112.0,0.0
31307,255.0,65.0,0.0
31308,230.0,341.0,0.0
31309,204.0,321.0,0.0
31310,253.0,89.0,0.0
31311,0.0,580.0,0.0
31312,179.0,470.0,0.0
31313,185.0,533.0,0.0
31314,107.0,210.0,0.0
31315,118.0,420.0,0.0
31316,138.0,71.0,0.0
31317,251.0,350.0,0.0
31318,96.0,85.0,0.0
31319,52.0,329.0,0.0
31320,134.0,327.0,0.0
31321,60.0,508.0,0.0
31322,58.0,412.0,0.0
31323,223.0,422.0,0.0
31324,114.0,184.0,0.0
31325,6.0,129.0,0.0
31326,112.0,46.0,0.0
31327,16.0,191.0,0.0
31328,53.0,339.0,0.0
31329,238.0,359.0,0.0
31330,38.0,127.0,0.0
31331,249.0,369.0,0.0
31332,144.0,596.0,0.0
31333,212.0,140.0,0.0
31334,21.0,571.0,0.0
31335,212.0,360.0,0.0
31336,91.0,127.0,0.0
31337,154.0,180.0,0.0
31338,138.0,188.0,0.0
31339,37.0,12.0,0.0
31340,53.0,402.0,0.0
31341,234.0,469.0,0.0
31342,121.0,345.0,0.0
31343,33.0,488.0,0.0
31344,56.0,316.0,0.0
31345,183.0,329.0,0.0
31346,27.0,271.0,0.0
31347,122.0,284.0,0.0
31348,255.0,86.0,0.0
31349,28.0,302.0,0.0
31350,135.0,85.0,0.0
31351,146.0,9.0,0.0
31352,136.0,471.0,0.0
31353,205.0,395.0,0.0
31354,163.0,361.0,0.0
31355,6.0,15.0,0.0
31356,115.0,336.0,0.0
31357,36.0,135.0,0.0
31358,39.0,316.0,0.0
31359,197.0,231.0,0.0
31360,129.0,348.0,0.0
31361,219.0,462.0,0.0
31362,92.0,231.0,0.0
31363,267.0,289.0,0.0
31364,118.0,308.0,0.0
31365,144.0,130.0,0.0
31366,119.0,46.0,0.0
31367,6.0,368.0,0.0
31368,120.0,84.0,0.0
31369,106.0,318.0,0.0
31370,165.0,37.0,0.0
31371,65.0,581.0,0.0
31372,73.0,511.0,0.0
31373,189.0,521.0,0.0
31374,43.0,147.0,0.0
31375,38.0,548.0,0.0
31376,247.0,443.0,0.0
31377,206.0,375.0,0.0
31378,265.0,324.0,0.0
31379,47.0,333.0,0.0
31380,251.0,233.0,0.0
31381,41.0,150.0,0.0
31382,52.0,82.0,0.0
31383,171.0,322.0,0.0
31384,62.0,118.0,0.0
31385,102.0,329.0,0.0
31386,240.0,284.0,0.0
31387,214.0,534.0,0.0
31388,213.0,210.0,0.0
31389,15.0,564.0,0.0
31390,149.0,288.0,0.0
31391,179.0,415.0,0.0
31392,55.0,2.0,0.0
31393,212.0,435.0,0.0
31394,28.0,208.0,0.0
31395,219.0,436.0,0.0
31396,21.0,429.0,0.0
31397,8.0,181.0,0.0
31398,145.0,171.0,0.0
31399,45.0,287.0,0.0
31400,236.0,227.0,0.0
31401,263.0,153.0,0.0
31402,104.0,309.0,0.0
31403,264.0,86.0,0.0
31404,60.0,252.0,0.0
31405,137.0,439.0,0.0
31406,175.0,468.0,0.0
31407,109.0,135.0,0.0
31408,241.0,382.0,0.0
31409,254.0,597.0,0.0
31410,50.0,383.0,0.0
31411,242.0,359.0,0.0
31412,66.0,306.0,0.0
31413,178.0,472.0,0.0
31414,253.0,444.0,0.0
31415,156.0,516.0,0.0
31416,157.0,46.0,0.0
31417,121.0,203.0,0.0
31418,21.0,341.0,0.0
31419,15.0,578.0,0.0
31420,50.0,58.0,0.0
31421,71.0,521.0,0.0
31422,69.0,328.0,0.0
31423,98.0,178.0,0.0
31424,87.0,512.0,0.0
31425,264.0,273.0,0.0
31426,238.0,87.0,0.0
31427,145.0,188.0,0.0
31428,215.0,580.0,0.0
31429,242.0,450.0,0.0
31430,44.0,552.0,0.0
31431,99.0,251.0,0.0
31432,3.0,127.0,0.0
31433,107.0,82.0,0.0
31434,140.0,486.0,0.0
31435,93.0,185.0,0.0
31436,170.0,438.0,0.0
31437,228.0,16.0,0.0
31438,231.0,25.0,0.0
31439,43.0,264.0,0.0
31440,113.0,21.0,0.0
31441,24.0,330.0,0.0
31442,179.0,100.0,0.0
31443,151.0,424.0,0.0
31444,37.0,315.0,0.0
31445,243.0,495.0,0.0
31446,220.0,402.0,0.0
31447,216.0,382.0,0.0
31448,230.0,310.0,0.0
31449,0.0,539.0,0.0
31450,74.0,158.0,0.0
31451,189.0,433.0,0.0
31452,137.0,287.0,0.0
31453,249.0,374.0,0.0
31454,179.0,116.0,0.0
31455,161.0,398.0,0.0
31456,268.0,427.0,0.0
31457,19.0,253.0,0.0
31458,259.0,360.0,0.0
31459,221.0,382.0,0.0
31460,246.0,560.0,0.0
31461,264.0,4.0,0.0
31462,40.0,130.0,0.0
31463,182.0,111.0,0.0
31464,42.0,526.0,0.0
31465,68.0,422.0,0.0
31466,9.0,12.0,0.0
31467,80.0,177.0,0.0
31468,111.0,455.0,0.0
31469,158.0,479.0,0.0
31470,41.0,338.0,0.0
31471,80.0,108.0,0.0
31472,42.0,520.0,0.0
31473,106.0,534.0,0.0
31474,6.0,95.0,0.0
31475,70.0,366.0,0.0
31476,170.0,207.0,0.0
31477,64.0,359.0,0.0
31478,119.0,78.0,0.0
31479,131.0,494.0,0.0
31480,105.0,447.0,0.0
31481,242.0,427.0,0.0
31482,76.0,312.0,0.0
31483,69.0,589.0,0.0
31484,52.0,369.0,0.0
31485,252.0,532.0,0.0
31486,208.0,488.0,0.0
31487,238.0,236.0,0.0
31488,97.0,593.0,0.0
31489,50.0,57.0,0.0
31490,81.0,41.0,0.0
